地区,リーグ,年度,部,節,日付,ホーム,アウェイ,ホーム得点,アウェイ得点,実施,ホーム学校,ホーム区分,アウェイ学校,アウェイ区分,出典
第1地区,リバーサイドユースリーグ,2024,1部,,,葛飾野B,東京23FC,14,1,済,葛飾野,B,東京23FC,A,https://junior-soccer.jp/sp/kanto/tokyo/league/match/49170
第1地区,リバーサイドユースリーグ,2024,1部,,,深川A,東京23FC,3,1,済,深川,A,東京23FC,A,https://junior-soccer.jp/sp/kanto/tokyo/league/match/49170
第1地区,リバーサイドユースリーグ,2024,1部,,2024-04-03,南葛飾A,紅葉川A,4,3,済,南葛飾,A,紅葉川,A,https://junior-soccer.jp/sp/kanto/tokyo/league/match/49170
第1地区,リバーサイドユースリーグ,2024,1部,,2024-04-03,葛飾野B,東B,0,0,済,葛飾野,B,東,B,https://junior-soccer.jp/sp/kanto/tokyo/league/match/49170
第1地区,リバーサイドユースリーグ,2024,1部,,2024-04-04,深川A,小松川,1,1,済,深川,A,小松川,A,https://junior-soccer.jp/sp/kanto/tokyo/league/match/49170
第1地区,リバーサイドユースリーグ,2024,1部,,2024-04-14,江戸川A,紅葉川A,4,3,済,江戸川,A,紅葉川,A,https://junior-soccer.jp/sp/kanto/tokyo/league/match/49170
第1地区,リバーサイドユースリーグ,2024,1部,,2024-04-14,深川A,南葛SC,1,2,済,深川,A,南葛SC,A,https://junior-soccer.jp/sp/kanto/tokyo/league/match/49170
第1地区,リバーサイドユースリーグ,2024,1部,,2024-04-17,東京23FC,小松川,0,1,済,東京23FC,A,小松川,A,https://junior-soccer.jp/sp/kanto/tokyo/league/match/49170
第1地区,リバーサイドユースリーグ,2024,1部,,2024-05-06,城東B,深川A,0,3,済,城東,B,深川,A,https://junior-soccer.jp/sp/kanto/tokyo/league/match/49170
第1地区,リバーサイドユースリーグ,2024,1部,,2024-05-06,東B,南葛飾A,0,4,済,東,B,南葛飾,A,https://junior-soccer.jp/sp/kanto/tokyo/league/match/49170
第1地区,リバーサイドユースリーグ,2024,1部,,2024-05-18,南葛飾A,南葛SC,1,0,済,南葛飾,A,南葛SC,A,https://junior-soccer.jp/sp/kanto/tokyo/league/match/49170
第1地区,リバーサイドユースリーグ,2024,1部,,2024-05-26,小松川,葛飾野B,4,0,済,小松川,A,葛飾野,B,https://junior-soccer.jp/sp/kanto/tokyo/league/match/49170
第1地区,リバーサイドユースリーグ,2024,1部,,2024-06-09,江戸川A,深川A,1,2,済,江戸川,A,深川,A,https://junior-soccer.jp/sp/kanto/tokyo/league/match/49170
第1地区,リバーサイドユースリーグ,2024,1部,,2024-06-09,城東B,南葛飾A,0,2,済,城東,B,南葛飾,A,https://junior-soccer.jp/sp/kanto/tokyo/league/match/49170
第1地区,リバーサイドユースリーグ,2024,1部,,2024-06-09,小松川,紅葉川A,0,6,済,小松川,A,紅葉川,A,https://junior-soccer.jp/sp/kanto/tokyo/league/match/49170
第1地区,リバーサイドユースリーグ,2024,1部,,2024-06-09,南葛SC,葛飾野B,6,1,済,南葛SC,A,葛飾野,B,https://junior-soccer.jp/sp/kanto/tokyo/league/match/49170
第1地区,リバーサイドユースリーグ,2024,1部,,2024-06-15,南葛飾A,小松川,5,2,済,南葛飾,A,小松川,A,https://junior-soccer.jp/sp/kanto/tokyo/league/match/49170
第1地区,リバーサイドユースリーグ,2024,1部,,2024-06-16,東B,東京23FC,0,4,済,東,B,東京23FC,A,https://junior-soccer.jp/sp/kanto/tokyo/league/match/49170
第1地区,リバーサイドユースリーグ,2024,1部,,2024-06-16,葛飾野B,城東B,2,1,済,葛飾野,B,城東,B,https://junior-soccer.jp/sp/kanto/tokyo/league/match/49170
第1地区,リバーサイドユースリーグ,2024,1部,,2024-06-16,紅葉川A,南葛SC,4,2,済,紅葉川,A,南葛SC,A,https://junior-soccer.jp/sp/kanto/tokyo/league/match/49170
第1地区,リバーサイドユースリーグ,2024,1部,,2024-06-22,東京23FC,江戸川A,2,13,済,東京23FC,A,江戸川,A,https://junior-soccer.jp/sp/kanto/tokyo/league/match/49170
第1地区,リバーサイドユースリーグ,2024,1部,,2024-06-30,南葛SC,東京23FC,11,1,済,南葛SC,A,東京23FC,A,https://junior-soccer.jp/sp/kanto/tokyo/league/match/49170
第1地区,リバーサイドユースリーグ,2024,1部,,2024-07-18,深川A,東B,7,0,済,深川,A,東,B,https://junior-soccer.jp/sp/kanto/tokyo/league/match/49170
第1地区,リバーサイドユースリーグ,2024,1部,,2024-07-20,江戸川A,城東B,2,2,済,江戸川,A,城東,B,https://junior-soccer.jp/sp/kanto/tokyo/league/match/49170
第1地区,リバーサイドユースリーグ,2024,1部,,2024-07-22,葛飾野B,紅葉川A,1,3,済,葛飾野,B,紅葉川,A,https://junior-soccer.jp/sp/kanto/tokyo/league/match/49170
第1地区,リバーサイドユースリーグ,2024,1部,,2024-08-06,東B,江戸川A,1,2,済,東,B,江戸川,A,https://junior-soccer.jp/sp/kanto/tokyo/league/match/49170
第1地区,リバーサイドユースリーグ,2024,1部,,2024-08-08,東京23FC,城東B,1,6,済,東京23FC,A,城東,B,https://junior-soccer.jp/sp/kanto/tokyo/league/match/49170
第1地区,リバーサイドユースリーグ,2024,1部,,2024-09-18,城東B,小松川,1,0,済,城東,B,小松川,A,https://junior-soccer.jp/sp/kanto/tokyo/league/match/49170
第1地区,リバーサイドユースリーグ,2024,1部,,2024-09-23,江戸川A,南葛飾A,0,5,済,江戸川,A,南葛飾,A,https://junior-soccer.jp/sp/kanto/tokyo/league/match/49170
第1地区,リバーサイドユースリーグ,2024,1部,,2024-09-23,深川A,葛飾野B,3,2,済,深川,A,葛飾野,B,https://junior-soccer.jp/sp/kanto/tokyo/league/match/49170
第1地区,リバーサイドユースリーグ,2024,1部,,2024-09-29,城東B,東B,2,1,済,城東,B,東,B,https://junior-soccer.jp/sp/kanto/tokyo/league/match/49170
第1地区,リバーサイドユースリーグ,2024,1部,,2024-10-01,深川A,紅葉川A,3,0,済,深川,A,紅葉川,A,https://junior-soccer.jp/sp/kanto/tokyo/league/match/49170
第1地区,リバーサイドユースリーグ,2024,1部,,2024-10-01,小松川,江戸川A,6,1,済,小松川,A,江戸川,A,https://junior-soccer.jp/sp/kanto/tokyo/league/match/49170
第1地区,リバーサイドユースリーグ,2024,1部,,2024-10-01,南葛飾A,葛飾野B,3,1,済,南葛飾,A,葛飾野,B,https://junior-soccer.jp/sp/kanto/tokyo/league/match/49170
第1地区,リバーサイドユースリーグ,2024,1部,,2024-10-06,江戸川A,南葛SC,0,9,済,江戸川,A,南葛SC,A,https://junior-soccer.jp/sp/kanto/tokyo/league/match/49170
第1地区,リバーサイドユースリーグ,2024,1部,,2024-10-12,葛飾野B,江戸川A,2,1,済,葛飾野,B,江戸川,A,https://junior-soccer.jp/sp/kanto/tokyo/league/match/49170
第1地区,リバーサイドユースリーグ,2024,1部,,2024-10-20,紅葉川A,東京23FC,2,0,済,紅葉川,A,東京23FC,A,https://junior-soccer.jp/sp/kanto/tokyo/league/match/49170
第1地区,リバーサイドユースリーグ,2024,1部,,2024-10-27,東京23FC,南葛飾A,1,6,済,東京23FC,A,南葛飾,A,https://junior-soccer.jp/sp/kanto/tokyo/league/match/49170
第1地区,リバーサイドユースリーグ,2024,1部,,2024-11-03,南葛飾A,深川A,4,1,済,南葛飾,A,深川,A,https://junior-soccer.jp/sp/kanto/tokyo/league/match/49170
第1地区,リバーサイドユースリーグ,2024,1部,,2024-11-03,南葛SC,小松川,7,1,済,南葛SC,A,小松川,A,https://junior-soccer.jp/sp/kanto/tokyo/league/match/49170
第1地区,リバーサイドユースリーグ,2024,1部,,2024-11-04,城東B,紅葉川A,1,2,済,城東,B,紅葉川,A,https://junior-soccer.jp/sp/kanto/tokyo/league/match/49170
第1地区,リバーサイドユースリーグ,2024,1部,,2024-11-10,東B,小松川,0,1,済,東,B,小松川,A,https://junior-soccer.jp/sp/kanto/tokyo/league/match/49170
第1地区,リバーサイドユースリーグ,2024,1部,,2024-11-24,南葛SC,東B,6,0,済,南葛SC,A,東,B,https://junior-soccer.jp/sp/kanto/tokyo/league/match/49170
第1地区,リバーサイドユースリーグ,2024,1部,,2024-12-08,城東B,南葛SC,0,12,済,城東,B,南葛SC,A,https://junior-soccer.jp/sp/kanto/tokyo/league/match/49170
第1地区,リバーサイドユースリーグ,2024,1部,,2024-12-22,紅葉川A,東B,2,0,済,紅葉川,A,東,B,https://junior-soccer.jp/sp/kanto/tokyo/league/match/49170
第1地区,リバーサイドユースリーグ,2024,2部A,,,墨田川,修徳D,2,5,済,墨田川,A,修徳,D,https://junior-soccer.jp/sp/kanto/tokyo/league/match/49171
第1地区,リバーサイドユースリーグ,2024,2部A,,2024-04-02,共栄学園,紅葉川Ｉ,2,2,済,共栄学園,A,紅葉川,I,https://junior-soccer.jp/sp/kanto/tokyo/league/match/49171
第1地区,リバーサイドユースリーグ,2024,2部A,,2024-04-02,葛飾商業,安田学園,1,3,済,葛飾商業,A,安田学園,A,https://junior-soccer.jp/sp/kanto/tokyo/league/match/49171
第1地区,リバーサイドユースリーグ,2024,2部A,,2024-04-03,修徳D,江戸川B,5,0,済,修徳,D,江戸川,B,https://junior-soccer.jp/sp/kanto/tokyo/league/match/49171
第1地区,リバーサイドユースリーグ,2024,2部A,,2024-04-06,墨田川,江戸川B,5,1,済,墨田川,A,江戸川,B,https://junior-soccer.jp/sp/kanto/tokyo/league/match/49171
第1地区,リバーサイドユースリーグ,2024,2部A,,2024-04-10,共栄学園,修徳D,1,3,済,共栄学園,A,修徳,D,https://junior-soccer.jp/sp/kanto/tokyo/league/match/49171
第1地区,リバーサイドユースリーグ,2024,2部A,,2024-04-13,葛飾商業,修徳D,0,1,済,葛飾商業,A,修徳,D,https://junior-soccer.jp/sp/kanto/tokyo/league/match/49171
第1地区,リバーサイドユースリーグ,2024,2部A,,2024-04-14,江戸川B,開成A,0,6,済,江戸川,B,開成,A,https://junior-soccer.jp/sp/kanto/tokyo/league/match/49171
第1地区,リバーサイドユースリーグ,2024,2部A,,2024-04-14,安田学園,かえつ有明C,2,2,済,安田学園,A,かえつ有明,C,https://junior-soccer.jp/sp/kanto/tokyo/league/match/49171
第1地区,リバーサイドユースリーグ,2024,2部A,,2024-04-27,かえつ有明C,紅葉川Ｉ,4,1,済,かえつ有明,C,紅葉川,I,https://junior-soccer.jp/sp/kanto/tokyo/league/match/49171
第1地区,リバーサイドユースリーグ,2024,2部A,,2024-05-05,開成A,かえつ有明C,1,3,済,開成,A,かえつ有明,C,https://junior-soccer.jp/sp/kanto/tokyo/league/match/49171
第1地区,リバーサイドユースリーグ,2024,2部A,,2024-05-11,共栄学園,かえつ有明C,1,2,済,共栄学園,A,かえつ有明,C,https://junior-soccer.jp/sp/kanto/tokyo/league/match/49171
第1地区,リバーサイドユースリーグ,2024,2部A,,2024-05-12,葛飾商業,江戸川B,2,0,済,葛飾商業,A,江戸川,B,https://junior-soccer.jp/sp/kanto/tokyo/league/match/49171
第1地区,リバーサイドユースリーグ,2024,2部A,,2024-05-26,紅葉川Ｉ,墨田川,2,5,済,紅葉川,I,墨田川,A,https://junior-soccer.jp/sp/kanto/tokyo/league/match/49171
第1地区,リバーサイドユースリーグ,2024,2部A,,2024-06-02,共栄学園,墨田川,2,4,済,共栄学園,A,墨田川,A,https://junior-soccer.jp/sp/kanto/tokyo/league/match/49171
第1地区,リバーサイドユースリーグ,2024,2部A,,2024-06-08,修徳D,紅葉川Ｉ,0,0,済,修徳,D,紅葉川,I,https://junior-soccer.jp/sp/kanto/tokyo/league/match/49171
第1地区,リバーサイドユースリーグ,2024,2部A,,2024-06-09,安田学園,江戸川B,1,0,済,安田学園,A,江戸川,B,https://junior-soccer.jp/sp/kanto/tokyo/league/match/49171
第1地区,リバーサイドユースリーグ,2024,2部A,,2024-06-09,かえつ有明C,墨田川,2,1,済,かえつ有明,C,墨田川,A,https://junior-soccer.jp/sp/kanto/tokyo/league/match/49171
第1地区,リバーサイドユースリーグ,2024,2部A,,2024-06-09,開成A,葛飾商業,3,0,済,開成,A,葛飾商業,A,https://junior-soccer.jp/sp/kanto/tokyo/league/match/49171
第1地区,リバーサイドユースリーグ,2024,2部A,,2024-06-16,紅葉川Ｉ,安田学園,3,0,済,紅葉川,I,安田学園,A,https://junior-soccer.jp/sp/kanto/tokyo/league/match/49171
第1地区,リバーサイドユースリーグ,2024,2部A,,2024-06-16,江戸川B,共栄学園,2,1,済,江戸川,B,共栄学園,A,https://junior-soccer.jp/sp/kanto/tokyo/league/match/49171
第1地区,リバーサイドユースリーグ,2024,2部A,,2024-06-22,江戸川B,かえつ有明C,2,5,済,江戸川,B,かえつ有明,C,https://junior-soccer.jp/sp/kanto/tokyo/league/match/49171
第1地区,リバーサイドユースリーグ,2024,2部A,,2024-06-22,開成A,修徳D,0,1,済,開成,A,修徳,D,https://junior-soccer.jp/sp/kanto/tokyo/league/match/49171
第1地区,リバーサイドユースリーグ,2024,2部A,,2024-06-30,修徳D,安田学園,3,0,済,修徳,D,安田学園,A,https://junior-soccer.jp/sp/kanto/tokyo/league/match/49171
第1地区,リバーサイドユースリーグ,2024,2部A,,2024-07-22,開成A,紅葉川Ｉ,5,1,済,開成,A,紅葉川,I,https://junior-soccer.jp/sp/kanto/tokyo/league/match/49171
第1地区,リバーサイドユースリーグ,2024,2部A,,2024-07-30,墨田川,葛飾商業,2,0,済,墨田川,A,葛飾商業,A,https://junior-soccer.jp/sp/kanto/tokyo/league/match/49171
第1地区,リバーサイドユースリーグ,2024,2部A,,2024-09-07,かえつ有明C,修徳D,2,4,済,かえつ有明,C,修徳,D,https://junior-soccer.jp/sp/kanto/tokyo/league/match/49171
第1地区,リバーサイドユースリーグ,2024,2部A,,2024-09-16,安田学園,開成A,0,0,済,安田学園,A,開成,A,https://junior-soccer.jp/sp/kanto/tokyo/league/match/49171
第1地区,リバーサイドユースリーグ,2024,2部A,,2024-09-21,紅葉川Ｉ,葛飾商業,1,2,済,紅葉川,I,葛飾商業,A,https://junior-soccer.jp/sp/kanto/tokyo/league/match/49171
第1地区,リバーサイドユースリーグ,2024,2部A,,2024-09-22,安田学園,墨田川,0,1,済,安田学園,A,墨田川,A,https://junior-soccer.jp/sp/kanto/tokyo/league/match/49171
第1地区,リバーサイドユースリーグ,2024,2部A,,2024-09-28,墨田川,開成A,0,1,済,墨田川,A,開成,A,https://junior-soccer.jp/sp/kanto/tokyo/league/match/49171
第1地区,リバーサイドユースリーグ,2024,2部A,,2024-09-28,かえつ有明C,葛飾商業,5,2,済,かえつ有明,C,葛飾商業,A,https://junior-soccer.jp/sp/kanto/tokyo/league/match/49171
第1地区,リバーサイドユースリーグ,2024,2部A,,2024-10-01,安田学園,共栄学園,6,1,済,安田学園,A,共栄学園,A,https://junior-soccer.jp/sp/kanto/tokyo/league/match/49171
第1地区,リバーサイドユースリーグ,2024,2部A,,2024-10-14,江戸川B,紅葉川Ｉ,1,7,済,江戸川,B,紅葉川,I,https://junior-soccer.jp/sp/kanto/tokyo/league/match/49171
第1地区,リバーサイドユースリーグ,2024,2部A,,2024-10-27,葛飾商業,共栄学園,1,2,済,葛飾商業,A,共栄学園,A,https://junior-soccer.jp/sp/kanto/tokyo/league/match/49171
第1地区,リバーサイドユースリーグ,2024,2部A,,2024-11-23,開成A,共栄学園,3,0,済,開成,A,共栄学園,A,https://junior-soccer.jp/sp/kanto/tokyo/league/match/49171
第1地区,リバーサイドユースリーグ,2024,2部B,,2024-04-03,深川B,葛飾野C,0,4,済,深川,B,葛飾野,C,https://junior-soccer.jp/sp/kanto/tokyo/league/match/49172
第1地区,リバーサイドユースリーグ,2024,2部B,,2024-04-04,篠崎,両国,3,5,済,篠崎,A,両国,A,https://junior-soccer.jp/sp/kanto/tokyo/league/match/49172
第1地区,リバーサイドユースリーグ,2024,2部B,,2024-04-05,葛飾総合,開成B,3,0,済,葛飾総合,A,開成,B,https://junior-soccer.jp/sp/kanto/tokyo/league/match/49172
第1地区,リバーサイドユースリーグ,2024,2部B,,2024-04-06,日本大学第一,篠崎,4,4,済,日大一,A,篠崎,A,https://junior-soccer.jp/sp/kanto/tokyo/league/match/49172
第1地区,リバーサイドユースリーグ,2024,2部B,,2024-04-07,深川B,両国,0,7,済,深川,B,両国,A,https://junior-soccer.jp/sp/kanto/tokyo/league/match/49172
第1地区,リバーサイドユースリーグ,2024,2部B,,2024-04-13,かえつ有明B,日本大学第一,7,0,済,かえつ有明,B,日大一,A,https://junior-soccer.jp/sp/kanto/tokyo/league/match/49172
第1地区,リバーサイドユースリーグ,2024,2部B,,2024-04-13,葛飾総合,両国,0,0,済,葛飾総合,A,両国,A,https://junior-soccer.jp/sp/kanto/tokyo/league/match/49172
第1地区,リバーサイドユースリーグ,2024,2部B,,2024-04-14,篠崎,葛飾野C,2,2,済,篠崎,A,葛飾野,C,https://junior-soccer.jp/sp/kanto/tokyo/league/match/49172
第1地区,リバーサイドユースリーグ,2024,2部B,,2024-04-14,深川B,南葛飾B,1,0,済,深川,B,南葛飾,B,https://junior-soccer.jp/sp/kanto/tokyo/league/match/49172
第1地区,リバーサイドユースリーグ,2024,2部B,,2024-04-20,葛飾野C,かえつ有明B,0,5,済,葛飾野,C,かえつ有明,B,https://junior-soccer.jp/sp/kanto/tokyo/league/match/49172
第1地区,リバーサイドユースリーグ,2024,2部B,,2024-04-27,開成B,深川B,0,3,済,開成,B,深川,B,https://junior-soccer.jp/sp/kanto/tokyo/league/match/49172
第1地区,リバーサイドユースリーグ,2024,2部B,,2024-05-03,葛飾総合,墨田工科,2,0,済,葛飾総合,A,墨田工科,A,https://junior-soccer.jp/sp/kanto/tokyo/league/match/49172
第1地区,リバーサイドユースリーグ,2024,2部B,,2024-05-05,篠崎,南葛飾B,1,3,済,篠崎,A,南葛飾,B,https://junior-soccer.jp/sp/kanto/tokyo/league/match/49172
第1地区,リバーサイドユースリーグ,2024,2部B,,2024-05-05,かえつ有明B,開成B,7,0,済,かえつ有明,B,開成,B,https://junior-soccer.jp/sp/kanto/tokyo/league/match/49172
第1地区,リバーサイドユースリーグ,2024,2部B,,2024-05-11,墨田工科,南葛飾B,2,0,済,墨田工科,A,南葛飾,B,https://junior-soccer.jp/sp/kanto/tokyo/league/match/49172
第1地区,リバーサイドユースリーグ,2024,2部B,,2024-05-12,両国,葛飾野C,0,0,済,両国,A,葛飾野,C,https://junior-soccer.jp/sp/kanto/tokyo/league/match/49172
第1地区,リバーサイドユースリーグ,2024,2部B,,2024-05-26,葛飾総合,南葛飾B,0,7,済,葛飾総合,A,南葛飾,B,https://junior-soccer.jp/sp/kanto/tokyo/league/match/49172
第1地区,リバーサイドユースリーグ,2024,2部B,,2024-06-02,墨田工科,葛飾野C,0,2,済,墨田工科,A,葛飾野,C,https://junior-soccer.jp/sp/kanto/tokyo/league/match/49172
第1地区,リバーサイドユースリーグ,2024,2部B,,2024-06-08,かえつ有明B,葛飾総合,7,0,済,かえつ有明,B,葛飾総合,A,https://junior-soccer.jp/sp/kanto/tokyo/league/match/49172
第1地区,リバーサイドユースリーグ,2024,2部B,,2024-06-09,日本大学第一,両国,1,2,済,日大一,A,両国,A,https://junior-soccer.jp/sp/kanto/tokyo/league/match/49172
第1地区,リバーサイドユースリーグ,2024,2部B,,2024-06-22,深川B,日本大学第一,1,2,済,深川,B,日大一,A,https://junior-soccer.jp/sp/kanto/tokyo/league/match/49172
第1地区,リバーサイドユースリーグ,2024,2部B,,2024-06-22,葛飾総合,篠崎,5,3,済,葛飾総合,A,篠崎,A,https://junior-soccer.jp/sp/kanto/tokyo/league/match/49172
第1地区,リバーサイドユースリーグ,2024,2部B,,2024-06-29,南葛飾B,かえつ有明B,1,7,済,南葛飾,B,かえつ有明,B,https://junior-soccer.jp/sp/kanto/tokyo/league/match/49172
第1地区,リバーサイドユースリーグ,2024,2部B,,2024-09-07,葛飾総合,葛飾野C,0,4,済,葛飾総合,A,葛飾野,C,https://junior-soccer.jp/sp/kanto/tokyo/league/match/49172
第1地区,リバーサイドユースリーグ,2024,2部B,,2024-09-14,墨田工科,かえつ有明B,1,18,済,墨田工科,A,かえつ有明,B,https://junior-soccer.jp/sp/kanto/tokyo/league/match/49172
第1地区,リバーサイドユースリーグ,2024,2部B,,2024-09-15,両国,開成B,4,1,済,両国,A,開成,B,https://junior-soccer.jp/sp/kanto/tokyo/league/match/49172
第1地区,リバーサイドユースリーグ,2024,2部B,,2024-09-22,墨田工科,日本大学第一,2,1,済,墨田工科,A,日大一,A,https://junior-soccer.jp/sp/kanto/tokyo/league/match/49172
第1地区,リバーサイドユースリーグ,2024,2部B,,2024-09-22,葛飾野C,南葛飾B,3,4,済,葛飾野,C,南葛飾,B,https://junior-soccer.jp/sp/kanto/tokyo/league/match/49172
第1地区,リバーサイドユースリーグ,2024,2部B,,2024-09-29,篠崎,かえつ有明B,0,12,済,篠崎,A,かえつ有明,B,https://junior-soccer.jp/sp/kanto/tokyo/league/match/49172
第1地区,リバーサイドユースリーグ,2024,2部B,,2024-09-29,両国,南葛飾B,1,0,済,両国,A,南葛飾,B,https://junior-soccer.jp/sp/kanto/tokyo/league/match/49172
第1地区,リバーサイドユースリーグ,2024,2部B,,2024-09-29,開成B,葛飾野C,1,3,済,開成,B,葛飾野,C,https://junior-soccer.jp/sp/kanto/tokyo/league/match/49172
第1地区,リバーサイドユースリーグ,2024,2部B,,2024-10-01,深川B,篠崎,4,1,済,深川,B,篠崎,A,https://junior-soccer.jp/sp/kanto/tokyo/league/match/49172
第1地区,リバーサイドユースリーグ,2024,2部B,,2024-10-06,両国,墨田工科,7,0,済,両国,A,墨田工科,A,https://junior-soccer.jp/sp/kanto/tokyo/league/match/49172
第1地区,リバーサイドユースリーグ,2024,2部B,,2024-10-12,葛飾野C,日本大学第一,5,4,済,葛飾野,C,日大一,A,https://junior-soccer.jp/sp/kanto/tokyo/league/match/49172
第1地区,リバーサイドユースリーグ,2024,2部B,,2024-10-27,開成B,墨田工科,3,0,済,開成,B,墨田工科,A,https://junior-soccer.jp/sp/kanto/tokyo/league/match/49172
第1地区,リバーサイドユースリーグ,2024,2部B,,2024-11-03,両国,かえつ有明B,0,0,済,両国,A,かえつ有明,B,https://junior-soccer.jp/sp/kanto/tokyo/league/match/49172
第1地区,リバーサイドユースリーグ,2024,2部B,,2024-11-03,開成B,南葛飾B,0,9,済,開成,B,南葛飾,B,https://junior-soccer.jp/sp/kanto/tokyo/league/match/49172
第1地区,リバーサイドユースリーグ,2024,2部B,,2024-11-10,南葛飾B,日本大学第一,3,1,済,南葛飾,B,日大一,A,https://junior-soccer.jp/sp/kanto/tokyo/league/match/49172
第1地区,リバーサイドユースリーグ,2024,2部B,,2024-11-16,かえつ有明B,深川B,5,0,済,かえつ有明,B,深川,B,https://junior-soccer.jp/sp/kanto/tokyo/league/match/49172
第1地区,リバーサイドユースリーグ,2024,2部B,,2024-11-17,日本大学第一,開成B,8,3,済,日大一,A,開成,B,https://junior-soccer.jp/sp/kanto/tokyo/league/match/49172
第1地区,リバーサイドユースリーグ,2024,2部B,,2024-12-14,墨田工科,篠崎,1,0,済,墨田工科,A,篠崎,A,https://junior-soccer.jp/sp/kanto/tokyo/league/match/49172
第1地区,リバーサイドユースリーグ,2026,1部,第1節,2026-05-06,修徳高校Ｃ,墨田川高校,3,0,済,修徳,C,墨田川,A,https://riverside-league.com/schedule_division1.html
第1地区,リバーサイドユースリーグ,2026,1部,第1節,2026-05-10,都立紅葉川高校,東京２３ＦＣ　Ｕ－１８,3,0,済,紅葉川,A,東京23FCU-18,A,https://riverside-league.com/schedule_division1.html
第1地区,リバーサイドユースリーグ,2026,1部,第1節,2026-04-04,かえつ有明高等学校Ｂ,都立小松川高校,2,1,済,かえつ有明,B,小松川,A,https://riverside-league.com/schedule_division1.html
第1地区,リバーサイドユースリーグ,2026,1部,第1節,2026-04-03,都立深川高等学校,都立江戸川高等学校,5,1,済,深川,A,江戸川,A,https://riverside-league.com/schedule_division1.html
第1地区,リバーサイドユースリーグ,2026,1部,第1節,2026-04-03,城東Ｂ,開成,0,5,済,城東,B,開成,A,https://riverside-league.com/schedule_division1.html
第1地区,リバーサイドユースリーグ,2026,1部,第2節,2026-04-05,開成,修徳高校Ｃ,4,1,済,開成,A,修徳,C,https://riverside-league.com/schedule_division1.html
第1地区,リバーサイドユースリーグ,2026,1部,第2節,2026-04-11,墨田川高校,都立紅葉川高校,0,1,済,墨田川,A,紅葉川,A,https://riverside-league.com/schedule_division1.html
第1地区,リバーサイドユースリーグ,2026,1部,第2節,2026-04-11,都立江戸川高等学校,かえつ有明高等学校Ｂ,2,3,済,江戸川,A,かえつ有明,B,https://riverside-league.com/schedule_division1.html
第1地区,リバーサイドユースリーグ,2026,1部,第2節,2026-04-11,東京２３ＦＣ　Ｕ－１８,都立深川高等学校,1,1,済,東京23FCU-18,A,深川,A,https://riverside-league.com/schedule_division1.html
第1地区,リバーサイドユースリーグ,2026,1部,第2節,2026-04-12,城東Ｂ,都立小松川高校,0,4,済,城東,B,小松川,A,https://riverside-league.com/schedule_division1.html
第1地区,リバーサイドユースリーグ,2026,1部,第3節,2026-04-19,修徳高校Ｃ,東京２３ＦＣ　Ｕ－１８,4,1,済,修徳,C,東京23FCU-18,A,https://riverside-league.com/schedule_division1.html
第1地区,リバーサイドユースリーグ,2026,1部,第3節,2026-04-19,都立紅葉川高校,開成,2,1,済,紅葉川,A,開成,A,https://riverside-league.com/schedule_division1.html
第1地区,リバーサイドユースリーグ,2026,1部,第3節,2026-04-11,かえつ有明高等学校Ｂ,墨田川高校,1,3,済,かえつ有明,B,墨田川,A,https://riverside-league.com/schedule_division1.html
第1地区,リバーサイドユースリーグ,2026,1部,第3節,2026-04-18,都立深川高等学校,都立小松川高校,0,1,済,深川,A,小松川,A,https://riverside-league.com/schedule_division1.html
第1地区,リバーサイドユースリーグ,2026,1部,第3節,2026-04-19,都立江戸川高等学校,城東Ｂ,2,2,済,江戸川,A,城東,B,https://riverside-league.com/schedule_division1.html
第1地区,リバーサイドユースリーグ,2026,1部,第4節,2026-05-16,城東Ｂ,修徳高校Ｃ,1,4,済,城東,B,修徳,C,https://riverside-league.com/schedule_division1.html
第1地区,リバーサイドユースリーグ,2026,1部,第4節,2026-05-17,都立江戸川高等学校,都立紅葉川高校,1,10,済,江戸川,A,紅葉川,A,https://riverside-league.com/schedule_division1.html
第1地区,リバーサイドユースリーグ,2026,1部,第4節,2026-06-28,開成,かえつ有明高等学校Ｂ,2,4,済,開成,A,かえつ有明,B,https://riverside-league.com/schedule_division1.html
第1地区,リバーサイドユースリーグ,2026,1部,第4節,2026-05-24,墨田川高校,都立深川高等学校,0,4,済,墨田川,A,深川,A,https://riverside-league.com/schedule_division1.html
第1地区,リバーサイドユースリーグ,2026,1部,第4節,2026-05-17,東京２３ＦＣ　Ｕ－１８,都立小松川高校,2,0,済,東京23FCU-18,A,小松川,A,https://riverside-league.com/schedule_division1.html
第1地区,リバーサイドユースリーグ,2026,1部,第5節,2026-06-07,修徳高校Ｃ,都立江戸川高等学校,14,0,済,修徳,C,江戸川,A,https://riverside-league.com/schedule_division1.html
第1地区,リバーサイドユースリーグ,2026,1部,第5節,2026-05-30,都立紅葉川高校,城東Ｂ,1,0,済,紅葉川,A,城東,B,https://riverside-league.com/schedule_division1.html
第1地区,リバーサイドユースリーグ,2026,1部,第5節,2026-06-06,かえつ有明高等学校Ｂ,東京２３ＦＣ　Ｕ－１８,2,2,済,かえつ有明,B,東京23FCU-18,A,https://riverside-league.com/schedule_division1.html
第1地区,リバーサイドユースリーグ,2026,1部,第5節,2026-06-06,都立深川高等学校,開成,3,2,済,深川,A,開成,A,https://riverside-league.com/schedule_division1.html
第1地区,リバーサイドユースリーグ,2026,1部,第5節,2026-06-07,都立小松川高校,墨田川高校,2,4,済,小松川,A,墨田川,A,https://riverside-league.com/schedule_division1.html
第1地区,リバーサイドユースリーグ,2026,1部,第6節,2026-06-14,都立小松川高校,修徳高校Ｃ,0,1,済,小松川,A,修徳,C,https://riverside-league.com/schedule_division1.html
第1地区,リバーサイドユースリーグ,2026,1部,第6節,2026-06-14,都立深川高等学校,都立紅葉川高校,1,4,済,深川,A,紅葉川,A,https://riverside-league.com/schedule_division1.html
第1地区,リバーサイドユースリーグ,2026,1部,第6節,2026-06-14,城東Ｂ,かえつ有明高等学校Ｂ,1,2,済,城東,B,かえつ有明,B,https://riverside-league.com/schedule_division1.html
第1地区,リバーサイドユースリーグ,2026,1部,第6節,2026-06-14,墨田川高校,都立江戸川高等学校,1,4,済,墨田川,A,江戸川,A,https://riverside-league.com/schedule_division1.html
第1地区,リバーサイドユースリーグ,2026,1部,第6節,2026-06-14,東京２３ＦＣ　Ｕ－１８,開成,2,1,済,東京23FCU-18,A,開成,A,https://riverside-league.com/schedule_division1.html
第1地区,リバーサイドユースリーグ,2026,1部,第7節,,都立小松川高校,開成,,,未,小松川,A,開成,A,https://riverside-league.com/schedule_division1.html
第1地区,リバーサイドユースリーグ,2026,1部,第8節,,かえつ有明高等学校Ｂ,修徳高校Ｃ,,,未,かえつ有明,B,修徳,C,https://riverside-league.com/schedule_division1.html
第1地区,リバーサイドユースリーグ,2026,1部,第8節,,都立小松川高校,都立紅葉川高校,,,未,小松川,A,紅葉川,A,https://riverside-league.com/schedule_division1.html
第1地区,リバーサイドユースリーグ,2026,1部,第8節,,開成,都立江戸川高等学校,,,未,開成,A,江戸川,A,https://riverside-league.com/schedule_division1.html
第1地区,リバーサイドユースリーグ,2026,1部,第9節,,修徳高校Ｃ,都立紅葉川高校,,,未,修徳,C,紅葉川,A,https://riverside-league.com/schedule_division1.html
第1地区,リバーサイドユースリーグ,2026,1部,第9節,,都立小松川高校,都立江戸川高等学校,,,未,小松川,A,江戸川,A,https://riverside-league.com/schedule_division1.html
第1地区,リバーサイドユースリーグ,2026,2部A,第1節,2026-04-03,修徳高校Ｄ,都立竹台高等学校,8,1,済,修徳,D,竹台,A,https://riverside-league.com/schedule_division2_group_a.html
第1地区,リバーサイドユースリーグ,2026,2部A,第1節,2026-04-05,かえつ有明高等学校Ｃ,南葛飾高校Ｃ,3,0,済,かえつ有明,C,南葛飾,C,https://riverside-league.com/schedule_division2_group_a.html
第1地区,リバーサイドユースリーグ,2026,2部A,第1節,2026-04-12,安田学園,都立両国高等学校,0,4,済,安田学園,A,両国,A,https://riverside-league.com/schedule_division2_group_a.html
第1地区,リバーサイドユースリーグ,2026,2部A,第1節,2026-05-13,都立葛飾商業高校,日本大学第一高等学校,1,3,済,葛飾商業,A,日大一,A,https://riverside-league.com/schedule_division2_group_a.html
第1地区,リバーサイドユースリーグ,2026,2部A,第1節,,日本橋高校,都立篠崎高等学校,,,未,日本橋,A,篠崎,A,https://riverside-league.com/schedule_division2_group_a.html
第1地区,リバーサイドユースリーグ,2026,2部A,第2節,2026-04-19,都立篠崎高等学校,修徳高校Ｄ,1,3,済,篠崎,A,修徳,D,https://riverside-league.com/schedule_division2_group_a.html
第1地区,リバーサイドユースリーグ,2026,2部A,第2節,2026-04-12,都立竹台高等学校,かえつ有明高等学校Ｃ,0,2,済,竹台,A,かえつ有明,C,https://riverside-league.com/schedule_division2_group_a.html
第1地区,リバーサイドユースリーグ,2026,2部A,第2節,2026-05-10,日本大学第一高等学校,安田学園,4,2,済,日大一,A,安田学園,A,https://riverside-league.com/schedule_division2_group_a.html
第1地区,リバーサイドユースリーグ,2026,2部A,第2節,2026-04-11,南葛飾高校Ｃ,都立葛飾商業高校,0,5,済,南葛飾,C,葛飾商業,A,https://riverside-league.com/schedule_division2_group_a.html
第1地区,リバーサイドユースリーグ,2026,2部A,第2節,2026-04-05,日本橋高校,都立両国高等学校,1,2,済,日本橋,A,両国,A,https://riverside-league.com/schedule_division2_group_a.html
第1地区,リバーサイドユースリーグ,2026,2部A,第3節,2026-04-18,修徳高校Ｄ,南葛飾高校Ｃ,1,0,済,修徳,D,南葛飾,C,https://riverside-league.com/schedule_division2_group_a.html
第1地区,リバーサイドユースリーグ,2026,2部A,第3節,2026-05-04,かえつ有明高等学校Ｃ,都立篠崎高等学校,1,0,済,かえつ有明,C,篠崎,A,https://riverside-league.com/schedule_division2_group_a.html
第1地区,リバーサイドユースリーグ,2026,2部A,第3節,2026-04-19,安田学園,都立竹台高等学校,0,1,済,安田学園,A,竹台,A,https://riverside-league.com/schedule_division2_group_a.html
第1地区,リバーサイドユースリーグ,2026,2部A,第3節,2026-04-19,都立葛飾商業高校,都立両国高等学校,2,1,済,葛飾商業,A,両国,A,https://riverside-league.com/schedule_division2_group_a.html
第1地区,リバーサイドユースリーグ,2026,2部A,第3節,2026-04-18,日本大学第一高等学校,日本橋高校,2,3,済,日大一,A,日本橋,A,https://riverside-league.com/schedule_division2_group_a.html
第1地区,リバーサイドユースリーグ,2026,2部A,第4節,2026-05-30,日本橋高校,修徳高校Ｄ,2,1,済,日本橋,A,修徳,D,https://riverside-league.com/schedule_division2_group_a.html
第1地区,リバーサイドユースリーグ,2026,2部A,第4節,2026-06-21,日本大学第一高等学校,かえつ有明高等学校Ｃ,1,5,済,日大一,A,かえつ有明,C,https://riverside-league.com/schedule_division2_group_a.html
第1地区,リバーサイドユースリーグ,2026,2部A,第4節,2026-06-21,都立篠崎高等学校,安田学園,3,1,済,篠崎,A,安田学園,A,https://riverside-league.com/schedule_division2_group_a.html
第1地区,リバーサイドユースリーグ,2026,2部A,第4節,2026-05-24,南葛飾高校Ｃ,都立両国高等学校,2,0,済,南葛飾,C,両国,A,https://riverside-league.com/schedule_division2_group_a.html
第1地区,リバーサイドユースリーグ,2026,2部A,第5節,2026-06-07,かえつ有明高等学校Ｃ,日本橋高校,1,3,済,かえつ有明,C,日本橋,A,https://riverside-league.com/schedule_division2_group_a.html
第1地区,リバーサイドユースリーグ,2026,2部A,第5節,2026-06-07,安田学園,南葛飾高校Ｃ,2,2,済,安田学園,A,南葛飾,C,https://riverside-league.com/schedule_division2_group_a.html
第1地区,リバーサイドユースリーグ,2026,2部A,第5節,2026-05-31,都立葛飾商業高校,都立篠崎高等学校,3,0,済,葛飾商業,A,篠崎,A,https://riverside-league.com/schedule_division2_group_a.html
第1地区,リバーサイドユースリーグ,2026,2部A,第5節,2026-05-31,都立両国高等学校,都立竹台高等学校,3,3,済,両国,A,竹台,A,https://riverside-league.com/schedule_division2_group_a.html
第1地区,リバーサイドユースリーグ,2026,2部A,第6節,2026-06-14,都立両国高等学校,修徳高校Ｄ,3,4,済,両国,A,修徳,D,https://riverside-league.com/schedule_division2_group_a.html
第1地区,リバーサイドユースリーグ,2026,2部A,第6節,2026-06-13,都立葛飾商業高校,かえつ有明高等学校Ｃ,2,0,済,葛飾商業,A,かえつ有明,C,https://riverside-league.com/schedule_division2_group_a.html
第1地区,リバーサイドユースリーグ,2026,2部A,第6節,2026-06-14,日本橋高校,安田学園,1,1,済,日本橋,A,安田学園,A,https://riverside-league.com/schedule_division2_group_a.html
第1地区,リバーサイドユースリーグ,2026,2部A,第6節,2026-06-13,都立竹台高等学校,日本大学第一高等学校,1,4,済,竹台,A,日大一,A,https://riverside-league.com/schedule_division2_group_a.html
第1地区,リバーサイドユースリーグ,2026,2部A,第6節,2026-06-13,南葛飾高校Ｃ,都立篠崎高等学校,1,0,済,南葛飾,C,篠崎,A,https://riverside-league.com/schedule_division2_group_a.html
第1地区,リバーサイドユースリーグ,2026,2部B,第1節,2026-04-02,都立葛飾野高校B,都立深川高等学校Ｂ,0,2,済,葛飾野,B,深川,B,https://www.riverside-league.com/schedule_division2_group_b.html
第1地区,リバーサイドユースリーグ,2026,2部B,第1節,2026-05-06,都立東高等学校Ｂ,共栄学園,1,0,済,東,B,共栄学園,A,https://www.riverside-league.com/schedule_division2_group_b.html
第1地区,リバーサイドユースリーグ,2026,2部B,第1節,2026-04-04,修徳高校Ｅ,墨田工科高校,8,0,済,修徳,E,墨田工科,A,https://www.riverside-league.com/schedule_division2_group_b.html
第1地区,リバーサイドユースリーグ,2026,2部B,第1節,2026-04-01,南葛飾高校B,都立紅葉川高校Ｂ,3,0,済,南葛飾,B,紅葉川,B,https://www.riverside-league.com/schedule_division2_group_b.html
第1地区,リバーサイドユースリーグ,2026,2部B,第1節,2026-04-12,開成Ｂ,安田学園Ｂ,1,6,済,開成,B,安田学園,B,https://www.riverside-league.com/schedule_division2_group_b.html
第1地区,リバーサイドユースリーグ,2026,2部B,第2節,2026-04-05,安田学園Ｂ,都立葛飾野高校B,4,1,済,安田学園,B,葛飾野,B,https://www.riverside-league.com/schedule_division2_group_b.html
第1地区,リバーサイドユースリーグ,2026,2部B,第2節,2026-04-12,都立深川高等学校Ｂ,都立東高等学校Ｂ,3,3,済,深川,B,東,B,https://www.riverside-league.com/schedule_division2_group_b.html
第1地区,リバーサイドユースリーグ,2026,2部B,第2節,2026-04-03,都立紅葉川高校Ｂ,修徳高校Ｅ,1,9,済,紅葉川,B,修徳,E,https://www.riverside-league.com/schedule_division2_group_b.html
第1地区,リバーサイドユースリーグ,2026,2部B,第2節,2026-04-07,共栄学園,南葛飾高校B,0,0,済,共栄学園,A,南葛飾,B,https://www.riverside-league.com/schedule_division2_group_b.html
第1地区,リバーサイドユースリーグ,2026,2部B,第2節,2026-04-05,開成Ｂ,墨田工科高校,1,1,済,開成,B,墨田工科,A,https://www.riverside-league.com/schedule_division2_group_b.html
第1地区,リバーサイドユースリーグ,2026,2部B,第3節,2026-04-12,都立葛飾野高校B,共栄学園,2,1,済,葛飾野,B,共栄学園,A,https://www.riverside-league.com/schedule_division2_group_b.html
第1地区,リバーサイドユースリーグ,2026,2部B,第3節,2026-04-19,都立東高等学校Ｂ,安田学園Ｂ,0,2,済,東,B,安田学園,B,https://www.riverside-league.com/schedule_division2_group_b.html
第1地区,リバーサイドユースリーグ,2026,2部B,第3節,2026-04-19,修徳高校Ｅ,都立深川高等学校Ｂ,2,2,済,修徳,E,深川,B,https://www.riverside-league.com/schedule_division2_group_b.html
第1地区,リバーサイドユースリーグ,2026,2部B,第3節,2026-04-18,南葛飾高校B,墨田工科高校,2,0,済,南葛飾,B,墨田工科,A,https://www.riverside-league.com/schedule_division2_group_b.html
第1地区,リバーサイドユースリーグ,2026,2部B,第3節,2026-04-19,都立紅葉川高校Ｂ,開成Ｂ,1,0,済,紅葉川,B,開成,B,https://www.riverside-league.com/schedule_division2_group_b.html
第1地区,リバーサイドユースリーグ,2026,2部B,第4節,2026-06-21,開成Ｂ,都立葛飾野高校B,0,1,済,開成,B,葛飾野,B,https://www.riverside-league.com/schedule_division2_group_b.html
第1地区,リバーサイドユースリーグ,2026,2部B,第4節,2026-05-23,都立紅葉川高校Ｂ,都立東高等学校Ｂ,2,6,済,紅葉川,B,東,B,https://www.riverside-league.com/schedule_division2_group_b.html
第1地区,リバーサイドユースリーグ,2026,2部B,第4節,2026-05-24,都立深川高等学校Ｂ,南葛飾高校B,1,4,済,深川,B,南葛飾,B,https://www.riverside-league.com/schedule_division2_group_b.html
第1地区,リバーサイドユースリーグ,2026,2部B,第4節,2026-05-16,共栄学園,墨田工科高校,3,1,済,共栄学園,A,墨田工科,A,https://www.riverside-league.com/schedule_division2_group_b.html
第1地区,リバーサイドユースリーグ,2026,2部B,第5節,2026-05-31,都立葛飾野高校B,都立紅葉川高校Ｂ,5,0,済,葛飾野,B,紅葉川,B,https://www.riverside-league.com/schedule_division2_group_b.html
第1地区,リバーサイドユースリーグ,2026,2部B,第5節,2026-05-31,都立東高等学校Ｂ,開成Ｂ,1,3,済,東,B,開成,B,https://www.riverside-league.com/schedule_division2_group_b.html
第1地区,リバーサイドユースリーグ,2026,2部B,第5節,2026-05-20,修徳高校Ｅ,共栄学園,4,0,済,修徳,E,共栄学園,A,https://www.riverside-league.com/schedule_division2_group_b.html
第1地区,リバーサイドユースリーグ,2026,2部B,第5節,2026-06-07,南葛飾高校B,安田学園Ｂ,2,1,済,南葛飾,B,安田学園,B,https://www.riverside-league.com/schedule_division2_group_b.html
第1地区,リバーサイドユースリーグ,2026,2部B,第5節,2026-06-07,墨田工科高校,都立深川高等学校Ｂ,2,5,済,墨田工科,A,深川,B,https://www.riverside-league.com/schedule_division2_group_b.html
第1地区,リバーサイドユースリーグ,2026,2部B,第6節,2026-06-14,墨田工科高校,都立葛飾野高校B,0,3,済,墨田工科,A,葛飾野,B,https://www.riverside-league.com/schedule_division2_group_b.html
第1地区,リバーサイドユースリーグ,2026,2部B,第6節,2026-06-13,南葛飾高校B,都立東高等学校Ｂ,4,1,済,南葛飾,B,東,B,https://www.riverside-league.com/schedule_division2_group_b.html
第1地区,リバーサイドユースリーグ,2026,2部B,第6節,2026-06-14,開成Ｂ,修徳高校Ｅ,0,9,済,開成,B,修徳,E,https://www.riverside-league.com/schedule_division2_group_b.html
第1地区,リバーサイドユースリーグ,2026,2部B,第6節,2026-06-14,都立深川高等学校Ｂ,都立紅葉川高校Ｂ,1,1,済,深川,B,紅葉川,B,https://www.riverside-league.com/schedule_division2_group_b.html
第1地区,リバーサイドユースリーグ,2026,2部B,第6節,2026-06-14,共栄学園,安田学園Ｂ,2,2,済,共栄学園,A,安田学園,B,https://www.riverside-league.com/schedule_division2_group_b.html
第1地区,リバーサイドユースリーグ,2026,2部B,第7節,2026-09-05,都立葛飾野高校B,南葛飾高校B,1,4,済,葛飾野,B,南葛飾,B,https://www.riverside-league.com/schedule_division2_group_b.html
第1地区,リバーサイドユースリーグ,2026,2部B,第7節,,墨田工科高校,安田学園Ｂ,,,未,墨田工科,A,安田学園,B,https://www.riverside-league.com/schedule_division2_group_b.html
第1地区,リバーサイドユースリーグ,2026,2部B,第7節,,開成Ｂ,都立深川高等学校Ｂ,,,未,開成,B,深川,B,https://www.riverside-league.com/schedule_division2_group_b.html
第1地区,リバーサイドユースリーグ,2026,2部B,第8節,,南葛飾高校B,開成Ｂ,,,未,南葛飾,B,開成,B,https://www.riverside-league.com/schedule_division2_group_b.html
第1地区,リバーサイドユースリーグ,2026,2部B,第8節,,安田学園Ｂ,都立紅葉川高校Ｂ,,,未,安田学園,B,紅葉川,B,https://www.riverside-league.com/schedule_division2_group_b.html
第1地区,リバーサイドユースリーグ,2026,2部B,第9節,,墨田工科高校,都立紅葉川高校Ｂ,,,未,墨田工科,A,紅葉川,B,https://www.riverside-league.com/schedule_division2_group_b.html
第1地区,リバーサイドユースリーグ,2026,2部B,第9節,,安田学園Ｂ,都立深川高等学校Ｂ,,,未,安田学園,B,深川,B,https://www.riverside-league.com/schedule_division2_group_b.html
第2地区,DUOリーグ,2024,グループA,第1節,2024-04-07,日大豊山C,淑徳巣鴨A,0,1,済,日大豊山,C,淑徳巣鴨,A,https://www.goalnote.net/detail-schedule.php?tid=15652
第2地区,DUOリーグ,2024,グループA,第1節,2024-04-07,都立豊島A,足立新田,3,2,済,豊島,A,足立新田,A,https://www.goalnote.net/detail-schedule.php?tid=15652
第2地区,DUOリーグ,2024,グループA,第1節,2024-04-07,文京A,都立江北,3,3,済,文京,A,江北,A,https://www.goalnote.net/detail-schedule.php?tid=15652
第2地区,DUOリーグ,2024,グループA,第1節,2024-04-07,郁文館A,立教池袋,0,4,済,郁文館,A,立教池袋,A,https://www.goalnote.net/detail-schedule.php?tid=15652
第2地区,DUOリーグ,2024,グループA,第1節,2024-04-04,豊島学院B,学習院,0,8,済,豊島学院,B,学習院,A,https://www.goalnote.net/detail-schedule.php?tid=15652
第2地区,DUOリーグ,2024,グループA,第2節,2024-04-02,淑徳巣鴨A,立教池袋,0,1,済,淑徳巣鴨,A,立教池袋,A,https://www.goalnote.net/detail-schedule.php?tid=15652
第2地区,DUOリーグ,2024,グループA,第2節,2024-04-14,足立新田,郁文館A,1,1,済,足立新田,A,郁文館,A,https://www.goalnote.net/detail-schedule.php?tid=15652
第2地区,DUOリーグ,2024,グループA,第2節,2024-04-14,豊島学院B,文京A,2,3,済,豊島学院,B,文京,A,https://www.goalnote.net/detail-schedule.php?tid=15652
第2地区,DUOリーグ,2024,グループA,第2節,2024-04-14,都立豊島A,都立江北,2,1,済,豊島,A,江北,A,https://www.goalnote.net/detail-schedule.php?tid=15652
第2地区,DUOリーグ,2024,グループA,第2節,2024-04-13,学習院,日大豊山C,2,1,済,学習院,A,日大豊山,C,https://www.goalnote.net/detail-schedule.php?tid=15652
第2地区,DUOリーグ,2024,グループA,第3節,2024-05-06,立教池袋,学習院,0,6,済,立教池袋,A,学習院,A,https://www.goalnote.net/detail-schedule.php?tid=15652
第2地区,DUOリーグ,2024,グループA,第3節,2024-05-12,都立豊島A,文京A,4,3,済,豊島,A,文京,A,https://www.goalnote.net/detail-schedule.php?tid=15652
第2地区,DUOリーグ,2024,グループA,第3節,2024-05-06,豊島学院B,日大豊山C,2,4,済,豊島学院,B,日大豊山,C,https://www.goalnote.net/detail-schedule.php?tid=15652
第2地区,DUOリーグ,2024,グループA,第3節,2024-10-01,淑徳巣鴨A,足立新田,5,0,済,淑徳巣鴨,A,足立新田,A,https://www.goalnote.net/detail-schedule.php?tid=15652
第2地区,DUOリーグ,2024,グループA,第3節,2024-05-06,都立江北,郁文館A,3,3,済,江北,A,郁文館,A,https://www.goalnote.net/detail-schedule.php?tid=15652
第2地区,DUOリーグ,2024,グループA,第4節,2024-05-12,日大豊山C,立教池袋,0,4,済,日大豊山,C,立教池袋,A,https://www.goalnote.net/detail-schedule.php?tid=15652
第2地区,DUOリーグ,2024,グループA,第4節,2024-07-21,学習院,足立新田,8,1,済,学習院,A,足立新田,A,https://www.goalnote.net/detail-schedule.php?tid=15652
第2地区,DUOリーグ,2024,グループA,第4節,2024-10-01,都立豊島A,豊島学院B,4,1,済,豊島,A,豊島学院,B,https://www.goalnote.net/detail-schedule.php?tid=15652
第2地区,DUOリーグ,2024,グループA,第4節,2024-05-26,文京A,郁文館A,2,4,済,文京,A,郁文館,A,https://www.goalnote.net/detail-schedule.php?tid=15652
第2地区,DUOリーグ,2024,グループA,第4節,2024-08-29,都立江北,淑徳巣鴨A,0,4,済,江北,A,淑徳巣鴨,A,https://www.goalnote.net/detail-schedule.php?tid=15652
第2地区,DUOリーグ,2024,グループA,第5節,2024-07-19,立教池袋,豊島学院B,6,0,済,立教池袋,A,豊島学院,B,https://www.goalnote.net/detail-schedule.php?tid=15652
第2地区,DUOリーグ,2024,グループA,第5節,2024-06-09,学習院,都立江北,7,1,済,学習院,A,江北,A,https://www.goalnote.net/detail-schedule.php?tid=15652
第2地区,DUOリーグ,2024,グループA,第5節,2024-06-16,郁文館A,都立豊島A,0,6,済,郁文館,A,豊島,A,https://www.goalnote.net/detail-schedule.php?tid=15652
第2地区,DUOリーグ,2024,グループA,第5節,2024-06-09,日大豊山C,足立新田,5,1,済,日大豊山,C,足立新田,A,https://www.goalnote.net/detail-schedule.php?tid=15652
第2地区,DUOリーグ,2024,グループA,第5節,2024-06-13,淑徳巣鴨A,文京A,0,1,済,淑徳巣鴨,A,文京,A,https://www.goalnote.net/detail-schedule.php?tid=15652
第2地区,DUOリーグ,2024,グループA,第6節,2024-08-09,足立新田,立教池袋,1,5,済,足立新田,A,立教池袋,A,https://www.goalnote.net/detail-schedule.php?tid=15652
第2地区,DUOリーグ,2024,グループA,第6節,2024-06-16,文京A,学習院,0,10,済,文京,A,学習院,A,https://www.goalnote.net/detail-schedule.php?tid=15652
第2地区,DUOリーグ,2024,グループA,第6節,2024-07-30,郁文館A,豊島学院B,2,1,済,郁文館,A,豊島学院,B,https://www.goalnote.net/detail-schedule.php?tid=15652
第2地区,DUOリーグ,2024,グループA,第6節,2024-06-09,淑徳巣鴨A,都立豊島A,0,1,済,淑徳巣鴨,A,豊島,A,https://www.goalnote.net/detail-schedule.php?tid=15652
第2地区,DUOリーグ,2024,グループA,第6節,2024-06-02,都立江北,日大豊山C,2,2,済,江北,A,日大豊山,C,https://www.goalnote.net/detail-schedule.php?tid=15652
第2地区,DUOリーグ,2024,グループA,第7節,2024-06-23,文京A,日大豊山C,1,2,済,文京,A,日大豊山,C,https://www.goalnote.net/detail-schedule.php?tid=15652
第2地区,DUOリーグ,2024,グループA,第7節,2024-06-16,足立新田,豊島学院B,2,1,済,足立新田,A,豊島学院,B,https://www.goalnote.net/detail-schedule.php?tid=15652
第2地区,DUOリーグ,2024,グループA,第7節,2024-06-23,学習院,都立豊島A,4,1,済,学習院,A,豊島,A,https://www.goalnote.net/detail-schedule.php?tid=15652
第2地区,DUOリーグ,2024,グループA,第7節,2024-09-02,郁文館A,淑徳巣鴨A,0,3,済,郁文館,A,淑徳巣鴨,A,https://www.goalnote.net/detail-schedule.php?tid=15652
第2地区,DUOリーグ,2024,グループA,第7節,2024-06-16,立教池袋,都立江北,2,1,済,立教池袋,A,江北,A,https://www.goalnote.net/detail-schedule.php?tid=15652
第2地区,DUOリーグ,2024,グループA,第8節,2024-09-22,文京A,立教池袋,0,3,済,文京,A,立教池袋,A,https://www.goalnote.net/detail-schedule.php?tid=15652
第2地区,DUOリーグ,2024,グループA,第8節,2024-07-21,都立豊島A,日大豊山C,6,1,済,豊島,A,日大豊山,C,https://www.goalnote.net/detail-schedule.php?tid=15652
第2地区,DUOリーグ,2024,グループA,第8節,2024-10-06,都立江北,足立新田,3,1,済,江北,A,足立新田,A,https://www.goalnote.net/detail-schedule.php?tid=15652
第2地区,DUOリーグ,2024,グループA,第8節,2024-09-23,淑徳巣鴨A,豊島学院B,8,0,済,淑徳巣鴨,A,豊島学院,B,https://www.goalnote.net/detail-schedule.php?tid=15652
第2地区,DUOリーグ,2024,グループA,第8節,2024-09-22,郁文館A,学習院,0,10,済,郁文館,A,学習院,A,https://www.goalnote.net/detail-schedule.php?tid=15652
第2地区,DUOリーグ,2024,グループA,第9節,2024-09-29,足立新田,文京A,1,2,済,足立新田,A,文京,A,https://www.goalnote.net/detail-schedule.php?tid=15652
第2地区,DUOリーグ,2024,グループA,第9節,2024-09-29,学習院,淑徳巣鴨A,1,2,済,学習院,A,淑徳巣鴨,A,https://www.goalnote.net/detail-schedule.php?tid=15652
第2地区,DUOリーグ,2024,グループA,第9節,2024-09-01,立教池袋,都立豊島A,0,5,済,立教池袋,A,豊島,A,https://www.goalnote.net/detail-schedule.php?tid=15652
第2地区,DUOリーグ,2024,グループA,第9節,2024-08-04,日大豊山C,郁文館A,3,3,済,日大豊山,C,郁文館,A,https://www.goalnote.net/detail-schedule.php?tid=15652
第2地区,DUOリーグ,2024,グループA,第9節,2024-10-14,豊島学院B,都立江北,2,2,済,豊島学院,B,江北,A,https://www.goalnote.net/detail-schedule.php?tid=15652
第2地区,DUOリーグ,2024,グループB,第1節,2024-07-19,獨協,駒込B,1,3,済,獨協,A,駒込,B,https://www.goalnote.net/detail-schedule.php?tid=15652
第2地区,DUOリーグ,2024,グループB,第1節,2024-05-12,筑波大附属,足立学園,1,0,済,筑波大学附属,A,足立学園,A,https://www.goalnote.net/detail-schedule.php?tid=15652
第2地区,DUOリーグ,2024,グループB,第1節,2024-04-04,向丘A,淑徳巣鴨B,3,3,済,向丘,A,淑徳巣鴨,B,https://www.goalnote.net/detail-schedule.php?tid=15652
第2地区,DUOリーグ,2024,グループB,第1節,2024-05-12,城西,竹早,2,1,済,城西大城西,A,竹早,A,https://www.goalnote.net/detail-schedule.php?tid=15652
第2地区,DUOリーグ,2024,グループB,第2節,2024-06-16,駒込B,筑波大附属,3,0,済,駒込,B,筑波大学附属,A,https://www.goalnote.net/detail-schedule.php?tid=15652
第2地区,DUOリーグ,2024,グループB,第2節,2024-06-08,足立学園,獨協,4,0,済,足立学園,A,獨協,A,https://www.goalnote.net/detail-schedule.php?tid=15652
第2地区,DUOリーグ,2024,グループB,第2節,2024-06-08,淑徳巣鴨B,城西,1,4,済,淑徳巣鴨,B,城西大城西,A,https://www.goalnote.net/detail-schedule.php?tid=15652
第2地区,DUOリーグ,2024,グループB,第2節,2024-09-10,竹早,向丘A,1,3,済,竹早,A,向丘,A,https://www.goalnote.net/detail-schedule.php?tid=15652
第2地区,DUOリーグ,2024,グループB,第3節,2024-06-23,向丘A,駒込B,0,12,済,向丘,A,駒込,B,https://www.goalnote.net/detail-schedule.php?tid=15652
第2地区,DUOリーグ,2024,グループB,第3節,2024-05-05,城西,足立学園,2,0,済,城西大城西,A,足立学園,A,https://www.goalnote.net/detail-schedule.php?tid=15652
第2地区,DUOリーグ,2024,グループB,第3節,2024-08-23,獨協,淑徳巣鴨B,1,2,済,獨協,A,淑徳巣鴨,B,https://www.goalnote.net/detail-schedule.php?tid=15652
第2地区,DUOリーグ,2024,グループB,第3節,2024-05-05,筑波大附属,竹早,1,0,済,筑波大学附属,A,竹早,A,https://www.goalnote.net/detail-schedule.php?tid=15652
第2地区,DUOリーグ,2024,グループB,第4節,2024-06-06,駒込B,城西,2,4,済,駒込,B,城西大城西,A,https://www.goalnote.net/detail-schedule.php?tid=15652
第2地区,DUOリーグ,2024,グループB,第4節,2024-09-17,足立学園,向丘A,2,1,済,足立学園,A,向丘,A,https://www.goalnote.net/detail-schedule.php?tid=15652
第2地区,DUOリーグ,2024,グループB,第4節,2024-05-19,淑徳巣鴨B,筑波大附属,1,3,済,淑徳巣鴨,B,筑波大学附属,A,https://www.goalnote.net/detail-schedule.php?tid=15652
第2地区,DUOリーグ,2024,グループB,第4節,2024-03-28,竹早,獨協,0,3,済,竹早,A,獨協,A,https://www.goalnote.net/detail-schedule.php?tid=15652
第2地区,DUOリーグ,2024,グループB,第5節,2024-12-31,竹早,駒込B,2,2,済,竹早,A,駒込,B,https://www.goalnote.net/detail-schedule.php?tid=15652
第2地区,DUOリーグ,2024,グループB,第5節,2024-06-29,淑徳巣鴨B,足立学園,1,0,済,淑徳巣鴨,B,足立学園,A,https://www.goalnote.net/detail-schedule.php?tid=15652
第2地区,DUOリーグ,2024,グループB,第5節,2024-06-23,獨協,城西,1,3,済,獨協,A,城西大城西,A,https://www.goalnote.net/detail-schedule.php?tid=15652
第2地区,DUOリーグ,2024,グループB,第5節,2024-04-07,筑波大附属,向丘A,1,2,済,筑波大学附属,A,向丘,A,https://www.goalnote.net/detail-schedule.php?tid=15652
第2地区,DUOリーグ,2024,グループB,第6節,2024-08-28,駒込B,淑徳巣鴨B,4,0,済,駒込,B,淑徳巣鴨,B,https://www.goalnote.net/detail-schedule.php?tid=15652
第2地区,DUOリーグ,2024,グループB,第6節,2024-04-07,足立学園,竹早,3,0,済,足立学園,A,竹早,A,https://www.goalnote.net/detail-schedule.php?tid=15652
第2地区,DUOリーグ,2024,グループB,第6節,2024-05-26,城西,筑波大附属,2,2,済,城西大城西,A,筑波大学附属,A,https://www.goalnote.net/detail-schedule.php?tid=15652
第2地区,DUOリーグ,2024,グループB,第6節,2024-05-12,向丘A,獨協,0,0,済,向丘,A,獨協,A,https://www.goalnote.net/detail-schedule.php?tid=15652
第2地区,DUOリーグ,2024,グループB,第7節,2024-06-20,足立学園,駒込B,1,2,済,足立学園,A,駒込,B,https://www.goalnote.net/detail-schedule.php?tid=15652
第2地区,DUOリーグ,2024,グループB,第7節,2024-09-30,竹早,淑徳巣鴨B,1,3,済,竹早,A,淑徳巣鴨,B,https://www.goalnote.net/detail-schedule.php?tid=15652
第2地区,DUOリーグ,2024,グループB,第7節,2024-06-01,向丘A,城西,3,1,済,向丘,A,城西大城西,A,https://www.goalnote.net/detail-schedule.php?tid=15652
第2地区,DUOリーグ,2024,グループB,第7節,2024-09-16,獨協,筑波大附属,0,1,済,獨協,A,筑波大学附属,A,https://www.goalnote.net/detail-schedule.php?tid=15652
第2地区,DUOリーグ,2024,グループC,第1節,2024-06-16,小石川,都立足立A,,,未,小石川中等教育,A,足立,A,https://www.goalnote.net/detail-schedule.php?tid=15652
第2地区,DUOリーグ,2024,グループC,第1節,2024-10-06,都立豊島B,昭和第一A,3,1,済,豊島,B,昭和第一,A,https://www.goalnote.net/detail-schedule.php?tid=15652
第2地区,DUOリーグ,2024,グループC,第1節,2024-08-22,中大高,京華A,0,3,済,中央大学高,A,京華,A,https://www.goalnote.net/detail-schedule.php?tid=15652
第2地区,DUOリーグ,2024,グループC,第1節,2024-03-21,巣鴨,豊南A,1,2,済,巣鴨,A,豊南,A,https://www.goalnote.net/detail-schedule.php?tid=15652
第2地区,DUOリーグ,2024,グループC,第2節,2024-09-29,都立足立A,都立豊島B,1,1,済,足立,A,豊島,B,https://www.goalnote.net/detail-schedule.php?tid=15652
第2地区,DUOリーグ,2024,グループC,第2節,2024-04-14,昭和第一A,小石川,1,2,済,昭和第一,A,小石川中等教育,A,https://www.goalnote.net/detail-schedule.php?tid=15652
第2地区,DUOリーグ,2024,グループC,第2節,2024-09-28,京華A,巣鴨,1,1,済,京華,A,巣鴨,A,https://www.goalnote.net/detail-schedule.php?tid=15652
第2地区,DUOリーグ,2024,グループC,第2節,2024-06-16,豊南A,中大高,6,1,済,豊南,A,中央大学高,A,https://www.goalnote.net/detail-schedule.php?tid=15652
第2地区,DUOリーグ,2024,グループC,第3節,2024-03-28,中大高,都立足立A,0,1,済,中央大学高,A,足立,A,https://www.goalnote.net/detail-schedule.php?tid=15652
第2地区,DUOリーグ,2024,グループC,第3節,2024-10-01,巣鴨,昭和第一A,1,1,済,巣鴨,A,昭和第一,A,https://www.goalnote.net/detail-schedule.php?tid=15652
第2地区,DUOリーグ,2024,グループC,第3節,2024-04-06,小石川,京華A,1,2,済,小石川中等教育,A,京華,A,https://www.goalnote.net/detail-schedule.php?tid=15652
第2地区,DUOリーグ,2024,グループC,第3節,2024-04-14,都立豊島B,豊南A,0,1,済,豊島,B,豊南,A,https://www.goalnote.net/detail-schedule.php?tid=15652
第2地区,DUOリーグ,2024,グループC,第4節,2024-03-31,都立足立A,巣鴨,3,0,済,足立,A,巣鴨,A,https://www.goalnote.net/detail-schedule.php?tid=15652
第2地区,DUOリーグ,2024,グループC,第4節,2024-09-16,昭和第一A,中大高,3,0,済,昭和第一,A,中央大学高,A,https://www.goalnote.net/detail-schedule.php?tid=15652
第2地区,DUOリーグ,2024,グループC,第4節,2024-09-22,京華A,都立豊島B,5,0,済,京華,A,豊島,B,https://www.goalnote.net/detail-schedule.php?tid=15652
第2地区,DUOリーグ,2024,グループC,第4節,2024-11-04,豊南A,小石川,2,1,済,豊南,A,小石川中等教育,A,https://www.goalnote.net/detail-schedule.php?tid=15652
第2地区,DUOリーグ,2024,グループC,第5節,2024-06-23,豊南A,都立足立A,,,未,豊南,A,足立,A,https://www.goalnote.net/detail-schedule.php?tid=15652
第2地区,DUOリーグ,2024,グループC,第5節,2024-08-01,京華A,昭和第一A,2,2,済,京華,A,昭和第一,A,https://www.goalnote.net/detail-schedule.php?tid=15652
第2地区,DUOリーグ,2024,グループC,第5節,2024-06-09,小石川,巣鴨,,,未,小石川中等教育,A,巣鴨,A,https://www.goalnote.net/detail-schedule.php?tid=15652
第2地区,DUOリーグ,2024,グループC,第5節,2024-04-03,都立豊島B,中大高,4,0,済,豊島,B,中央大学高,A,https://www.goalnote.net/detail-schedule.php?tid=15652
第2地区,DUOリーグ,2024,グループC,第6節,2024-10-06,都立足立A,京華A,0,2,済,足立,A,京華,A,https://www.goalnote.net/detail-schedule.php?tid=15652
第2地区,DUOリーグ,2024,グループC,第6節,2024-09-29,昭和第一A,豊南A,1,3,済,昭和第一,A,豊南,A,https://www.goalnote.net/detail-schedule.php?tid=15652
第2地区,DUOリーグ,2024,グループC,第6節,2024-06-15,巣鴨,都立豊島B,0,2,済,巣鴨,A,豊島,B,https://www.goalnote.net/detail-schedule.php?tid=15652
第2地区,DUOリーグ,2024,グループC,第6節,2024-05-12,中大高,小石川,1,2,済,中央大学高,A,小石川中等教育,A,https://www.goalnote.net/detail-schedule.php?tid=15652
第2地区,DUOリーグ,2024,グループC,第7節,2024-08-21,昭和第一A,都立足立A,,,未,昭和第一,A,足立,A,https://www.goalnote.net/detail-schedule.php?tid=15652
第2地区,DUOリーグ,2024,グループC,第7節,2024-06-30,豊南A,京華A,4,3,済,豊南,A,京華,A,https://www.goalnote.net/detail-schedule.php?tid=15652
第2地区,DUOリーグ,2024,グループC,第7節,2024-10-12,中大高,巣鴨,1,3,済,中央大学高,A,巣鴨,A,https://www.goalnote.net/detail-schedule.php?tid=15652
第2地区,DUOリーグ,2024,グループC,第7節,2024-06-23,小石川,都立豊島B,5,1,済,小石川中等教育,A,豊島,B,https://www.goalnote.net/detail-schedule.php?tid=15652
第2地区,DUOリーグ,2024,グループD,第1節,2024-06-16,向丘B,淵江,0,1,済,向丘,B,淵江,A,https://www.goalnote.net/detail-schedule.php?tid=15652
第2地区,DUOリーグ,2024,グループD,第1節,2024-05-12,京華商業,FC西巣鴨,1,1,済,京華商業,A,FC西巣鴨,A,https://www.goalnote.net/detail-schedule.php?tid=15652
第2地区,DUOリーグ,2024,グループD,第1節,2024-06-16,貞静,青井,0,2,済,貞静学園,A,青井,A,https://www.goalnote.net/detail-schedule.php?tid=15652
第2地区,DUOリーグ,2024,グループD,第2節,2024-05-12,足立西,向丘B,1,0,済,足立西,A,向丘,B,https://www.goalnote.net/detail-schedule.php?tid=15652
第2地区,DUOリーグ,2024,グループD,第2節,2024-11-04,FC西巣鴨,貞静,4,1,済,FC西巣鴨,A,貞静学園,A,https://www.goalnote.net/detail-schedule.php?tid=15652
第2地区,DUOリーグ,2024,グループD,第2節,2024-04-29,青井,京華商業,5,1,済,青井,A,京華商業,A,https://www.goalnote.net/detail-schedule.php?tid=15652
第2地区,DUOリーグ,2024,グループD,第3節,2024-08-27,京華商業,足立西,1,1,済,京華商業,A,足立西,A,https://www.goalnote.net/detail-schedule.php?tid=15652
第2地区,DUOリーグ,2024,グループD,第3節,2024-05-12,貞静,淵江,0,6,済,貞静学園,A,淵江,A,https://www.goalnote.net/detail-schedule.php?tid=15652
第2地区,DUOリーグ,2024,グループD,第3節,2024-11-17,向丘B,青井,3,1,済,向丘,B,青井,A,https://www.goalnote.net/detail-schedule.php?tid=15652
第2地区,DUOリーグ,2024,グループD,第4節,2024-05-03,足立西,貞静,3,1,済,足立西,A,貞静学園,A,https://www.goalnote.net/detail-schedule.php?tid=15652
第2地区,DUOリーグ,2024,グループD,第4節,2024-03-30,淵江,京華商業,6,0,済,淵江,A,京華商業,A,https://www.goalnote.net/detail-schedule.php?tid=15652
第2地区,DUOリーグ,2024,グループD,第4節,2024-03-31,FC西巣鴨,向丘B,2,1,済,FC西巣鴨,A,向丘,B,https://www.goalnote.net/detail-schedule.php?tid=15652
第2地区,DUOリーグ,2024,グループD,第5節,2024-11-10,青井,足立西,0,3,済,青井,A,足立西,A,https://www.goalnote.net/detail-schedule.php?tid=15652
第2地区,DUOリーグ,2024,グループD,第5節,2024-04-13,FC西巣鴨,淵江,3,2,済,FC西巣鴨,A,淵江,A,https://www.goalnote.net/detail-schedule.php?tid=15652
第2地区,DUOリーグ,2024,グループD,第5節,2024-06-02,向丘B,京華商業,0,0,済,向丘,B,京華商業,A,https://www.goalnote.net/detail-schedule.php?tid=15652
第2地区,DUOリーグ,2024,グループD,第6節,2024-11-17,足立西,FC西巣鴨,4,1,済,足立西,A,FC西巣鴨,A,https://www.goalnote.net/detail-schedule.php?tid=15652
第2地区,DUOリーグ,2024,グループD,第6節,2024-11-24,淵江,青井,9,1,済,淵江,A,青井,A,https://www.goalnote.net/detail-schedule.php?tid=15652
第2地区,DUOリーグ,2024,グループD,第6節,2024-06-09,貞静,向丘B,1,1,済,貞静学園,A,向丘,B,https://www.goalnote.net/detail-schedule.php?tid=15652
第2地区,DUOリーグ,2024,グループD,第7節,2024-06-22,淵江,足立西,1,0,済,淵江,A,足立西,A,https://www.goalnote.net/detail-schedule.php?tid=15652
第2地区,DUOリーグ,2024,グループD,第7節,2024-06-09,青井,FC西巣鴨,0,3,済,青井,A,FC西巣鴨,A,https://www.goalnote.net/detail-schedule.php?tid=15652
第2地区,DUOリーグ,2024,グループD,第7節,2024-04-14,京華商業,貞静,0,2,済,京華商業,A,貞静学園,A,https://www.goalnote.net/detail-schedule.php?tid=15652
第2地区,DUOリーグ,2024,グループ,第1節,2024-07-02,,千早,,,未,,A,千早,A,https://www.goalnote.net/detail-schedule.php?tid=15652
第2地区,DUOリーグ,2024,グループE,第1節,2024-05-19,京華B,豊島学院C,1,4,済,京華,B,豊島学院,C,https://www.goalnote.net/detail-schedule.php?tid=15652
第2地区,DUOリーグ,2024,グループE,第1節,2024-09-29,昭和第一B,豊南B,0,8,済,昭和第一,B,豊南,B,https://www.goalnote.net/detail-schedule.php?tid=15652
第2地区,DUOリーグ,2024,グループE,第1節,2024-07-25,足立東,東洋大京北,1,3,済,足立東,A,東洋大京北,A,https://www.goalnote.net/detail-schedule.php?tid=15652
第2地区,DUOリーグ,2024,グループE,第2節,2024-07-02,千早,京華B,0,3,済,千早,A,京華,B,https://www.goalnote.net/detail-schedule.php?tid=15652
第2地区,DUOリーグ,2024,グループE,第2節,2024-05-12,豊南B,足立東,1,0,済,豊南,B,足立東,A,https://www.goalnote.net/detail-schedule.php?tid=15652
第2地区,DUOリーグ,2024,グループE,第2節,2024-10-26,東洋大京北,昭和第一B,12,1,済,東洋大京北,A,昭和第一,B,https://www.goalnote.net/detail-schedule.php?tid=15652
第2地区,DUOリーグ,2024,グループE,第3節,2024-07-02,昭和第一B,千早,3,0,済,昭和第一,B,千早,A,https://www.goalnote.net/detail-schedule.php?tid=15652
第2地区,DUOリーグ,2024,グループE,第3節,2024-07-29,足立東,豊島学院C,0,0,済,足立東,A,豊島学院,C,https://www.goalnote.net/detail-schedule.php?tid=15652
第2地区,DUOリーグ,2024,グループE,第3節,2024-05-26,京華B,東洋大京北,0,10,済,京華,B,東洋大京北,A,https://www.goalnote.net/detail-schedule.php?tid=15652
第2地区,DUOリーグ,2024,グループE,第4節,2024-07-02,千早,足立東,0,3,済,千早,A,足立東,A,https://www.goalnote.net/detail-schedule.php?tid=15652
第2地区,DUOリーグ,2024,グループE,第4節,2024-06-16,豊島学院C,昭和第一B,0,2,済,豊島学院,C,昭和第一,B,https://www.goalnote.net/detail-schedule.php?tid=15652
第2地区,DUOリーグ,2024,グループE,第4節,2024-06-30,豊南B,京華B,2,0,済,豊南,B,京華,B,https://www.goalnote.net/detail-schedule.php?tid=15652
第2地区,DUOリーグ,2024,グループE,第5節,2024-07-02,東洋大京北,千早,3,0,済,東洋大京北,A,千早,A,https://www.goalnote.net/detail-schedule.php?tid=15652
第2地区,DUOリーグ,2024,グループE,第5節,2024-06-09,豊南B,豊島学院C,3,2,済,豊南,B,豊島学院,C,https://www.goalnote.net/detail-schedule.php?tid=15652
第2地区,DUOリーグ,2024,グループE,第5節,2024-08-01,京華B,昭和第一B,1,1,済,京華,B,昭和第一,B,https://www.goalnote.net/detail-schedule.php?tid=15652
第2地区,DUOリーグ,2024,グループE,第6節,2024-07-02,千早,豊南B,0,3,済,千早,A,豊南,B,https://www.goalnote.net/detail-schedule.php?tid=15652
第2地区,DUOリーグ,2024,グループE,第6節,2024-05-12,豊島学院C,東洋大京北,0,5,済,豊島学院,C,東洋大京北,A,https://www.goalnote.net/detail-schedule.php?tid=15652
第2地区,DUOリーグ,2024,グループE,第6節,2024-11-02,足立東,京華B,1,5,済,足立東,A,京華,B,https://www.goalnote.net/detail-schedule.php?tid=15652
第2地区,DUOリーグ,2024,グループE,第7節,2024-07-02,豊島学院C,千早,3,0,済,豊島学院,C,千早,A,https://www.goalnote.net/detail-schedule.php?tid=15652
第2地区,DUOリーグ,2024,グループE,第7節,2024-08-08,東洋大京北,豊南B,3,3,済,東洋大京北,A,豊南,B,https://www.goalnote.net/detail-schedule.php?tid=15652
第2地区,DUOリーグ,2024,グループE,第7節,2024-10-05,昭和第一B,足立東,5,1,済,昭和第一,B,足立東,A,https://www.goalnote.net/detail-schedule.php?tid=15652
第2地区,DUOリーグ,2024,グループB,第7節,2024-06-01,城西,向丘A,,,未,城西大城西,A,向丘,A,https://www.goalnote.net/detail-schedule.php?tid=15652
第2地区,DUOリーグ,2024,グループB,第7節,2024-06-06,城西,駒込B,,,未,城西大城西,A,駒込,B,https://www.goalnote.net/detail-schedule.php?tid=15652
第2地区,DUOリーグ,2024,グループB,第7節,2024-06-08,城西,淑徳巣鴨B,,,未,城西大城西,A,淑徳巣鴨,B,https://www.goalnote.net/detail-schedule.php?tid=15652
第2地区,DUOリーグ,2024,グループB,第7節,2024-06-23,城西,獨協,,,未,城西大城西,A,獨協,A,https://www.goalnote.net/detail-schedule.php?tid=15652
第2地区,DUOリーグ,2024,グループC,第7節,2024-06-09,小石川,巣鴨,1,0,済,小石川中等教育,A,巣鴨,A,https://www.goalnote.net/detail-schedule.php?tid=15652
第2地区,DUOリーグ,2024,グループC,第7節,2024-06-16,都立足立A,小石川,2,2,済,足立,A,小石川中等教育,A,https://www.goalnote.net/detail-schedule.php?tid=15652
第2地区,DUOリーグ,2024,グループC,第7節,2024-08-22,都立足立A,昭和第一A,2,2,済,足立,A,昭和第一,A,https://www.goalnote.net/detail-schedule.php?tid=15652
第2地区,DUOリーグ,2024,グループC,第7節,2024-08-08,都立足立A,豊南A,2,1,済,足立,A,豊南,A,https://www.goalnote.net/detail-schedule.php?tid=15652
第2地区,DUOリーグ,2024,グループC,第7節,2024-10-01,昭和第一A,巣鴨,,,未,昭和第一,A,巣鴨,A,https://www.goalnote.net/detail-schedule.php?tid=15652
第2地区,DUOリーグ,2025,グループA,第1節,2025-03-25,立教池袋,豊南A,5,3,済,立教池袋,A,豊南,A,https://www.goalnote.net/detail-schedule.php?tid=16985
第2地区,DUOリーグ,2025,グループA,第1節,2025-04-13,日大豊山C,都立江北,5,1,済,日大豊山,C,江北,A,https://www.goalnote.net/detail-schedule.php?tid=16985
第2地区,DUOリーグ,2025,グループA,第1節,2025-06-12,文京A,郁文館,3,5,済,文京,A,郁文館,A,https://www.goalnote.net/detail-schedule.php?tid=16985
第2地区,DUOリーグ,2025,グループA,第1節,2025-05-06,淑徳巣鴨A,足立新田,6,0,済,淑徳巣鴨,A,足立新田,A,https://www.goalnote.net/detail-schedule.php?tid=16985
第2地区,DUOリーグ,2025,グループA,第1節,2025-03-30,駒込B,都立豊島A,1,6,済,駒込,B,豊島,A,https://www.goalnote.net/detail-schedule.php?tid=16985
第2地区,DUOリーグ,2025,グループA,第2節,2025-04-20,立教池袋,足立新田,2,0,済,立教池袋,A,足立新田,A,https://www.goalnote.net/detail-schedule.php?tid=16985
第2地区,DUOリーグ,2025,グループA,第2節,2025-09-10,都立江北,淑徳巣鴨A,1,13,済,江北,A,淑徳巣鴨,A,https://www.goalnote.net/detail-schedule.php?tid=16985
第2地区,DUOリーグ,2025,グループA,第2節,2025-10-30,駒込B,文京A,1,3,済,駒込,B,文京,A,https://www.goalnote.net/detail-schedule.php?tid=16985
第2地区,DUOリーグ,2025,グループA,第2節,2025-04-20,日大豊山C,郁文館,4,1,済,日大豊山,C,郁文館,A,https://www.goalnote.net/detail-schedule.php?tid=16985
第2地区,DUOリーグ,2025,グループA,第2節,2025-04-06,都立豊島A,豊南A,2,0,済,豊島,A,豊南,A,https://www.goalnote.net/detail-schedule.php?tid=16985
第2地区,DUOリーグ,2025,グループA,第3節,2025-04-12,足立新田,都立豊島A,0,7,済,足立新田,A,豊島,A,https://www.goalnote.net/detail-schedule.php?tid=16985
第2地区,DUOリーグ,2025,グループA,第3節,2025-04-06,日大豊山C,文京A,5,5,済,日大豊山,C,文京,A,https://www.goalnote.net/detail-schedule.php?tid=16985
第2地区,DUOリーグ,2025,グループA,第3節,2025-06-28,駒込B,豊南A,0,6,済,駒込,B,豊南,A,https://www.goalnote.net/detail-schedule.php?tid=16985
第2地区,DUOリーグ,2025,グループA,第3節,2025-04-06,都立江北,立教池袋,1,0,済,江北,A,立教池袋,A,https://www.goalnote.net/detail-schedule.php?tid=16985
第2地区,DUOリーグ,2025,グループA,第3節,2025-06-09,郁文館,淑徳巣鴨A,0,2,済,郁文館,A,淑徳巣鴨,A,https://www.goalnote.net/detail-schedule.php?tid=16985
第2地区,DUOリーグ,2025,グループA,第4節,2025-09-07,豊南A,足立新田,2,2,済,豊南,A,足立新田,A,https://www.goalnote.net/detail-schedule.php?tid=16985
第2地区,DUOリーグ,2025,グループA,第4節,2025-04-20,都立豊島A,都立江北,6,0,済,豊島,A,江北,A,https://www.goalnote.net/detail-schedule.php?tid=16985
第2地区,DUOリーグ,2025,グループA,第4節,2025-09-27,日大豊山C,駒込B,3,1,済,日大豊山,C,駒込,B,https://www.goalnote.net/detail-schedule.php?tid=16985
第2地区,DUOリーグ,2025,グループA,第4節,2025-06-16,文京A,淑徳巣鴨A,2,7,済,文京,A,淑徳巣鴨,A,https://www.goalnote.net/detail-schedule.php?tid=16985
第2地区,DUOリーグ,2025,グループA,第4節,2025-10-25,郁文館,立教池袋,0,9,済,郁文館,A,立教池袋,A,https://www.goalnote.net/detail-schedule.php?tid=16985
第2地区,DUOリーグ,2025,グループA,第5節,2025-11-09,足立新田,駒込B,0,3,済,足立新田,A,駒込,B,https://www.goalnote.net/detail-schedule.php?tid=16985
第2地区,DUOリーグ,2025,グループA,第5節,2025-06-15,都立豊島A,郁文館,3,0,済,豊島,A,郁文館,A,https://www.goalnote.net/detail-schedule.php?tid=16985
第2地区,DUOリーグ,2025,グループA,第5節,2025-05-25,淑徳巣鴨A,日大豊山C,3,4,済,淑徳巣鴨,A,日大豊山,C,https://www.goalnote.net/detail-schedule.php?tid=16985
第2地区,DUOリーグ,2025,グループA,第5節,2025-06-15,豊南A,都立江北,5,2,済,豊南,A,江北,A,https://www.goalnote.net/detail-schedule.php?tid=16985
第2地区,DUOリーグ,2025,グループA,第5節,2025-06-08,立教池袋,文京A,1,2,済,立教池袋,A,文京,A,https://www.goalnote.net/detail-schedule.php?tid=16985
第2地区,DUOリーグ,2025,グループA,第6節,2025-06-22,都立江北,足立新田,1,0,済,江北,A,足立新田,A,https://www.goalnote.net/detail-schedule.php?tid=16985
第2地区,DUOリーグ,2025,グループA,第6節,2025-06-22,文京A,都立豊島A,1,8,済,文京,A,豊島,A,https://www.goalnote.net/detail-schedule.php?tid=16985
第2地区,DUOリーグ,2025,グループA,第6節,2025-09-22,淑徳巣鴨A,駒込B,5,1,済,淑徳巣鴨,A,駒込,B,https://www.goalnote.net/detail-schedule.php?tid=16985
第2地区,DUOリーグ,2025,グループA,第6節,2025-06-22,立教池袋,日大豊山C,1,2,済,立教池袋,A,日大豊山,C,https://www.goalnote.net/detail-schedule.php?tid=16985
第2地区,DUOリーグ,2025,グループA,第6節,2025-06-22,豊南A,郁文館,2,1,済,豊南,A,郁文館,A,https://www.goalnote.net/detail-schedule.php?tid=16985
第2地区,DUOリーグ,2025,グループA,第7節,2025-09-23,文京A,豊南A,5,2,済,文京,A,豊南,A,https://www.goalnote.net/detail-schedule.php?tid=16985
第2地区,DUOリーグ,2025,グループA,第7節,2025-09-15,都立江北,駒込B,2,6,済,江北,A,駒込,B,https://www.goalnote.net/detail-schedule.php?tid=16985
第2地区,DUOリーグ,2025,グループA,第7節,2025-06-08,都立豊島A,日大豊山C,4,1,済,豊島,A,日大豊山,C,https://www.goalnote.net/detail-schedule.php?tid=16985
第2地区,DUOリーグ,2025,グループA,第7節,2025-09-29,淑徳巣鴨A,立教池袋,4,1,済,淑徳巣鴨,A,立教池袋,A,https://www.goalnote.net/detail-schedule.php?tid=16985
第2地区,DUOリーグ,2025,グループA,第7節,2025-05-11,足立新田,郁文館,5,6,済,足立新田,A,郁文館,A,https://www.goalnote.net/detail-schedule.php?tid=16985
第2地区,DUOリーグ,2025,グループA,第8節,2025-11-05,文京A,足立新田,4,2,済,文京,A,足立新田,A,https://www.goalnote.net/detail-schedule.php?tid=16985
第2地区,DUOリーグ,2025,グループA,第8節,2025-10-05,日大豊山C,豊南A,2,1,済,日大豊山,C,豊南,A,https://www.goalnote.net/detail-schedule.php?tid=16985
第2地区,DUOリーグ,2025,グループA,第8節,2025-09-21,都立江北,郁文館,1,4,済,江北,A,郁文館,A,https://www.goalnote.net/detail-schedule.php?tid=16985
第2地区,DUOリーグ,2025,グループA,第8節,2025-10-13,立教池袋,駒込B,1,1,済,立教池袋,A,駒込,B,https://www.goalnote.net/detail-schedule.php?tid=16985
第2地区,DUOリーグ,2025,グループA,第8節,2025-10-17,淑徳巣鴨A,都立豊島A,1,1,済,淑徳巣鴨,A,豊島,A,https://www.goalnote.net/detail-schedule.php?tid=16985
第2地区,DUOリーグ,2025,グループA,第9節,2025-10-05,都立江北,文京A,1,5,済,江北,A,文京,A,https://www.goalnote.net/detail-schedule.php?tid=16985
第2地区,DUOリーグ,2025,グループA,第9節,2025-09-23,都立豊島A,立教池袋,4,0,済,豊島,A,立教池袋,A,https://www.goalnote.net/detail-schedule.php?tid=16985
第2地区,DUOリーグ,2025,グループA,第9節,2025-10-26,足立新田,日大豊山C,1,6,済,足立新田,A,日大豊山,C,https://www.goalnote.net/detail-schedule.php?tid=16985
第2地区,DUOリーグ,2025,グループA,第9節,2025-06-30,豊南A,淑徳巣鴨A,2,5,済,豊南,A,淑徳巣鴨,A,https://www.goalnote.net/detail-schedule.php?tid=16985
第2地区,DUOリーグ,2025,グループA,第9節,2025-09-07,郁文館,駒込B,2,1,済,郁文館,A,駒込,B,https://www.goalnote.net/detail-schedule.php?tid=16985
第2地区,DUOリーグ,2025,グループB,第1節,2025-11-16,獨協,筑波大附属,7,0,済,獨協,A,筑波大学附属,A,https://www.goalnote.net/detail-schedule.php?tid=16985
第2地区,DUOリーグ,2025,グループB,第1節,2025-06-15,巣鴨,小石川,4,1,済,巣鴨,A,小石川中等教育,A,https://www.goalnote.net/detail-schedule.php?tid=16985
第2地区,DUOリーグ,2025,グループB,第1節,2025-09-23,都立豊島B,淑徳巣鴨B,3,2,済,豊島,B,淑徳巣鴨,B,https://www.goalnote.net/detail-schedule.php?tid=16985
第2地区,DUOリーグ,2025,グループB,第2節,2025-06-22,豊島学院B,獨協,3,2,済,豊島学院,B,獨協,A,https://www.goalnote.net/detail-schedule.php?tid=16985
第2地区,DUOリーグ,2025,グループB,第2節,2025-10-19,筑波大附属,豊南B,6,1,済,筑波大学附属,A,豊南,B,https://www.goalnote.net/detail-schedule.php?tid=16985
第2地区,DUOリーグ,2025,グループB,第2節,2025-04-06,小石川,都立豊島B,1,1,済,小石川中等教育,A,豊島,B,https://www.goalnote.net/detail-schedule.php?tid=16985
第2地区,DUOリーグ,2025,グループB,第2節,2025-06-09,淑徳巣鴨B,巣鴨,2,7,済,淑徳巣鴨,B,巣鴨,A,https://www.goalnote.net/detail-schedule.php?tid=16985
第2地区,DUOリーグ,2025,グループB,第3節,2025-10-01,巣鴨,豊島学院B,1,2,済,巣鴨,A,豊島学院,B,https://www.goalnote.net/detail-schedule.php?tid=16985
第2地区,DUOリーグ,2025,グループB,第3節,2025-04-13,都立豊島B,筑波大附属,4,2,済,豊島,B,筑波大学附属,A,https://www.goalnote.net/detail-schedule.php?tid=16985
第2地区,DUOリーグ,2025,グループB,第3節,2025-11-03,豊南B,小石川,2,10,済,豊南,B,小石川中等教育,A,https://www.goalnote.net/detail-schedule.php?tid=16985
第2地区,DUOリーグ,2025,グループB,第3節,2025-05-06,獨協,淑徳巣鴨B,2,7,済,獨協,A,淑徳巣鴨,B,https://www.goalnote.net/detail-schedule.php?tid=16985
第2地区,DUOリーグ,2025,グループB,第4節,2025-06-07,豊島学院B,都立豊島B,0,2,済,豊島学院,B,豊島,B,https://www.goalnote.net/detail-schedule.php?tid=16985
第2地区,DUOリーグ,2025,グループB,第4節,2025-10-13,筑波大附属,巣鴨,0,7,済,筑波大学附属,A,巣鴨,A,https://www.goalnote.net/detail-schedule.php?tid=16985
第2地区,DUOリーグ,2025,グループB,第4節,2025-04-20,小石川,獨協,4,0,済,小石川中等教育,A,獨協,A,https://www.goalnote.net/detail-schedule.php?tid=16985
第2地区,DUOリーグ,2025,グループB,第5節,2025-09-06,淑徳巣鴨B,豊島学院B,4,0,済,淑徳巣鴨,B,豊島学院,B,https://www.goalnote.net/detail-schedule.php?tid=16985
第2地区,DUOリーグ,2025,グループB,第5節,2025-11-23,筑波大附属,小石川,3,2,済,筑波大学附属,A,小石川中等教育,A,https://www.goalnote.net/detail-schedule.php?tid=16985
第2地区,DUOリーグ,2025,グループB,第5節,2025-06-22,豊南B,都立豊島B,0,4,済,豊南,B,豊島,B,https://www.goalnote.net/detail-schedule.php?tid=16985
第2地区,DUOリーグ,2025,グループB,第5節,2025-04-13,獨協,巣鴨,2,6,済,獨協,A,巣鴨,A,https://www.goalnote.net/detail-schedule.php?tid=16985
第2地区,DUOリーグ,2025,グループB,第6節,2025-06-01,豊島学院B,小石川,1,2,済,豊島学院,B,小石川中等教育,A,https://www.goalnote.net/detail-schedule.php?tid=16985
第2地区,DUOリーグ,2025,グループB,第6節,2025-06-29,筑波大附属,淑徳巣鴨B,2,5,済,筑波大学附属,A,淑徳巣鴨,B,https://www.goalnote.net/detail-schedule.php?tid=16985
第2地区,DUOリーグ,2025,グループB,第6節,2025-09-28,都立豊島B,獨協,4,0,済,豊島,B,獨協,A,https://www.goalnote.net/detail-schedule.php?tid=16985
第2地区,DUOリーグ,2025,グループB,第6節,2025-11-16,巣鴨,豊南B,10,2,済,巣鴨,A,豊南,B,https://www.goalnote.net/detail-schedule.php?tid=16985
第2地区,DUOリーグ,2025,グループB,第7節,2025-05-18,筑波大附属,豊島学院B,2,0,済,筑波大学附属,A,豊島学院,B,https://www.goalnote.net/detail-schedule.php?tid=16985
第2地区,DUOリーグ,2025,グループB,第7節,2025-10-01,淑徳巣鴨B,小石川,3,0,済,淑徳巣鴨,B,小石川中等教育,A,https://www.goalnote.net/detail-schedule.php?tid=16985
第2地区,DUOリーグ,2025,グループB,第7節,2025-03-26,巣鴨,都立豊島B,0,1,済,巣鴨,A,豊島,B,https://www.goalnote.net/detail-schedule.php?tid=16985
第2地区,DUOリーグ,2025,グループB,第7節,2025-06-08,豊南B,獨協,1,2,済,豊南,B,獨協,A,https://www.goalnote.net/detail-schedule.php?tid=16985
第2地区,DUOリーグ,2025,グループC,第1節,2025-04-06,東洋大京北,京華A,2,3,済,東洋大京北,A,京華,A,https://www.goalnote.net/detail-schedule.php?tid=16985
第2地区,DUOリーグ,2025,グループC,第1節,2025-06-22,足立学園,都立足立,3,1,済,足立学園,A,足立,A,https://www.goalnote.net/detail-schedule.php?tid=16985
第2地区,DUOリーグ,2025,グループC,第1節,2025-09-14,昭和第一A,向丘,3,1,済,昭和第一,A,向丘,A,https://www.goalnote.net/detail-schedule.php?tid=16985
第2地区,DUOリーグ,2025,グループC,第2節,2025-04-25,城西A,東洋大京北,1,1,済,城西大城西,A,東洋大京北,A,https://www.goalnote.net/detail-schedule.php?tid=16985
第2地区,DUOリーグ,2025,グループC,第2節,2025-06-08,京華A,淵江,4,0,済,京華,A,淵江,A,https://www.goalnote.net/detail-schedule.php?tid=16985
第2地区,DUOリーグ,2025,グループC,第2節,2025-06-08,都立足立,昭和第一A,0,1,済,足立,A,昭和第一,A,https://www.goalnote.net/detail-schedule.php?tid=16985
第2地区,DUOリーグ,2025,グループC,第2節,2025-10-03,向丘,足立学園,1,4,済,向丘,A,足立学園,A,https://www.goalnote.net/detail-schedule.php?tid=16985
第2地区,DUOリーグ,2025,グループC,第3節,2025-06-16,足立学園,城西A,2,1,済,足立学園,A,城西大城西,A,https://www.goalnote.net/detail-schedule.php?tid=16985
第2地区,DUOリーグ,2025,グループC,第3節,2025-04-20,昭和第一A,京華A,2,2,済,昭和第一,A,京華,A,https://www.goalnote.net/detail-schedule.php?tid=16985
第2地区,DUOリーグ,2025,グループC,第3節,2025-09-28,淵江,都立足立,0,3,済,淵江,A,足立,A,https://www.goalnote.net/detail-schedule.php?tid=16985
第2地区,DUOリーグ,2025,グループC,第3節,2025-09-27,東洋大京北,向丘,5,2,済,東洋大京北,A,向丘,A,https://www.goalnote.net/detail-schedule.php?tid=16985
第2地区,DUOリーグ,2025,グループC,第4節,2025-05-08,城西A,昭和第一A,3,3,済,城西大城西,A,昭和第一,A,https://www.goalnote.net/detail-schedule.php?tid=16985
第2地区,DUOリーグ,2025,グループC,第4節,2025-06-29,京華A,足立学園,1,1,済,京華,A,足立学園,A,https://www.goalnote.net/detail-schedule.php?tid=16985
第2地区,DUOリーグ,2025,グループC,第4節,2025-11-19,都立足立,東洋大京北,0,3,済,足立,A,東洋大京北,A,https://www.goalnote.net/detail-schedule.php?tid=16985
第2地区,DUOリーグ,2025,グループC,第4節,2025-04-20,向丘,淵江,1,2,済,向丘,A,淵江,A,https://www.goalnote.net/detail-schedule.php?tid=16985
第2地区,DUOリーグ,2025,グループC,第5節,2025-06-08,向丘,城西A,0,1,済,向丘,A,城西大城西,A,https://www.goalnote.net/detail-schedule.php?tid=16985
第2地区,DUOリーグ,2025,グループC,第5節,2025-03-28,都立足立,京華A,1,1,済,足立,A,京華,A,https://www.goalnote.net/detail-schedule.php?tid=16985
第2地区,DUOリーグ,2025,グループC,第5節,2025-06-22,淵江,昭和第一A,1,7,済,淵江,A,昭和第一,A,https://www.goalnote.net/detail-schedule.php?tid=16985
第2地区,DUOリーグ,2025,グループC,第5節,2025-04-20,東洋大京北,足立学園,1,2,済,東洋大京北,A,足立学園,A,https://www.goalnote.net/detail-schedule.php?tid=16985
第2地区,DUOリーグ,2025,グループC,第6節,2025-04-13,城西A,都立足立,0,0,済,城西大城西,A,足立,A,https://www.goalnote.net/detail-schedule.php?tid=16985
第2地区,DUOリーグ,2025,グループC,第6節,2025-05-31,京華A,向丘,4,0,済,京華,A,向丘,A,https://www.goalnote.net/detail-schedule.php?tid=16985
第2地区,DUOリーグ,2025,グループC,第6節,2025-11-06,昭和第一A,東洋大京北,1,3,済,昭和第一,A,東洋大京北,A,https://www.goalnote.net/detail-schedule.php?tid=16985
第2地区,DUOリーグ,2025,グループC,第6節,2025-05-11,足立学園,淵江,3,1,済,足立学園,A,淵江,A,https://www.goalnote.net/detail-schedule.php?tid=16985
第2地区,DUOリーグ,2025,グループC,第7節,2025-06-22,京華A,城西A,1,0,済,京華,A,城西大城西,A,https://www.goalnote.net/detail-schedule.php?tid=16985
第2地区,DUOリーグ,2025,グループC,第7節,2025-04-04,向丘,都立足立,0,1,済,向丘,A,足立,A,https://www.goalnote.net/detail-schedule.php?tid=16985
第2地区,DUOリーグ,2025,グループC,第7節,2025-04-07,足立学園,昭和第一A,2,1,済,足立学園,A,昭和第一,A,https://www.goalnote.net/detail-schedule.php?tid=16985
第2地区,DUOリーグ,2025,グループC,第7節,2025-10-26,淵江,東洋大京北,3,5,済,淵江,A,東洋大京北,A,https://www.goalnote.net/detail-schedule.php?tid=16985
第2地区,DUOリーグ,2025,グループD,第1節,2025-05-11,文京B,昭和第一B,2,0,済,文京,B,昭和第一,B,https://www.goalnote.net/detail-schedule.php?tid=16985
第2地区,DUOリーグ,2025,グループD,第1節,2025-05-03,足立東,貞静学園,1,1,済,足立東,A,貞静学園,A,https://www.goalnote.net/detail-schedule.php?tid=16985
第2地区,DUOリーグ,2025,グループD,第2節,2025-06-01,昭和第一B,足立東,4,0,済,昭和第一,B,足立東,A,https://www.goalnote.net/detail-schedule.php?tid=16985
第2地区,DUOリーグ,2025,グループD,第2節,2025-11-20,貞静学園,文京B,0,11,済,貞静学園,A,文京,B,https://www.goalnote.net/detail-schedule.php?tid=16985
第2地区,DUOリーグ,2025,グループD,第3節,2025-03-26,文京B,中大高,1,2,済,文京,B,中央大学高,A,https://www.goalnote.net/detail-schedule.php?tid=16985
第2地区,DUOリーグ,2025,グループD,第3節,2025-06-22,足立東,FC西巣鴨03,0,3,済,足立東,A,FC西巣鴨03,A,https://www.goalnote.net/detail-schedule.php?tid=16985
第2地区,DUOリーグ,2025,グループD,第4節,2025-10-12,中大高,足立東,8,0,済,中央大学高,A,足立東,A,https://www.goalnote.net/detail-schedule.php?tid=16985
第2地区,DUOリーグ,2025,グループD,第4節,2025-10-19,FC西巣鴨03,文京B,2,3,済,FC西巣鴨03,A,文京,B,https://www.goalnote.net/detail-schedule.php?tid=16985
第2地区,DUOリーグ,2025,グループD,第5節,2025-06-22,貞静学園,中大高,0,4,済,貞静学園,A,中央大学高,A,https://www.goalnote.net/detail-schedule.php?tid=16985
第2地区,DUOリーグ,2025,グループD,第5節,2025-09-14,昭和第一B,FC西巣鴨03,0,4,済,昭和第一,B,FC西巣鴨03,A,https://www.goalnote.net/detail-schedule.php?tid=16985
第2地区,DUOリーグ,2025,グループD,第6節,2025-11-30,中大高,昭和第一B,2,0,済,中央大学高,A,昭和第一,B,https://www.goalnote.net/detail-schedule.php?tid=16985
第2地区,DUOリーグ,2025,グループD,第6節,2025-11-01,FC西巣鴨03,貞静学園,11,0,済,FC西巣鴨03,A,貞静学園,A,https://www.goalnote.net/detail-schedule.php?tid=16985
第2地区,DUOリーグ,2025,グループD,第7節,2025-04-13,FC西巣鴨03,中大高,2,1,済,FC西巣鴨03,A,中央大学高,A,https://www.goalnote.net/detail-schedule.php?tid=16985
第2地区,DUOリーグ,2025,グループD,第7節,2025-11-23,貞静学園,昭和第一B,0,5,済,貞静学園,A,昭和第一,B,https://www.goalnote.net/detail-schedule.php?tid=16985
第2地区,DUOリーグ,2025,グループE,第1節,2025-11-22,城西B,都立青井,3,0,済,城西大城西,B,青井,A,https://www.goalnote.net/detail-schedule.php?tid=16985
第2地区,DUOリーグ,2025,グループE,第1節,2025-05-11,京華商業,京華B,1,2,済,京華商業,A,京華,B,https://www.goalnote.net/detail-schedule.php?tid=16985
第2地区,DUOリーグ,2025,グループE,第2節,2025-06-14,都立青井,京華商業,1,1,済,青井,A,京華商業,A,https://www.goalnote.net/detail-schedule.php?tid=16985
第2地区,DUOリーグ,2025,グループE,第2節,2025-06-22,京華B,城西B,0,2,済,京華,B,城西大城西,B,https://www.goalnote.net/detail-schedule.php?tid=16985
第2地区,DUOリーグ,2025,グループE,第3節,2025-04-18,城西B,竹早,,,未,城西大城西,B,竹早,A,https://www.goalnote.net/detail-schedule.php?tid=16985
第2地区,DUOリーグ,2025,グループE,第3節,2025-06-07,京華商業,足立西,1,0,済,京華商業,A,足立西,A,https://www.goalnote.net/detail-schedule.php?tid=16985
第2地区,DUOリーグ,2025,グループE,第4節,2025-06-17,竹早,京華商業,2,0,済,竹早,A,京華商業,A,https://www.goalnote.net/detail-schedule.php?tid=16985
第2地区,DUOリーグ,2025,グループE,第4節,2025-11-16,足立西,城西B,7,1,済,足立西,A,城西大城西,B,https://www.goalnote.net/detail-schedule.php?tid=16985
第2地区,DUOリーグ,2025,グループE,第5節,2025-04-20,京華B,竹早,0,2,済,京華,B,竹早,A,https://www.goalnote.net/detail-schedule.php?tid=16985
第2地区,DUOリーグ,2025,グループE,第5節,2025-05-11,都立青井,足立西,2,1,済,青井,A,足立西,A,https://www.goalnote.net/detail-schedule.php?tid=16985
第2地区,DUOリーグ,2025,グループE,第6節,2025-06-22,竹早,都立青井,1,0,済,竹早,A,青井,A,https://www.goalnote.net/detail-schedule.php?tid=16985
第2地区,DUOリーグ,2025,グループE,第6節,2025-04-12,足立西,京華B,5,1,済,足立西,A,京華,B,https://www.goalnote.net/detail-schedule.php?tid=16985
第2地区,DUOリーグ,2025,グループE,第7節,2025-11-22,足立西,竹早,3,0,済,足立西,A,竹早,A,https://www.goalnote.net/detail-schedule.php?tid=16985
第2地区,DUOリーグ,2025,グループE,第7節,2025-05-05,京華B,都立青井,0,3,済,京華,B,青井,A,https://www.goalnote.net/detail-schedule.php?tid=16985
第2地区,DUOリーグ,2025,グループE,第7節,2025-06-01,城西B,京華商業,2,1,済,城西大城西,B,京華商業,A,https://www.goalnote.net/detail-schedule.php?tid=16985
第2地区,DUOリーグ,2025,グループC,第7節,2025-04-13,都立足立,城西A,,,未,足立,A,城西大城西,A,https://www.goalnote.net/detail-schedule.php?tid=16985
第2地区,DUOリーグ,2025,グループ,第7節,2025-05-31,,,,,未,,A,,A,https://www.goalnote.net/detail-schedule.php?tid=16985
第2地区,DUOリーグ,2025,グループB,第7節,2025-05-25,豊南B,淑徳巣鴨B,0,3,済,豊南,B,淑徳巣鴨,B,https://www.goalnote.net/detail-schedule.php?tid=16985
第2地区,DUOリーグ,2025,グループ,第2節,2025-06-01,,,,,未,,A,,A,https://www.goalnote.net/detail-schedule.php?tid=16985
第2地区,DUOリーグ,2025,グループE,第2節,2025-09-11,城西B,竹早,1,7,済,城西大城西,B,竹早,A,https://www.goalnote.net/detail-schedule.php?tid=16985
第2地区,DUOリーグ,2025,グループC,第2節,2025-10-01,城西A,淵江,2,0,済,城西大城西,A,淵江,A,https://www.goalnote.net/detail-schedule.php?tid=16985
第2地区,DUOリーグ,2026,グループA,第1節,2026-04-04,都立豊島B,豊島学院A,1,2,済,豊島,B,豊島学院,A,https://www.goalnote.net/detail-schedule.php?tid=18409
第2地区,DUOリーグ,2026,グループA,第1節,2026-04-12,日大豊山C,立教池袋,1,2,済,日大豊山,C,立教池袋,A,https://www.goalnote.net/detail-schedule.php?tid=18409
第2地区,DUOリーグ,2026,グループA,第1節,2026-05-05,都立文京A,郁文館,4,1,済,文京,A,郁文館,A,https://www.goalnote.net/detail-schedule.php?tid=18409
第2地区,DUOリーグ,2026,グループA,第1節,2026-04-07,淑徳巣鴨A,豊南A,7,1,済,淑徳巣鴨,A,豊南,A,https://www.goalnote.net/detail-schedule.php?tid=18409
第2地区,DUOリーグ,2026,グループA,第1節,2026-04-01,足立学園,駒込A,0,7,済,足立学園,A,駒込,A,https://www.goalnote.net/detail-schedule.php?tid=18409
第2地区,DUOリーグ,2026,グループA,第2節,2026-04-12,豊島学院A,豊南A,3,1,済,豊島学院,A,豊南,A,https://www.goalnote.net/detail-schedule.php?tid=18409
第2地区,DUOリーグ,2026,グループA,第2節,2026-04-03,立教池袋,淑徳巣鴨A,0,1,済,立教池袋,A,淑徳巣鴨,A,https://www.goalnote.net/detail-schedule.php?tid=18409
第2地区,DUOリーグ,2026,グループA,第2節,2026-04-12,足立学園,都立文京A,1,5,済,足立学園,A,文京,A,https://www.goalnote.net/detail-schedule.php?tid=18409
第2地区,DUOリーグ,2026,グループA,第2節,2026-04-02,日大豊山C,郁文館,3,0,済,日大豊山,C,郁文館,A,https://www.goalnote.net/detail-schedule.php?tid=18409
第2地区,DUOリーグ,2026,グループA,第2節,2026-04-12,駒込A,都立豊島B,2,0,済,駒込,A,豊島,B,https://www.goalnote.net/detail-schedule.php?tid=18409
第2地区,DUOリーグ,2026,グループA,第3節,2026-04-19,豊南A,駒込A,1,5,済,豊南,A,駒込,A,https://www.goalnote.net/detail-schedule.php?tid=18409
第2地区,DUOリーグ,2026,グループA,第3節,2026-04-19,日大豊山C,都立文京A,1,6,済,日大豊山,C,文京,A,https://www.goalnote.net/detail-schedule.php?tid=18409
第2地区,DUOリーグ,2026,グループA,第3節,2026-05-17,足立学園,都立豊島B,1,1,済,足立学園,A,豊島,B,https://www.goalnote.net/detail-schedule.php?tid=18409
第2地区,DUOリーグ,2026,グループA,第3節,2026-04-18,豊島学院A,立教池袋,3,2,済,豊島学院,A,立教池袋,A,https://www.goalnote.net/detail-schedule.php?tid=18409
第2地区,DUOリーグ,2026,グループA,第3節,2026-04-13,郁文館,淑徳巣鴨A,0,11,済,郁文館,A,淑徳巣鴨,A,https://www.goalnote.net/detail-schedule.php?tid=18409
第2地区,DUOリーグ,2026,グループA,第4節,2026-05-17,都立豊島B,豊南A,1,1,済,豊島,B,豊南,A,https://www.goalnote.net/detail-schedule.php?tid=18409
第2地区,DUOリーグ,2026,グループA,第4節,2026-05-23,駒込A,立教池袋,3,0,済,駒込,A,立教池袋,A,https://www.goalnote.net/detail-schedule.php?tid=18409
第2地区,DUOリーグ,2026,グループA,第4節,2026-05-17,日大豊山C,足立学園,0,1,済,日大豊山,C,足立学園,A,https://www.goalnote.net/detail-schedule.php?tid=18409
第2地区,DUOリーグ,2026,グループA,第4節,2026-05-24,都立文京A,淑徳巣鴨A,0,2,済,文京,A,淑徳巣鴨,A,https://www.goalnote.net/detail-schedule.php?tid=18409
第2地区,DUOリーグ,2026,グループA,第4節,2026-05-24,郁文館,豊島学院A,4,1,済,郁文館,A,豊島学院,A,https://www.goalnote.net/detail-schedule.php?tid=18409
第2地区,DUOリーグ,2026,グループA,第5節,2026-06-07,豊南A,足立学園,2,3,済,豊南,A,足立学園,A,https://www.goalnote.net/detail-schedule.php?tid=18409
第2地区,DUOリーグ,2026,グループA,第5節,2026-06-07,駒込A,郁文館,1,1,済,駒込,A,郁文館,A,https://www.goalnote.net/detail-schedule.php?tid=18409
第2地区,DUOリーグ,2026,グループA,第5節,2026-06-07,淑徳巣鴨A,日大豊山C,2,1,済,淑徳巣鴨,A,日大豊山,C,https://www.goalnote.net/detail-schedule.php?tid=18409
第2地区,DUOリーグ,2026,グループA,第5節,2026-05-31,都立豊島B,立教池袋,3,1,済,豊島,B,立教池袋,A,https://www.goalnote.net/detail-schedule.php?tid=18409
第2地区,DUOリーグ,2026,グループA,第5節,2026-06-07,豊島学院A,都立文京A,4,5,済,豊島学院,A,文京,A,https://www.goalnote.net/detail-schedule.php?tid=18409
第2地区,DUOリーグ,2026,グループA,第6節,2026-06-14,立教池袋,豊南A,7,2,済,立教池袋,A,豊南,A,https://www.goalnote.net/detail-schedule.php?tid=18409
第2地区,DUOリーグ,2026,グループA,第6節,2026-06-14,都立文京A,駒込A,0,4,済,文京,A,駒込,A,https://www.goalnote.net/detail-schedule.php?tid=18409
第2地区,DUOリーグ,2026,グループA,第6節,2026-06-13,淑徳巣鴨A,足立学園,1,0,済,淑徳巣鴨,A,足立学園,A,https://www.goalnote.net/detail-schedule.php?tid=18409
第2地区,DUOリーグ,2026,グループA,第6節,2026-06-14,豊島学院A,日大豊山C,0,1,済,豊島学院,A,日大豊山,C,https://www.goalnote.net/detail-schedule.php?tid=18409
第2地区,DUOリーグ,2026,グループA,第6節,2026-06-14,郁文館,都立豊島B,3,3,済,郁文館,A,豊島,B,https://www.goalnote.net/detail-schedule.php?tid=18409
第2地区,DUOリーグ,2026,グループA,第7節,2026-09-01,立教池袋,足立学園,2,0,済,立教池袋,A,足立学園,A,https://www.goalnote.net/detail-schedule.php?tid=18409
第2地区,DUOリーグ,2026,グループA,第7節,2026-09-22,駒込A,日大豊山C,,,未,駒込,A,日大豊山,C,https://www.goalnote.net/detail-schedule.php?tid=18409
第2地区,DUOリーグ,2026,グループA,第7節,2026-09-04,淑徳巣鴨A,豊島学院A,10,1,済,淑徳巣鴨,A,豊島学院,A,https://www.goalnote.net/detail-schedule.php?tid=18409
第2地区,DUOリーグ,2026,グループA,第8節,2026-10-04,日大豊山C,都立豊島B,,,未,日大豊山,C,豊島,B,https://www.goalnote.net/detail-schedule.php?tid=18409
第2地区,DUOリーグ,2026,グループA,第9節,2026-10-11,豊南A,日大豊山C,,,未,豊南,A,日大豊山,C,https://www.goalnote.net/detail-schedule.php?tid=18409
第2地区,DUOリーグ,2026,グループB,第1節,2026-05-09,都立足立西,駒込B,2,2,済,足立西,A,駒込,B,https://www.goalnote.net/detail-schedule.php?tid=18409
第2地区,DUOリーグ,2026,グループB,第1節,2026-06-14,都立足立,巣鴨,4,2,済,足立,A,巣鴨,A,https://www.goalnote.net/detail-schedule.php?tid=18409
第2地区,DUOリーグ,2026,グループB,第1節,2026-05-10,筑波大附属,京華A,3,1,済,筑波大学附属,A,京華,A,https://www.goalnote.net/detail-schedule.php?tid=18409
第2地区,DUOリーグ,2026,グループB,第1節,2026-05-10,都立小石川,昭和第一A,1,2,済,小石川中等教育,A,昭和第一,A,https://www.goalnote.net/detail-schedule.php?tid=18409
第2地区,DUOリーグ,2026,グループB,第2節,2026-06-07,巣鴨,都立足立西,2,1,済,巣鴨,A,足立西,A,https://www.goalnote.net/detail-schedule.php?tid=18409
第2地区,DUOリーグ,2026,グループB,第2節,2026-05-03,昭和第一A,筑波大附属,1,3,済,昭和第一,A,筑波大学附属,A,https://www.goalnote.net/detail-schedule.php?tid=18409
第2地区,DUOリーグ,2026,グループB,第3節,2026-04-19,筑波大附属,駒込B,0,1,済,筑波大学附属,A,駒込,B,https://www.goalnote.net/detail-schedule.php?tid=18409
第2地区,DUOリーグ,2026,グループB,第3節,2026-04-12,都立足立,昭和第一A,0,4,済,足立,A,昭和第一,A,https://www.goalnote.net/detail-schedule.php?tid=18409
第2地区,DUOリーグ,2026,グループB,第4節,2026-05-31,駒込B,都立小石川,3,2,済,駒込,B,小石川中等教育,A,https://www.goalnote.net/detail-schedule.php?tid=18409
第2地区,DUOリーグ,2026,グループB,第4節,2026-04-19,京華A,都立足立,0,1,済,京華,A,足立,A,https://www.goalnote.net/detail-schedule.php?tid=18409
第2地区,DUOリーグ,2026,グループB,第4節,2026-06-14,昭和第一A,都立足立西,1,0,済,昭和第一,A,足立西,A,https://www.goalnote.net/detail-schedule.php?tid=18409
第2地区,DUOリーグ,2026,グループB,第5節,2026-06-20,昭和第一A,駒込B,1,2,済,昭和第一,A,駒込,B,https://www.goalnote.net/detail-schedule.php?tid=18409
第2地区,DUOリーグ,2026,グループB,第5節,2026-04-12,京華A,巣鴨,0,0,済,京華,A,巣鴨,A,https://www.goalnote.net/detail-schedule.php?tid=18409
第2地区,DUOリーグ,2026,グループB,第5節,2026-04-18,都立足立西,都立小石川,2,3,済,足立西,A,小石川中等教育,A,https://www.goalnote.net/detail-schedule.php?tid=18409
第2地区,DUOリーグ,2026,グループB,第6節,2026-04-05,都立小石川,都立足立,0,2,済,小石川中等教育,A,足立,A,https://www.goalnote.net/detail-schedule.php?tid=18409
第2地区,DUOリーグ,2026,グループB,第6節,2026-05-31,筑波大附属,都立足立西,6,0,済,筑波大学附属,A,足立西,A,https://www.goalnote.net/detail-schedule.php?tid=18409
第2地区,DUOリーグ,2026,グループB,第7節,2026-04-05,昭和第一A,京華A,4,2,済,昭和第一,A,京華,A,https://www.goalnote.net/detail-schedule.php?tid=18409
第2地区,DUOリーグ,2026,グループB,第7節,2026-04-12,筑波大附属,都立小石川,1,1,済,筑波大学附属,A,小石川中等教育,A,https://www.goalnote.net/detail-schedule.php?tid=18409
第2地区,DUOリーグ,2026,グループB,第7節,2026-06-23,都立足立西,都立足立,0,1,済,足立西,A,足立,A,https://www.goalnote.net/detail-schedule.php?tid=18409
第2地区,DUOリーグ,2026,グループC,第1節,2026-04-19,都立竹早,都立足立新田,0,4,済,竹早,A,足立新田,A,https://www.goalnote.net/detail-schedule.php?tid=18409
第2地区,DUOリーグ,2026,グループC,第1節,2026-04-03,城西A,淑徳巣鴨B,1,3,済,城西大城西,A,淑徳巣鴨,B,https://www.goalnote.net/detail-schedule.php?tid=18409
第2地区,DUOリーグ,2026,グループC,第1節,2026-06-07,豊島学院B,東洋大京北,2,2,済,豊島学院,B,東洋大京北,A,https://www.goalnote.net/detail-schedule.php?tid=18409
第2地区,DUOリーグ,2026,グループC,第2節,2026-04-12,都立江北,都立竹早,0,0,済,江北,A,竹早,A,https://www.goalnote.net/detail-schedule.php?tid=18409
第2地区,DUOリーグ,2026,グループC,第2節,2026-05-10,都立足立新田,中央大学高校,2,2,済,足立新田,A,中央大学高,A,https://www.goalnote.net/detail-schedule.php?tid=18409
第2地区,DUOリーグ,2026,グループC,第2節,2026-04-20,淑徳巣鴨B,豊島学院B,4,0,済,淑徳巣鴨,B,豊島学院,B,https://www.goalnote.net/detail-schedule.php?tid=18409
第2地区,DUOリーグ,2026,グループC,第2節,2026-06-04,東洋大京北,城西A,0,4,済,東洋大京北,A,城西大城西,A,https://www.goalnote.net/detail-schedule.php?tid=18409
第2地区,DUOリーグ,2026,グループC,第3節,2026-06-14,城西A,都立江北,2,1,済,城西大城西,A,江北,A,https://www.goalnote.net/detail-schedule.php?tid=18409
第2地区,DUOリーグ,2026,グループC,第3節,2026-06-21,豊島学院B,都立足立新田,,,未,豊島学院,B,足立新田,A,https://www.goalnote.net/detail-schedule.php?tid=18409
第2地区,DUOリーグ,2026,グループC,第4節,2026-04-12,都立足立新田,城西A,3,3,済,足立新田,A,城西大城西,A,https://www.goalnote.net/detail-schedule.php?tid=18409
第2地区,DUOリーグ,2026,グループC,第4節,2026-06-21,淑徳巣鴨B,都立竹早,,,未,淑徳巣鴨,B,竹早,A,https://www.goalnote.net/detail-schedule.php?tid=18409
第2地区,DUOリーグ,2026,グループC,第5節,2026-04-02,東洋大京北,都立江北,3,4,済,東洋大京北,A,江北,A,https://www.goalnote.net/detail-schedule.php?tid=18409
第2地区,DUOリーグ,2026,グループC,第5節,2026-06-07,淑徳巣鴨B,都立足立新田,0,3,済,淑徳巣鴨,B,足立新田,A,https://www.goalnote.net/detail-schedule.php?tid=18409
第2地区,DUOリーグ,2026,グループC,第5節,2026-05-28,都立竹早,城西A,1,3,済,竹早,A,城西大城西,A,https://www.goalnote.net/detail-schedule.php?tid=18409
第2地区,DUOリーグ,2026,グループC,第6節,2026-09-06,都立足立新田,東洋大京北,,,未,足立新田,A,東洋大京北,A,https://www.goalnote.net/detail-schedule.php?tid=18409
第2地区,DUOリーグ,2026,グループC,第6節,2026-05-03,城西A,中央大学高校,2,1,済,城西大城西,A,中央大学高,A,https://www.goalnote.net/detail-schedule.php?tid=18409
第2地区,DUOリーグ,2026,グループC,第7節,2026-05-31,都立足立新田,都立江北,5,2,済,足立新田,A,江北,A,https://www.goalnote.net/detail-schedule.php?tid=18409
第2地区,DUOリーグ,2026,グループC,第7節,2026-06-26,東洋大京北,淑徳巣鴨B,0,4,済,東洋大京北,A,淑徳巣鴨,B,https://www.goalnote.net/detail-schedule.php?tid=18409
第2地区,DUOリーグ,2026,グループC,第7節,2026-06-12,城西A,豊島学院B,5,0,済,城西大城西,A,豊島学院,B,https://www.goalnote.net/detail-schedule.php?tid=18409
第2地区,DUOリーグ,2026,グループD,第2節,2026-04-25,FC西巣鴨03,足立東・貞静学園,,,未,FC西巣鴨03,A,足立東・貞静学園,A,https://www.goalnote.net/detail-schedule.php?tid=18409
第2地区,DUOリーグ,2026,グループD,第4節,2026-04-19,都立淵江,足立東・貞静学園,4,2,済,淵江,A,足立東・貞静学園,A,https://www.goalnote.net/detail-schedule.php?tid=18409
第2地区,DUOリーグ,2026,グループD,第5節,2026-06-14,京華商業,都立淵江,0,0,済,京華商業,A,淵江,A,https://www.goalnote.net/detail-schedule.php?tid=18409
第2地区,DUOリーグ,2026,グループD,第6節,2026-06-21,都立淵江,FC西巣鴨03,,,未,淵江,A,FC西巣鴨03,A,https://www.goalnote.net/detail-schedule.php?tid=18409
第2地区,DUOリーグ,2026,グループD,第6節,2026-05-10,豊南B,京華商業,1,0,済,豊南,B,京華商業,A,https://www.goalnote.net/detail-schedule.php?tid=18409
第2地区,DUOリーグ,2026,グループD,第7節,2026-06-07,豊南B,都立淵江,0,7,済,豊南,B,淵江,A,https://www.goalnote.net/detail-schedule.php?tid=18409
第2地区,DUOリーグ,2026,グループD,第7節,2026-06-07,京華商業,FC西巣鴨03,2,1,済,京華商業,A,FC西巣鴨03,A,https://www.goalnote.net/detail-schedule.php?tid=18409
第2地区,DUOリーグ,2026,グループE,第2節,2026-04-19,城西B,京華B,4,2,済,城西大城西,B,京華,B,https://www.goalnote.net/detail-schedule.php?tid=18409
第2地区,DUOリーグ,2026,グループE,第2節,2026-04-05,昭和第一B,京華C,5,1,済,昭和第一,B,京華,C,https://www.goalnote.net/detail-schedule.php?tid=18409
第2地区,DUOリーグ,2026,グループE,第4節,2026-04-05,獨協,京華B,7,3,済,獨協,A,京華,B,https://www.goalnote.net/detail-schedule.php?tid=18409
第2地区,DUOリーグ,2026,グループE,第5節,2026-06-14,昭和第一B,獨協,1,6,済,昭和第一,B,獨協,A,https://www.goalnote.net/detail-schedule.php?tid=18409
第2地区,DUOリーグ,2026,グループE,第6節,2026-05-31,都立向丘,昭和第一B,1,1,済,向丘,A,昭和第一,B,https://www.goalnote.net/detail-schedule.php?tid=18409
第2地区,DUOリーグ,2026,グループE,第7節,2026-03-29,都立向丘,獨協,7,2,済,向丘,A,獨協,A,https://www.goalnote.net/detail-schedule.php?tid=18409
第2地区,DUOリーグ,2026,グループE,第7節,2026-06-25,昭和第一B,城西B,1,2,済,昭和第一,B,城西大城西,B,https://www.goalnote.net/detail-schedule.php?tid=18409
第2地区,DUOリーグ,2026,グループA,第3節,2026-04-17,足立学園,都立豊島B,,,未,足立学園,A,豊島,B,https://www.goalnote.net/detail-schedule.php?tid=18409
第2地区,DUOリーグ,2026,グループA,第3節,2026-04-17,足立学園,都立豊島B,,,未,足立学園,A,豊島,B,https://www.goalnote.net/detail-schedule.php?tid=18409
第2地区,DUOリーグ,2026,グループA,第5節,2026-05-31,都立豊島B,立教池袋,,,未,豊島,B,立教池袋,A,https://www.goalnote.net/detail-schedule.php?tid=18409
第3地区,第3地区ユースリーグ,2026,1部,,,岩倉A,東京成徳B,8,1,済,岩倉,A,東京成徳大高,B,https://ws.eniblo.com/YZezPNf8HYgIbzABs3/
第3地区,第3地区ユースリーグ,2026,1部,,,岩倉A,トリプレッタB,5,0,済,岩倉,A,トリプレッタ,B,https://ws.eniblo.com/YZezPNf8HYgIbzABs3/
第3地区,第3地区ユースリーグ,2026,1部,,,岩倉A,都立北園,11,0,済,岩倉,A,北園,A,https://ws.eniblo.com/YZezPNf8HYgIbzABs3/
第3地区,第3地区ユースリーグ,2026,1部,,,岩倉A,都立高島,5,0,済,岩倉,A,高島,A,https://ws.eniblo.com/YZezPNf8HYgIbzABs3/
第3地区,第3地区ユースリーグ,2026,1部,,,岩倉A,駿台学園C,1,2,済,岩倉,A,駿台学園,C,https://ws.eniblo.com/YZezPNf8HYgIbzABs3/
第3地区,第3地区ユースリーグ,2026,1部,,,岩倉A,都立戸山,5,1,済,岩倉,A,戸山,A,https://ws.eniblo.com/YZezPNf8HYgIbzABs3/
第3地区,第3地区ユースリーグ,2026,1部,,,目白研心B,成城,1,1,済,目白研心,B,成城,A,https://ws.eniblo.com/YZezPNf8HYgIbzABs3/
第3地区,第3地区ユースリーグ,2026,1部,,,目白研心B,保善B,2,1,済,目白研心,B,保善,B,https://ws.eniblo.com/YZezPNf8HYgIbzABs3/
第3地区,第3地区ユースリーグ,2026,1部,,,目白研心B,東京成徳B,4,0,済,目白研心,B,東京成徳大高,B,https://ws.eniblo.com/YZezPNf8HYgIbzABs3/
第3地区,第3地区ユースリーグ,2026,1部,,,目白研心B,トリプレッタB,3,0,済,目白研心,B,トリプレッタ,B,https://ws.eniblo.com/YZezPNf8HYgIbzABs3/
第3地区,第3地区ユースリーグ,2026,1部,,,目白研心B,都立北園,3,2,済,目白研心,B,北園,A,https://ws.eniblo.com/YZezPNf8HYgIbzABs3/
第3地区,第3地区ユースリーグ,2026,1部,,,目白研心B,都立高島,2,1,済,目白研心,B,高島,A,https://ws.eniblo.com/YZezPNf8HYgIbzABs3/
第3地区,第3地区ユースリーグ,2026,1部,,,目白研心B,駿台学園C,2,1,済,目白研心,B,駿台学園,C,https://ws.eniblo.com/YZezPNf8HYgIbzABs3/
第3地区,第3地区ユースリーグ,2026,1部,,,成城,保善B,1,0,済,成城,A,保善,B,https://ws.eniblo.com/YZezPNf8HYgIbzABs3/
第3地区,第3地区ユースリーグ,2026,1部,,,成城,東京成徳B,1,0,済,成城,A,東京成徳大高,B,https://ws.eniblo.com/YZezPNf8HYgIbzABs3/
第3地区,第3地区ユースリーグ,2026,1部,,,成城,トリプレッタB,1,0,済,成城,A,トリプレッタ,B,https://ws.eniblo.com/YZezPNf8HYgIbzABs3/
第3地区,第3地区ユースリーグ,2026,1部,,,成城,都立北園,2,1,済,成城,A,北園,A,https://ws.eniblo.com/YZezPNf8HYgIbzABs3/
第3地区,第3地区ユースリーグ,2026,1部,,,成城,都立高島,2,0,済,成城,A,高島,A,https://ws.eniblo.com/YZezPNf8HYgIbzABs3/
第3地区,第3地区ユースリーグ,2026,1部,,,成城,都立戸山,2,1,済,成城,A,戸山,A,https://ws.eniblo.com/YZezPNf8HYgIbzABs3/
第3地区,第3地区ユースリーグ,2026,1部,,,保善B,東京成徳B,3,1,済,保善,B,東京成徳大高,B,https://ws.eniblo.com/YZezPNf8HYgIbzABs3/
第3地区,第3地区ユースリーグ,2026,1部,,,保善B,トリプレッタB,1,3,済,保善,B,トリプレッタ,B,https://ws.eniblo.com/YZezPNf8HYgIbzABs3/
第3地区,第3地区ユースリーグ,2026,1部,,,保善B,都立北園,3,3,済,保善,B,北園,A,https://ws.eniblo.com/YZezPNf8HYgIbzABs3/
第3地区,第3地区ユースリーグ,2026,1部,,,保善B,都立戸山,0,0,済,保善,B,戸山,A,https://ws.eniblo.com/YZezPNf8HYgIbzABs3/
第3地区,第3地区ユースリーグ,2026,1部,,,東京成徳B,トリプレッタB,1,3,済,東京成徳大高,B,トリプレッタ,B,https://ws.eniblo.com/YZezPNf8HYgIbzABs3/
第3地区,第3地区ユースリーグ,2026,1部,,,東京成徳B,駿台学園C,0,3,済,東京成徳大高,B,駿台学園,C,https://ws.eniblo.com/YZezPNf8HYgIbzABs3/
第3地区,第3地区ユースリーグ,2026,1部,,,東京成徳B,都立戸山,1,0,済,東京成徳大高,B,戸山,A,https://ws.eniblo.com/YZezPNf8HYgIbzABs3/
第3地区,第3地区ユースリーグ,2026,1部,,,トリプレッタB,駿台学園C,0,2,済,トリプレッタ,B,駿台学園,C,https://ws.eniblo.com/YZezPNf8HYgIbzABs3/
第3地区,第3地区ユースリーグ,2026,1部,,,都立北園,都立高島,3,5,済,北園,A,高島,A,https://ws.eniblo.com/YZezPNf8HYgIbzABs3/
第3地区,第3地区ユースリーグ,2026,1部,,,都立北園,駿台学園C,0,2,済,北園,A,駿台学園,C,https://ws.eniblo.com/YZezPNf8HYgIbzABs3/
第3地区,第3地区ユースリーグ,2026,1部,,,都立高島,駿台学園C,1,2,済,高島,A,駿台学園,C,https://ws.eniblo.com/YZezPNf8HYgIbzABs3/
第3地区,第3地区ユースリーグ,2026,1部,,,都立高島,都立戸山,1,2,済,高島,A,戸山,A,https://ws.eniblo.com/YZezPNf8HYgIbzABs3/
第3地区,第3地区ユースリーグ,2026,1部,,,駿台学園C,都立戸山,3,1,済,駿台学園,C,戸山,A,https://ws.eniblo.com/YZezPNf8HYgIbzABs3/
第3地区,第3地区ユースリーグ,2026,2部A,,,青山学院A,東京朝鮮B,3,1,済,青山学院,A,東京朝鮮,B,https://ws.eniblo.com/6TRkWT3l4eqWypXPEz/
第3地区,第3地区ユースリーグ,2026,2部A,,,青山学院A,早稲田,2,2,済,青山学院,A,早稲田,A,https://ws.eniblo.com/6TRkWT3l4eqWypXPEz/
第3地区,第3地区ユースリーグ,2026,2部A,,,青山学院A,淑徳A,0,2,済,青山学院,A,淑徳,A,https://ws.eniblo.com/6TRkWT3l4eqWypXPEz/
第3地区,第3地区ユースリーグ,2026,2部A,,,青山学院A,大東文化B,8,1,済,青山学院,A,大東文化一,B,https://ws.eniblo.com/6TRkWT3l4eqWypXPEz/
第3地区,第3地区ユースリーグ,2026,2部A,,,東京朝鮮B,國学院,0,1,済,東京朝鮮,B,国学院,A,https://ws.eniblo.com/6TRkWT3l4eqWypXPEz/
第3地区,第3地区ユースリーグ,2026,2部A,,,東京朝鮮B,早稲田,5,1,済,東京朝鮮,B,早稲田,A,https://ws.eniblo.com/6TRkWT3l4eqWypXPEz/
第3地区,第3地区ユースリーグ,2026,2部A,,,東京朝鮮B,目白研心D,1,4,済,東京朝鮮,B,目白研心,D,https://ws.eniblo.com/6TRkWT3l4eqWypXPEz/
第3地区,第3地区ユースリーグ,2026,2部A,,,國学院,早稲田,3,1,済,国学院,A,早稲田,A,https://ws.eniblo.com/6TRkWT3l4eqWypXPEz/
第3地区,第3地区ユースリーグ,2026,2部A,,,國学院,淑徳A,1,1,済,国学院,A,淑徳,A,https://ws.eniblo.com/6TRkWT3l4eqWypXPEz/
第3地区,第3地区ユースリーグ,2026,2部A,,,國学院,目白研心D,1,2,済,国学院,A,目白研心,D,https://ws.eniblo.com/6TRkWT3l4eqWypXPEz/
第3地区,第3地区ユースリーグ,2026,2部A,,,早稲田,淑徳A,1,2,済,早稲田,A,淑徳,A,https://ws.eniblo.com/6TRkWT3l4eqWypXPEz/
第3地区,第3地区ユースリーグ,2026,2部A,,,早稲田,大東文化B,3,1,済,早稲田,A,大東文化一,B,https://ws.eniblo.com/6TRkWT3l4eqWypXPEz/
第3地区,第3地区ユースリーグ,2026,2部A,,,早稲田,目白研心D,0,5,済,早稲田,A,目白研心,D,https://ws.eniblo.com/6TRkWT3l4eqWypXPEz/
第3地区,第3地区ユースリーグ,2026,2部A,,,淑徳A,大東文化B,5,1,済,淑徳,A,大東文化一,B,https://ws.eniblo.com/6TRkWT3l4eqWypXPEz/
第3地区,第3地区ユースリーグ,2026,2部B,,,目白研心C,都立青山,3,0,済,目白研心,C,青山,A,https://ws.eniblo.com/WNlqrd5NRPqtv9vxKw/
第3地区,第3地区ユースリーグ,2026,2部B,,,目白研心C,海城A,1,1,済,目白研心,C,海城,A,https://ws.eniblo.com/WNlqrd5NRPqtv9vxKw/
第3地区,第3地区ユースリーグ,2026,2部B,,,目白研心C,クリアソン新宿A,2,2,済,目白研心,C,クリアソン新宿,A,https://ws.eniblo.com/WNlqrd5NRPqtv9vxKw/
第3地区,第3地区ユースリーグ,2026,2部B,,,RIO A,海城A,0,3,済,RIOA,A,海城,A,https://ws.eniblo.com/WNlqrd5NRPqtv9vxKw/
第3地区,第3地区ユースリーグ,2026,2部B,,,RIO A,クリアソン新宿A,1,4,済,RIOA,A,クリアソン新宿,A,https://ws.eniblo.com/WNlqrd5NRPqtv9vxKw/
第3地区,第3地区ユースリーグ,2026,2部B,,,都立青山,クリアソン新宿A,0,1,済,青山,A,クリアソン新宿,A,https://ws.eniblo.com/WNlqrd5NRPqtv9vxKw/
第3地区,第3地区ユースリーグ,2026,2部B,,,海城A,東京成徳C,1,1,済,海城,A,東京成徳大高,C,https://ws.eniblo.com/WNlqrd5NRPqtv9vxKw/
第3地区,第3地区ユースリーグ,2026,2部B,,,海城A,クリアソン新宿A,1,2,済,海城,A,クリアソン新宿,A,https://ws.eniblo.com/WNlqrd5NRPqtv9vxKw/
第3地区,第3地区ユースリーグ,2026,2部B,,,東京成徳C,クリアソン新宿A,1,8,済,東京成徳大高,C,クリアソン新宿,A,https://ws.eniblo.com/WNlqrd5NRPqtv9vxKw/
第3地区,第3地区ユースリーグ,2026,3部B,,,海城B,岩倉C,1,2,済,海城,B,岩倉,C,https://ws.eniblo.com/6LfQ0YtO939PdhyS1P/
第3地区,第3地区ユースリーグ,2026,3部B,,,海城B,城北B,0,8,済,海城,B,城北,B,https://ws.eniblo.com/6LfQ0YtO939PdhyS1P/
第3地区,第3地区ユースリーグ,2026,3部B,,,海城B,淑徳C,2,0,済,海城,B,淑徳,C,https://ws.eniblo.com/6LfQ0YtO939PdhyS1P/
第3地区,第3地区ユースリーグ,2026,3部B,,,岩倉C,都立板橋,5,0,済,岩倉,C,板橋,A,https://ws.eniblo.com/6LfQ0YtO939PdhyS1P/
第3地区,第3地区ユースリーグ,2026,3部B,,,岩倉C,城北B,2,2,済,岩倉,C,城北,B,https://ws.eniblo.com/6LfQ0YtO939PdhyS1P/
第3地区,第3地区ユースリーグ,2026,3部B,,,岩倉C,淑徳C,12,1,済,岩倉,C,淑徳,C,https://ws.eniblo.com/6LfQ0YtO939PdhyS1P/
第3地区,第3地区ユースリーグ,2026,3部B,,,都立板橋,城北B,1,6,済,板橋,A,城北,B,https://ws.eniblo.com/6LfQ0YtO939PdhyS1P/
第3地区,第3地区ユースリーグ,2026,3部B,,,城北B,淑徳C,6,0,済,城北,B,淑徳,C,https://ws.eniblo.com/6LfQ0YtO939PdhyS1P/
第3地区,第3地区ユースリーグ,2026,3部B,,,城北B,クリアソン新宿B,2,0,済,城北,B,クリアソン新宿,B,https://ws.eniblo.com/6LfQ0YtO939PdhyS1P/
第3地区,第3地区ユースリーグ,2026,3部B,,,淑徳C,クリアソン新宿B,2,5,済,淑徳,C,クリアソン新宿,B,https://ws.eniblo.com/6LfQ0YtO939PdhyS1P/
第3地区,第3地区ユースリーグ,2026,3部C,,,都立新宿,淑徳B,5,0,済,新宿,A,淑徳,B,https://ws.eniblo.com/4wp4WRHRPP2JDy9i58/
第3地区,第3地区ユースリーグ,2026,3部C,,,都立新宿,成城C,2,0,済,新宿,A,成城,C,https://ws.eniblo.com/4wp4WRHRPP2JDy9i58/
第3地区,第3地区ユースリーグ,2026,3部C,,,都立新宿,都立上野,2,2,済,新宿,A,上野,A,https://ws.eniblo.com/4wp4WRHRPP2JDy9i58/
第3地区,第3地区ユースリーグ,2026,3部C,,,都立新宿,岩倉D,4,1,済,新宿,A,岩倉,D,https://ws.eniblo.com/4wp4WRHRPP2JDy9i58/
第3地区,第3地区ユースリーグ,2026,3部C,,,都立第一商業,淑徳B,1,1,済,第一商業,A,淑徳,B,https://ws.eniblo.com/4wp4WRHRPP2JDy9i58/
第3地区,第3地区ユースリーグ,2026,3部C,,,都立第一商業,成城C,3,1,済,第一商業,A,成城,C,https://ws.eniblo.com/4wp4WRHRPP2JDy9i58/
第3地区,第3地区ユースリーグ,2026,3部C,,,都立第一商業,都立上野,1,2,済,第一商業,A,上野,A,https://ws.eniblo.com/4wp4WRHRPP2JDy9i58/
第3地区,第3地区ユースリーグ,2026,3部C,,,都立第一商業,岩倉D,0,2,済,第一商業,A,岩倉,D,https://ws.eniblo.com/4wp4WRHRPP2JDy9i58/
第3地区,第3地区ユースリーグ,2026,3部C,,,淑徳B,成城C,1,0,済,淑徳,B,成城,C,https://ws.eniblo.com/4wp4WRHRPP2JDy9i58/
第3地区,第3地区ユースリーグ,2026,3部C,,,淑徳B,岩倉D,0,5,済,淑徳,B,岩倉,D,https://ws.eniblo.com/4wp4WRHRPP2JDy9i58/
第3地区,第3地区ユースリーグ,2026,3部C,,,成城C,岩倉D,0,9,済,成城,C,岩倉,D,https://ws.eniblo.com/4wp4WRHRPP2JDy9i58/
第3地区,第3地区ユースリーグ,2026,3部C,,,都立上野,岩倉D,1,7,済,上野,A,岩倉,D,https://ws.eniblo.com/4wp4WRHRPP2JDy9i58/
第3地区,第3地区ユースリーグ,2026,3部D,,,岩倉B,青山学院B,4,0,済,岩倉,B,青山学院,B,https://ws.eniblo.com/79SqSF8lncWz80vpmO/
第3地区,第3地区ユースリーグ,2026,3部D,,,岩倉B,武蔵野,7,1,済,岩倉,B,武蔵野,A,https://ws.eniblo.com/79SqSF8lncWz80vpmO/
第3地区,第3地区ユースリーグ,2026,3部D,,,岩倉B,都立板橋有徳,16,0,済,岩倉,B,板橋有徳,A,https://ws.eniblo.com/79SqSF8lncWz80vpmO/
第3地区,第3地区ユースリーグ,2026,3部D,,,城北C,青山学院B,0,1,済,城北,C,青山学院,B,https://ws.eniblo.com/79SqSF8lncWz80vpmO/
第3地区,第3地区ユースリーグ,2026,3部D,,,城北C,武蔵野,0,6,済,城北,C,武蔵野,A,https://ws.eniblo.com/79SqSF8lncWz80vpmO/
第3地区,第3地区ユースリーグ,2024,2部A,,,岩倉,淑徳,2,2,済,岩倉,A,淑徳,A,https://junior-soccer.jp/kanto/tokyo/league/table/47948
第3地区,第3地区ユースリーグ,2024,2部A,,,岩倉,都立青山,1,1,済,岩倉,A,青山,A,https://junior-soccer.jp/kanto/tokyo/league/table/47948
第3地区,第3地区ユースリーグ,2024,2部A,,,岩倉,Rio,5,0,済,岩倉,A,Rio,A,https://junior-soccer.jp/kanto/tokyo/league/table/47948
第3地区,第3地区ユースリーグ,2024,2部A,,,岩倉,東京成徳C,6,0,済,岩倉,A,東京成徳大高,C,https://junior-soccer.jp/kanto/tokyo/league/table/47948
第3地区,第3地区ユースリーグ,2024,2部A,,,岩倉,大東文化第一B,2,1,済,岩倉,A,大東文化一,B,https://junior-soccer.jp/kanto/tokyo/league/table/47948
第3地区,第3地区ユースリーグ,2024,2部A,,,岩倉,目白研心C,2,1,済,岩倉,A,目白研心,C,https://junior-soccer.jp/kanto/tokyo/league/table/47948
第3地区,第3地区ユースリーグ,2024,2部A,,,淑徳,都立青山,5,0,済,淑徳,A,青山,A,https://junior-soccer.jp/kanto/tokyo/league/table/47948
第3地区,第3地区ユースリーグ,2024,2部A,,,淑徳,Rio,2,1,済,淑徳,A,Rio,A,https://junior-soccer.jp/kanto/tokyo/league/table/47948
第3地区,第3地区ユースリーグ,2024,2部A,,,淑徳,東京成徳C,2,0,済,淑徳,A,東京成徳大高,C,https://junior-soccer.jp/kanto/tokyo/league/table/47948
第3地区,第3地区ユースリーグ,2024,2部A,,,淑徳,大東文化第一B,1,2,済,淑徳,A,大東文化一,B,https://junior-soccer.jp/kanto/tokyo/league/table/47948
第3地区,第3地区ユースリーグ,2024,2部A,,,淑徳,目白研心C,4,1,済,淑徳,A,目白研心,C,https://junior-soccer.jp/kanto/tokyo/league/table/47948
第3地区,第3地区ユースリーグ,2024,2部A,,,都立青山,Rio,1,6,済,青山,A,Rio,A,https://junior-soccer.jp/kanto/tokyo/league/table/47948
第3地区,第3地区ユースリーグ,2024,2部A,,,都立青山,東京成徳C,1,0,済,青山,A,東京成徳大高,C,https://junior-soccer.jp/kanto/tokyo/league/table/47948
第3地区,第3地区ユースリーグ,2024,2部A,,,都立青山,大東文化第一B,1,0,済,青山,A,大東文化一,B,https://junior-soccer.jp/kanto/tokyo/league/table/47948
第3地区,第3地区ユースリーグ,2024,2部A,,,都立青山,目白研心C,3,1,済,青山,A,目白研心,C,https://junior-soccer.jp/kanto/tokyo/league/table/47948
第3地区,第3地区ユースリーグ,2024,2部A,,,Rio,東京成徳C,3,4,済,Rio,A,東京成徳大高,C,https://junior-soccer.jp/kanto/tokyo/league/table/47948
第3地区,第3地区ユースリーグ,2024,2部A,,,Rio,大東文化第一B,4,1,済,Rio,A,大東文化一,B,https://junior-soccer.jp/kanto/tokyo/league/table/47948
第3地区,第3地区ユースリーグ,2024,2部A,,,Rio,目白研心C,2,0,済,Rio,A,目白研心,C,https://junior-soccer.jp/kanto/tokyo/league/table/47948
第3地区,第3地区ユースリーグ,2024,2部A,,,東京成徳C,大東文化第一B,5,0,済,東京成徳大高,C,大東文化一,B,https://junior-soccer.jp/kanto/tokyo/league/table/47948
第3地区,第3地区ユースリーグ,2024,2部A,,,東京成徳C,目白研心C,2,2,済,東京成徳大高,C,目白研心,C,https://junior-soccer.jp/kanto/tokyo/league/table/47948
第3地区,第3地区ユースリーグ,2024,2部A,,,大東文化第一B,目白研心C,1,0,済,大東文化一,B,目白研心,C,https://junior-soccer.jp/kanto/tokyo/league/table/47948
第3地区,第3地区ユースリーグ,2024,3部C,,,早稲田,城北D,2,0,済,早稲田,A,城北,D,https://junior-soccer.jp/kanto/tokyo/league/table/50057
第3地区,第3地区ユースリーグ,2024,3部C,,,早稲田,都立第一商業,3,2,済,早稲田,A,第一商業,A,https://junior-soccer.jp/kanto/tokyo/league/table/50057
第3地区,第3地区ユースリーグ,2024,3部C,,,早稲田,淑徳B,3,0,済,早稲田,A,淑徳,B,https://junior-soccer.jp/kanto/tokyo/league/table/50057
第3地区,第3地区ユースリーグ,2024,3部C,,,早稲田,都立大山,2,1,済,早稲田,A,大山,A,https://junior-soccer.jp/kanto/tokyo/league/table/50057
第3地区,第3地区ユースリーグ,2024,3部C,,,早稲田,クラーク,8,3,済,早稲田,A,クラーク,A,https://junior-soccer.jp/kanto/tokyo/league/table/50057
第3地区,第3地区ユースリーグ,2024,3部C,,,早稲田,保善D,2,0,済,早稲田,A,保善,D,https://junior-soccer.jp/kanto/tokyo/league/table/50057
第3地区,第3地区ユースリーグ,2024,3部C,,,城北D,都立第一商業,2,2,済,城北,D,第一商業,A,https://junior-soccer.jp/kanto/tokyo/league/table/50057
第3地区,第3地区ユースリーグ,2024,3部C,,,城北D,淑徳B,3,3,済,城北,D,淑徳,B,https://junior-soccer.jp/kanto/tokyo/league/table/50057
第3地区,第3地区ユースリーグ,2024,3部C,,,城北D,都立大山,5,1,済,城北,D,大山,A,https://junior-soccer.jp/kanto/tokyo/league/table/50057
第3地区,第3地区ユースリーグ,2024,3部C,,,城北D,クラーク,7,4,済,城北,D,クラーク,A,https://junior-soccer.jp/kanto/tokyo/league/table/50057
第3地区,第3地区ユースリーグ,2024,3部C,,,城北D,保善D,2,0,済,城北,D,保善,D,https://junior-soccer.jp/kanto/tokyo/league/table/50057
第3地区,第3地区ユースリーグ,2024,3部C,,,都立第一商業,淑徳B,1,2,済,第一商業,A,淑徳,B,https://junior-soccer.jp/kanto/tokyo/league/table/50057
第3地区,第3地区ユースリーグ,2024,3部C,,,都立第一商業,都立大山,1,0,済,第一商業,A,大山,A,https://junior-soccer.jp/kanto/tokyo/league/table/50057
第3地区,第3地区ユースリーグ,2024,3部C,,,都立第一商業,クラーク,4,1,済,第一商業,A,クラーク,A,https://junior-soccer.jp/kanto/tokyo/league/table/50057
第3地区,第3地区ユースリーグ,2024,3部C,,,都立第一商業,保善D,2,0,済,第一商業,A,保善,D,https://junior-soccer.jp/kanto/tokyo/league/table/50057
第3地区,第3地区ユースリーグ,2024,3部C,,,淑徳B,都立大山,0,2,済,淑徳,B,大山,A,https://junior-soccer.jp/kanto/tokyo/league/table/50057
第3地区,第3地区ユースリーグ,2024,3部C,,,淑徳B,クラーク,0,0,済,淑徳,B,クラーク,A,https://junior-soccer.jp/kanto/tokyo/league/table/50057
第3地区,第3地区ユースリーグ,2024,3部C,,,淑徳B,保善D,2,0,済,淑徳,B,保善,D,https://junior-soccer.jp/kanto/tokyo/league/table/50057
第3地区,第3地区ユースリーグ,2024,3部C,,,都立大山,クラーク,8,1,済,大山,A,クラーク,A,https://junior-soccer.jp/kanto/tokyo/league/table/50057
第3地区,第3地区ユースリーグ,2024,3部C,,,都立大山,保善D,1,1,済,大山,A,保善,D,https://junior-soccer.jp/kanto/tokyo/league/table/50057
第3地区,第3地区ユースリーグ,2024,3部C,,,クラーク,保善D,1,0,済,クラーク,A,保善,D,https://junior-soccer.jp/kanto/tokyo/league/table/50057
第3地区,第3地区ユースリーグ,2024,3部D,,,駿台学園E,海城B,1,0,済,駿台学園,E,海城,B,https://junior-soccer.jp/kanto/tokyo/league/table/47953
第3地区,第3地区ユースリーグ,2024,3部D,,,駿台学園E,都立白鷗,9,3,済,駿台学園,E,白鷗,A,https://junior-soccer.jp/kanto/tokyo/league/table/47953
第3地区,第3地区ユースリーグ,2024,3部D,,,駿台学園E,武蔵野,9,2,済,駿台学園,E,武蔵野,A,https://junior-soccer.jp/kanto/tokyo/league/table/47953
第3地区,第3地区ユースリーグ,2024,3部D,,,駿台学園E,都立板橋,1,0,済,駿台学園,E,板橋,A,https://junior-soccer.jp/kanto/tokyo/league/table/47953
第3地区,第3地区ユースリーグ,2024,3部D,,,駿台学園E,都立広尾,8,1,済,駿台学園,E,広尾,A,https://junior-soccer.jp/kanto/tokyo/league/table/47953
第3地区,第3地区ユースリーグ,2024,3部D,,,海城B,都立白鷗,3,0,済,海城,B,白鷗,A,https://junior-soccer.jp/kanto/tokyo/league/table/47953
第3地区,第3地区ユースリーグ,2024,3部D,,,海城B,武蔵野,7,1,済,海城,B,武蔵野,A,https://junior-soccer.jp/kanto/tokyo/league/table/47953
第3地区,第3地区ユースリーグ,2024,3部D,,,海城B,都立板橋,3,1,済,海城,B,板橋,A,https://junior-soccer.jp/kanto/tokyo/league/table/47953
第3地区,第3地区ユースリーグ,2024,3部D,,,海城B,都立広尾,3,3,済,海城,B,広尾,A,https://junior-soccer.jp/kanto/tokyo/league/table/47953
第3地区,第3地区ユースリーグ,2024,3部D,,,都立白鷗,武蔵野,8,1,済,白鷗,A,武蔵野,A,https://junior-soccer.jp/kanto/tokyo/league/table/47953
第3地区,第3地区ユースリーグ,2024,3部D,,,都立白鷗,都立板橋,6,2,済,白鷗,A,板橋,A,https://junior-soccer.jp/kanto/tokyo/league/table/47953
第3地区,第3地区ユースリーグ,2024,3部D,,,都立白鷗,都立広尾,5,4,済,白鷗,A,広尾,A,https://junior-soccer.jp/kanto/tokyo/league/table/47953
第3地区,第3地区ユースリーグ,2024,3部D,,,武蔵野,都立板橋,0,0,済,武蔵野,A,板橋,A,https://junior-soccer.jp/kanto/tokyo/league/table/47953
第3地区,第3地区ユースリーグ,2024,3部D,,,武蔵野,都立広尾,2,0,済,武蔵野,A,広尾,A,https://junior-soccer.jp/kanto/tokyo/league/table/47953
第3地区,第3地区ユースリーグ,2024,3部D,,,都立板橋,都立広尾,3,3,済,板橋,A,広尾,A,https://junior-soccer.jp/kanto/tokyo/league/table/47953
第4地区,4地区ユースリーグ,2024,1部,,2024-12-22,攻玉社A,都立美原A,2,4,済,攻玉社,A,美原,A,https://www.kawakitanet.com/league_soccer/select.php?pref_cd=8&gameid=9154
第4地区,4地区ユースリーグ,2024,1部,,2024-12-19,芝A,暁星B,3,2,済,芝,A,暁星,B,https://www.kawakitanet.com/league_soccer/select.php?pref_cd=8&gameid=9154
第4地区,4地区ユースリーグ,2024,1部,,2024-12-16,高輪,暁星B,5,1,済,高輪,A,暁星,B,https://www.kawakitanet.com/league_soccer/select.php?pref_cd=8&gameid=9154
第4地区,4地区ユースリーグ,2024,1部,,2024-12-15,明治学院,都立美原A,1,3,済,明治学院,A,美原,A,https://www.kawakitanet.com/league_soccer/select.php?pref_cd=8&gameid=9154
第4地区,4地区ユースリーグ,2024,1部,,2024-12-01,芝A,東京実業C,2,1,済,芝,A,東京実業,C,https://www.kawakitanet.com/league_soccer/select.php?pref_cd=8&gameid=9154
第4地区,4地区ユースリーグ,2024,1部,,2024-11-24,東海大高輪台D,日体大荏原B,1,3,済,東海大高輪台,D,日体大荏原,B,https://www.kawakitanet.com/league_soccer/select.php?pref_cd=8&gameid=9154
第4地区,4地区ユースリーグ,2024,1部,,2024-11-21,攻玉社A,高輪,5,1,済,攻玉社,A,高輪,A,https://www.kawakitanet.com/league_soccer/select.php?pref_cd=8&gameid=9154
第4地区,4地区ユースリーグ,2024,1部,,2024-11-16,東京実業C,東海大高輪台D,7,0,済,東京実業,C,東海大高輪台,D,https://www.kawakitanet.com/league_soccer/select.php?pref_cd=8&gameid=9154
第4地区,4地区ユースリーグ,2024,1部,,2024-11-09,高輪,明治学院,1,2,済,高輪,A,明治学院,A,https://www.kawakitanet.com/league_soccer/select.php?pref_cd=8&gameid=9154
第4地区,4地区ユースリーグ,2024,1部,,2024-11-06,大森学園B,攻玉社A,3,1,済,大森学園,B,攻玉社,A,https://www.kawakitanet.com/league_soccer/select.php?pref_cd=8&gameid=9154
第4地区,4地区ユースリーグ,2024,1部,,2024-11-03,日体大荏原B,都立美原A,1,6,済,日体大荏原,B,美原,A,https://www.kawakitanet.com/league_soccer/select.php?pref_cd=8&gameid=9154
第4地区,4地区ユースリーグ,2024,1部,,2024-10-17,攻玉社A,東海大高輪台D,0,5,済,攻玉社,A,東海大高輪台,D,https://www.kawakitanet.com/league_soccer/select.php?pref_cd=8&gameid=9154
第4地区,4地区ユースリーグ,2024,1部,,2024-10-06,都立美原A,芝A,2,1,済,美原,A,芝,A,https://www.kawakitanet.com/league_soccer/select.php?pref_cd=8&gameid=9154
第4地区,4地区ユースリーグ,2024,1部,,2024-10-03,東海大高輪台D,高輪,2,0,済,東海大高輪台,D,高輪,A,https://www.kawakitanet.com/league_soccer/select.php?pref_cd=8&gameid=9154
第4地区,4地区ユースリーグ,2024,1部,,2024-09-29,大森学園B,日体大荏原B,4,1,済,大森学園,B,日体大荏原,B,https://www.kawakitanet.com/league_soccer/select.php?pref_cd=8&gameid=9154
第4地区,4地区ユースリーグ,2024,1部,,2024-09-29,東海大高輪台D,明治学院,2,0,済,東海大高輪台,D,明治学院,A,https://www.kawakitanet.com/league_soccer/select.php?pref_cd=8&gameid=9154
第4地区,4地区ユースリーグ,2024,1部,,2024-09-24,日体大荏原B,暁星B,2,3,済,日体大荏原,B,暁星,B,https://www.kawakitanet.com/league_soccer/select.php?pref_cd=8&gameid=9154
第4地区,4地区ユースリーグ,2024,1部,,2024-09-22,高輪,都立美原A,2,0,済,高輪,A,美原,A,https://www.kawakitanet.com/league_soccer/select.php?pref_cd=8&gameid=9154
第4地区,4地区ユースリーグ,2024,1部,,2024-09-16,大森学園B,東京実業C,4,0,済,大森学園,B,東京実業,C,https://www.kawakitanet.com/league_soccer/select.php?pref_cd=8&gameid=9154
第4地区,4地区ユースリーグ,2024,1部,,2024-09-15,明治学院,暁星B,2,0,済,明治学院,A,暁星,B,https://www.kawakitanet.com/league_soccer/select.php?pref_cd=8&gameid=9154
第4地区,4地区ユースリーグ,2024,1部,,2024-09-07,東京実業C,日体大荏原B,3,0,済,東京実業,C,日体大荏原,B,https://www.kawakitanet.com/league_soccer/select.php?pref_cd=8&gameid=9154
第4地区,4地区ユースリーグ,2024,1部,,2024-07-21,日体大荏原B,明治学院,0,0,済,日体大荏原,B,明治学院,A,https://www.kawakitanet.com/league_soccer/select.php?pref_cd=8&gameid=9154
第4地区,4地区ユースリーグ,2024,1部,,2024-07-19,芝A,明治学院,1,3,済,芝,A,明治学院,A,https://www.kawakitanet.com/league_soccer/select.php?pref_cd=8&gameid=9154
第4地区,4地区ユースリーグ,2024,1部,,2024-07-17,東海大高輪台D,都立美原A,3,0,済,東海大高輪台,D,美原,A,https://www.kawakitanet.com/league_soccer/select.php?pref_cd=8&gameid=9154
第4地区,4地区ユースリーグ,2024,1部,,2024-07-16,攻玉社A,芝A,5,2,済,攻玉社,A,芝,A,https://www.kawakitanet.com/league_soccer/select.php?pref_cd=8&gameid=9154
第4地区,4地区ユースリーグ,2024,1部,,2024-07-15,東海大高輪台D,大森学園B,1,3,済,東海大高輪台,D,大森学園,B,https://www.kawakitanet.com/league_soccer/select.php?pref_cd=8&gameid=9154
第4地区,4地区ユースリーグ,2024,1部,,2024-06-22,都立美原A,暁星B,3,3,済,美原,A,暁星,B,https://www.kawakitanet.com/league_soccer/select.php?pref_cd=8&gameid=9154
第4地区,4地区ユースリーグ,2024,1部,,2024-06-17,日体大荏原B,高輪,6,0,済,日体大荏原,B,高輪,A,https://www.kawakitanet.com/league_soccer/select.php?pref_cd=8&gameid=9154
第4地区,4地区ユースリーグ,2024,1部,,2024-06-16,明治学院,東京実業C,1,2,済,明治学院,A,東京実業,C,https://www.kawakitanet.com/league_soccer/select.php?pref_cd=8&gameid=9154
第4地区,4地区ユースリーグ,2024,1部,,2024-06-12,東京実業C,高輪,3,4,済,東京実業,C,高輪,A,https://www.kawakitanet.com/league_soccer/select.php?pref_cd=8&gameid=9154
第4地区,4地区ユースリーグ,2024,1部,,2024-06-08,東京実業C,都立美原A,1,4,済,東京実業,C,美原,A,https://www.kawakitanet.com/league_soccer/select.php?pref_cd=8&gameid=9154
第4地区,4地区ユースリーグ,2024,1部,,2024-06-04,攻玉社A,暁星B,2,2,済,攻玉社,A,暁星,B,https://www.kawakitanet.com/league_soccer/select.php?pref_cd=8&gameid=9154
第4地区,4地区ユースリーグ,2024,1部,,2024-06-01,明治学院,大森学園B,1,2,済,明治学院,A,大森学園,B,https://www.kawakitanet.com/league_soccer/select.php?pref_cd=8&gameid=9154
第4地区,4地区ユースリーグ,2024,1部,,2024-05-13,日体大荏原B,攻玉社A,1,0,済,日体大荏原,B,攻玉社,A,https://www.kawakitanet.com/league_soccer/select.php?pref_cd=8&gameid=9154
第4地区,4地区ユースリーグ,2024,1部,,2024-05-09,東京実業C,攻玉社A,1,4,済,東京実業,C,攻玉社,A,https://www.kawakitanet.com/league_soccer/select.php?pref_cd=8&gameid=9154
第4地区,4地区ユースリーグ,2024,1部,,2024-05-06,東海大高輪台D,芝A,1,1,済,東海大高輪台,D,芝,A,https://www.kawakitanet.com/league_soccer/select.php?pref_cd=8&gameid=9154
第4地区,4地区ユースリーグ,2024,1部,,2024-05-04,東京実業C,暁星B,1,0,済,東京実業,C,暁星,B,https://www.kawakitanet.com/league_soccer/select.php?pref_cd=8&gameid=9154
第4地区,4地区ユースリーグ,2024,1部,,2024-05-04,明治学院,攻玉社A,0,2,済,明治学院,A,攻玉社,A,https://www.kawakitanet.com/league_soccer/select.php?pref_cd=8&gameid=9154
第4地区,4地区ユースリーグ,2024,1部,,2024-05-02,高輪,大森学園B,2,7,済,高輪,A,大森学園,B,https://www.kawakitanet.com/league_soccer/select.php?pref_cd=8&gameid=9154
第4地区,4地区ユースリーグ,2024,1部,,2024-04-21,東海大高輪台D,暁星B,5,2,済,東海大高輪台,D,暁星,B,https://www.kawakitanet.com/league_soccer/select.php?pref_cd=8&gameid=9154
第4地区,4地区ユースリーグ,2024,1部,,2024-04-14,高輪,芝A,1,2,済,高輪,A,芝,A,https://www.kawakitanet.com/league_soccer/select.php?pref_cd=8&gameid=9154
第4地区,4地区ユースリーグ,2024,1部,,2024-04-13,大森学園B,都立美原A,1,2,済,大森学園,B,美原,A,https://www.kawakitanet.com/league_soccer/select.php?pref_cd=8&gameid=9154
第4地区,4地区ユースリーグ,2024,1部,,2024-04-05,大森学園B,芝A,2,5,済,大森学園,B,芝,A,https://www.kawakitanet.com/league_soccer/select.php?pref_cd=8&gameid=9154
第4地区,4地区ユースリーグ,2024,1部,,2024-04-03,大森学園B,暁星B,6,1,済,大森学園,B,暁星,B,https://www.kawakitanet.com/league_soccer/select.php?pref_cd=8&gameid=9154
第4地区,4地区ユースリーグ,2024,1部,,2024-03-22,日体大荏原B,芝A,2,4,済,日体大荏原,B,芝,A,https://www.kawakitanet.com/league_soccer/select.php?pref_cd=8&gameid=9154
第4地区,4地区ユースリーグ,2024,2部,,2024-12-27,東京実業D,都立日比谷,2,1,済,東京実業,D,日比谷,A,https://www.kawakitanet.com/league_soccer/select.php?pref_cd=8&gameid=9155
第4地区,4地区ユースリーグ,2024,2部,,2024-12-22,東京実業D,東京C,1,1,済,東京実業,D,東京,C,https://www.kawakitanet.com/league_soccer/select.php?pref_cd=8&gameid=9155
第4地区,4地区ユースリーグ,2024,2部,,2024-12-21,都立つばさ総合,都立日比谷,3,1,済,つばさ総合,A,日比谷,A,https://www.kawakitanet.com/league_soccer/select.php?pref_cd=8&gameid=9155
第4地区,4地区ユースリーグ,2024,2部,,2024-12-21,立正大立正A,都立雪谷,2,4,済,立正大立正,A,雪谷,A,https://www.kawakitanet.com/league_soccer/select.php?pref_cd=8&gameid=9155
第4地区,4地区ユースリーグ,2024,2部,,2024-12-18,東京実業D,正則学園B,6,2,済,東京実業,D,正則学園,B,https://www.kawakitanet.com/league_soccer/select.php?pref_cd=8&gameid=9155
第4地区,4地区ユースリーグ,2024,2部,,2024-12-17,大森学園C,都立つばさ総合,6,0,済,大森学園,C,つばさ総合,A,https://www.kawakitanet.com/league_soccer/select.php?pref_cd=8&gameid=9155
第4地区,4地区ユースリーグ,2024,2部,,2024-12-15,東京C,都立雪谷,3,1,済,東京,C,雪谷,A,https://www.kawakitanet.com/league_soccer/select.php?pref_cd=8&gameid=9155
第4地区,4地区ユースリーグ,2024,2部,,2024-12-15,日体大荏原C,都立日比谷,2,0,済,日体大荏原,C,日比谷,A,https://www.kawakitanet.com/league_soccer/select.php?pref_cd=8&gameid=9155
第4地区,4地区ユースリーグ,2024,2部,,2024-12-09,東京C,正則学園B,2,0,済,東京,C,正則学園,B,https://www.kawakitanet.com/league_soccer/select.php?pref_cd=8&gameid=9155
第4地区,4地区ユースリーグ,2024,2部,,2024-11-16,都立つばさ総合,日体大荏原C,0,1,済,つばさ総合,A,日体大荏原,C,https://www.kawakitanet.com/league_soccer/select.php?pref_cd=8&gameid=9155
第4地区,4地区ユースリーグ,2024,2部,,2024-11-10,東海大高輪台E,都立つばさ総合,3,1,済,東海大高輪台,E,つばさ総合,A,https://www.kawakitanet.com/league_soccer/select.php?pref_cd=8&gameid=9155
第4地区,4地区ユースリーグ,2024,2部,,2024-11-10,東京C,立正大立正A,0,0,済,東京,C,立正大立正,A,https://www.kawakitanet.com/league_soccer/select.php?pref_cd=8&gameid=9155
第4地区,4地区ユースリーグ,2024,2部,,2024-11-09,都立雪谷,都立日比谷,4,4,済,雪谷,A,日比谷,A,https://www.kawakitanet.com/league_soccer/select.php?pref_cd=8&gameid=9155
第4地区,4地区ユースリーグ,2024,2部,,2024-11-03,大森学園C,都立雪谷,1,4,済,大森学園,C,雪谷,A,https://www.kawakitanet.com/league_soccer/select.php?pref_cd=8&gameid=9155
第4地区,4地区ユースリーグ,2024,2部,,2024-11-03,立正大立正A,東京実業D,2,3,済,立正大立正,A,東京実業,D,https://www.kawakitanet.com/league_soccer/select.php?pref_cd=8&gameid=9155
第4地区,4地区ユースリーグ,2024,2部,,2024-11-01,大森学園C,正則学園B,3,6,済,大森学園,C,正則学園,B,https://www.kawakitanet.com/league_soccer/select.php?pref_cd=8&gameid=9155
第4地区,4地区ユースリーグ,2024,2部,,2024-10-26,都立つばさ総合,正則学園B,1,1,済,つばさ総合,A,正則学園,B,https://www.kawakitanet.com/league_soccer/select.php?pref_cd=8&gameid=9155
第4地区,4地区ユースリーグ,2024,2部,,2024-10-05,東海大高輪台E,立正大立正A,1,0,済,東海大高輪台,E,立正大立正,A,https://www.kawakitanet.com/league_soccer/select.php?pref_cd=8&gameid=9155
第4地区,4地区ユースリーグ,2024,2部,,2024-10-01,東京C,東海大高輪台E,2,0,済,東京,C,東海大高輪台,E,https://www.kawakitanet.com/league_soccer/select.php?pref_cd=8&gameid=9155
第4地区,4地区ユースリーグ,2024,2部,,2024-09-29,日体大荏原C,正則学園B,4,1,済,日体大荏原,C,正則学園,B,https://www.kawakitanet.com/league_soccer/select.php?pref_cd=8&gameid=9155
第4地区,4地区ユースリーグ,2024,2部,,2024-09-21,都立雪谷,正則学園B,0,3,済,雪谷,A,正則学園,B,https://www.kawakitanet.com/league_soccer/select.php?pref_cd=8&gameid=9155
第4地区,4地区ユースリーグ,2024,2部,,2024-09-08,東京実業D,大森学園C,1,7,済,東京実業,D,大森学園,C,https://www.kawakitanet.com/league_soccer/select.php?pref_cd=8&gameid=9155
第4地区,4地区ユースリーグ,2024,2部,,2024-07-20,東海大高輪台E,正則学園B,2,0,済,東海大高輪台,E,正則学園,B,https://www.kawakitanet.com/league_soccer/select.php?pref_cd=8&gameid=9155
第4地区,4地区ユースリーグ,2024,2部,,2024-07-19,日体大荏原C,立正大立正A,1,1,済,日体大荏原,C,立正大立正,A,https://www.kawakitanet.com/league_soccer/select.php?pref_cd=8&gameid=9155
第4地区,4地区ユースリーグ,2024,2部,,2024-07-18,大森学園C,立正大立正A,4,3,済,大森学園,C,立正大立正,A,https://www.kawakitanet.com/league_soccer/select.php?pref_cd=8&gameid=9155
第4地区,4地区ユースリーグ,2024,2部,,2024-07-15,都立雪谷,東京実業D,2,4,済,雪谷,A,東京実業,D,https://www.kawakitanet.com/league_soccer/select.php?pref_cd=8&gameid=9155
第4地区,4地区ユースリーグ,2024,2部,,2024-07-15,大森学園C,都立日比谷,3,1,済,大森学園,C,日比谷,A,https://www.kawakitanet.com/league_soccer/select.php?pref_cd=8&gameid=9155
第4地区,4地区ユースリーグ,2024,2部,,2024-07-15,東京C,日体大荏原C,3,4,済,東京,C,日体大荏原,C,https://www.kawakitanet.com/league_soccer/select.php?pref_cd=8&gameid=9155
第4地区,4地区ユースリーグ,2024,2部,,2024-07-09,東海大高輪台E,大森学園C,0,2,済,東海大高輪台,E,大森学園,C,https://www.kawakitanet.com/league_soccer/select.php?pref_cd=8&gameid=9155
第4地区,4地区ユースリーグ,2024,2部,,2024-07-07,東海大高輪台E,都立雪谷,3,2,済,東海大高輪台,E,雪谷,A,https://www.kawakitanet.com/league_soccer/select.php?pref_cd=8&gameid=9155
第4地区,4地区ユースリーグ,2024,2部,,2024-06-30,東海大高輪台E,都立日比谷,3,0,済,東海大高輪台,E,日比谷,A,https://www.kawakitanet.com/league_soccer/select.php?pref_cd=8&gameid=9155
第4地区,4地区ユースリーグ,2024,2部,,2024-06-22,都立つばさ総合,東京C,2,0,済,つばさ総合,A,東京,C,https://www.kawakitanet.com/league_soccer/select.php?pref_cd=8&gameid=9155
第4地区,4地区ユースリーグ,2024,2部,,2024-06-22,立正大立正A,正則学園B,6,1,済,立正大立正,A,正則学園,B,https://www.kawakitanet.com/league_soccer/select.php?pref_cd=8&gameid=9155
第4地区,4地区ユースリーグ,2024,2部,,2024-06-16,東京C,都立日比谷,3,0,済,東京,C,日比谷,A,https://www.kawakitanet.com/league_soccer/select.php?pref_cd=8&gameid=9155
第4地区,4地区ユースリーグ,2024,2部,,2024-06-16,立正大立正A,都立つばさ総合,3,2,済,立正大立正,A,つばさ総合,A,https://www.kawakitanet.com/league_soccer/select.php?pref_cd=8&gameid=9155
第4地区,4地区ユースリーグ,2024,2部,,2024-06-09,東海大高輪台E,日体大荏原C,2,2,済,東海大高輪台,E,日体大荏原,C,https://www.kawakitanet.com/league_soccer/select.php?pref_cd=8&gameid=9155
第4地区,4地区ユースリーグ,2024,2部,,2024-06-09,都立雪谷,都立つばさ総合,1,4,済,雪谷,A,つばさ総合,A,https://www.kawakitanet.com/league_soccer/select.php?pref_cd=8&gameid=9155
第4地区,4地区ユースリーグ,2024,2部,,2024-06-01,都立日比谷,正則学園B,3,1,済,日比谷,A,正則学園,B,https://www.kawakitanet.com/league_soccer/select.php?pref_cd=8&gameid=9155
第4地区,4地区ユースリーグ,2024,2部,,2024-05-19,日体大荏原C,東京実業D,8,0,済,日体大荏原,C,東京実業,D,https://www.kawakitanet.com/league_soccer/select.php?pref_cd=8&gameid=9155
第4地区,4地区ユースリーグ,2024,2部,,2024-05-12,都立日比谷,立正大立正A,1,8,済,日比谷,A,立正大立正,A,https://www.kawakitanet.com/league_soccer/select.php?pref_cd=8&gameid=9155
第4地区,4地区ユースリーグ,2024,2部,,2024-05-11,都立つばさ総合,東京実業D,1,1,済,つばさ総合,A,東京実業,D,https://www.kawakitanet.com/league_soccer/select.php?pref_cd=8&gameid=9155
第4地区,4地区ユースリーグ,2024,2部,,2024-04-28,東海大高輪台E,東京実業D,3,0,済,東海大高輪台,E,東京実業,D,https://www.kawakitanet.com/league_soccer/select.php?pref_cd=8&gameid=9155
第4地区,4地区ユースリーグ,2024,2部,,2024-04-07,日体大荏原C,都立雪谷,3,0,済,日体大荏原,C,雪谷,A,https://www.kawakitanet.com/league_soccer/select.php?pref_cd=8&gameid=9155
第4地区,4地区ユースリーグ,2024,2部,,2024-04-04,大森学園C,東京C,0,1,済,大森学園,C,東京,C,https://www.kawakitanet.com/league_soccer/select.php?pref_cd=8&gameid=9155
第4地区,4地区ユースリーグ,2024,2部,,2024-03-22,大森学園C,日体大荏原C,0,8,済,大森学園,C,日体大荏原,C,https://www.kawakitanet.com/league_soccer/select.php?pref_cd=8&gameid=9155
第4地区,4地区ユースリーグ,2024,3部A,,2025-01-10,都立三田,正則学園C,0,5,済,三田,A,正則学園,C,https://www.kawakitanet.com/league_soccer/select.php?pref_cd=8&gameid=9156
第4地区,4地区ユースリーグ,2024,3部A,,2025-01-10,都立三田,立正大立正B,0,5,済,三田,A,立正大立正,B,https://www.kawakitanet.com/league_soccer/select.php?pref_cd=8&gameid=9156
第4地区,4地区ユースリーグ,2024,3部A,,2024-12-28,都立三田,日体大荏原D,0,5,済,三田,A,日体大荏原,D,https://www.kawakitanet.com/league_soccer/select.php?pref_cd=8&gameid=9156
第4地区,4地区ユースリーグ,2024,3部A,,2024-12-27,羽田国際,立正大立正B,1,1,済,羽田国際,A,立正大立正,B,https://www.kawakitanet.com/league_soccer/select.php?pref_cd=8&gameid=9156
第4地区,4地区ユースリーグ,2024,3部A,,2024-12-26,正則高校,朋優学院,1,6,済,正則,A,朋優学院,A,https://www.kawakitanet.com/league_soccer/select.php?pref_cd=8&gameid=9156
第4地区,4地区ユースリーグ,2024,3部A,,2024-12-26,都立三田,羽田国際,3,0,済,三田,A,羽田国際,A,https://www.kawakitanet.com/league_soccer/select.php?pref_cd=8&gameid=9156
第4地区,4地区ユースリーグ,2024,3部A,,2024-12-25,都立三田,品川翔英,2,3,済,三田,A,品川翔英,A,https://www.kawakitanet.com/league_soccer/select.php?pref_cd=8&gameid=9156
第4地区,4地区ユースリーグ,2024,3部A,,2024-12-23,立正大立正B,二松学舎,1,6,済,立正大立正,B,二松学舎大附,A,https://www.kawakitanet.com/league_soccer/select.php?pref_cd=8&gameid=9156
第4地区,4地区ユースリーグ,2024,3部A,,2024-12-23,正則学園C,正則高校,2,0,済,正則学園,C,正則,A,https://www.kawakitanet.com/league_soccer/select.php?pref_cd=8&gameid=9156
第4地区,4地区ユースリーグ,2024,3部A,,2024-12-23,都立三田,二松学舎,1,0,済,三田,A,二松学舎大附,A,https://www.kawakitanet.com/league_soccer/select.php?pref_cd=8&gameid=9156
第4地区,4地区ユースリーグ,2024,3部A,,2024-12-23,羽田国際,芝B,4,2,済,羽田国際,A,芝,B,https://www.kawakitanet.com/league_soccer/select.php?pref_cd=8&gameid=9156
第4地区,4地区ユースリーグ,2024,3部A,,2024-12-18,正則高校,立正大立正B,8,2,済,正則,A,立正大立正,B,https://www.kawakitanet.com/league_soccer/select.php?pref_cd=8&gameid=9156
第4地区,4地区ユースリーグ,2024,3部A,,2024-12-17,攻玉社B,正則学園C,2,5,済,攻玉社,B,正則学園,C,https://www.kawakitanet.com/league_soccer/select.php?pref_cd=8&gameid=9156
第4地区,4地区ユースリーグ,2024,3部A,,2024-12-17,正則高校,芝B,2,1,済,正則,A,芝,B,https://www.kawakitanet.com/league_soccer/select.php?pref_cd=8&gameid=9156
第4地区,4地区ユースリーグ,2024,3部A,,2024-12-16,羽田国際,正則学園C,0,1,済,羽田国際,A,正則学園,C,https://www.kawakitanet.com/league_soccer/select.php?pref_cd=8&gameid=9156
第4地区,4地区ユースリーグ,2024,3部A,,2024-12-16,日体大荏原D,立正大立正B,7,0,済,日体大荏原,D,立正大立正,B,https://www.kawakitanet.com/league_soccer/select.php?pref_cd=8&gameid=9156
第4地区,4地区ユースリーグ,2024,3部A,,2024-11-29,朋優学院,攻玉社B,3,1,済,朋優学院,A,攻玉社,B,https://www.kawakitanet.com/league_soccer/select.php?pref_cd=8&gameid=9156
第4地区,4地区ユースリーグ,2024,3部A,,2024-11-24,日体大荏原D,正則学園C,2,1,済,日体大荏原,D,正則学園,C,https://www.kawakitanet.com/league_soccer/select.php?pref_cd=8&gameid=9156
第4地区,4地区ユースリーグ,2024,3部A,,2024-11-17,二松学舎,羽田国際,1,0,済,二松学舎大附,A,羽田国際,A,https://www.kawakitanet.com/league_soccer/select.php?pref_cd=8&gameid=9156
第4地区,4地区ユースリーグ,2024,3部A,,2024-11-12,朋優学院,日体大荏原D,0,2,済,朋優学院,A,日体大荏原,D,https://www.kawakitanet.com/league_soccer/select.php?pref_cd=8&gameid=9156
第4地区,4地区ユースリーグ,2024,3部A,,2024-10-27,芝B,二松学舎,0,2,済,芝,B,二松学舎大附,A,https://www.kawakitanet.com/league_soccer/select.php?pref_cd=8&gameid=9156
第4地区,4地区ユースリーグ,2024,3部A,,2024-10-18,攻玉社B,品川翔英,1,3,済,攻玉社,B,品川翔英,A,https://www.kawakitanet.com/league_soccer/select.php?pref_cd=8&gameid=9156
第4地区,4地区ユースリーグ,2024,3部A,,2024-10-16,品川翔英,正則学園C,2,3,済,品川翔英,A,正則学園,C,https://www.kawakitanet.com/league_soccer/select.php?pref_cd=8&gameid=9156
第4地区,4地区ユースリーグ,2024,3部A,,2024-10-14,正則高校,品川翔英,1,3,済,正則,A,品川翔英,A,https://www.kawakitanet.com/league_soccer/select.php?pref_cd=8&gameid=9156
第4地区,4地区ユースリーグ,2024,3部A,,2024-10-08,日体大荏原D,攻玉社B,3,0,済,日体大荏原,D,攻玉社,B,https://www.kawakitanet.com/league_soccer/select.php?pref_cd=8&gameid=9156
第4地区,4地区ユースリーグ,2024,3部A,,2024-10-01,朋優学院,芝B,5,0,済,朋優学院,A,芝,B,https://www.kawakitanet.com/league_soccer/select.php?pref_cd=8&gameid=9156
第4地区,4地区ユースリーグ,2024,3部A,,2024-10-01,都立三田,攻玉社B,1,3,済,三田,A,攻玉社,B,https://www.kawakitanet.com/league_soccer/select.php?pref_cd=8&gameid=9156
第4地区,4地区ユースリーグ,2024,3部A,,2024-09-16,朋優学院,二松学舎,5,1,済,朋優学院,A,二松学舎大附,A,https://www.kawakitanet.com/league_soccer/select.php?pref_cd=8&gameid=9156
第4地区,4地区ユースリーグ,2024,3部A,,2024-08-31,正則高校,羽田国際,2,0,済,正則,A,羽田国際,A,https://www.kawakitanet.com/league_soccer/select.php?pref_cd=8&gameid=9156
第4地区,4地区ユースリーグ,2024,3部A,,2024-08-29,朋優学院,正則学園C,0,3,済,朋優学院,A,正則学園,C,https://www.kawakitanet.com/league_soccer/select.php?pref_cd=8&gameid=9156
第4地区,4地区ユースリーグ,2024,3部A,,2024-07-18,羽田国際,日体大荏原D,2,3,済,羽田国際,A,日体大荏原,D,https://www.kawakitanet.com/league_soccer/select.php?pref_cd=8&gameid=9156
第4地区,4地区ユースリーグ,2024,3部A,,2024-07-11,立正大立正B,品川翔英,6,0,済,立正大立正,B,品川翔英,A,https://www.kawakitanet.com/league_soccer/select.php?pref_cd=8&gameid=9156
第4地区,4地区ユースリーグ,2024,3部A,,2024-06-24,朋優学院,都立三田,5,0,済,朋優学院,A,三田,A,https://www.kawakitanet.com/league_soccer/select.php?pref_cd=8&gameid=9156
第4地区,4地区ユースリーグ,2024,3部A,,2024-06-22,立正大立正B,正則学園C,1,2,済,立正大立正,B,正則学園,C,https://www.kawakitanet.com/league_soccer/select.php?pref_cd=8&gameid=9156
第4地区,4地区ユースリーグ,2024,3部A,,2024-06-16,朋優学院,羽田国際,2,0,済,朋優学院,A,羽田国際,A,https://www.kawakitanet.com/league_soccer/select.php?pref_cd=8&gameid=9156
第4地区,4地区ユースリーグ,2024,3部A,,2024-06-16,二松学舎,正則学園C,0,9,済,二松学舎大附,A,正則学園,C,https://www.kawakitanet.com/league_soccer/select.php?pref_cd=8&gameid=9156
第4地区,4地区ユースリーグ,2024,3部A,,2024-06-15,立正大立正B,朋優学院,0,5,済,立正大立正,B,朋優学院,A,https://www.kawakitanet.com/league_soccer/select.php?pref_cd=8&gameid=9156
第4地区,4地区ユースリーグ,2024,3部A,,2024-06-13,芝B,攻玉社B,2,0,済,芝,B,攻玉社,B,https://www.kawakitanet.com/league_soccer/select.php?pref_cd=8&gameid=9156
第4地区,4地区ユースリーグ,2024,3部A,,2024-06-09,品川翔英,二松学舎,5,0,済,品川翔英,A,二松学舎大附,A,https://www.kawakitanet.com/league_soccer/select.php?pref_cd=8&gameid=9156
第4地区,4地区ユースリーグ,2024,3部A,,2024-06-09,正則高校,都立三田,3,0,済,正則,A,三田,A,https://www.kawakitanet.com/league_soccer/select.php?pref_cd=8&gameid=9156
第4地区,4地区ユースリーグ,2024,3部A,,2024-06-06,攻玉社B,二松学舎,7,0,済,攻玉社,B,二松学舎大附,A,https://www.kawakitanet.com/league_soccer/select.php?pref_cd=8&gameid=9156
第4地区,4地区ユースリーグ,2024,3部A,,2024-06-02,正則学園C,芝B,4,2,済,正則学園,C,芝,B,https://www.kawakitanet.com/league_soccer/select.php?pref_cd=8&gameid=9156
第4地区,4地区ユースリーグ,2024,3部A,,2024-05-12,正則高校,二松学舎,5,2,済,正則,A,二松学舎大附,A,https://www.kawakitanet.com/league_soccer/select.php?pref_cd=8&gameid=9156
第4地区,4地区ユースリーグ,2024,3部A,,2024-05-12,攻玉社B,羽田国際,1,2,済,攻玉社,B,羽田国際,A,https://www.kawakitanet.com/league_soccer/select.php?pref_cd=8&gameid=9156
第4地区,4地区ユースリーグ,2024,3部A,,2024-05-06,芝B,都立三田,0,8,済,芝,B,三田,A,https://www.kawakitanet.com/league_soccer/select.php?pref_cd=8&gameid=9156
第4地区,4地区ユースリーグ,2024,3部A,,2024-05-04,品川翔英,羽田国際,2,0,済,品川翔英,A,羽田国際,A,https://www.kawakitanet.com/league_soccer/select.php?pref_cd=8&gameid=9156
第4地区,4地区ユースリーグ,2024,3部A,,2024-05-04,正則高校,攻玉社B,3,1,済,正則,A,攻玉社,B,https://www.kawakitanet.com/league_soccer/select.php?pref_cd=8&gameid=9156
第4地区,4地区ユースリーグ,2024,3部A,,2024-04-23,立正大立正B,攻玉社B,2,2,済,立正大立正,B,攻玉社,B,https://www.kawakitanet.com/league_soccer/select.php?pref_cd=8&gameid=9156
第4地区,4地区ユースリーグ,2024,3部A,,2024-04-14,芝B,品川翔英,1,0,済,芝,B,品川翔英,A,https://www.kawakitanet.com/league_soccer/select.php?pref_cd=8&gameid=9156
第4地区,4地区ユースリーグ,2024,3部A,,2024-04-04,朋優学院,品川翔英,5,0,済,朋優学院,A,品川翔英,A,https://www.kawakitanet.com/league_soccer/select.php?pref_cd=8&gameid=9156
第4地区,4地区ユースリーグ,2024,3部A,,2024-04-03,立正大立正B,芝B,0,3,済,立正大立正,B,芝,B,https://www.kawakitanet.com/league_soccer/select.php?pref_cd=8&gameid=9156
第4地区,4地区ユースリーグ,2024,3部A,,2024-04-02,正則高校,日体大荏原D,0,2,済,正則,A,日体大荏原,D,https://www.kawakitanet.com/league_soccer/select.php?pref_cd=8&gameid=9156
第4地区,4地区ユースリーグ,2024,3部A,,2024-03-22,日体大荏原D,芝B,0,1,済,日体大荏原,D,芝,B,https://www.kawakitanet.com/league_soccer/select.php?pref_cd=8&gameid=9156
第4地区,4地区ユースリーグ,2024,3部A,,2024-03-17,日体大荏原D,品川翔英,5,0,済,日体大荏原,D,品川翔英,A,https://www.kawakitanet.com/league_soccer/select.php?pref_cd=8&gameid=9156
第4地区,4地区ユースリーグ,2024,3部A,,2020-04-07,日体大荏原D,二松学舎,7,1,済,日体大荏原,D,二松学舎大附,A,https://www.kawakitanet.com/league_soccer/select.php?pref_cd=8&gameid=9156
第4地区,4地区ユースリーグ,2024,3部B,,2024-12-26,麻布,東京実業E,1,3,済,麻布,A,東京実業,E,https://www.kawakitanet.com/league_soccer/select.php?pref_cd=8&gameid=9157
第4地区,4地区ユースリーグ,2024,3部B,,2024-12-25,東京実業E,大森学園D,2,1,済,東京実業,E,大森学園,D,https://www.kawakitanet.com/league_soccer/select.php?pref_cd=8&gameid=9157
第4地区,4地区ユースリーグ,2024,3部B,,2024-12-22,都立小山台,文教大付属,4,1,済,小山台,A,文教大付,A,https://www.kawakitanet.com/league_soccer/select.php?pref_cd=8&gameid=9157
第4地区,4地区ユースリーグ,2024,3部B,,2024-12-22,東海大高輪台F,麻布,2,1,済,東海大高輪台,F,麻布,A,https://www.kawakitanet.com/league_soccer/select.php?pref_cd=8&gameid=9157
第4地区,4地区ユースリーグ,2024,3部B,,2024-12-21,青稜B,都立美原B,0,0,済,青稜,B,美原,B,https://www.kawakitanet.com/league_soccer/select.php?pref_cd=8&gameid=9157
第4地区,4地区ユースリーグ,2024,3部B,,2024-12-19,文教大付属,東京実業E,4,1,済,文教大付,A,東京実業,E,https://www.kawakitanet.com/league_soccer/select.php?pref_cd=8&gameid=9157
第4地区,4地区ユースリーグ,2024,3部B,,2024-12-17,東京実業E,青稜B,1,2,済,東京実業,E,青稜,B,https://www.kawakitanet.com/league_soccer/select.php?pref_cd=8&gameid=9157
第4地区,4地区ユースリーグ,2024,3部B,,2024-12-14,東海大高輪台F,都立美原B,4,1,済,東海大高輪台,F,美原,B,https://www.kawakitanet.com/league_soccer/select.php?pref_cd=8&gameid=9157
第4地区,4地区ユースリーグ,2024,3部B,,2024-12-08,都立美原B,広尾学園,1,7,済,美原,B,広尾学園,A,https://www.kawakitanet.com/league_soccer/select.php?pref_cd=8&gameid=9157
第4地区,4地区ユースリーグ,2024,3部B,,2024-11-17,東京D,広尾学園,3,0,済,東京,D,広尾学園,A,https://www.kawakitanet.com/league_soccer/select.php?pref_cd=8&gameid=9157
第4地区,4地区ユースリーグ,2024,3部B,,2024-11-17,大森学園D,文教大付属,2,2,済,大森学園,D,文教大付,A,https://www.kawakitanet.com/league_soccer/select.php?pref_cd=8&gameid=9157
第4地区,4地区ユースリーグ,2024,3部B,,2024-11-10,都立美原B,文教大付属,0,3,済,美原,B,文教大付,A,https://www.kawakitanet.com/league_soccer/select.php?pref_cd=8&gameid=9157
第4地区,4地区ユースリーグ,2024,3部B,,2024-11-09,東京D,都立小山台,2,3,済,東京,D,小山台,A,https://www.kawakitanet.com/league_soccer/select.php?pref_cd=8&gameid=9157
第4地区,4地区ユースリーグ,2024,3部B,,2024-11-03,東京D,麻布,0,1,済,東京,D,麻布,A,https://www.kawakitanet.com/league_soccer/select.php?pref_cd=8&gameid=9157
第4地区,4地区ユースリーグ,2024,3部B,,2024-10-27,東京D,東海大高輪台F,4,0,済,東京,D,東海大高輪台,F,https://www.kawakitanet.com/league_soccer/select.php?pref_cd=8&gameid=9157
第4地区,4地区ユースリーグ,2024,3部B,,2024-10-27,麻布,青稜B,0,0,済,麻布,A,青稜,B,https://www.kawakitanet.com/league_soccer/select.php?pref_cd=8&gameid=9157
第4地区,4地区ユースリーグ,2024,3部B,,2024-10-06,東海大高輪台F,都立小山台,0,7,済,東海大高輪台,F,小山台,A,https://www.kawakitanet.com/league_soccer/select.php?pref_cd=8&gameid=9157
第4地区,4地区ユースリーグ,2024,3部B,,2024-09-29,都立小山台,広尾学園,8,2,済,小山台,A,広尾学園,A,https://www.kawakitanet.com/league_soccer/select.php?pref_cd=8&gameid=9157
第4地区,4地区ユースリーグ,2024,3部B,,2024-09-23,大森学園D,広尾学園,6,0,済,大森学園,D,広尾学園,A,https://www.kawakitanet.com/league_soccer/select.php?pref_cd=8&gameid=9157
第4地区,4地区ユースリーグ,2024,3部B,,2024-09-08,青稜B,大森学園D,1,4,済,青稜,B,大森学園,D,https://www.kawakitanet.com/league_soccer/select.php?pref_cd=8&gameid=9157
第4地区,4地区ユースリーグ,2024,3部B,,2024-07-21,大森学園D,東海大高輪台F,2,1,済,大森学園,D,東海大高輪台,F,https://www.kawakitanet.com/league_soccer/select.php?pref_cd=8&gameid=9157
第4地区,4地区ユースリーグ,2024,3部B,,2024-07-18,東京D,文教大付属,3,1,済,東京,D,文教大付,A,https://www.kawakitanet.com/league_soccer/select.php?pref_cd=8&gameid=9157
第4地区,4地区ユースリーグ,2024,3部B,,2024-07-15,東海大高輪台F,東京実業E,1,4,済,東海大高輪台,F,東京実業,E,https://www.kawakitanet.com/league_soccer/select.php?pref_cd=8&gameid=9157
第4地区,4地区ユースリーグ,2024,3部B,,2024-07-13,都立美原B,東京実業E,0,5,済,美原,B,東京実業,E,https://www.kawakitanet.com/league_soccer/select.php?pref_cd=8&gameid=9157
第4地区,4地区ユースリーグ,2024,3部B,,2024-07-06,麻布,都立美原B,5,0,済,麻布,A,美原,B,https://www.kawakitanet.com/league_soccer/select.php?pref_cd=8&gameid=9157
第4地区,4地区ユースリーグ,2024,3部B,,2024-06-23,文教大付属,青稜B,1,2,済,文教大付,A,青稜,B,https://www.kawakitanet.com/league_soccer/select.php?pref_cd=8&gameid=9157
第4地区,4地区ユースリーグ,2024,3部B,,2024-06-23,麻布,都立小山台,1,4,済,麻布,A,小山台,A,https://www.kawakitanet.com/league_soccer/select.php?pref_cd=8&gameid=9157
第4地区,4地区ユースリーグ,2024,3部B,,2024-06-22,東京D,東京実業E,2,1,済,東京,D,東京実業,E,https://www.kawakitanet.com/league_soccer/select.php?pref_cd=8&gameid=9157
第4地区,4地区ユースリーグ,2024,3部B,,2024-06-16,東京D,大森学園D,2,1,済,東京,D,大森学園,D,https://www.kawakitanet.com/league_soccer/select.php?pref_cd=8&gameid=9157
第4地区,4地区ユースリーグ,2024,3部B,,2024-06-16,都立小山台,都立美原B,12,0,済,小山台,A,美原,B,https://www.kawakitanet.com/league_soccer/select.php?pref_cd=8&gameid=9157
第4地区,4地区ユースリーグ,2024,3部B,,2024-06-12,東海大高輪台F,文教大付属,3,0,済,東海大高輪台,F,文教大付,A,https://www.kawakitanet.com/league_soccer/select.php?pref_cd=8&gameid=9157
第4地区,4地区ユースリーグ,2024,3部B,,2024-06-09,大森学園D,都立美原B,3,0,済,大森学園,D,美原,B,https://www.kawakitanet.com/league_soccer/select.php?pref_cd=8&gameid=9157
第4地区,4地区ユースリーグ,2024,3部B,,2024-06-01,東海大高輪台F,広尾学園,5,0,済,東海大高輪台,F,広尾学園,A,https://www.kawakitanet.com/league_soccer/select.php?pref_cd=8&gameid=9157
第4地区,4地区ユースリーグ,2024,3部B,,2024-05-13,都立美原B,東京D,0,6,済,美原,B,東京,D,https://www.kawakitanet.com/league_soccer/select.php?pref_cd=8&gameid=9157
第4地区,4地区ユースリーグ,2024,3部B,,2024-05-06,文教大付属,広尾学園,1,0,済,文教大付,A,広尾学園,A,https://www.kawakitanet.com/league_soccer/select.php?pref_cd=8&gameid=9157
第4地区,4地区ユースリーグ,2024,3部B,,2024-05-04,東京D,青稜B,5,2,済,東京,D,青稜,B,https://www.kawakitanet.com/league_soccer/select.php?pref_cd=8&gameid=9157
第4地区,4地区ユースリーグ,2024,3部B,,2024-04-29,東海大高輪台F,青稜B,5,0,済,東海大高輪台,F,青稜,B,https://www.kawakitanet.com/league_soccer/select.php?pref_cd=8&gameid=9157
第4地区,4地区ユースリーグ,2024,3部B,,2024-04-08,麻布,広尾学園,4,2,済,麻布,A,広尾学園,A,https://www.kawakitanet.com/league_soccer/select.php?pref_cd=8&gameid=9157
第4地区,4地区ユースリーグ,2024,3部B,,2024-04-02,広尾学園,東京実業E,0,7,済,広尾学園,A,東京実業,E,https://www.kawakitanet.com/league_soccer/select.php?pref_cd=8&gameid=9157
第4地区,4地区ユースリーグ,2024,3部B,,2024-03-30,大森学園D,都立小山台,1,1,済,大森学園,D,小山台,A,https://www.kawakitanet.com/league_soccer/select.php?pref_cd=8&gameid=9157
第4地区,4地区ユースリーグ,2024,3部B,,2024-03-22,麻布,文教大付属,0,1,済,麻布,A,文教大付,A,https://www.kawakitanet.com/league_soccer/select.php?pref_cd=8&gameid=9157
第4地区,4地区ユースリーグ,2024,3部B,,2024-03-16,青稜B,都立小山台,0,5,済,青稜,B,小山台,A,https://www.kawakitanet.com/league_soccer/select.php?pref_cd=8&gameid=9157
第4地区,4地区ユースリーグ,2024,3部B,,2024-03-14,麻布,大森学園D,0,2,済,麻布,A,大森学園,D,https://www.kawakitanet.com/league_soccer/select.php?pref_cd=8&gameid=9157
第4地区,4地区ユースリーグ,2024,3部B,,2024-03-13,青稜B,広尾学園,0,2,済,青稜,B,広尾学園,A,https://www.kawakitanet.com/league_soccer/select.php?pref_cd=8&gameid=9157
第4地区,4地区ユースリーグ,2024,3部B,,2023-03-23,都立小山台,東京実業E,1,0,済,小山台,A,東京実業,E,https://www.kawakitanet.com/league_soccer/select.php?pref_cd=8&gameid=9157
第4地区,4地区ユースリーグ,2025,1部,,2025-10-18,東海大高輪台D,大森学園C,2,2,済,東海大高輪台,D,大森学園,C,https://www.kawakitanet.com/league_soccer/select.php?pref_cd=8&gameid=9466
第4地区,4地区ユースリーグ,2025,1部,,2025-10-17,東京実業C,立正大立正,4,0,済,東京実業,C,立正大立正,A,https://www.kawakitanet.com/league_soccer/select.php?pref_cd=8&gameid=9466
第4地区,4地区ユースリーグ,2025,1部,,2025-10-13,日体大荏原B,芝A,3,0,済,日体大荏原,B,芝,A,https://www.kawakitanet.com/league_soccer/select.php?pref_cd=8&gameid=9466
第4地区,4地区ユースリーグ,2025,1部,,2025-10-13,東京B,都立美原A,0,0,済,東京,B,美原,A,https://www.kawakitanet.com/league_soccer/select.php?pref_cd=8&gameid=9466
第4地区,4地区ユースリーグ,2025,1部,,2025-10-13,攻玉社A,明治学院A,1,0,済,攻玉社,A,明治学院,A,https://www.kawakitanet.com/league_soccer/select.php?pref_cd=8&gameid=9466
第4地区,4地区ユースリーグ,2025,1部,,2025-10-09,攻玉社A,大森学園C,2,1,済,攻玉社,A,大森学園,C,https://www.kawakitanet.com/league_soccer/select.php?pref_cd=8&gameid=9466
第4地区,4地区ユースリーグ,2025,1部,,2025-10-05,東京実業C,明治学院A,2,0,済,東京実業,C,明治学院,A,https://www.kawakitanet.com/league_soccer/select.php?pref_cd=8&gameid=9466
第4地区,4地区ユースリーグ,2025,1部,,2025-10-04,都立美原A,立正大立正,1,5,済,美原,A,立正大立正,A,https://www.kawakitanet.com/league_soccer/select.php?pref_cd=8&gameid=9466
第4地区,4地区ユースリーグ,2025,1部,,2025-10-04,東京B,東海大高輪台D,2,0,済,東京,B,東海大高輪台,D,https://www.kawakitanet.com/league_soccer/select.php?pref_cd=8&gameid=9466
第4地区,4地区ユースリーグ,2025,1部,,2025-10-03,攻玉社A,日体大荏原B,2,1,済,攻玉社,A,日体大荏原,B,https://www.kawakitanet.com/league_soccer/select.php?pref_cd=8&gameid=9466
第4地区,4地区ユースリーグ,2025,1部,,2025-10-01,大森学園C,芝A,6,1,済,大森学園,C,芝,A,https://www.kawakitanet.com/league_soccer/select.php?pref_cd=8&gameid=9466
第4地区,4地区ユースリーグ,2025,1部,,2025-09-28,都立美原A,東海大高輪台D,0,12,済,美原,A,東海大高輪台,D,https://www.kawakitanet.com/league_soccer/select.php?pref_cd=8&gameid=9466
第4地区,4地区ユースリーグ,2025,1部,,2025-09-23,芝A,東京B,0,3,済,芝,A,東京,B,https://www.kawakitanet.com/league_soccer/select.php?pref_cd=8&gameid=9466
第4地区,4地区ユースリーグ,2025,1部,,2025-09-21,東京実業C,日体大荏原B,3,3,済,東京実業,C,日体大荏原,B,https://www.kawakitanet.com/league_soccer/select.php?pref_cd=8&gameid=9466
第4地区,4地区ユースリーグ,2025,1部,,2025-09-21,明治学院A,立正大立正,1,3,済,明治学院,A,立正大立正,A,https://www.kawakitanet.com/league_soccer/select.php?pref_cd=8&gameid=9466
第4地区,4地区ユースリーグ,2025,1部,,2025-06-29,大森学園C,明治学院A,2,1,済,大森学園,C,明治学院,A,https://www.kawakitanet.com/league_soccer/select.php?pref_cd=8&gameid=9466
第4地区,4地区ユースリーグ,2025,1部,,2025-06-29,都立美原A,芝A,1,2,済,美原,A,芝,A,https://www.kawakitanet.com/league_soccer/select.php?pref_cd=8&gameid=9466
第4地区,4地区ユースリーグ,2025,1部,,2025-06-12,東京B,攻玉社A,0,3,済,東京,B,攻玉社,A,https://www.kawakitanet.com/league_soccer/select.php?pref_cd=8&gameid=9466
第4地区,4地区ユースリーグ,2025,1部,,2025-06-09,大森学園C,東京実業C,2,3,済,大森学園,C,東京実業,C,https://www.kawakitanet.com/league_soccer/select.php?pref_cd=8&gameid=9466
第4地区,4地区ユースリーグ,2025,1部,,2025-06-08,日体大荏原B,明治学院A,0,1,済,日体大荏原,B,明治学院,A,https://www.kawakitanet.com/league_soccer/select.php?pref_cd=8&gameid=9466
第4地区,4地区ユースリーグ,2025,1部,,2025-06-08,東海大高輪台D,立正大立正,1,1,済,東海大高輪台,D,立正大立正,A,https://www.kawakitanet.com/league_soccer/select.php?pref_cd=8&gameid=9466
第4地区,4地区ユースリーグ,2025,1部,,2025-06-06,都立美原A,攻玉社A,1,5,済,美原,A,攻玉社,A,https://www.kawakitanet.com/league_soccer/select.php?pref_cd=8&gameid=9466
第4地区,4地区ユースリーグ,2025,1部,,2025-06-04,東海大高輪台D,芝A,5,0,済,東海大高輪台,D,芝,A,https://www.kawakitanet.com/league_soccer/select.php?pref_cd=8&gameid=9466
第4地区,4地区ユースリーグ,2025,1部,,2025-06-01,東京B,東京実業C,2,1,済,東京,B,東京実業,C,https://www.kawakitanet.com/league_soccer/select.php?pref_cd=8&gameid=9466
第4地区,4地区ユースリーグ,2025,1部,,2025-06-01,日体大荏原B,立正大立正,1,1,済,日体大荏原,B,立正大立正,A,https://www.kawakitanet.com/league_soccer/select.php?pref_cd=8&gameid=9466
第4地区,4地区ユースリーグ,2025,1部,,2025-05-28,東京実業C,都立美原A,0,1,済,東京実業,C,美原,A,https://www.kawakitanet.com/league_soccer/select.php?pref_cd=8&gameid=9466
第4地区,4地区ユースリーグ,2025,1部,,2025-05-27,攻玉社A,東海大高輪台D,2,0,済,攻玉社,A,東海大高輪台,D,https://www.kawakitanet.com/league_soccer/select.php?pref_cd=8&gameid=9466
第4地区,4地区ユースリーグ,2025,1部,,2025-05-26,東京B,明治学院A,1,0,済,東京,B,明治学院,A,https://www.kawakitanet.com/league_soccer/select.php?pref_cd=8&gameid=9466
第4地区,4地区ユースリーグ,2025,1部,,2025-05-26,日体大荏原B,大森学園C,0,0,済,日体大荏原,B,大森学園,C,https://www.kawakitanet.com/league_soccer/select.php?pref_cd=8&gameid=9466
第4地区,4地区ユースリーグ,2025,1部,,2025-05-25,芝A,立正大立正,1,2,済,芝,A,立正大立正,A,https://www.kawakitanet.com/league_soccer/select.php?pref_cd=8&gameid=9466
第4地区,4地区ユースリーグ,2025,1部,,2025-04-20,東海大高輪台D,東京実業C,3,1,済,東海大高輪台,D,東京実業,C,https://www.kawakitanet.com/league_soccer/select.php?pref_cd=8&gameid=9466
第4地区,4地区ユースリーグ,2025,1部,,2025-04-20,明治学院A,都立美原A,3,2,済,明治学院,A,美原,A,https://www.kawakitanet.com/league_soccer/select.php?pref_cd=8&gameid=9466
第4地区,4地区ユースリーグ,2025,1部,,2025-04-18,立正大立正,大森学園C,0,2,済,立正大立正,A,大森学園,C,https://www.kawakitanet.com/league_soccer/select.php?pref_cd=8&gameid=9466
第4地区,4地区ユースリーグ,2025,1部,,2025-04-16,攻玉社A,芝A,2,1,済,攻玉社,A,芝,A,https://www.kawakitanet.com/league_soccer/select.php?pref_cd=8&gameid=9466
第4地区,4地区ユースリーグ,2025,1部,,2025-04-12,東京B,日体大荏原B,2,0,済,東京,B,日体大荏原,B,https://www.kawakitanet.com/league_soccer/select.php?pref_cd=8&gameid=9466
第4地区,4地区ユースリーグ,2025,1部,,2025-04-09,芝A,東京実業C,1,1,済,芝,A,東京実業,C,https://www.kawakitanet.com/league_soccer/select.php?pref_cd=8&gameid=9466
第4地区,4地区ユースリーグ,2025,1部,,2025-04-08,攻玉社A,立正大立正,5,0,済,攻玉社,A,立正大立正,A,https://www.kawakitanet.com/league_soccer/select.php?pref_cd=8&gameid=9466
第4地区,4地区ユースリーグ,2025,1部,,2025-04-06,攻玉社A,東京実業C,1,0,済,攻玉社,A,東京実業,C,https://www.kawakitanet.com/league_soccer/select.php?pref_cd=8&gameid=9466
第4地区,4地区ユースリーグ,2025,1部,,2025-04-06,都立美原A,日体大荏原B,1,6,済,美原,A,日体大荏原,B,https://www.kawakitanet.com/league_soccer/select.php?pref_cd=8&gameid=9466
第4地区,4地区ユースリーグ,2025,1部,,2025-04-06,東海大高輪台D,明治学院A,2,0,済,東海大高輪台,D,明治学院,A,https://www.kawakitanet.com/league_soccer/select.php?pref_cd=8&gameid=9466
第4地区,4地区ユースリーグ,2025,1部,,2025-04-04,芝A,明治学院A,4,1,済,芝,A,明治学院,A,https://www.kawakitanet.com/league_soccer/select.php?pref_cd=8&gameid=9466
第4地区,4地区ユースリーグ,2025,1部,,2025-04-04,東京B,大森学園C,0,1,済,東京,B,大森学園,C,https://www.kawakitanet.com/league_soccer/select.php?pref_cd=8&gameid=9466
第4地区,4地区ユースリーグ,2025,1部,,2025-03-30,東海大高輪台D,日体大荏原B,0,2,済,東海大高輪台,D,日体大荏原,B,https://www.kawakitanet.com/league_soccer/select.php?pref_cd=8&gameid=9466
第4地区,4地区ユースリーグ,2025,1部,,2025-03-27,都立美原A,大森学園C,3,1,済,美原,A,大森学園,C,https://www.kawakitanet.com/league_soccer/select.php?pref_cd=8&gameid=9466
第4地区,4地区ユースリーグ,2025,1部,,2025-03-20,東京B,立正大立正,3,0,済,東京,B,立正大立正,A,https://www.kawakitanet.com/league_soccer/select.php?pref_cd=8&gameid=9466
第4地区,4地区ユースリーグ,2025,2部,,2025-12-27,日体大荏原C,暁星B,1,2,済,日体大荏原,C,暁星,B,https://www.kawakitanet.com/league_soccer/select.php?pref_cd=8&gameid=9467
第4地区,4地区ユースリーグ,2025,2部,,2025-12-25,東京実業D,都立つばさ総合,5,0,済,東京実業,D,つばさ総合,A,https://www.kawakitanet.com/league_soccer/select.php?pref_cd=8&gameid=9467
第4地区,4地区ユースリーグ,2025,2部,,2025-12-22,日体大荏原C,高輪,3,1,済,日体大荏原,C,高輪,A,https://www.kawakitanet.com/league_soccer/select.php?pref_cd=8&gameid=9467
第4地区,4地区ユースリーグ,2025,2部,,2025-12-22,東京C,都立雪谷,3,1,済,東京,C,雪谷,A,https://www.kawakitanet.com/league_soccer/select.php?pref_cd=8&gameid=9467
第4地区,4地区ユースリーグ,2025,2部,,2025-12-20,東海大高輪台E,朋優学院,2,2,済,東海大高輪台,E,朋優学院,A,https://www.kawakitanet.com/league_soccer/select.php?pref_cd=8&gameid=9467
第4地区,4地区ユースリーグ,2025,2部,,2025-12-20,東京実業D,都立小山台A,2,6,済,東京実業,D,小山台,A,https://www.kawakitanet.com/league_soccer/select.php?pref_cd=8&gameid=9467
第4地区,4地区ユースリーグ,2025,2部,,2025-12-19,高輪,暁星B,9,0,済,高輪,A,暁星,B,https://www.kawakitanet.com/league_soccer/select.php?pref_cd=8&gameid=9467
第4地区,4地区ユースリーグ,2025,2部,,2025-12-18,東京C,朋優学院,2,0,済,東京,C,朋優学院,A,https://www.kawakitanet.com/league_soccer/select.php?pref_cd=8&gameid=9467
第4地区,4地区ユースリーグ,2025,2部,,2025-12-17,東京実業D,朋優学院,0,1,済,東京実業,D,朋優学院,A,https://www.kawakitanet.com/league_soccer/select.php?pref_cd=8&gameid=9467
第4地区,4地区ユースリーグ,2025,2部,,2025-12-13,東京C,都立つばさ総合,2,1,済,東京,C,つばさ総合,A,https://www.kawakitanet.com/league_soccer/select.php?pref_cd=8&gameid=9467
第4地区,4地区ユースリーグ,2025,2部,,2025-12-13,日体大荏原C,朋優学院,0,0,済,日体大荏原,C,朋優学院,A,https://www.kawakitanet.com/league_soccer/select.php?pref_cd=8&gameid=9467
第4地区,4地区ユースリーグ,2025,2部,,2025-12-13,東海大高輪台E,暁星B,4,0,済,東海大高輪台,E,暁星,B,https://www.kawakitanet.com/league_soccer/select.php?pref_cd=8&gameid=9467
第4地区,4地区ユースリーグ,2025,2部,,2025-12-06,東海大高輪台E,都立雪谷,3,1,済,東海大高輪台,E,雪谷,A,https://www.kawakitanet.com/league_soccer/select.php?pref_cd=8&gameid=9467
第4地区,4地区ユースリーグ,2025,2部,,2025-11-16,都立つばさ総合,都立雪谷,0,2,済,つばさ総合,A,雪谷,A,https://www.kawakitanet.com/league_soccer/select.php?pref_cd=8&gameid=9467
第4地区,4地区ユースリーグ,2025,2部,,2025-11-14,高輪,東海大高輪台E,1,1,済,高輪,A,東海大高輪台,E,https://www.kawakitanet.com/league_soccer/select.php?pref_cd=8&gameid=9467
第4地区,4地区ユースリーグ,2025,2部,,2025-11-09,暁星B,都立小山台A,0,7,済,暁星,B,小山台,A,https://www.kawakitanet.com/league_soccer/select.php?pref_cd=8&gameid=9467
第4地区,4地区ユースリーグ,2025,2部,,2025-11-01,東海大高輪台E,東京実業D,0,4,済,東海大高輪台,E,東京実業,D,https://www.kawakitanet.com/league_soccer/select.php?pref_cd=8&gameid=9467
第4地区,4地区ユースリーグ,2025,2部,,2025-10-26,都立つばさ総合,都立小山台A,0,6,済,つばさ総合,A,小山台,A,https://www.kawakitanet.com/league_soccer/select.php?pref_cd=8&gameid=9467
第4地区,4地区ユースリーグ,2025,2部,,2025-10-05,高輪,東京C,1,4,済,高輪,A,東京,C,https://www.kawakitanet.com/league_soccer/select.php?pref_cd=8&gameid=9467
第4地区,4地区ユースリーグ,2025,2部,,2025-09-28,都立雪谷,都立小山台A,1,2,済,雪谷,A,小山台,A,https://www.kawakitanet.com/league_soccer/select.php?pref_cd=8&gameid=9467
第4地区,4地区ユースリーグ,2025,2部,,2025-09-21,日体大荏原C,東京実業D,3,3,済,日体大荏原,C,東京実業,D,https://www.kawakitanet.com/league_soccer/select.php?pref_cd=8&gameid=9467
第4地区,4地区ユースリーグ,2025,2部,,2025-06-27,高輪,東京実業D,1,1,済,高輪,A,東京実業,D,https://www.kawakitanet.com/league_soccer/select.php?pref_cd=8&gameid=9467
第4地区,4地区ユースリーグ,2025,2部,,2025-06-19,朋優学院,都立雪谷,1,1,済,朋優学院,A,雪谷,A,https://www.kawakitanet.com/league_soccer/select.php?pref_cd=8&gameid=9467
第4地区,4地区ユースリーグ,2025,2部,,2025-06-19,高輪,都立つばさ総合,4,0,済,高輪,A,つばさ総合,A,https://www.kawakitanet.com/league_soccer/select.php?pref_cd=8&gameid=9467
第4地区,4地区ユースリーグ,2025,2部,,2025-06-14,東京実業D,都立雪谷,2,2,済,東京実業,D,雪谷,A,https://www.kawakitanet.com/league_soccer/select.php?pref_cd=8&gameid=9467
第4地区,4地区ユースリーグ,2025,2部,,2025-06-08,高輪,都立雪谷,1,3,済,高輪,A,雪谷,A,https://www.kawakitanet.com/league_soccer/select.php?pref_cd=8&gameid=9467
第4地区,4地区ユースリーグ,2025,2部,,2025-06-07,暁星B,東京実業D,2,4,済,暁星,B,東京実業,D,https://www.kawakitanet.com/league_soccer/select.php?pref_cd=8&gameid=9467
第4地区,4地区ユースリーグ,2025,2部,,2025-06-07,都立つばさ総合,朋優学院,1,1,済,つばさ総合,A,朋優学院,A,https://www.kawakitanet.com/league_soccer/select.php?pref_cd=8&gameid=9467
第4地区,4地区ユースリーグ,2025,2部,,2025-06-07,東京C,日体大荏原C,4,0,済,東京,C,日体大荏原,C,https://www.kawakitanet.com/league_soccer/select.php?pref_cd=8&gameid=9467
第4地区,4地区ユースリーグ,2025,2部,,2025-06-01,暁星B,東京C,0,13,済,暁星,B,東京,C,https://www.kawakitanet.com/league_soccer/select.php?pref_cd=8&gameid=9467
第4地区,4地区ユースリーグ,2025,2部,,2025-05-14,朋優学院,高輪,0,2,済,朋優学院,A,高輪,A,https://www.kawakitanet.com/league_soccer/select.php?pref_cd=8&gameid=9467
第4地区,4地区ユースリーグ,2025,2部,,2025-05-11,高輪,都立小山台A,0,4,済,高輪,A,小山台,A,https://www.kawakitanet.com/league_soccer/select.php?pref_cd=8&gameid=9467
第4地区,4地区ユースリーグ,2025,2部,,2025-05-05,東京C,東京実業D,1,0,済,東京,C,東京実業,D,https://www.kawakitanet.com/league_soccer/select.php?pref_cd=8&gameid=9467
第4地区,4地区ユースリーグ,2025,2部,,2025-05-04,日体大荏原C,東海大高輪台E,2,2,済,日体大荏原,C,東海大高輪台,E,https://www.kawakitanet.com/league_soccer/select.php?pref_cd=8&gameid=9467
第4地区,4地区ユースリーグ,2025,2部,,2025-04-27,東海大高輪台E,東京C,0,6,済,東海大高輪台,E,東京,C,https://www.kawakitanet.com/league_soccer/select.php?pref_cd=8&gameid=9467
第4地区,4地区ユースリーグ,2025,2部,,2025-04-19,暁星B,都立つばさ総合,1,3,済,暁星,B,つばさ総合,A,https://www.kawakitanet.com/league_soccer/select.php?pref_cd=8&gameid=9467
第4地区,4地区ユースリーグ,2025,2部,,2025-04-12,日体大荏原C,都立つばさ総合,4,0,済,日体大荏原,C,つばさ総合,A,https://www.kawakitanet.com/league_soccer/select.php?pref_cd=8&gameid=9467
第4地区,4地区ユースリーグ,2025,2部,,2025-04-12,東海大高輪台E,都立小山台A,1,4,済,東海大高輪台,E,小山台,A,https://www.kawakitanet.com/league_soccer/select.php?pref_cd=8&gameid=9467
第4地区,4地区ユースリーグ,2025,2部,,2025-04-05,日体大荏原C,都立小山台A,2,3,済,日体大荏原,C,小山台,A,https://www.kawakitanet.com/league_soccer/select.php?pref_cd=8&gameid=9467
第4地区,4地区ユースリーグ,2025,2部,,2025-04-04,暁星B,朋優学院,1,6,済,暁星,B,朋優学院,A,https://www.kawakitanet.com/league_soccer/select.php?pref_cd=8&gameid=9467
第4地区,4地区ユースリーグ,2025,2部,,2025-04-02,日体大荏原C,都立雪谷,2,2,済,日体大荏原,C,雪谷,A,https://www.kawakitanet.com/league_soccer/select.php?pref_cd=8&gameid=9467
第4地区,4地区ユースリーグ,2025,2部,,2025-03-31,東京C,都立小山台A,3,2,済,東京,C,小山台,A,https://www.kawakitanet.com/league_soccer/select.php?pref_cd=8&gameid=9467
第4地区,4地区ユースリーグ,2025,2部,,2025-03-27,東海大高輪台E,都立つばさ総合,2,0,済,東海大高輪台,E,つばさ総合,A,https://www.kawakitanet.com/league_soccer/select.php?pref_cd=8&gameid=9467
第4地区,4地区ユースリーグ,2025,2部,,2025-03-26,暁星B,都立雪谷,0,10,済,暁星,B,雪谷,A,https://www.kawakitanet.com/league_soccer/select.php?pref_cd=8&gameid=9467
第4地区,4地区ユースリーグ,2025,2部,,2025-03-26,朋優学院,都立小山台A,0,4,済,朋優学院,A,小山台,A,https://www.kawakitanet.com/league_soccer/select.php?pref_cd=8&gameid=9467
第4地区,4地区ユースリーグ,2025,3部A,,2025-12-27,品川翔英,都立美原B,3,1,済,品川翔英,A,美原,B,https://www.kawakitanet.com/league_soccer/select.php?pref_cd=8&gameid=9468
第4地区,4地区ユースリーグ,2025,3部A,,2025-12-25,正則,文教大付属,1,3,済,正則,A,文教大付,A,https://www.kawakitanet.com/league_soccer/select.php?pref_cd=8&gameid=9468
第4地区,4地区ユースリーグ,2025,3部A,,2025-12-24,青稜B,東洋,4,0,済,青稜,B,東洋,A,https://www.kawakitanet.com/league_soccer/select.php?pref_cd=8&gameid=9468
第4地区,4地区ユースリーグ,2025,3部A,,2025-12-23,都立日比谷,正則,4,0,済,日比谷,A,正則,A,https://www.kawakitanet.com/league_soccer/select.php?pref_cd=8&gameid=9468
第4地区,4地区ユースリーグ,2025,3部A,,2025-12-23,文教大付属,都立美原B,12,0,済,文教大付,A,美原,B,https://www.kawakitanet.com/league_soccer/select.php?pref_cd=8&gameid=9468
第4地区,4地区ユースリーグ,2025,3部A,,2025-12-21,二松学舎,都立美原B,17,1,済,二松学舎大附,A,美原,B,https://www.kawakitanet.com/league_soccer/select.php?pref_cd=8&gameid=9468
第4地区,4地区ユースリーグ,2025,3部A,,2025-12-21,都立日比谷,東京D,1,2,済,日比谷,A,東京,D,https://www.kawakitanet.com/league_soccer/select.php?pref_cd=8&gameid=9468
第4地区,4地区ユースリーグ,2025,3部A,,2025-12-21,青稜B,都立小山台B,2,1,済,青稜,B,小山台,B,https://www.kawakitanet.com/league_soccer/select.php?pref_cd=8&gameid=9468
第4地区,4地区ユースリーグ,2025,3部A,,2025-12-19,正則,東京D,0,7,済,正則,A,東京,D,https://www.kawakitanet.com/league_soccer/select.php?pref_cd=8&gameid=9468
第4地区,4地区ユースリーグ,2025,3部A,,2025-12-07,都立美原B,東洋,0,15,済,美原,B,東洋,A,https://www.kawakitanet.com/league_soccer/select.php?pref_cd=8&gameid=9468
第4地区,4地区ユースリーグ,2025,3部A,,2025-12-06,都立日比谷,品川翔英,5,3,済,日比谷,A,品川翔英,A,https://www.kawakitanet.com/league_soccer/select.php?pref_cd=8&gameid=9468
第4地区,4地区ユースリーグ,2025,3部A,,2025-12-02,東洋,東京D,3,1,済,東洋,A,東京,D,https://www.kawakitanet.com/league_soccer/select.php?pref_cd=8&gameid=9468
第4地区,4地区ユースリーグ,2025,3部A,,2025-11-24,二松学舎,文教大付属,3,1,済,二松学舎大附,A,文教大付,A,https://www.kawakitanet.com/league_soccer/select.php?pref_cd=8&gameid=9468
第4地区,4地区ユースリーグ,2025,3部A,,2025-11-16,都立日比谷,文教大付属,5,1,済,日比谷,A,文教大付,A,https://www.kawakitanet.com/league_soccer/select.php?pref_cd=8&gameid=9468
第4地区,4地区ユースリーグ,2025,3部A,,2025-11-15,青稜B,都立美原B,10,0,済,青稜,B,美原,B,https://www.kawakitanet.com/league_soccer/select.php?pref_cd=8&gameid=9468
第4地区,4地区ユースリーグ,2025,3部A,,2025-11-12,品川翔英,都立小山台B,1,3,済,品川翔英,A,小山台,B,https://www.kawakitanet.com/league_soccer/select.php?pref_cd=8&gameid=9468
第4地区,4地区ユースリーグ,2025,3部A,,2025-11-05,正則,都立小山台B,2,1,済,正則,A,小山台,B,https://www.kawakitanet.com/league_soccer/select.php?pref_cd=8&gameid=9468
第4地区,4地区ユースリーグ,2025,3部A,,2025-10-13,東洋,正則,3,1,済,東洋,A,正則,A,https://www.kawakitanet.com/league_soccer/select.php?pref_cd=8&gameid=9468
第4地区,4地区ユースリーグ,2025,3部A,,2025-09-23,二松学舎,青稜B,2,3,済,二松学舎大附,A,青稜,B,https://www.kawakitanet.com/league_soccer/select.php?pref_cd=8&gameid=9468
第4地区,4地区ユースリーグ,2025,3部A,,2025-09-21,東京D,品川翔英,5,1,済,東京,D,品川翔英,A,https://www.kawakitanet.com/league_soccer/select.php?pref_cd=8&gameid=9468
第4地区,4地区ユースリーグ,2025,3部A,,2025-09-15,二松学舎,都立小山台B,5,0,済,二松学舎大附,A,小山台,B,https://www.kawakitanet.com/league_soccer/select.php?pref_cd=8&gameid=9468
第4地区,4地区ユースリーグ,2025,3部A,,2025-06-29,都立日比谷,東洋,7,0,済,日比谷,A,東洋,A,https://www.kawakitanet.com/league_soccer/select.php?pref_cd=8&gameid=9468
第4地区,4地区ユースリーグ,2025,3部A,,2025-06-21,東京D,二松学舎,6,2,済,東京,D,二松学舎大附,A,https://www.kawakitanet.com/league_soccer/select.php?pref_cd=8&gameid=9468
第4地区,4地区ユースリーグ,2025,3部A,,2025-06-15,二松学舎,東洋,2,1,済,二松学舎大附,A,東洋,A,https://www.kawakitanet.com/league_soccer/select.php?pref_cd=8&gameid=9468
第4地区,4地区ユースリーグ,2025,3部A,,2025-06-14,都立日比谷,青稜B,4,0,済,日比谷,A,青稜,B,https://www.kawakitanet.com/league_soccer/select.php?pref_cd=8&gameid=9468
第4地区,4地区ユースリーグ,2025,3部A,,2025-06-08,都立日比谷,二松学舎,3,0,済,日比谷,A,二松学舎大附,A,https://www.kawakitanet.com/league_soccer/select.php?pref_cd=8&gameid=9468
第4地区,4地区ユースリーグ,2025,3部A,,2025-06-08,東洋,文教大付属,2,0,済,東洋,A,文教大付,A,https://www.kawakitanet.com/league_soccer/select.php?pref_cd=8&gameid=9468
第4地区,4地区ユースリーグ,2025,3部A,,2025-06-08,正則,品川翔英,2,1,済,正則,A,品川翔英,A,https://www.kawakitanet.com/league_soccer/select.php?pref_cd=8&gameid=9468
第4地区,4地区ユースリーグ,2025,3部A,,2025-06-04,品川翔英,青稜B,5,2,済,品川翔英,A,青稜,B,https://www.kawakitanet.com/league_soccer/select.php?pref_cd=8&gameid=9468
第4地区,4地区ユースリーグ,2025,3部A,,2025-06-02,文教大付属,青稜B,0,3,済,文教大付,A,青稜,B,https://www.kawakitanet.com/league_soccer/select.php?pref_cd=8&gameid=9468
第4地区,4地区ユースリーグ,2025,3部A,,2025-06-01,都立日比谷,都立美原B,1,0,済,日比谷,A,美原,B,https://www.kawakitanet.com/league_soccer/select.php?pref_cd=8&gameid=9468
第4地区,4地区ユースリーグ,2025,3部A,,2025-05-25,東京D,都立美原B,10,0,済,東京,D,美原,B,https://www.kawakitanet.com/league_soccer/select.php?pref_cd=8&gameid=9468
第4地区,4地区ユースリーグ,2025,3部A,,2025-05-24,東洋,品川翔英,2,10,済,東洋,A,品川翔英,A,https://www.kawakitanet.com/league_soccer/select.php?pref_cd=8&gameid=9468
第4地区,4地区ユースリーグ,2025,3部A,,2025-05-10,都立美原B,正則,2,1,済,美原,B,正則,A,https://www.kawakitanet.com/league_soccer/select.php?pref_cd=8&gameid=9468
第4地区,4地区ユースリーグ,2025,3部A,,2025-05-05,東京D,文教大付属,2,0,済,東京,D,文教大付,A,https://www.kawakitanet.com/league_soccer/select.php?pref_cd=8&gameid=9468
第4地区,4地区ユースリーグ,2025,3部A,,2025-05-03,都立美原B,都立小山台B,2,2,済,美原,B,小山台,B,https://www.kawakitanet.com/league_soccer/select.php?pref_cd=8&gameid=9468
第4地区,4地区ユースリーグ,2025,3部A,,2025-04-20,文教大付属,都立小山台B,3,2,済,文教大付,A,小山台,B,https://www.kawakitanet.com/league_soccer/select.php?pref_cd=8&gameid=9468
第4地区,4地区ユースリーグ,2025,3部A,,2025-04-13,正則,二松学舎,1,2,済,正則,A,二松学舎大附,A,https://www.kawakitanet.com/league_soccer/select.php?pref_cd=8&gameid=9468
第4地区,4地区ユースリーグ,2025,3部A,,2025-04-08,東京D,青稜B,2,0,済,東京,D,青稜,B,https://www.kawakitanet.com/league_soccer/select.php?pref_cd=8&gameid=9468
第4地区,4地区ユースリーグ,2025,3部A,,2025-04-07,品川翔英,文教大付属,3,3,済,品川翔英,A,文教大付,A,https://www.kawakitanet.com/league_soccer/select.php?pref_cd=8&gameid=9468
第4地区,4地区ユースリーグ,2025,3部A,,2025-04-06,都立小山台B,東洋,1,2,済,小山台,B,東洋,A,https://www.kawakitanet.com/league_soccer/select.php?pref_cd=8&gameid=9468
第4地区,4地区ユースリーグ,2025,3部A,,2025-04-03,正則,青稜B,1,3,済,正則,A,青稜,B,https://www.kawakitanet.com/league_soccer/select.php?pref_cd=8&gameid=9468
第4地区,4地区ユースリーグ,2025,3部A,,2025-03-29,東京D,都立小山台B,0,1,済,東京,D,小山台,B,https://www.kawakitanet.com/league_soccer/select.php?pref_cd=8&gameid=9468
第4地区,4地区ユースリーグ,2025,3部A,,2025-03-27,都立日比谷,都立小山台B,5,0,済,日比谷,A,小山台,B,https://www.kawakitanet.com/league_soccer/select.php?pref_cd=8&gameid=9468
第4地区,4地区ユースリーグ,2025,3部A,,2025-03-26,品川翔英,二松学舎,2,0,済,品川翔英,A,二松学舎大附,A,https://www.kawakitanet.com/league_soccer/select.php?pref_cd=8&gameid=9468
第4地区,4地区ユースリーグ,2025,3部B,,2025-12-26,羽田国際,攻玉社B,3,0,済,羽田国際,A,攻玉社,B,https://www.kawakitanet.com/league_soccer/select.php?pref_cd=8&gameid=9469
第4地区,4地区ユースリーグ,2025,3部B,,2025-12-24,羽田国際,東京実業E,0,1,済,羽田国際,A,東京実業,E,https://www.kawakitanet.com/league_soccer/select.php?pref_cd=8&gameid=9469
第4地区,4地区ユースリーグ,2025,3部B,,2025-12-23,東京実業E,攻玉社B,3,1,済,東京実業,E,攻玉社,B,https://www.kawakitanet.com/league_soccer/select.php?pref_cd=8&gameid=9469
第4地区,4地区ユースリーグ,2025,3部B,,2025-12-23,明治学院B,芝B,2,2,済,明治学院,B,芝,B,https://www.kawakitanet.com/league_soccer/select.php?pref_cd=8&gameid=9469
第4地区,4地区ユースリーグ,2025,3部B,,2025-12-22,羽田国際,麻布,2,0,済,羽田国際,A,麻布,A,https://www.kawakitanet.com/league_soccer/select.php?pref_cd=8&gameid=9469
第4地区,4地区ユースリーグ,2025,3部B,,2025-12-21,正則学園B,日体大荏原D,4,3,済,正則学園,B,日体大荏原,D,https://www.kawakitanet.com/league_soccer/select.php?pref_cd=8&gameid=9469
第4地区,4地区ユースリーグ,2025,3部B,,2025-12-20,正則学園B,麻布,4,2,済,正則学園,B,麻布,A,https://www.kawakitanet.com/league_soccer/select.php?pref_cd=8&gameid=9469
第4地区,4地区ユースリーグ,2025,3部B,,2025-12-19,羽田国際,正則学園B,4,0,済,羽田国際,A,正則学園,B,https://www.kawakitanet.com/league_soccer/select.php?pref_cd=8&gameid=9469
第4地区,4地区ユースリーグ,2025,3部B,,2025-12-17,攻玉社B,明治学院B,1,3,済,攻玉社,B,明治学院,B,https://www.kawakitanet.com/league_soccer/select.php?pref_cd=8&gameid=9469
第4地区,4地区ユースリーグ,2025,3部B,,2025-12-17,広尾学園,芝B,4,1,済,広尾学園,A,芝,B,https://www.kawakitanet.com/league_soccer/select.php?pref_cd=8&gameid=9469
第4地区,4地区ユースリーグ,2025,3部B,,2025-12-12,広尾学園,麻布,0,1,済,広尾学園,A,麻布,A,https://www.kawakitanet.com/league_soccer/select.php?pref_cd=8&gameid=9469
第4地区,4地区ユースリーグ,2025,3部B,,2025-12-09,大森学園D,広尾学園,0,2,済,大森学園,D,広尾学園,A,https://www.kawakitanet.com/league_soccer/select.php?pref_cd=8&gameid=9469
第4地区,4地区ユースリーグ,2025,3部B,,2025-12-09,正則学園B,東京実業E,4,2,済,正則学園,B,東京実業,E,https://www.kawakitanet.com/league_soccer/select.php?pref_cd=8&gameid=9469
第4地区,4地区ユースリーグ,2025,3部B,,2025-11-29,東京実業E,広尾学園,5,2,済,東京実業,E,広尾学園,A,https://www.kawakitanet.com/league_soccer/select.php?pref_cd=8&gameid=9469
第4地区,4地区ユースリーグ,2025,3部B,,2025-11-16,日体大荏原D,麻布,2,2,済,日体大荏原,D,麻布,A,https://www.kawakitanet.com/league_soccer/select.php?pref_cd=8&gameid=9469
第4地区,4地区ユースリーグ,2025,3部B,,2025-11-02,日体大荏原D,大森学園D,0,7,済,日体大荏原,D,大森学園,D,https://www.kawakitanet.com/league_soccer/select.php?pref_cd=8&gameid=9469
第4地区,4地区ユースリーグ,2025,3部B,,2025-10-04,大森学園D,明治学院B,4,1,済,大森学園,D,明治学院,B,https://www.kawakitanet.com/league_soccer/select.php?pref_cd=8&gameid=9469
第4地区,4地区ユースリーグ,2025,3部B,,2025-10-01,芝B,羽田国際,0,6,済,芝,B,羽田国際,A,https://www.kawakitanet.com/league_soccer/select.php?pref_cd=8&gameid=9469
第4地区,4地区ユースリーグ,2025,3部B,,2025-09-23,大森学園D,正則学園B,6,0,済,大森学園,D,正則学園,B,https://www.kawakitanet.com/league_soccer/select.php?pref_cd=8&gameid=9469
第4地区,4地区ユースリーグ,2025,3部B,,2025-09-21,明治学院B,日体大荏原D,0,5,済,明治学院,B,日体大荏原,D,https://www.kawakitanet.com/league_soccer/select.php?pref_cd=8&gameid=9469
第4地区,4地区ユースリーグ,2025,3部B,,2025-09-15,攻玉社B,芝B,2,3,済,攻玉社,B,芝,B,https://www.kawakitanet.com/league_soccer/select.php?pref_cd=8&gameid=9469
第4地区,4地区ユースリーグ,2025,3部B,,2025-09-13,大森学園D,東京実業E,8,0,済,大森学園,D,東京実業,E,https://www.kawakitanet.com/league_soccer/select.php?pref_cd=8&gameid=9469
第4地区,4地区ユースリーグ,2025,3部B,,2025-06-22,広尾学園,羽田国際,0,3,済,広尾学園,A,羽田国際,A,https://www.kawakitanet.com/league_soccer/select.php?pref_cd=8&gameid=9469
第4地区,4地区ユースリーグ,2025,3部B,,2025-06-22,日体大荏原D,攻玉社B,4,0,済,日体大荏原,D,攻玉社,B,https://www.kawakitanet.com/league_soccer/select.php?pref_cd=8&gameid=9469
第4地区,4地区ユースリーグ,2025,3部B,,2025-06-19,麻布,東京実業E,1,2,済,麻布,A,東京実業,E,https://www.kawakitanet.com/league_soccer/select.php?pref_cd=8&gameid=9469
第4地区,4地区ユースリーグ,2025,3部B,,2025-06-17,大森学園D,麻布,4,1,済,大森学園,D,麻布,A,https://www.kawakitanet.com/league_soccer/select.php?pref_cd=8&gameid=9469
第4地区,4地区ユースリーグ,2025,3部B,,2025-06-14,羽田国際,大森学園D,1,0,済,羽田国際,A,大森学園,D,https://www.kawakitanet.com/league_soccer/select.php?pref_cd=8&gameid=9469
第4地区,4地区ユースリーグ,2025,3部B,,2025-06-08,麻布,明治学院B,0,1,済,麻布,A,明治学院,B,https://www.kawakitanet.com/league_soccer/select.php?pref_cd=8&gameid=9469
第4地区,4地区ユースリーグ,2025,3部B,,2025-06-08,芝B,日体大荏原D,2,3,済,芝,B,日体大荏原,D,https://www.kawakitanet.com/league_soccer/select.php?pref_cd=8&gameid=9469
第4地区,4地区ユースリーグ,2025,3部B,,2025-05-10,広尾学園,明治学院B,1,0,済,広尾学園,A,明治学院,B,https://www.kawakitanet.com/league_soccer/select.php?pref_cd=8&gameid=9469
第4地区,4地区ユースリーグ,2025,3部B,,2025-05-06,正則学園B,芝B,4,0,済,正則学園,B,芝,B,https://www.kawakitanet.com/league_soccer/select.php?pref_cd=8&gameid=9469
第4地区,4地区ユースリーグ,2025,3部B,,2025-05-04,明治学院B,羽田国際,0,3,済,明治学院,B,羽田国際,A,https://www.kawakitanet.com/league_soccer/select.php?pref_cd=8&gameid=9469
第4地区,4地区ユースリーグ,2025,3部B,,2025-05-02,大森学園D,攻玉社B,4,2,済,大森学園,D,攻玉社,B,https://www.kawakitanet.com/league_soccer/select.php?pref_cd=8&gameid=9469
第4地区,4地区ユースリーグ,2025,3部B,,2025-04-27,東京実業E,日体大荏原D,3,0,済,東京実業,E,日体大荏原,D,https://www.kawakitanet.com/league_soccer/select.php?pref_cd=8&gameid=9469
第4地区,4地区ユースリーグ,2025,3部B,,2025-04-20,日体大荏原D,羽田国際,2,1,済,日体大荏原,D,羽田国際,A,https://www.kawakitanet.com/league_soccer/select.php?pref_cd=8&gameid=9469
第4地区,4地区ユースリーグ,2025,3部B,,2025-04-10,東京実業E,芝B,4,0,済,東京実業,E,芝,B,https://www.kawakitanet.com/league_soccer/select.php?pref_cd=8&gameid=9469
第4地区,4地区ユースリーグ,2025,3部B,,2025-04-10,正則学園B,攻玉社B,6,4,済,正則学園,B,攻玉社,B,https://www.kawakitanet.com/league_soccer/select.php?pref_cd=8&gameid=9469
第4地区,4地区ユースリーグ,2025,3部B,,2025-04-08,麻布,芝B,13,0,済,麻布,A,芝,B,https://www.kawakitanet.com/league_soccer/select.php?pref_cd=8&gameid=9469
第4地区,4地区ユースリーグ,2025,3部B,,2025-04-06,攻玉社B,広尾学園,3,0,済,攻玉社,B,広尾学園,A,https://www.kawakitanet.com/league_soccer/select.php?pref_cd=8&gameid=9469
第4地区,4地区ユースリーグ,2025,3部B,,2025-04-06,東京実業E,明治学院B,0,1,済,東京実業,E,明治学院,B,https://www.kawakitanet.com/league_soccer/select.php?pref_cd=8&gameid=9469
第4地区,4地区ユースリーグ,2025,3部B,,2025-04-04,日体大荏原D,広尾学園,2,1,済,日体大荏原,D,広尾学園,A,https://www.kawakitanet.com/league_soccer/select.php?pref_cd=8&gameid=9469
第4地区,4地区ユースリーグ,2025,3部B,,2025-04-04,麻布,攻玉社B,2,1,済,麻布,A,攻玉社,B,https://www.kawakitanet.com/league_soccer/select.php?pref_cd=8&gameid=9469
第4地区,4地区ユースリーグ,2025,3部B,,2025-04-04,大森学園D,芝B,5,0,済,大森学園,D,芝,B,https://www.kawakitanet.com/league_soccer/select.php?pref_cd=8&gameid=9469
第4地区,4地区ユースリーグ,2025,3部B,,2025-04-03,正則学園B,明治学院B,5,2,済,正則学園,B,明治学院,B,https://www.kawakitanet.com/league_soccer/select.php?pref_cd=8&gameid=9469
第4地区,4地区ユースリーグ,2025,3部B,,2025-03-28,正則学園B,広尾学園,2,2,済,正則学園,B,広尾学園,A,https://www.kawakitanet.com/league_soccer/select.php?pref_cd=8&gameid=9469
第4地区,4地区ユースリーグ,2026,1部,,2026-09-08,正則学園A,大森学園C,3,1,済,正則学園,A,大森学園,C,https://www.kawakitanet.com/league_soccer/select.php?pref_cd=8&gameid=9761
第4地区,4地区ユースリーグ,2026,1部,,2026-09-06,都立小山台A,日体大荏原B,3,2,済,小山台,A,日体大荏原,B,https://www.kawakitanet.com/league_soccer/select.php?pref_cd=8&gameid=9761
第4地区,4地区ユースリーグ,2026,1部,,2026-09-02,東京実業C,芝A,1,0,済,東京実業,C,芝,A,https://www.kawakitanet.com/league_soccer/select.php?pref_cd=8&gameid=9761
第4地区,4地区ユースリーグ,2026,1部,,2026-06-24,芝A,都立雪谷,2,1,済,芝,A,雪谷,A,https://www.kawakitanet.com/league_soccer/select.php?pref_cd=8&gameid=9761
第4地区,4地区ユースリーグ,2026,1部,,2026-06-14,大森学園C,東京B,2,0,済,大森学園,C,東京,B,https://www.kawakitanet.com/league_soccer/select.php?pref_cd=8&gameid=9761
第4地区,4地区ユースリーグ,2026,1部,,2026-06-13,東海大高輪台D,都立雪谷,7,1,済,東海大高輪台,D,雪谷,A,https://www.kawakitanet.com/league_soccer/select.php?pref_cd=8&gameid=9761
第4地区,4地区ユースリーグ,2026,1部,,2026-06-12,東京実業C,都立小山台A,1,1,済,東京実業,C,小山台,A,https://www.kawakitanet.com/league_soccer/select.php?pref_cd=8&gameid=9761
第4地区,4地区ユースリーグ,2026,1部,,2026-06-11,芝A,立正大立正,0,9,済,芝,A,立正大立正,A,https://www.kawakitanet.com/league_soccer/select.php?pref_cd=8&gameid=9761
第4地区,4地区ユースリーグ,2026,1部,,2026-06-09,正則学園A,日体大荏原B,0,3,済,正則学園,A,日体大荏原,B,https://www.kawakitanet.com/league_soccer/select.php?pref_cd=8&gameid=9761
第4地区,4地区ユースリーグ,2026,1部,,2026-06-08,東海大高輪台D,大森学園C,0,2,済,東海大高輪台,D,大森学園,C,https://www.kawakitanet.com/league_soccer/select.php?pref_cd=8&gameid=9761
第4地区,4地区ユースリーグ,2026,1部,,2026-06-04,正則学園A,東京実業C,4,5,済,正則学園,A,東京実業,C,https://www.kawakitanet.com/league_soccer/select.php?pref_cd=8&gameid=9761
第4地区,4地区ユースリーグ,2026,1部,,2026-06-02,立正大立正,都立小山台A,1,3,済,立正大立正,A,小山台,A,https://www.kawakitanet.com/league_soccer/select.php?pref_cd=8&gameid=9761
第4地区,4地区ユースリーグ,2026,1部,,2026-05-31,日体大荏原B,東京B,3,1,済,日体大荏原,B,東京,B,https://www.kawakitanet.com/league_soccer/select.php?pref_cd=8&gameid=9761
第4地区,4地区ユースリーグ,2026,1部,,2026-05-22,東京実業C,東京B,1,0,済,東京実業,C,東京,B,https://www.kawakitanet.com/league_soccer/select.php?pref_cd=8&gameid=9761
第4地区,4地区ユースリーグ,2026,1部,,2026-05-18,正則学園A,立正大立正,3,3,済,正則学園,A,立正大立正,A,https://www.kawakitanet.com/league_soccer/select.php?pref_cd=8&gameid=9761
第4地区,4地区ユースリーグ,2026,1部,,2026-05-17,芝A,都立小山台A,2,4,済,芝,A,小山台,A,https://www.kawakitanet.com/league_soccer/select.php?pref_cd=8&gameid=9761
第4地区,4地区ユースリーグ,2026,1部,,2026-05-17,都立雪谷,大森学園C,0,4,済,雪谷,A,大森学園,C,https://www.kawakitanet.com/league_soccer/select.php?pref_cd=8&gameid=9761
第4地区,4地区ユースリーグ,2026,1部,,2026-05-16,東海大高輪台D,日体大荏原B,0,3,済,東海大高輪台,D,日体大荏原,B,https://www.kawakitanet.com/league_soccer/select.php?pref_cd=8&gameid=9761
第4地区,4地区ユースリーグ,2026,1部,,2026-05-06,都立小山台A,都立雪谷,0,2,済,小山台,A,雪谷,A,https://www.kawakitanet.com/league_soccer/select.php?pref_cd=8&gameid=9761
第4地区,4地区ユースリーグ,2026,1部,,2026-04-19,立正大立正,東京B,0,4,済,立正大立正,A,東京,B,https://www.kawakitanet.com/league_soccer/select.php?pref_cd=8&gameid=9761
第4地区,4地区ユースリーグ,2026,1部,,2026-04-18,大森学園C,日体大荏原B,0,1,済,大森学園,C,日体大荏原,B,https://www.kawakitanet.com/league_soccer/select.php?pref_cd=8&gameid=9761
第4地区,4地区ユースリーグ,2026,1部,,2026-04-15,正則学園A,芝A,1,1,済,正則学園,A,芝,A,https://www.kawakitanet.com/league_soccer/select.php?pref_cd=8&gameid=9761
第4地区,4地区ユースリーグ,2026,1部,,2026-04-15,東京実業C,東海大高輪台D,5,1,済,東京実業,C,東海大高輪台,D,https://www.kawakitanet.com/league_soccer/select.php?pref_cd=8&gameid=9761
第4地区,4地区ユースリーグ,2026,1部,,2026-04-12,東京B,都立小山台A,2,3,済,東京,B,小山台,A,https://www.kawakitanet.com/league_soccer/select.php?pref_cd=8&gameid=9761
第4地区,4地区ユースリーグ,2026,1部,,2026-04-12,日体大荏原B,都立雪谷,3,0,済,日体大荏原,B,雪谷,A,https://www.kawakitanet.com/league_soccer/select.php?pref_cd=8&gameid=9761
第4地区,4地区ユースリーグ,2026,1部,,2026-04-12,東海大高輪台D,芝A,1,0,済,東海大高輪台,D,芝,A,https://www.kawakitanet.com/league_soccer/select.php?pref_cd=8&gameid=9761
第4地区,4地区ユースリーグ,2026,1部,,2026-04-10,東京実業C,大森学園C,2,0,済,東京実業,C,大森学園,C,https://www.kawakitanet.com/league_soccer/select.php?pref_cd=8&gameid=9761
第4地区,4地区ユースリーグ,2026,1部,,2026-04-07,日体大荏原B,東京実業C,4,1,済,日体大荏原,B,東京実業,C,https://www.kawakitanet.com/league_soccer/select.php?pref_cd=8&gameid=9761
第4地区,4地区ユースリーグ,2026,1部,,2026-04-05,正則学園A,都立小山台A,1,2,済,正則学園,A,小山台,A,https://www.kawakitanet.com/league_soccer/select.php?pref_cd=8&gameid=9761
第4地区,4地区ユースリーグ,2026,1部,,2026-04-05,東海大高輪台D,立正大立正,3,3,済,東海大高輪台,D,立正大立正,A,https://www.kawakitanet.com/league_soccer/select.php?pref_cd=8&gameid=9761
第4地区,4地区ユースリーグ,2026,1部,,2026-04-02,正則学園A,都立雪谷,1,2,済,正則学園,A,雪谷,A,https://www.kawakitanet.com/league_soccer/select.php?pref_cd=8&gameid=9761
第4地区,4地区ユースリーグ,2026,1部,,2026-04-01,大森学園C,立正大立正,4,1,済,大森学園,C,立正大立正,A,https://www.kawakitanet.com/league_soccer/select.php?pref_cd=8&gameid=9761
第4地区,4地区ユースリーグ,2026,1部,,2026-04-01,東京B,芝A,4,0,済,東京,B,芝,A,https://www.kawakitanet.com/league_soccer/select.php?pref_cd=8&gameid=9761
第4地区,4地区ユースリーグ,2026,2部,,2026-06-23,東京実業D,高輪,1,0,済,東京実業,D,高輪,A,https://www.kawakitanet.com/league_soccer/select.php?pref_cd=8&gameid=9762
第4地区,4地区ユースリーグ,2026,2部,,2026-06-14,都立美原A,都立日比谷,2,3,済,美原,A,日比谷,A,https://www.kawakitanet.com/league_soccer/select.php?pref_cd=8&gameid=9762
第4地区,4地区ユースリーグ,2026,2部,,2026-06-14,明治学院A,朋優学院,5,1,済,明治学院,A,朋優学院,A,https://www.kawakitanet.com/league_soccer/select.php?pref_cd=8&gameid=9762
第4地区,4地区ユースリーグ,2026,2部,,2026-06-07,高輪,都立つばさ総合,3,1,済,高輪,A,つばさ総合,A,https://www.kawakitanet.com/league_soccer/select.php?pref_cd=8&gameid=9762
第4地区,4地区ユースリーグ,2026,2部,,2026-06-07,明治学院A,都立日比谷,1,1,済,明治学院,A,日比谷,A,https://www.kawakitanet.com/league_soccer/select.php?pref_cd=8&gameid=9762
第4地区,4地区ユースリーグ,2026,2部,,2026-05-29,日体大荏原C,明治学院A,1,3,済,日体大荏原,C,明治学院,A,https://www.kawakitanet.com/league_soccer/select.php?pref_cd=8&gameid=9762
第4地区,4地区ユースリーグ,2026,2部,,2026-05-12,大森学園D,都立つばさ総合,1,1,済,大森学園,D,つばさ総合,A,https://www.kawakitanet.com/league_soccer/select.php?pref_cd=8&gameid=9762
第4地区,4地区ユースリーグ,2026,2部,,2026-04-26,東京C,日体大荏原C,0,1,済,東京,C,日体大荏原,C,https://www.kawakitanet.com/league_soccer/select.php?pref_cd=8&gameid=9762
第4地区,4地区ユースリーグ,2026,2部,,2026-04-18,都立美原A,朋優学院,1,2,済,美原,A,朋優学院,A,https://www.kawakitanet.com/league_soccer/select.php?pref_cd=8&gameid=9762
第4地区,4地区ユースリーグ,2026,2部,,2026-04-12,大森学園D,都立日比谷,0,1,済,大森学園,D,日比谷,A,https://www.kawakitanet.com/league_soccer/select.php?pref_cd=8&gameid=9762
第4地区,4地区ユースリーグ,2026,2部,,2026-04-12,高輪,日体大荏原C,0,2,済,高輪,A,日体大荏原,C,https://www.kawakitanet.com/league_soccer/select.php?pref_cd=8&gameid=9762
第4地区,4地区ユースリーグ,2026,2部,,2026-04-11,都立美原A,都立つばさ総合,4,1,済,美原,A,つばさ総合,A,https://www.kawakitanet.com/league_soccer/select.php?pref_cd=8&gameid=9762
第4地区,4地区ユースリーグ,2026,2部,,2026-04-09,東京C,高輪,1,0,済,東京,C,高輪,A,https://www.kawakitanet.com/league_soccer/select.php?pref_cd=8&gameid=9762
第4地区,4地区ユースリーグ,2026,2部,,2026-04-07,東京実業D,都立つばさ総合,4,0,済,東京実業,D,つばさ総合,A,https://www.kawakitanet.com/league_soccer/select.php?pref_cd=8&gameid=9762
第4地区,4地区ユースリーグ,2026,2部,,2026-04-05,東京C,朋優学院,3,1,済,東京,C,朋優学院,A,https://www.kawakitanet.com/league_soccer/select.php?pref_cd=8&gameid=9762
第4地区,4地区ユースリーグ,2026,2部,,2026-04-04,都立美原A,大森学園D,0,5,済,美原,A,大森学園,D,https://www.kawakitanet.com/league_soccer/select.php?pref_cd=8&gameid=9762
第4地区,4地区ユースリーグ,2026,2部,,2026-04-02,東京実業D,朋優学院,5,2,済,東京実業,D,朋優学院,A,https://www.kawakitanet.com/league_soccer/select.php?pref_cd=8&gameid=9762
第4地区,4地区ユースリーグ,2026,2部,,2026-04-01,明治学院A,大森学園D,1,1,済,明治学院,A,大森学園,D,https://www.kawakitanet.com/league_soccer/select.php?pref_cd=8&gameid=9762
第4地区,4地区ユースリーグ,2026,3部A,,2026-06-26,正則学園B,大森学園E,11,0,済,正則学園,B,大森学園,E,https://www.kawakitanet.com/league_soccer/select.php?pref_cd=8&gameid=9763
第4地区,4地区ユースリーグ,2026,3部A,,2026-06-23,大森学園E,芝B,5,0,済,大森学園,E,芝,B,https://www.kawakitanet.com/league_soccer/select.php?pref_cd=8&gameid=9763
第4地区,4地区ユースリーグ,2026,3部A,,2026-06-14,正則学園B,二松学舎,0,2,済,正則学園,B,二松学舎大附,A,https://www.kawakitanet.com/league_soccer/select.php?pref_cd=8&gameid=9763
第4地区,4地区ユースリーグ,2026,3部A,,2026-06-14,文教大付属,明治学院B,0,2,済,文教大付,A,明治学院,B,https://www.kawakitanet.com/league_soccer/select.php?pref_cd=8&gameid=9763
第4地区,4地区ユースリーグ,2026,3部A,,2026-06-09,文教大付属,攻玉社B,0,3,済,文教大付,A,攻玉社,B,https://www.kawakitanet.com/league_soccer/select.php?pref_cd=8&gameid=9763
第4地区,4地区ユースリーグ,2026,3部A,,2026-06-08,大森学園E,二松学舎,3,2,済,大森学園,E,二松学舎大附,A,https://www.kawakitanet.com/league_soccer/select.php?pref_cd=8&gameid=9763
第4地区,4地区ユースリーグ,2026,3部A,,2026-06-07,錦城学園,明治学院B,2,3,済,錦城学園,A,明治学院,B,https://www.kawakitanet.com/league_soccer/select.php?pref_cd=8&gameid=9763
第4地区,4地区ユースリーグ,2026,3部A,,2026-05-18,東京実業E,品川翔英,2,2,済,東京実業,E,品川翔英,A,https://www.kawakitanet.com/league_soccer/select.php?pref_cd=8&gameid=9763
第4地区,4地区ユースリーグ,2026,3部A,,2026-05-17,正則学園B,文教大付属,9,0,済,正則学園,B,文教大付,A,https://www.kawakitanet.com/league_soccer/select.php?pref_cd=8&gameid=9763
第4地区,4地区ユースリーグ,2026,3部A,,2026-05-06,二松学舎,攻玉社B,1,1,済,二松学舎大附,A,攻玉社,B,https://www.kawakitanet.com/league_soccer/select.php?pref_cd=8&gameid=9763
第4地区,4地区ユースリーグ,2026,3部A,,2026-05-06,品川翔英,錦城学園,5,2,済,品川翔英,A,錦城学園,A,https://www.kawakitanet.com/league_soccer/select.php?pref_cd=8&gameid=9763
第4地区,4地区ユースリーグ,2026,3部A,,2026-05-05,明治学院B,芝B,1,3,済,明治学院,B,芝,B,https://www.kawakitanet.com/league_soccer/select.php?pref_cd=8&gameid=9763
第4地区,4地区ユースリーグ,2026,3部A,,2026-05-02,文教大付属,大森学園E,0,1,済,文教大付,A,大森学園,E,https://www.kawakitanet.com/league_soccer/select.php?pref_cd=8&gameid=9763
第4地区,4地区ユースリーグ,2026,3部A,,2026-04-17,東京実業E,錦城学園,5,1,済,東京実業,E,錦城学園,A,https://www.kawakitanet.com/league_soccer/select.php?pref_cd=8&gameid=9763
第4地区,4地区ユースリーグ,2026,3部A,,2026-04-17,暁星B,東京実業E,2,0,済,暁星,B,東京実業,E,https://www.kawakitanet.com/league_soccer/select.php?pref_cd=8&gameid=9763
第4地区,4地区ユースリーグ,2026,3部A,,2026-04-14,品川翔英,文教大付属,6,0,済,品川翔英,A,文教大付,A,https://www.kawakitanet.com/league_soccer/select.php?pref_cd=8&gameid=9763
第4地区,4地区ユースリーグ,2026,3部A,,2026-04-12,芝B,攻玉社B,1,4,済,芝,B,攻玉社,B,https://www.kawakitanet.com/league_soccer/select.php?pref_cd=8&gameid=9763
第4地区,4地区ユースリーグ,2026,3部A,,2026-04-11,暁星B,品川翔英,2,5,済,暁星,B,品川翔英,A,https://www.kawakitanet.com/league_soccer/select.php?pref_cd=8&gameid=9763
第4地区,4地区ユースリーグ,2026,3部A,,2026-04-07,正則学園B,攻玉社B,2,3,済,正則学園,B,攻玉社,B,https://www.kawakitanet.com/league_soccer/select.php?pref_cd=8&gameid=9763
第4地区,4地区ユースリーグ,2026,3部A,,2026-04-06,暁星B,錦城学園,2,0,済,暁星,B,錦城学園,A,https://www.kawakitanet.com/league_soccer/select.php?pref_cd=8&gameid=9763
第4地区,4地区ユースリーグ,2026,3部A,,2026-04-03,東京実業E,芝B,2,2,済,東京実業,E,芝,B,https://www.kawakitanet.com/league_soccer/select.php?pref_cd=8&gameid=9763
第4地区,4地区ユースリーグ,2026,3部A,,2026-04-01,二松学舎,明治学院B,2,0,済,二松学舎大附,A,明治学院,B,https://www.kawakitanet.com/league_soccer/select.php?pref_cd=8&gameid=9763
第4地区,4地区ユースリーグ,2026,3部A,,2026-04-01,攻玉社B,錦城学園,8,1,済,攻玉社,B,錦城学園,A,https://www.kawakitanet.com/league_soccer/select.php?pref_cd=8&gameid=9763
第4地区,4地区ユースリーグ,2026,3部B,,2026-06-29,広尾学園,麻布,0,1,済,広尾学園,A,麻布,A,https://www.kawakitanet.com/league_soccer/select.php?pref_cd=8&gameid=9764
第4地区,4地区ユースリーグ,2026,3部B,,2026-06-26,羽田国際,広尾学園,1,1,済,羽田国際,A,広尾学園,A,https://www.kawakitanet.com/league_soccer/select.php?pref_cd=8&gameid=9764
第4地区,4地区ユースリーグ,2026,3部B,,2026-06-21,青稜B,羽田国際,0,2,済,青稜,B,羽田国際,A,https://www.kawakitanet.com/league_soccer/select.php?pref_cd=8&gameid=9764
第4地区,4地区ユースリーグ,2026,3部B,,2026-06-21,日体大荏原D,芝国際,2,0,済,日体大荏原,D,芝国際,A,https://www.kawakitanet.com/league_soccer/select.php?pref_cd=8&gameid=9764
第4地区,4地区ユースリーグ,2026,3部B,,2026-06-21,麻布,都立美原B,1,0,済,麻布,A,美原,B,https://www.kawakitanet.com/league_soccer/select.php?pref_cd=8&gameid=9764
第4地区,4地区ユースリーグ,2026,3部B,,2026-06-14,青稜B,九段中等教育,1,0,済,青稜,B,九段中等教育,A,https://www.kawakitanet.com/league_soccer/select.php?pref_cd=8&gameid=9764
第4地区,4地区ユースリーグ,2026,3部B,,2026-06-14,日体大荏原D,広尾学園,2,1,済,日体大荏原,D,広尾学園,A,https://www.kawakitanet.com/league_soccer/select.php?pref_cd=8&gameid=9764
第4地区,4地区ユースリーグ,2026,3部B,,2026-06-14,正則,芝国際,10,0,済,正則,A,芝国際,A,https://www.kawakitanet.com/league_soccer/select.php?pref_cd=8&gameid=9764
第4地区,4地区ユースリーグ,2026,3部B,,2026-06-12,東京D,麻布,1,1,済,東京,D,麻布,A,https://www.kawakitanet.com/league_soccer/select.php?pref_cd=8&gameid=9764
第4地区,4地区ユースリーグ,2026,3部B,,2026-06-07,青稜B,東洋,5,0,済,青稜,B,東洋,A,https://www.kawakitanet.com/league_soccer/select.php?pref_cd=8&gameid=9764
第4地区,4地区ユースリーグ,2026,3部B,,2026-05-30,東京D,芝国際,15,0,済,東京,D,芝国際,A,https://www.kawakitanet.com/league_soccer/select.php?pref_cd=8&gameid=9764
第4地区,4地区ユースリーグ,2026,3部B,,2026-05-27,羽田国際,東洋,7,0,済,羽田国際,A,東洋,A,https://www.kawakitanet.com/league_soccer/select.php?pref_cd=8&gameid=9764
第4地区,4地区ユースリーグ,2026,3部B,,2026-05-17,広尾学園,正則,1,1,済,広尾学園,A,正則,A,https://www.kawakitanet.com/league_soccer/select.php?pref_cd=8&gameid=9764
第4地区,4地区ユースリーグ,2026,3部B,,2026-05-06,東洋,正則,1,2,済,東洋,A,正則,A,https://www.kawakitanet.com/league_soccer/select.php?pref_cd=8&gameid=9764
第4地区,4地区ユースリーグ,2026,3部B,,2026-04-29,日体大荏原D,都立美原B,6,0,済,日体大荏原,D,美原,B,https://www.kawakitanet.com/league_soccer/select.php?pref_cd=8&gameid=9764
第4地区,4地区ユースリーグ,2026,3部B,,2026-04-19,広尾学園,九段中等教育,2,2,済,広尾学園,A,九段中等教育,A,https://www.kawakitanet.com/league_soccer/select.php?pref_cd=8&gameid=9764
第4地区,4地区ユースリーグ,2026,3部B,,2026-04-19,東京D,都立美原B,6,1,済,東京,D,美原,B,https://www.kawakitanet.com/league_soccer/select.php?pref_cd=8&gameid=9764
第4地区,4地区ユースリーグ,2026,3部B,,2026-04-12,羽田国際,九段中等教育,1,0,済,羽田国際,A,九段中等教育,A,https://www.kawakitanet.com/league_soccer/select.php?pref_cd=8&gameid=9764
第4地区,4地区ユースリーグ,2026,3部B,,2026-04-12,都立美原B,正則,0,6,済,美原,B,正則,A,https://www.kawakitanet.com/league_soccer/select.php?pref_cd=8&gameid=9764
第4地区,4地区ユースリーグ,2026,3部B,,2026-04-06,麻布,芝国際,19,0,済,麻布,A,芝国際,A,https://www.kawakitanet.com/league_soccer/select.php?pref_cd=8&gameid=9764
第4地区,4地区ユースリーグ,2026,3部B,,2026-04-05,東京D,日体大荏原D,2,0,済,東京,D,日体大荏原,D,https://www.kawakitanet.com/league_soccer/select.php?pref_cd=8&gameid=9764
第4地区,4地区ユースリーグ,2026,3部B,,2026-04-05,都立美原B,九段中等教育,0,10,済,美原,B,九段中等教育,A,https://www.kawakitanet.com/league_soccer/select.php?pref_cd=8&gameid=9764
第4地区,4地区ユースリーグ,2026,3部B,,2026-04-03,青稜B,正則,2,2,済,青稜,B,正則,A,https://www.kawakitanet.com/league_soccer/select.php?pref_cd=8&gameid=9764
第4地区,4地区ユースリーグ,2026,3部B,,2026-04-03,東洋,麻布,1,0,済,東洋,A,麻布,A,https://www.kawakitanet.com/league_soccer/select.php?pref_cd=8&gameid=9764
第5地区,NSリーグ,2024,1部,第1節,2024-03-31,都鷺宮A,都豊多摩A,1,1,済,鷺宮,A,豊多摩,A,https://www.goalnote.net/detail-schedule.php?tid=15685
第5地区,NSリーグ,2024,1部,第1節,2024-06-09,専大附属A,日大鶴ケ丘B,5,1,済,専大附属,A,日大鶴ヶ丘,B,https://www.goalnote.net/detail-schedule.php?tid=15685
第5地区,NSリーグ,2024,1部,第1節,2024-03-01,早大学院B,都武蔵丘A,3,1,済,早大学院,B,武蔵丘,A,https://www.goalnote.net/detail-schedule.php?tid=15685
第5地区,NSリーグ,2024,1部,第1節,2024-03-01,國學院久我山E,中大杉並,2,1,済,国学院久我山,E,中大杉並,A,https://www.goalnote.net/detail-schedule.php?tid=15685
第5地区,NSリーグ,2024,1部,第1節,2024-03-01,実践学園D,杉並ソシオA,1,2,済,実践学園,D,杉並ソシオ,A,https://www.goalnote.net/detail-schedule.php?tid=15685
第5地区,NSリーグ,2024,1部,第2節,2024-04-14,都鷺宮A,日大鶴ケ丘B,1,0,済,鷺宮,A,日大鶴ヶ丘,B,https://www.goalnote.net/detail-schedule.php?tid=15685
第5地区,NSリーグ,2024,1部,第2節,2024-12-15,都武蔵丘A,都豊多摩A,0,2,済,武蔵丘,A,豊多摩,A,https://www.goalnote.net/detail-schedule.php?tid=15685
第5地区,NSリーグ,2024,1部,第2節,2024-06-16,専大附属A,中大杉並,5,0,済,専大附属,A,中大杉並,A,https://www.goalnote.net/detail-schedule.php?tid=15685
第5地区,NSリーグ,2024,1部,第2節,2024-04-06,早大学院B,杉並ソシオA,2,3,済,早大学院,B,杉並ソシオ,A,https://www.goalnote.net/detail-schedule.php?tid=15685
第5地区,NSリーグ,2024,1部,第2節,2024-03-27,國學院久我山E,実践学園D,4,1,済,国学院久我山,E,実践学園,D,https://www.goalnote.net/detail-schedule.php?tid=15685
第5地区,NSリーグ,2024,1部,第3節,2024-03-26,都鷺宮A,都武蔵丘A,3,2,済,鷺宮,A,武蔵丘,A,https://www.goalnote.net/detail-schedule.php?tid=15685
第5地区,NSリーグ,2024,1部,第3節,2024-04-07,中大杉並,日大鶴ケ丘B,0,1,済,中大杉並,A,日大鶴ヶ丘,B,https://www.goalnote.net/detail-schedule.php?tid=15685
第5地区,NSリーグ,2024,1部,第3節,2024-07-14,杉並ソシオA,都豊多摩A,0,3,済,杉並ソシオ,A,豊多摩,A,https://www.goalnote.net/detail-schedule.php?tid=15685
第5地区,NSリーグ,2024,1部,第3節,2024-08-24,専大附属A,実践学園D,1,2,済,専大附属,A,実践学園,D,https://www.goalnote.net/detail-schedule.php?tid=15685
第5地区,NSリーグ,2024,1部,第3節,2024-03-01,早大学院B,國學院久我山E,3,1,済,早大学院,B,国学院久我山,E,https://www.goalnote.net/detail-schedule.php?tid=15685
第5地区,NSリーグ,2024,1部,第4節,2024-10-14,都鷺宮A,中大杉並,1,1,済,鷺宮,A,中大杉並,A,https://www.goalnote.net/detail-schedule.php?tid=15685
第5地区,NSリーグ,2024,1部,第4節,2024-03-01,杉並ソシオA,都武蔵丘A,4,3,済,杉並ソシオ,A,武蔵丘,A,https://www.goalnote.net/detail-schedule.php?tid=15685
第5地区,NSリーグ,2024,1部,第4節,2024-03-01,実践学園D,日大鶴ケ丘B,2,2,済,実践学園,D,日大鶴ヶ丘,B,https://www.goalnote.net/detail-schedule.php?tid=15685
第5地区,NSリーグ,2024,1部,第4節,2024-06-09,國學院久我山E,都豊多摩A,4,1,済,国学院久我山,E,豊多摩,A,https://www.goalnote.net/detail-schedule.php?tid=15685
第5地区,NSリーグ,2024,1部,第4節,2024-06-02,専大附属A,早大学院B,5,1,済,専大附属,A,早大学院,B,https://www.goalnote.net/detail-schedule.php?tid=15685
第5地区,NSリーグ,2024,1部,第5節,2024-06-30,都鷺宮A,杉並ソシオA,2,4,済,鷺宮,A,杉並ソシオ,A,https://www.goalnote.net/detail-schedule.php?tid=15685
第5地区,NSリーグ,2024,1部,第5節,2024-03-01,実践学園D,中大杉並,3,2,済,実践学園,D,中大杉並,A,https://www.goalnote.net/detail-schedule.php?tid=15685
第5地区,NSリーグ,2024,1部,第5節,2024-04-07,國學院久我山E,都武蔵丘A,2,3,済,国学院久我山,E,武蔵丘,A,https://www.goalnote.net/detail-schedule.php?tid=15685
第5地区,NSリーグ,2024,1部,第5節,2024-03-01,早大学院B,日大鶴ケ丘B,2,2,済,早大学院,B,日大鶴ヶ丘,B,https://www.goalnote.net/detail-schedule.php?tid=15685
第5地区,NSリーグ,2024,1部,第5節,2024-04-14,専大附属A,都豊多摩A,2,1,済,専大附属,A,豊多摩,A,https://www.goalnote.net/detail-schedule.php?tid=15685
第5地区,NSリーグ,2024,1部,第6節,2024-06-15,都鷺宮A,実践学園D,0,4,済,鷺宮,A,実践学園,D,https://www.goalnote.net/detail-schedule.php?tid=15685
第5地区,NSリーグ,2024,1部,第6節,2024-03-01,國學院久我山E,杉並ソシオA,4,2,済,国学院久我山,E,杉並ソシオ,A,https://www.goalnote.net/detail-schedule.php?tid=15685
第5地区,NSリーグ,2024,1部,第6節,2024-03-01,早大学院B,中大杉並,2,1,済,早大学院,B,中大杉並,A,https://www.goalnote.net/detail-schedule.php?tid=15685
第5地区,NSリーグ,2024,1部,第6節,2024-04-04,専大附属A,都武蔵丘A,4,1,済,専大附属,A,武蔵丘,A,https://www.goalnote.net/detail-schedule.php?tid=15685
第5地区,NSリーグ,2024,1部,第6節,2024-07-21,日大鶴ケ丘B,都豊多摩A,1,1,済,日大鶴ヶ丘,B,豊多摩,A,https://www.goalnote.net/detail-schedule.php?tid=15685
第5地区,NSリーグ,2024,1部,第7節,2024-11-01,都鷺宮A,國學院久我山E,7,0,済,鷺宮,A,国学院久我山,E,https://www.goalnote.net/detail-schedule.php?tid=15685
第5地区,NSリーグ,2024,1部,第7節,2024-04-14,早大学院B,実践学園D,1,2,済,早大学院,B,実践学園,D,https://www.goalnote.net/detail-schedule.php?tid=15685
第5地区,NSリーグ,2024,1部,第7節,2024-06-23,専大附属A,杉並ソシオA,1,0,済,専大附属,A,杉並ソシオ,A,https://www.goalnote.net/detail-schedule.php?tid=15685
第5地区,NSリーグ,2024,1部,第7節,2024-09-23,中大杉並,都豊多摩A,1,1,済,中大杉並,A,豊多摩,A,https://www.goalnote.net/detail-schedule.php?tid=15685
第5地区,NSリーグ,2024,1部,第7節,2024-03-01,都武蔵丘A,日大鶴ケ丘B,1,1,済,武蔵丘,A,日大鶴ヶ丘,B,https://www.goalnote.net/detail-schedule.php?tid=15685
第5地区,NSリーグ,2024,1部,第8節,2024-09-22,都鷺宮A,早大学院B,1,1,済,鷺宮,A,早大学院,B,https://www.goalnote.net/detail-schedule.php?tid=15685
第5地区,NSリーグ,2024,1部,第8節,2024-07-31,専大附属A,國學院久我山E,2,0,済,専大附属,A,国学院久我山,E,https://www.goalnote.net/detail-schedule.php?tid=15685
第5地区,NSリーグ,2024,1部,第8節,2024-09-28,実践学園D,都豊多摩A,2,1,済,実践学園,D,豊多摩,A,https://www.goalnote.net/detail-schedule.php?tid=15685
第5地区,NSリーグ,2024,1部,第8節,2024-03-01,杉並ソシオA,日大鶴ケ丘B,2,2,済,杉並ソシオ,A,日大鶴ヶ丘,B,https://www.goalnote.net/detail-schedule.php?tid=15685
第5地区,NSリーグ,2024,1部,第8節,2024-03-01,中大杉並,都武蔵丘A,1,2,済,中大杉並,A,武蔵丘,A,https://www.goalnote.net/detail-schedule.php?tid=15685
第5地区,NSリーグ,2024,1部,第9節,2024-08-14,都鷺宮A,専大附属A,2,1,済,鷺宮,A,専大附属,A,https://www.goalnote.net/detail-schedule.php?tid=15685
第5地区,NSリーグ,2024,1部,第9節,2024-10-05,早大学院B,都豊多摩A,1,3,済,早大学院,B,豊多摩,A,https://www.goalnote.net/detail-schedule.php?tid=15685
第5地区,NSリーグ,2024,1部,第9節,2024-03-01,國學院久我山E,日大鶴ケ丘B,6,4,済,国学院久我山,E,日大鶴ヶ丘,B,https://www.goalnote.net/detail-schedule.php?tid=15685
第5地区,NSリーグ,2024,1部,第9節,2024-03-01,実践学園D,都武蔵丘A,1,1,済,実践学園,D,武蔵丘,A,https://www.goalnote.net/detail-schedule.php?tid=15685
第5地区,NSリーグ,2024,1部,第9節,2024-03-01,杉並ソシオA,中大杉並,2,1,済,杉並ソシオ,A,中大杉並,A,https://www.goalnote.net/detail-schedule.php?tid=15685
第5地区,NSリーグ,2024,2部A,第1節,2024-04-13,都光丘,アヤックス,4,0,済,光丘,A,アヤックス,A,https://www.goalnote.net/detail-schedule.php?tid=15685
第5地区,NSリーグ,2024,2部A,第1節,2024-10-06,都石神井B,杉並ソシオＢ,4,0,済,石神井,B,杉並ソシオ,B,https://www.goalnote.net/detail-schedule.php?tid=15685
第5地区,NSリーグ,2024,2部A,第1節,2024-07-12,早大学院C,都西,4,2,済,早大学院,C,西,A,https://www.goalnote.net/detail-schedule.php?tid=15685
第5地区,NSリーグ,2024,2部A,第1節,2024-12-19,都田無,日大二B,0,1,済,田無,A,日大二,B,https://www.goalnote.net/detail-schedule.php?tid=15685
第5地区,NSリーグ,2024,2部A,第2節,2024-06-09,都光丘,杉並ソシオＢ,0,1,済,光丘,A,杉並ソシオ,B,https://www.goalnote.net/detail-schedule.php?tid=15685
第5地区,NSリーグ,2024,2部A,第2節,2024-09-29,都西,アヤックス,2,5,済,西,A,アヤックス,A,https://www.goalnote.net/detail-schedule.php?tid=15685
第5地区,NSリーグ,2024,2部A,第2節,2024-08-25,都石神井B,日大二B,3,0,済,石神井,B,日大二,B,https://www.goalnote.net/detail-schedule.php?tid=15685
第5地区,NSリーグ,2024,2部A,第2節,2024-08-02,早大学院C,都田無,2,0,済,早大学院,C,田無,A,https://www.goalnote.net/detail-schedule.php?tid=15685
第5地区,NSリーグ,2024,2部A,第3節,2024-03-20,都光丘,都西,1,2,済,光丘,A,西,A,https://www.goalnote.net/detail-schedule.php?tid=15685
第5地区,NSリーグ,2024,2部A,第3節,2024-12-25,日大二B,杉並ソシオＢ,2,1,済,日大二,B,杉並ソシオ,B,https://www.goalnote.net/detail-schedule.php?tid=15685
第5地区,NSリーグ,2024,2部A,第3節,2024-12-27,都田無,アヤックス,0,3,済,田無,A,アヤックス,A,https://www.goalnote.net/detail-schedule.php?tid=15685
第5地区,NSリーグ,2024,2部A,第3節,2024-05-19,都石神井B,早大学院C,3,0,済,石神井,B,早大学院,C,https://www.goalnote.net/detail-schedule.php?tid=15685
第5地区,NSリーグ,2024,2部A,第4節,2024-11-03,都光丘,日大二B,3,0,済,光丘,A,日大二,B,https://www.goalnote.net/detail-schedule.php?tid=15685
第5地区,NSリーグ,2024,2部A,第4節,2024-07-29,都田無,都西,0,2,済,田無,A,西,A,https://www.goalnote.net/detail-schedule.php?tid=15685
第5地区,NSリーグ,2024,2部A,第4節,2024-05-03,早大学院C,杉並ソシオＢ,1,3,済,早大学院,C,杉並ソシオ,B,https://www.goalnote.net/detail-schedule.php?tid=15685
第5地区,NSリーグ,2024,2部A,第4節,2024-06-09,都石神井B,アヤックス,4,0,済,石神井,B,アヤックス,A,https://www.goalnote.net/detail-schedule.php?tid=15685
第5地区,NSリーグ,2024,2部A,第5節,2024-07-14,都光丘,都田無,2,2,済,光丘,A,田無,A,https://www.goalnote.net/detail-schedule.php?tid=15685
第5地区,NSリーグ,2024,2部A,第5節,2024-08-03,早大学院C,日大二B,3,0,済,早大学院,C,日大二,B,https://www.goalnote.net/detail-schedule.php?tid=15685
第5地区,NSリーグ,2024,2部A,第5節,2024-10-14,都石神井B,都西,5,0,済,石神井,B,西,A,https://www.goalnote.net/detail-schedule.php?tid=15685
第5地区,NSリーグ,2024,2部A,第5節,2024-12-15,杉並ソシオＢ,アヤックス,4,3,済,杉並ソシオ,B,アヤックス,A,https://www.goalnote.net/detail-schedule.php?tid=15685
第5地区,NSリーグ,2024,2部A,第6節,2024-05-25,都光丘,早大学院C,0,4,済,光丘,A,早大学院,C,https://www.goalnote.net/detail-schedule.php?tid=15685
第5地区,NSリーグ,2024,2部A,第6節,2024-09-21,都石神井B,都田無,4,1,済,石神井,B,田無,A,https://www.goalnote.net/detail-schedule.php?tid=15685
第5地区,NSリーグ,2024,2部A,第6節,2024-03-10,日大二B,アヤックス,1,0,済,日大二,B,アヤックス,A,https://www.goalnote.net/detail-schedule.php?tid=15685
第5地区,NSリーグ,2024,2部A,第6節,2024-12-22,都西,杉並ソシオＢ,2,1,済,西,A,杉並ソシオ,B,https://www.goalnote.net/detail-schedule.php?tid=15685
第5地区,NSリーグ,2024,2部A,第7節,2024-06-22,都光丘,都石神井B,1,2,済,光丘,A,石神井,B,https://www.goalnote.net/detail-schedule.php?tid=15685
第5地区,NSリーグ,2024,2部A,第7節,2024-08-27,早大学院C,アヤックス,5,0,済,早大学院,C,アヤックス,A,https://www.goalnote.net/detail-schedule.php?tid=15685
第5地区,NSリーグ,2024,2部A,第7節,2024-10-27,都田無,杉並ソシオＢ,3,5,済,田無,A,杉並ソシオ,B,https://www.goalnote.net/detail-schedule.php?tid=15685
第5地区,NSリーグ,2024,2部A,第7節,2024-08-21,日大二B,都西,1,1,済,日大二,B,西,A,https://www.goalnote.net/detail-schedule.php?tid=15685
第5地区,NSリーグ,2024,2部B,第1節,2024-12-15,杉並FC,日大鶴ケ丘C,3,1,済,杉並FC,A,日大鶴ヶ丘,C,https://www.goalnote.net/detail-schedule.php?tid=15685
第5地区,NSリーグ,2024,2部B,第1節,2024-03-01,実践学園E,都大泉,6,0,済,実践学園,E,大泉,A,https://www.goalnote.net/detail-schedule.php?tid=15685
第5地区,NSリーグ,2024,2部B,第1節,2024-10-06,杉並学院A,専大附属B,1,5,済,杉並学院,A,専大附属,B,https://www.goalnote.net/detail-schedule.php?tid=15685
第5地区,NSリーグ,2024,2部B,第1節,2024-06-09,文大杉並,都保谷B,2,0,済,文大杉並,A,保谷,B,https://www.goalnote.net/detail-schedule.php?tid=15685
第5地区,NSリーグ,2024,2部B,第2節,2024-06-16,杉並FC,都大泉,6,0,済,杉並FC,A,大泉,A,https://www.goalnote.net/detail-schedule.php?tid=15685
第5地区,NSリーグ,2024,2部B,第2節,2024-03-01,専大附属B,日大鶴ケ丘C,0,1,済,専大附属,B,日大鶴ヶ丘,C,https://www.goalnote.net/detail-schedule.php?tid=15685
第5地区,NSリーグ,2024,2部B,第2節,2024-08-26,実践学園E,都保谷B,7,2,済,実践学園,E,保谷,B,https://www.goalnote.net/detail-schedule.php?tid=15685
第5地区,NSリーグ,2024,2部B,第2節,2024-06-16,杉並学院A,文大杉並,1,7,済,杉並学院,A,文大杉並,A,https://www.goalnote.net/detail-schedule.php?tid=15685
第5地区,NSリーグ,2024,2部B,第3節,2024-03-01,杉並FC,専大附属B,3,0,済,杉並FC,A,専大附属,B,https://www.goalnote.net/detail-schedule.php?tid=15685
第5地区,NSリーグ,2024,2部B,第3節,2024-06-01,都保谷B,都大泉,5,0,済,保谷,B,大泉,A,https://www.goalnote.net/detail-schedule.php?tid=15685
第5地区,NSリーグ,2024,2部B,第3節,2024-06-02,文大杉並,日大鶴ケ丘C,1,2,済,文大杉並,A,日大鶴ヶ丘,C,https://www.goalnote.net/detail-schedule.php?tid=15685
第5地区,NSリーグ,2024,2部B,第3節,2024-12-23,実践学園E,杉並学院A,3,0,済,実践学園,E,杉並学院,A,https://www.goalnote.net/detail-schedule.php?tid=15685
第5地区,NSリーグ,2024,2部B,第4節,2024-05-05,杉並FC,都保谷B,0,1,済,杉並FC,A,保谷,B,https://www.goalnote.net/detail-schedule.php?tid=15685
第5地区,NSリーグ,2024,2部B,第4節,2024-07-15,文大杉並,専大附属B,8,0,済,文大杉並,A,専大附属,B,https://www.goalnote.net/detail-schedule.php?tid=15685
第5地区,NSリーグ,2024,2部B,第4節,2024-06-23,杉並学院A,都大泉,4,1,済,杉並学院,A,大泉,A,https://www.goalnote.net/detail-schedule.php?tid=15685
第5地区,NSリーグ,2024,2部B,第4節,2025-01-18,実践学園E,日大鶴ケ丘C,2,0,済,実践学園,E,日大鶴ヶ丘,C,https://www.goalnote.net/detail-schedule.php?tid=15685
第5地区,NSリーグ,2024,2部B,第5節,2024-06-23,杉並FC,文大杉並,1,0,済,杉並FC,A,文大杉並,A,https://www.goalnote.net/detail-schedule.php?tid=15685
第5地区,NSリーグ,2024,2部B,第5節,2024-09-01,杉並学院A,都保谷B,1,5,済,杉並学院,A,保谷,B,https://www.goalnote.net/detail-schedule.php?tid=15685
第5地区,NSリーグ,2024,2部B,第5節,2024-03-01,実践学園E,専大附属B,0,4,済,実践学園,E,専大附属,B,https://www.goalnote.net/detail-schedule.php?tid=15685
第5地区,NSリーグ,2024,2部B,第5節,2024-07-15,都大泉,日大鶴ケ丘C,0,1,済,大泉,A,日大鶴ヶ丘,C,https://www.goalnote.net/detail-schedule.php?tid=15685
第5地区,NSリーグ,2024,2部B,第6節,2024-12-26,杉並FC,杉並学院A,4,1,済,杉並FC,A,杉並学院,A,https://www.goalnote.net/detail-schedule.php?tid=15685
第5地区,NSリーグ,2024,2部B,第6節,2024-08-11,実践学園E,文大杉並,2,0,済,実践学園,E,文大杉並,A,https://www.goalnote.net/detail-schedule.php?tid=15685
第5地区,NSリーグ,2024,2部B,第6節,2024-09-29,都保谷B,日大鶴ケ丘C,3,1,済,保谷,B,日大鶴ヶ丘,C,https://www.goalnote.net/detail-schedule.php?tid=15685
第5地区,NSリーグ,2024,2部B,第6節,2024-10-27,専大附属B,都大泉,3,0,済,専大附属,B,大泉,A,https://www.goalnote.net/detail-schedule.php?tid=15685
第5地区,NSリーグ,2024,2部B,第7節,2024-12-22,杉並FC,実践学園E,1,0,済,杉並FC,A,実践学園,E,https://www.goalnote.net/detail-schedule.php?tid=15685
第5地区,NSリーグ,2024,2部B,第7節,2024-06-09,杉並学院A,日大鶴ケ丘C,4,5,済,杉並学院,A,日大鶴ヶ丘,C,https://www.goalnote.net/detail-schedule.php?tid=15685
第5地区,NSリーグ,2024,2部B,第1節,2024-05-19,文大杉並,都大泉,7,1,済,文大杉並,A,大泉,A,https://www.goalnote.net/detail-schedule.php?tid=15685
第5地区,NSリーグ,2024,2部B,第7節,2024-04-29,都保谷B,専大附属B,3,0,済,保谷,B,専大附属,B,https://www.goalnote.net/detail-schedule.php?tid=15685
第5地区,NSリーグ,2024,3部A,第1節,2024-07-25,都富士,東大附属,1,3,済,富士,A,東大附属,A,https://www.goalnote.net/detail-schedule.php?tid=15685
第5地区,NSリーグ,2024,3部A,第1節,2024-06-02,都豊多摩B,東京立正,0,0,済,豊多摩,B,東京立正,A,https://www.goalnote.net/detail-schedule.php?tid=15685
第5地区,NSリーグ,2024,3部A,第1節,2024-05-06,都杉並,杉並学院B,4,0,済,杉並,A,杉並学院,B,https://www.goalnote.net/detail-schedule.php?tid=15685
第5地区,NSリーグ,2024,3部A,第2節,2024-03-01,都富士,東京立正,2,0,済,富士,A,東京立正,A,https://www.goalnote.net/detail-schedule.php?tid=15685
第5地区,NSリーグ,2024,3部A,第2節,2024-06-30,杉並学院B,東大附属,1,3,済,杉並学院,B,東大附属,A,https://www.goalnote.net/detail-schedule.php?tid=15685
第5地区,NSリーグ,2024,3部A,第2節,2024-10-01,都豊多摩B,都杉並,0,0,済,豊多摩,B,杉並,A,https://www.goalnote.net/detail-schedule.php?tid=15685
第5地区,NSリーグ,2024,3部A,第3節,2024-07-22,都富士,杉並学院B,2,2,済,富士,A,杉並学院,B,https://www.goalnote.net/detail-schedule.php?tid=15685
第5地区,NSリーグ,2024,3部A,第3節,2024-10-14,都杉並,東京立正,3,0,済,杉並,A,東京立正,A,https://www.goalnote.net/detail-schedule.php?tid=15685
第5地区,NSリーグ,2024,3部A,第3節,2024-07-15,都豊多摩B,東大附属,1,1,済,豊多摩,B,東大附属,A,https://www.goalnote.net/detail-schedule.php?tid=15685
第5地区,NSリーグ,2024,3部A,第4節,2024-07-13,都富士,都杉並,0,0,済,富士,A,杉並,A,https://www.goalnote.net/detail-schedule.php?tid=15685
第5地区,NSリーグ,2024,3部A,第4節,2024-12-22,都豊多摩B,杉並学院B,10,0,済,豊多摩,B,杉並学院,B,https://www.goalnote.net/detail-schedule.php?tid=15685
第5地区,NSリーグ,2024,3部A,第4節,2024-06-16,東京立正,東大附属,3,3,済,東京立正,A,東大附属,A,https://www.goalnote.net/detail-schedule.php?tid=15685
第5地区,NSリーグ,2024,3部A,第5節,2024-11-04,都富士,都豊多摩B,0,5,済,富士,A,豊多摩,B,https://www.goalnote.net/detail-schedule.php?tid=15685
第5地区,NSリーグ,2024,3部A,第5節,2024-06-22,都杉並,東大附属,2,2,済,杉並,A,東大附属,A,https://www.goalnote.net/detail-schedule.php?tid=15685
第5地区,NSリーグ,2024,3部A,第5節,2024-12-16,杉並学院B,東京立正,0,1,済,杉並学院,B,東京立正,A,https://www.goalnote.net/detail-schedule.php?tid=15685
第5地区,NSリーグ,2024,3部B,第1節,2024-03-20,都井草,宝仙学園,1,0,済,井草,A,宝仙学園,A,https://www.goalnote.net/detail-schedule.php?tid=15685
第5地区,NSリーグ,2024,3部B,第1節,2024-03-01,都杉並総合,武蔵野大学,0,6,済,杉並総合,A,武蔵野大高,A,https://www.goalnote.net/detail-schedule.php?tid=15685
第5地区,NSリーグ,2024,3部B,第1節,2024-03-01,都保谷C,佼成学園,0,0,済,保谷,C,佼成学園,A,https://www.goalnote.net/detail-schedule.php?tid=15685
第5地区,NSリーグ,2024,3部B,第2節,2024-03-01,都井草,武蔵野大学,1,3,済,井草,A,武蔵野大高,A,https://www.goalnote.net/detail-schedule.php?tid=15685
第5地区,NSリーグ,2024,3部B,第2節,2024-04-14,佼成学園,宝仙学園,1,0,済,佼成学園,A,宝仙学園,A,https://www.goalnote.net/detail-schedule.php?tid=15685
第5地区,NSリーグ,2024,3部B,第2節,2024-03-01,都杉並総合,都保谷C,1,0,済,杉並総合,A,保谷,C,https://www.goalnote.net/detail-schedule.php?tid=15685
第5地区,NSリーグ,2024,3部B,第3節,2024-03-01,都井草,佼成学園,1,2,済,井草,A,佼成学園,A,https://www.goalnote.net/detail-schedule.php?tid=15685
第5地区,NSリーグ,2024,3部B,第3節,2024-03-01,都保谷C,武蔵野大学,0,6,済,保谷,C,武蔵野大高,A,https://www.goalnote.net/detail-schedule.php?tid=15685
第5地区,NSリーグ,2024,3部B,第3節,2024-03-23,都杉並総合,宝仙学園,0,2,済,杉並総合,A,宝仙学園,A,https://www.goalnote.net/detail-schedule.php?tid=15685
第5地区,NSリーグ,2024,3部B,第4節,2024-03-01,都井草,都保谷C,0,3,済,井草,A,保谷,C,https://www.goalnote.net/detail-schedule.php?tid=15685
第5地区,NSリーグ,2024,3部B,第4節,2024-03-01,都杉並総合,佼成学園,0,10,済,杉並総合,A,佼成学園,A,https://www.goalnote.net/detail-schedule.php?tid=15685
第5地区,NSリーグ,2024,3部B,第4節,2024-04-07,武蔵野大学,宝仙学園,3,1,済,武蔵野大高,A,宝仙学園,A,https://www.goalnote.net/detail-schedule.php?tid=15685
第5地区,NSリーグ,2024,3部B,第5節,2024-03-01,都井草,都杉並総合,0,0,済,井草,A,杉並総合,A,https://www.goalnote.net/detail-schedule.php?tid=15685
第5地区,NSリーグ,2024,3部B,第5節,2024-09-01,都保谷C,宝仙学園,6,2,済,保谷,C,宝仙学園,A,https://www.goalnote.net/detail-schedule.php?tid=15685
第5地区,NSリーグ,2024,3部B,第5節,2024-03-01,佼成学園,武蔵野大学,6,2,済,佼成学園,A,武蔵野大高,A,https://www.goalnote.net/detail-schedule.php?tid=15685
第5地区,NSリーグ,2024,3部C,第1節,2024-06-16,明大中野B,第四商業,2,3,済,明大中野,B,第四商業,A,https://www.goalnote.net/detail-schedule.php?tid=15685
第5地区,NSリーグ,2024,3部C,第1節,2024-06-16,都練馬,都武蔵丘B,1,5,済,練馬,A,武蔵丘,B,https://www.goalnote.net/detail-schedule.php?tid=15685
第5地区,NSリーグ,2024,3部C,第1節,2024-09-29,都鷺宮B,学大国際,1,2,済,鷺宮,B,学芸大国際,A,https://www.goalnote.net/detail-schedule.php?tid=15685
第5地区,NSリーグ,2024,3部C,第2節,2024-09-29,明大中野B,都武蔵丘B,2,1,済,明大中野,B,武蔵丘,B,https://www.goalnote.net/detail-schedule.php?tid=15685
第5地区,NSリーグ,2024,3部C,第2節,2024-05-25,第四商業,学大国際,2,10,済,第四商業,A,学芸大国際,A,https://www.goalnote.net/detail-schedule.php?tid=15685
第5地区,NSリーグ,2024,3部C,第2節,2024-05-05,都練馬,都鷺宮B,0,7,済,練馬,A,鷺宮,B,https://www.goalnote.net/detail-schedule.php?tid=15685
第5地区,NSリーグ,2024,3部C,第3節,2024-06-09,学大国際,明大中野B,5,6,済,学芸大国際,A,明大中野,B,https://www.goalnote.net/detail-schedule.php?tid=15685
第5地区,NSリーグ,2024,3部C,第3節,2024-03-26,都鷺宮B,都武蔵丘B,4,1,済,鷺宮,B,武蔵丘,B,https://www.goalnote.net/detail-schedule.php?tid=15685
第5地区,NSリーグ,2024,3部C,第3節,2024-06-01,都練馬,第四商業,2,2,済,練馬,A,第四商業,A,https://www.goalnote.net/detail-schedule.php?tid=15685
第5地区,NSリーグ,2024,3部C,第4節,2024-09-23,明大中野B,都鷺宮B,1,2,済,明大中野,B,鷺宮,B,https://www.goalnote.net/detail-schedule.php?tid=15685
第5地区,NSリーグ,2024,3部C,第4節,2024-08-19,都練馬,学大国際,6,4,済,練馬,A,学芸大国際,A,https://www.goalnote.net/detail-schedule.php?tid=15685
第5地区,NSリーグ,2024,3部C,第4節,2024-03-01,都武蔵丘B,第四商業,5,0,済,武蔵丘,B,第四商業,A,https://www.goalnote.net/detail-schedule.php?tid=15685
第5地区,NSリーグ,2024,3部C,第5節,2024-07-15,明大中野B,都練馬,10,0,済,明大中野,B,練馬,A,https://www.goalnote.net/detail-schedule.php?tid=15685
第5地区,NSリーグ,2024,3部C,第5節,2024-09-15,都鷺宮B,第四商業,8,0,済,鷺宮,B,第四商業,A,https://www.goalnote.net/detail-schedule.php?tid=15685
第5地区,NSリーグ,2024,3部C,第1節,2024-04-13,都武蔵丘B,学大国際,3,7,済,武蔵丘,B,学芸大国際,A,https://www.goalnote.net/detail-schedule.php?tid=15685
第5地区,NSリーグ,2024,２部順位残留決定戦,第1節,2025-01-19,杉並学院A,アヤックス,1,2,済,杉並学院,A,アヤックス,A,https://www.goalnote.net/detail-schedule.php?tid=15685
第5地区,NSリーグ,2025,1部,第1節,2025-03-26,日本大学第二高等学校A,杉並フットボールクラブ,1,0,済,日大二,A,杉並フットボールクラブ,A,https://www.goalnote.net/detail-schedule.php?tid=16999
第5地区,NSリーグ,2025,1部,第1節,2025-04-03,実践学園高等学校D,都立石神井高等学校B,2,1,済,実践学園,D,石神井,B,https://www.goalnote.net/detail-schedule.php?tid=16999
第5地区,NSリーグ,2025,1部,第1節,2025-03-26,杉並ソシオフットボールクラブA,日本大学鶴ヶ丘高等学校B,4,1,済,杉並ソシオフットボールクラブ,A,日大鶴ヶ丘,B,https://www.goalnote.net/detail-schedule.php?tid=16999
第5地区,NSリーグ,2025,1部,第1節,2025-04-01,都立鷺宮高等学校A,早稲田大学高等学院B,3,0,済,鷺宮,A,早大学院,B,https://www.goalnote.net/detail-schedule.php?tid=16999
第5地区,NSリーグ,2025,1部,第1節,2025-06-22,國學院大學久我山高等学校E,都立豊多摩高等学校A,2,3,済,国学院久我山,E,豊多摩,A,https://www.goalnote.net/detail-schedule.php?tid=16999
第5地区,NSリーグ,2025,1部,第2節,2025-04-06,都立石神井高等学校B,日本大学第二高等学校A,0,5,済,石神井,B,日大二,A,https://www.goalnote.net/detail-schedule.php?tid=16999
第5地区,NSリーグ,2025,1部,第2節,2025-04-13,杉並フットボールクラブ,日本大学鶴ヶ丘高等学校B,0,2,済,杉並フットボールクラブ,A,日大鶴ヶ丘,B,https://www.goalnote.net/detail-schedule.php?tid=16999
第5地区,NSリーグ,2025,1部,第2節,2025-04-07,早稲田大学高等学院B,実践学園高等学校D,1,0,済,早大学院,B,実践学園,D,https://www.goalnote.net/detail-schedule.php?tid=16999
第5地区,NSリーグ,2025,1部,第2節,2025-04-08,都立豊多摩高等学校A,杉並ソシオフットボールクラブA,1,1,済,豊多摩,A,杉並ソシオフットボールクラブ,A,https://www.goalnote.net/detail-schedule.php?tid=16999
第5地区,NSリーグ,2025,1部,第2節,2025-04-08,國學院大學久我山高等学校E,都立鷺宮高等学校A,2,2,済,国学院久我山,E,鷺宮,A,https://www.goalnote.net/detail-schedule.php?tid=16999
第5地区,NSリーグ,2025,1部,第3節,2025-04-20,日本大学第二高等学校A,日本大学鶴ヶ丘高等学校B,0,1,済,日大二,A,日大鶴ヶ丘,B,https://www.goalnote.net/detail-schedule.php?tid=16999
第5地区,NSリーグ,2025,1部,第3節,2025-04-12,早稲田大学高等学院B,都立石神井高等学校B,1,1,済,早大学院,B,石神井,B,https://www.goalnote.net/detail-schedule.php?tid=16999
第5地区,NSリーグ,2025,1部,第3節,2025-04-20,都立豊多摩高等学校A,杉並フットボールクラブ,7,0,済,豊多摩,A,杉並フットボールクラブ,A,https://www.goalnote.net/detail-schedule.php?tid=16999
第5地区,NSリーグ,2025,1部,第3節,2025-04-13,実践学園高等学校D,國學院大學久我山高等学校E,1,0,済,実践学園,D,国学院久我山,E,https://www.goalnote.net/detail-schedule.php?tid=16999
第5地区,NSリーグ,2025,1部,第3節,2025-04-20,杉並ソシオフットボールクラブA,都立鷺宮高等学校A,2,1,済,杉並ソシオフットボールクラブ,A,鷺宮,A,https://www.goalnote.net/detail-schedule.php?tid=16999
第5地区,NSリーグ,2025,1部,第4節,2025-05-24,早稲田大学高等学院B,日本大学第二高等学校A,1,3,済,早大学院,B,日大二,A,https://www.goalnote.net/detail-schedule.php?tid=16999
第5地区,NSリーグ,2025,1部,第4節,2025-11-09,日本大学鶴ヶ丘高等学校B,都立豊多摩高等学校A,0,0,済,日大鶴ヶ丘,B,豊多摩,A,https://www.goalnote.net/detail-schedule.php?tid=16999
第5地区,NSリーグ,2025,1部,第4節,2025-06-27,都立石神井高等学校B,國學院大學久我山高等学校E,0,2,済,石神井,B,国学院久我山,E,https://www.goalnote.net/detail-schedule.php?tid=16999
第5地区,NSリーグ,2025,1部,第4節,2025-05-25,杉並フットボールクラブ,都立鷺宮高等学校A,0,3,済,杉並フットボールクラブ,A,鷺宮,A,https://www.goalnote.net/detail-schedule.php?tid=16999
第5地区,NSリーグ,2025,1部,第4節,2025-06-22,杉並ソシオフットボールクラブA,実践学園高等学校D,3,0,済,杉並ソシオフットボールクラブ,A,実践学園,D,https://www.goalnote.net/detail-schedule.php?tid=16999
第5地区,NSリーグ,2025,1部,第5節,2025-06-01,日本大学第二高等学校A,都立豊多摩高等学校A,1,2,済,日大二,A,豊多摩,A,https://www.goalnote.net/detail-schedule.php?tid=16999
第5地区,NSリーグ,2025,1部,第5節,2025-06-01,國學院大學久我山高等学校E,早稲田大学高等学院B,2,2,済,国学院久我山,E,早大学院,B,https://www.goalnote.net/detail-schedule.php?tid=16999
第5地区,NSリーグ,2025,1部,第5節,2025-06-01,都立鷺宮高等学校A,日本大学鶴ヶ丘高等学校B,0,0,済,鷺宮,A,日大鶴ヶ丘,B,https://www.goalnote.net/detail-schedule.php?tid=16999
第5地区,NSリーグ,2025,1部,第5節,2025-06-01,杉並ソシオフットボールクラブA,都立石神井高等学校B,2,0,済,杉並ソシオフットボールクラブ,A,石神井,B,https://www.goalnote.net/detail-schedule.php?tid=16999
第5地区,NSリーグ,2025,1部,第5節,2025-06-29,実践学園高等学校D,杉並フットボールクラブ,9,1,済,実践学園,D,杉並フットボールクラブ,A,https://www.goalnote.net/detail-schedule.php?tid=16999
第5地区,NSリーグ,2025,1部,第6節,2025-06-08,國學院大學久我山高等学校E,日本大学第二高等学校A,1,0,済,国学院久我山,E,日大二,A,https://www.goalnote.net/detail-schedule.php?tid=16999
第5地区,NSリーグ,2025,1部,第6節,2025-06-08,都立豊多摩高等学校A,都立鷺宮高等学校A,0,1,済,豊多摩,A,鷺宮,A,https://www.goalnote.net/detail-schedule.php?tid=16999
第5地区,NSリーグ,2025,1部,第6節,2025-06-07,早稲田大学高等学院B,杉並ソシオフットボールクラブA,1,2,済,早大学院,B,杉並ソシオフットボールクラブ,A,https://www.goalnote.net/detail-schedule.php?tid=16999
第5地区,NSリーグ,2025,1部,第6節,2025-06-07,日本大学鶴ヶ丘高等学校B,実践学園高等学校D,0,1,済,日大鶴ヶ丘,B,実践学園,D,https://www.goalnote.net/detail-schedule.php?tid=16999
第5地区,NSリーグ,2025,1部,第6節,2025-06-08,杉並フットボールクラブ,都立石神井高等学校B,1,6,済,杉並フットボールクラブ,A,石神井,B,https://www.goalnote.net/detail-schedule.php?tid=16999
第5地区,NSリーグ,2025,1部,第7節,2025-09-28,日本大学第二高等学校A,都立鷺宮高等学校A,2,1,済,日大二,A,鷺宮,A,https://www.goalnote.net/detail-schedule.php?tid=16999
第5地区,NSリーグ,2025,1部,第7節,2025-09-20,杉並ソシオフットボールクラブA,國學院大學久我山高等学校E,10,0,済,杉並ソシオフットボールクラブ,A,国学院久我山,E,https://www.goalnote.net/detail-schedule.php?tid=16999
第5地区,NSリーグ,2025,1部,第7節,2025-09-27,実践学園高等学校D,都立豊多摩高等学校A,4,0,済,実践学園,D,豊多摩,A,https://www.goalnote.net/detail-schedule.php?tid=16999
第5地区,NSリーグ,2025,1部,第7節,2025-09-21,早稲田大学高等学院B,杉並フットボールクラブ,6,0,済,早大学院,B,杉並フットボールクラブ,A,https://www.goalnote.net/detail-schedule.php?tid=16999
第5地区,NSリーグ,2025,1部,第7節,2025-09-28,日本大学鶴ヶ丘高等学校B,都立石神井高等学校B,0,1,済,日大鶴ヶ丘,B,石神井,B,https://www.goalnote.net/detail-schedule.php?tid=16999
第5地区,NSリーグ,2025,1部,第8節,2025-10-13,杉並ソシオフットボールクラブA,日本大学第二高等学校A,2,1,済,杉並ソシオフットボールクラブ,A,日大二,A,https://www.goalnote.net/detail-schedule.php?tid=16999
第5地区,NSリーグ,2025,1部,第8節,2025-10-04,都立鷺宮高等学校A,実践学園高等学校D,0,2,済,鷺宮,A,実践学園,D,https://www.goalnote.net/detail-schedule.php?tid=16999
第5地区,NSリーグ,2025,1部,第8節,2025-10-04,杉並フットボールクラブ,國學院大學久我山高等学校E,1,3,済,杉並フットボールクラブ,A,国学院久我山,E,https://www.goalnote.net/detail-schedule.php?tid=16999
第5地区,NSリーグ,2025,1部,第8節,2025-10-05,都立石神井高等学校B,都立豊多摩高等学校A,2,0,済,石神井,B,豊多摩,A,https://www.goalnote.net/detail-schedule.php?tid=16999
第5地区,NSリーグ,2025,1部,第8節,2025-10-04,日本大学鶴ヶ丘高等学校B,早稲田大学高等学院B,1,3,済,日大鶴ヶ丘,B,早大学院,B,https://www.goalnote.net/detail-schedule.php?tid=16999
第5地区,NSリーグ,2025,1部,第9節,2025-10-13,日本大学第二高等学校A,実践学園高等学校D,0,4,済,日大二,A,実践学園,D,https://www.goalnote.net/detail-schedule.php?tid=16999
第5地区,NSリーグ,2025,1部,第9節,2025-10-13,杉並ソシオフットボールクラブA,杉並フットボールクラブ,11,2,済,杉並ソシオフットボールクラブ,A,杉並フットボールクラブ,A,https://www.goalnote.net/detail-schedule.php?tid=16999
第5地区,NSリーグ,2025,1部,第9節,2025-10-11,都立鷺宮高等学校A,都立石神井高等学校B,0,5,済,鷺宮,A,石神井,B,https://www.goalnote.net/detail-schedule.php?tid=16999
第5地区,NSリーグ,2025,1部,第9節,2025-10-19,國學院大學久我山高等学校E,日本大学鶴ヶ丘高等学校B,0,5,済,国学院久我山,E,日大鶴ヶ丘,B,https://www.goalnote.net/detail-schedule.php?tid=16999
第5地区,NSリーグ,2025,1部,第9節,2025-10-13,都立豊多摩高等学校A,早稲田大学高等学院B,2,3,済,豊多摩,A,早大学院,B,https://www.goalnote.net/detail-schedule.php?tid=16999
第5地区,NSリーグ,2025,2部A,第1節,2025-10-01,都立武蔵丘高等学校A,都立鷺宮高等学校B,3,2,済,武蔵丘,A,鷺宮,B,https://www.goalnote.net/detail-schedule.php?tid=16999
第5地区,NSリーグ,2025,2部A,第1節,2025-04-20,早稲田大学高等学院C,都立豊多摩高等学校B,2,1,済,早大学院,C,豊多摩,B,https://www.goalnote.net/detail-schedule.php?tid=16999
第5地区,NSリーグ,2025,2部A,第1節,2025-06-08,都立保谷高等学校B,杉並アヤックスサッカークラブ,0,4,済,保谷,B,杉並アヤックスサッカークラブ,A,https://www.goalnote.net/detail-schedule.php?tid=16999
第5地区,NSリーグ,2025,2部A,第1節,2025-10-13,都立西高等学校,日本大学鶴ヶ丘高等学校C,1,0,済,西,A,日大鶴ヶ丘,C,https://www.goalnote.net/detail-schedule.php?tid=16999
第5地区,NSリーグ,2025,2部A,第2節,2025-09-28,都立武蔵丘高等学校A,都立豊多摩高等学校B,4,0,済,武蔵丘,A,豊多摩,B,https://www.goalnote.net/detail-schedule.php?tid=16999
第5地区,NSリーグ,2025,2部A,第2節,2025-06-22,杉並アヤックスサッカークラブ,都立鷺宮高等学校B,2,1,済,杉並アヤックスサッカークラブ,A,鷺宮,B,https://www.goalnote.net/detail-schedule.php?tid=16999
第5地区,NSリーグ,2025,2部A,第2節,2025-09-13,早稲田大学高等学院C,日本大学鶴ヶ丘高等学校C,1,1,済,早大学院,C,日大鶴ヶ丘,C,https://www.goalnote.net/detail-schedule.php?tid=16999
第5地区,NSリーグ,2025,2部A,第2節,2025-05-04,都立保谷高等学校B,都立西高等学校,3,1,済,保谷,B,西,A,https://www.goalnote.net/detail-schedule.php?tid=16999
第5地区,NSリーグ,2025,2部A,第3節,2025-06-14,都立武蔵丘高等学校A,杉並アヤックスサッカークラブ,2,1,済,武蔵丘,A,杉並アヤックスサッカークラブ,A,https://www.goalnote.net/detail-schedule.php?tid=16999
第5地区,NSリーグ,2025,2部A,第3節,2025-10-27,日本大学鶴ヶ丘高等学校C,都立豊多摩高等学校B,0,1,済,日大鶴ヶ丘,C,豊多摩,B,https://www.goalnote.net/detail-schedule.php?tid=16999
第5地区,NSリーグ,2025,2部A,第3節,2025-06-15,都立西高等学校,都立鷺宮高等学校B,3,1,済,西,A,鷺宮,B,https://www.goalnote.net/detail-schedule.php?tid=16999
第5地区,NSリーグ,2025,2部A,第3節,2025-06-16,早稲田大学高等学院C,都立保谷高等学校B,1,3,済,早大学院,C,保谷,B,https://www.goalnote.net/detail-schedule.php?tid=16999
第5地区,NSリーグ,2025,2部A,第4節,2025-06-07,都立武蔵丘高等学校A,日本大学鶴ヶ丘高等学校C,0,2,済,武蔵丘,A,日大鶴ヶ丘,C,https://www.goalnote.net/detail-schedule.php?tid=16999
第5地区,NSリーグ,2025,2部A,第4節,2025-04-20,都立西高等学校,杉並アヤックスサッカークラブ,2,2,済,西,A,杉並アヤックスサッカークラブ,A,https://www.goalnote.net/detail-schedule.php?tid=16999
第5地区,NSリーグ,2025,2部A,第4節,2025-09-09,都立保谷高等学校B,都立豊多摩高等学校B,11,2,済,保谷,B,豊多摩,B,https://www.goalnote.net/detail-schedule.php?tid=16999
第5地区,NSリーグ,2025,2部A,第4節,2025-04-01,早稲田大学高等学院C,都立鷺宮高等学校B,3,1,済,早大学院,C,鷺宮,B,https://www.goalnote.net/detail-schedule.php?tid=16999
第5地区,NSリーグ,2025,2部A,第5節,2025-03-31,都立武蔵丘高等学校A,都立西高等学校,6,2,済,武蔵丘,A,西,A,https://www.goalnote.net/detail-schedule.php?tid=16999
第5地区,NSリーグ,2025,2部A,第5節,2025-09-23,都立保谷高等学校B,日本大学鶴ヶ丘高等学校C,2,1,済,保谷,B,日大鶴ヶ丘,C,https://www.goalnote.net/detail-schedule.php?tid=16999
第5地区,NSリーグ,2025,2部A,第5節,2025-09-20,早稲田大学高等学院C,杉並アヤックスサッカークラブ,1,3,済,早大学院,C,杉並アヤックスサッカークラブ,A,https://www.goalnote.net/detail-schedule.php?tid=16999
第5地区,NSリーグ,2025,2部A,第5節,2025-06-08,都立豊多摩高等学校B,都立鷺宮高等学校B,2,2,済,豊多摩,B,鷺宮,B,https://www.goalnote.net/detail-schedule.php?tid=16999
第5地区,NSリーグ,2025,2部A,第6節,2025-06-22,都立武蔵丘高等学校A,都立保谷高等学校B,0,4,済,武蔵丘,A,保谷,B,https://www.goalnote.net/detail-schedule.php?tid=16999
第5地区,NSリーグ,2025,2部A,第6節,2025-09-06,早稲田大学高等学院C,都立西高等学校,2,1,済,早大学院,C,西,A,https://www.goalnote.net/detail-schedule.php?tid=16999
第5地区,NSリーグ,2025,2部A,第6節,2025-06-01,日本大学鶴ヶ丘高等学校C,都立鷺宮高等学校B,3,1,済,日大鶴ヶ丘,C,鷺宮,B,https://www.goalnote.net/detail-schedule.php?tid=16999
第5地区,NSリーグ,2025,2部A,第6節,2025-10-12,杉並アヤックスサッカークラブ,都立豊多摩高等学校B,0,0,済,杉並アヤックスサッカークラブ,A,豊多摩,B,https://www.goalnote.net/detail-schedule.php?tid=16999
第5地区,NSリーグ,2025,2部A,第7節,2025-05-11,都立武蔵丘高等学校A,早稲田大学高等学院C,1,0,済,武蔵丘,A,早大学院,C,https://www.goalnote.net/detail-schedule.php?tid=16999
第5地区,NSリーグ,2025,2部A,第7節,2025-04-06,都立保谷高等学校B,都立鷺宮高等学校B,5,1,済,保谷,B,鷺宮,B,https://www.goalnote.net/detail-schedule.php?tid=16999
第5地区,NSリーグ,2025,2部A,第7節,2025-04-13,都立西高等学校,都立豊多摩高等学校B,2,1,済,西,A,豊多摩,B,https://www.goalnote.net/detail-schedule.php?tid=16999
第5地区,NSリーグ,2025,2部A,第7節,2025-10-04,日本大学鶴ヶ丘高等学校C,杉並アヤックスサッカークラブ,2,2,済,日大鶴ヶ丘,C,杉並アヤックスサッカークラブ,A,https://www.goalnote.net/detail-schedule.php?tid=16999
第5地区,NSリーグ,2025,2部B,第1節,2025-03-01,中央大学杉並高等学校,佼成学園高等学校,2,3,済,中大杉並,A,佼成学園,A,https://www.goalnote.net/detail-schedule.php?tid=16999
第5地区,NSリーグ,2025,2部B,第1節,2025-03-01,実践学園高等学校E,都立光丘高等学校,1,2,済,実践学園,E,光丘,A,https://www.goalnote.net/detail-schedule.php?tid=16999
第5地区,NSリーグ,2025,2部B,第1節,2025-03-01,杉並ソシオフットボールクラブB,専修大学附属高等学校B,5,3,済,杉並ソシオフットボールクラブ,B,専修大附,B,https://www.goalnote.net/detail-schedule.php?tid=16999
第5地区,NSリーグ,2025,2部B,第1節,2025-03-01,文化学園大学杉並高等学校,日本大学第二高等学校B,6,1,済,文大杉並,A,日大二,B,https://www.goalnote.net/detail-schedule.php?tid=16999
第5地区,NSリーグ,2025,2部B,第2節,2025-03-01,中央大学杉並高等学校,都立光丘高等学校,4,1,済,中大杉並,A,光丘,A,https://www.goalnote.net/detail-schedule.php?tid=16999
第5地区,NSリーグ,2025,2部B,第2節,2025-03-01,専修大学附属高等学校B,佼成学園高等学校,2,2,済,専修大附,B,佼成学園,A,https://www.goalnote.net/detail-schedule.php?tid=16999
第5地区,NSリーグ,2025,2部B,第2節,2025-03-01,実践学園高等学校E,日本大学第二高等学校B,2,0,済,実践学園,E,日大二,B,https://www.goalnote.net/detail-schedule.php?tid=16999
第5地区,NSリーグ,2025,2部B,第2節,2025-04-20,杉並ソシオフットボールクラブB,文化学園大学杉並高等学校,0,5,済,杉並ソシオフットボールクラブ,B,文大杉並,A,https://www.goalnote.net/detail-schedule.php?tid=16999
第5地区,NSリーグ,2025,2部B,第3節,2025-03-01,中央大学杉並高等学校,専修大学附属高等学校B,5,1,済,中大杉並,A,専修大附,B,https://www.goalnote.net/detail-schedule.php?tid=16999
第5地区,NSリーグ,2025,2部B,第3節,2025-10-05,日本大学第二高等学校B,都立光丘高等学校,1,2,済,日大二,B,光丘,A,https://www.goalnote.net/detail-schedule.php?tid=16999
第5地区,NSリーグ,2025,2部B,第3節,2025-03-01,文化学園大学杉並高等学校,佼成学園高等学校,2,0,済,文大杉並,A,佼成学園,A,https://www.goalnote.net/detail-schedule.php?tid=16999
第5地区,NSリーグ,2025,2部B,第3節,2025-03-01,実践学園高等学校E,杉並ソシオフットボールクラブB,4,0,済,実践学園,E,杉並ソシオフットボールクラブ,B,https://www.goalnote.net/detail-schedule.php?tid=16999
第5地区,NSリーグ,2025,2部B,第4節,2025-10-13,中央大学杉並高等学校,日本大学第二高等学校B,4,1,済,中大杉並,A,日大二,B,https://www.goalnote.net/detail-schedule.php?tid=16999
第5地区,NSリーグ,2025,2部B,第4節,2025-03-01,文化学園大学杉並高等学校,専修大学附属高等学校B,6,0,済,文大杉並,A,専修大附,B,https://www.goalnote.net/detail-schedule.php?tid=16999
第5地区,NSリーグ,2025,2部B,第4節,2025-03-01,杉並ソシオフットボールクラブB,都立光丘高等学校,0,1,済,杉並ソシオフットボールクラブ,B,光丘,A,https://www.goalnote.net/detail-schedule.php?tid=16999
第5地区,NSリーグ,2025,2部B,第4節,2025-03-01,実践学園高等学校E,佼成学園高等学校,2,1,済,実践学園,E,佼成学園,A,https://www.goalnote.net/detail-schedule.php?tid=16999
第5地区,NSリーグ,2025,2部B,第5節,2025-03-01,中央大学杉並高等学校,文化学園大学杉並高等学校,0,1,済,中大杉並,A,文大杉並,A,https://www.goalnote.net/detail-schedule.php?tid=16999
第5地区,NSリーグ,2025,2部B,第5節,2025-03-01,杉並ソシオフットボールクラブB,日本大学第二高等学校B,2,0,済,杉並ソシオフットボールクラブ,B,日大二,B,https://www.goalnote.net/detail-schedule.php?tid=16999
第5地区,NSリーグ,2025,2部B,第5節,2025-03-01,実践学園高等学校E,専修大学附属高等学校B,4,0,済,実践学園,E,専修大附,B,https://www.goalnote.net/detail-schedule.php?tid=16999
第5地区,NSリーグ,2025,2部B,第5節,2025-03-01,都立光丘高等学校,佼成学園高等学校,0,4,済,光丘,A,佼成学園,A,https://www.goalnote.net/detail-schedule.php?tid=16999
第5地区,NSリーグ,2025,2部B,第6節,2025-03-01,中央大学杉並高等学校,杉並ソシオフットボールクラブB,6,0,済,中大杉並,A,杉並ソシオフットボールクラブ,B,https://www.goalnote.net/detail-schedule.php?tid=16999
第5地区,NSリーグ,2025,2部B,第6節,2025-03-01,実践学園高等学校E,文化学園大学杉並高等学校,5,1,済,実践学園,E,文大杉並,A,https://www.goalnote.net/detail-schedule.php?tid=16999
第5地区,NSリーグ,2025,2部B,第6節,2025-09-07,日本大学第二高等学校B,佼成学園高等学校,2,4,済,日大二,B,佼成学園,A,https://www.goalnote.net/detail-schedule.php?tid=16999
第5地区,NSリーグ,2025,2部B,第6節,2025-03-01,専修大学附属高等学校B,都立光丘高等学校,1,0,済,専修大附,B,光丘,A,https://www.goalnote.net/detail-schedule.php?tid=16999
第5地区,NSリーグ,2025,2部B,第7節,2025-03-01,中央大学杉並高等学校,実践学園高等学校E,3,3,済,中大杉並,A,実践学園,E,https://www.goalnote.net/detail-schedule.php?tid=16999
第5地区,NSリーグ,2025,2部B,第7節,2025-09-28,杉並ソシオフットボールクラブB,佼成学園高等学校,5,1,済,杉並ソシオフットボールクラブ,B,佼成学園,A,https://www.goalnote.net/detail-schedule.php?tid=16999
第5地区,NSリーグ,2025,2部B,第7節,2025-03-01,文化学園大学杉並高等学校,都立光丘高等学校,3,0,済,文大杉並,A,光丘,A,https://www.goalnote.net/detail-schedule.php?tid=16999
第5地区,NSリーグ,2025,2部B,第7節,2025-09-15,日本大学第二高等学校B,専修大学附属高等学校B,3,0,済,日大二,B,専修大附,B,https://www.goalnote.net/detail-schedule.php?tid=16999
第5地区,NSリーグ,2025,3部A,第1節,2025-09-23,杉並学院高等学校A,堀越高等学校C,0,9,済,杉並学院,A,堀越,C,https://www.goalnote.net/detail-schedule.php?tid=16999
第5地区,NSリーグ,2025,3部A,第1節,2025-03-01,都立杉並高等学校,都立富士高等学校,0,5,済,杉並,A,富士,A,https://www.goalnote.net/detail-schedule.php?tid=16999
第5地区,NSリーグ,2025,3部A,第1節,2025-03-01,明治大学付属中野高等学校B,都立井草高等学校,2,1,済,明大中野,B,井草,A,https://www.goalnote.net/detail-schedule.php?tid=16999
第5地区,NSリーグ,2025,3部A,第2節,2025-09-27,杉並学院高等学校A,都立富士高等学校,2,1,済,杉並学院,A,富士,A,https://www.goalnote.net/detail-schedule.php?tid=16999
第5地区,NSリーグ,2025,3部A,第2節,2025-03-01,都立井草高等学校,堀越高等学校C,0,6,済,井草,A,堀越,C,https://www.goalnote.net/detail-schedule.php?tid=16999
第5地区,NSリーグ,2025,3部A,第2節,2025-03-01,都立杉並高等学校,明治大学付属中野高等学校B,0,6,済,杉並,A,明大中野,B,https://www.goalnote.net/detail-schedule.php?tid=16999
第5地区,NSリーグ,2025,3部A,第3節,2025-06-08,杉並学院高等学校A,都立井草高等学校,3,2,済,杉並学院,A,井草,A,https://www.goalnote.net/detail-schedule.php?tid=16999
第5地区,NSリーグ,2025,3部A,第3節,2025-03-01,明治大学付属中野高等学校B,都立富士高等学校,5,0,済,明大中野,B,富士,A,https://www.goalnote.net/detail-schedule.php?tid=16999
第5地区,NSリーグ,2025,3部A,第3節,2025-03-01,都立杉並高等学校,堀越高等学校C,2,3,済,杉並,A,堀越,C,https://www.goalnote.net/detail-schedule.php?tid=16999
第5地区,NSリーグ,2025,3部A,第4節,2025-10-06,杉並学院高等学校A,明治大学付属中野高等学校B,0,3,済,杉並学院,A,明大中野,B,https://www.goalnote.net/detail-schedule.php?tid=16999
第5地区,NSリーグ,2025,3部A,第4節,2025-03-01,都立杉並高等学校,都立井草高等学校,6,1,済,杉並,A,井草,A,https://www.goalnote.net/detail-schedule.php?tid=16999
第5地区,NSリーグ,2025,3部A,第4節,2025-11-01,都立富士高等学校,堀越高等学校C,0,13,済,富士,A,堀越,C,https://www.goalnote.net/detail-schedule.php?tid=16999
第5地区,NSリーグ,2025,3部A,第5節,2025-06-22,杉並学院高等学校A,都立杉並高等学校,2,0,済,杉並学院,A,杉並,A,https://www.goalnote.net/detail-schedule.php?tid=16999
第5地区,NSリーグ,2025,3部A,第5節,2025-09-15,明治大学付属中野高等学校B,堀越高等学校C,2,1,済,明大中野,B,堀越,C,https://www.goalnote.net/detail-schedule.php?tid=16999
第5地区,NSリーグ,2025,3部A,第5節,2025-03-01,都立井草高等学校,都立富士高等学校,1,1,済,井草,A,富士,A,https://www.goalnote.net/detail-schedule.php?tid=16999
第5地区,NSリーグ,2025,3部B,第1節,2025-04-20,都立田無高等学校,杉並学院高等学校B,4,0,済,田無,A,杉並学院,B,https://www.goalnote.net/detail-schedule.php?tid=16999
第5地区,NSリーグ,2025,3部B,第1節,2025-03-01,武蔵野大学高等学校,都立杉並総合高等学校,4,2,済,武蔵野大高,A,杉並総合,A,https://www.goalnote.net/detail-schedule.php?tid=16999
第5地区,NSリーグ,2025,3部B,第1節,2025-03-26,東京大学教育学部附属中等教育学校,都立武蔵丘高等学校B,3,1,済,東大附属,A,武蔵丘,B,https://www.goalnote.net/detail-schedule.php?tid=16999
第5地区,NSリーグ,2025,3部B,第2節,2025-03-30,都立田無高等学校,都立杉並総合高等学校,3,0,済,田無,A,杉並総合,A,https://www.goalnote.net/detail-schedule.php?tid=16999
第5地区,NSリーグ,2025,3部B,第2節,2025-03-09,都立武蔵丘高等学校B,杉並学院高等学校B,3,1,済,武蔵丘,B,杉並学院,B,https://www.goalnote.net/detail-schedule.php?tid=16999
第5地区,NSリーグ,2025,3部B,第2節,2025-03-30,武蔵野大学高等学校,東京大学教育学部附属中等教育学校,1,1,済,武蔵野大高,A,東大附属,A,https://www.goalnote.net/detail-schedule.php?tid=16999
第5地区,NSリーグ,2025,3部B,第3節,2025-06-21,都立田無高等学校,都立武蔵丘高等学校B,0,1,済,田無,A,武蔵丘,B,https://www.goalnote.net/detail-schedule.php?tid=16999
第5地区,NSリーグ,2025,3部B,第3節,2025-06-22,東京大学教育学部附属中等教育学校,都立杉並総合高等学校,3,3,済,東大附属,A,杉並総合,A,https://www.goalnote.net/detail-schedule.php?tid=16999
第5地区,NSリーグ,2025,3部B,第3節,2025-06-15,武蔵野大学高等学校,杉並学院高等学校B,8,0,済,武蔵野大高,A,杉並学院,B,https://www.goalnote.net/detail-schedule.php?tid=16999
第5地区,NSリーグ,2025,3部B,第4節,2025-05-11,都立田無高等学校,東京大学教育学部附属中等教育学校,1,3,済,田無,A,東大附属,A,https://www.goalnote.net/detail-schedule.php?tid=16999
第5地区,NSリーグ,2025,3部B,第4節,2025-03-01,武蔵野大学高等学校,都立武蔵丘高等学校B,0,1,済,武蔵野大高,A,武蔵丘,B,https://www.goalnote.net/detail-schedule.php?tid=16999
第5地区,NSリーグ,2025,3部B,第4節,2025-05-11,都立杉並総合高等学校,杉並学院高等学校B,2,1,済,杉並総合,A,杉並学院,B,https://www.goalnote.net/detail-schedule.php?tid=16999
第5地区,NSリーグ,2025,3部B,第5節,2025-10-26,都立田無高等学校,武蔵野大学高等学校,3,2,済,田無,A,武蔵野大高,A,https://www.goalnote.net/detail-schedule.php?tid=16999
第5地区,NSリーグ,2025,3部B,第5節,2025-05-18,東京大学教育学部附属中等教育学校,杉並学院高等学校B,9,0,済,東大附属,A,杉並学院,B,https://www.goalnote.net/detail-schedule.php?tid=16999
第5地区,NSリーグ,2025,3部B,第5節,2025-03-01,都立武蔵丘高等学校B,都立杉並総合高等学校,7,0,済,武蔵丘,B,杉並総合,A,https://www.goalnote.net/detail-schedule.php?tid=16999
第5地区,NSリーグ,2025,3部C,第1節,2025-10-26,都立大泉高等学校,宝仙学園高等学校,3,1,済,大泉,A,宝仙学園,A,https://www.goalnote.net/detail-schedule.php?tid=16999
第5地区,NSリーグ,2025,3部C,第1節,2025-06-14,東京学芸大学附属国際中等教育学校,都立練馬高等学校,3,0,済,学芸大国際,A,練馬,A,https://www.goalnote.net/detail-schedule.php?tid=16999
第5地区,NSリーグ,2025,3部C,第1節,2025-05-04,都立保谷高等学校C,東京立正高等学校,1,0,済,保谷,C,東京立正,A,https://www.goalnote.net/detail-schedule.php?tid=16999
第5地区,NSリーグ,2025,3部C,第2節,2025-10-25,都立田柄高等学校,東京学芸大学附属国際中等教育学校,1,11,済,田柄,A,学芸大国際,A,https://www.goalnote.net/detail-schedule.php?tid=16999
第5地区,NSリーグ,2025,3部C,第2節,2025-04-06,都立保谷高等学校C,宝仙学園高等学校,2,0,済,保谷,C,宝仙学園,A,https://www.goalnote.net/detail-schedule.php?tid=16999
第5地区,NSリーグ,2025,3部C,第2節,2025-06-22,東京立正高等学校,都立練馬高等学校,4,0,済,東京立正,A,練馬,A,https://www.goalnote.net/detail-schedule.php?tid=16999
第5地区,NSリーグ,2025,3部C,第3節,2025-06-22,都立大泉高等学校,都立保谷高等学校C,0,3,済,大泉,A,保谷,C,https://www.goalnote.net/detail-schedule.php?tid=16999
第5地区,NSリーグ,2025,3部C,第3節,2025-10-13,都立田柄高等学校,東京立正高等学校,0,6,済,田柄,A,東京立正,A,https://www.goalnote.net/detail-schedule.php?tid=16999
第5地区,NSリーグ,2025,3部C,第3節,2025-04-13,都立練馬高等学校,宝仙学園高等学校,1,3,済,練馬,A,宝仙学園,A,https://www.goalnote.net/detail-schedule.php?tid=16999
第5地区,NSリーグ,2025,3部C,第4節,2025-04-13,東京学芸大学附属国際中等教育学校,東京立正高等学校,6,0,済,学芸大国際,A,東京立正,A,https://www.goalnote.net/detail-schedule.php?tid=16999
第5地区,NSリーグ,2025,3部C,第4節,2025-06-01,都立大泉高等学校,都立練馬高等学校,7,1,済,大泉,A,練馬,A,https://www.goalnote.net/detail-schedule.php?tid=16999
第5地区,NSリーグ,2025,3部C,第4節,2025-06-22,宝仙学園高等学校,都立田柄高等学校,4,1,済,宝仙学園,A,田柄,A,https://www.goalnote.net/detail-schedule.php?tid=16999
第5地区,NSリーグ,2025,3部C,第5節,2025-04-19,都立保谷高等学校C,都立練馬高等学校,6,0,済,保谷,C,練馬,A,https://www.goalnote.net/detail-schedule.php?tid=16999
第5地区,NSリーグ,2025,3部C,第5節,2025-10-12,東京学芸大学附属国際中等教育学校,宝仙学園高等学校,10,2,済,学芸大国際,A,宝仙学園,A,https://www.goalnote.net/detail-schedule.php?tid=16999
第5地区,NSリーグ,2025,3部C,第5節,2025-09-20,都立大泉高等学校,都立田柄高等学校,14,0,済,大泉,A,田柄,A,https://www.goalnote.net/detail-schedule.php?tid=16999
第5地区,NSリーグ,2025,3部C,第6節,2025-09-21,東京立正高等学校,宝仙学園高等学校,2,3,済,東京立正,A,宝仙学園,A,https://www.goalnote.net/detail-schedule.php?tid=16999
第5地区,NSリーグ,2025,3部C,第6節,2025-09-27,都立保谷高等学校C,都立田柄高等学校,8,0,済,保谷,C,田柄,A,https://www.goalnote.net/detail-schedule.php?tid=16999
第5地区,NSリーグ,2025,3部C,第6節,2025-05-17,都立大泉高等学校,東京学芸大学附属国際中等教育学校,3,2,済,大泉,A,学芸大国際,A,https://www.goalnote.net/detail-schedule.php?tid=16999
第5地区,NSリーグ,2025,3部C,第7節,2025-03-01,都立練馬高等学校,都立田柄高等学校,2,0,済,練馬,A,田柄,A,https://www.goalnote.net/detail-schedule.php?tid=16999
第5地区,NSリーグ,2025,3部C,第7節,2025-06-15,都立大泉高等学校,東京立正高等学校,2,3,済,大泉,A,東京立正,A,https://www.goalnote.net/detail-schedule.php?tid=16999
第5地区,NSリーグ,2025,3部C,第7節,2025-09-23,東京学芸大学附属国際中等教育学校,都立保谷高等学校C,1,3,済,学芸大国際,A,保谷,C,https://www.goalnote.net/detail-schedule.php?tid=16999
第5地区,NSリーグ,2026,1部,第1節,2026-04-05,専修大学附属高等学校A,文化学園大学杉並高等学校,4,1,済,専修大附,A,文大杉並,A,https://www.goalnote.net/detail-schedule.php?tid=18597
第5地区,NSリーグ,2026,1部,第1節,2026-04-05,実践学園高等学校D,都立保谷高等学校B,4,1,済,実践学園,D,保谷,B,https://www.goalnote.net/detail-schedule.php?tid=18597
第5地区,NSリーグ,2026,1部,第1節,2026-04-04,早稲田大学高等学院B,都立鷺宮高等学校A,0,1,済,早大学院,B,鷺宮,A,https://www.goalnote.net/detail-schedule.php?tid=18597
第5地区,NSリーグ,2026,1部,第1節,2026-04-05,都立石神井高等学校B,日本大学鶴ヶ丘高等学校B,2,3,済,石神井,B,日大鶴ヶ丘,B,https://www.goalnote.net/detail-schedule.php?tid=18597
第5地区,NSリーグ,2026,1部,第1節,2026-04-05,日本大学第二高等学校A,都立豊多摩高等学校A,1,0,済,日大二,A,豊多摩,A,https://www.goalnote.net/detail-schedule.php?tid=18597
第5地区,NSリーグ,2026,1部,第2節,2026-04-08,専修大学附属高等学校A,都立保谷高等学校B,8,1,済,専修大附,A,保谷,B,https://www.goalnote.net/detail-schedule.php?tid=18597
第5地区,NSリーグ,2026,1部,第2節,2026-04-12,都立鷺宮高等学校A,文化学園大学杉並高等学校,3,0,済,鷺宮,A,文大杉並,A,https://www.goalnote.net/detail-schedule.php?tid=18597
第5地区,NSリーグ,2026,1部,第2節,2026-04-26,実践学園高等学校D,日本大学鶴ヶ丘高等学校B,0,4,済,実践学園,D,日大鶴ヶ丘,B,https://www.goalnote.net/detail-schedule.php?tid=18597
第5地区,NSリーグ,2026,1部,第2節,2026-04-12,早稲田大学高等学院B,都立豊多摩高等学校A,0,2,済,早大学院,B,豊多摩,A,https://www.goalnote.net/detail-schedule.php?tid=18597
第5地区,NSリーグ,2026,1部,第2節,2026-04-12,都立石神井高等学校B,日本大学第二高等学校A,1,4,済,石神井,B,日大二,A,https://www.goalnote.net/detail-schedule.php?tid=18597
第5地区,NSリーグ,2026,1部,第3節,2026-04-19,専修大学附属高等学校A,都立鷺宮高等学校A,1,1,済,専修大附,A,鷺宮,A,https://www.goalnote.net/detail-schedule.php?tid=18597
第5地区,NSリーグ,2026,1部,第3節,2026-04-19,日本大学鶴ヶ丘高等学校B,都立保谷高等学校B,5,0,済,日大鶴ヶ丘,B,保谷,B,https://www.goalnote.net/detail-schedule.php?tid=18597
第5地区,NSリーグ,2026,1部,第3節,2026-04-19,都立豊多摩高等学校A,文化学園大学杉並高等学校,2,0,済,豊多摩,A,文大杉並,A,https://www.goalnote.net/detail-schedule.php?tid=18597
第5地区,NSリーグ,2026,1部,第3節,2026-04-19,実践学園高等学校D,日本大学第二高等学校A,1,2,済,実践学園,D,日大二,A,https://www.goalnote.net/detail-schedule.php?tid=18597
第5地区,NSリーグ,2026,1部,第3節,2026-04-18,早稲田大学高等学院B,都立石神井高等学校B,1,1,済,早大学院,B,石神井,B,https://www.goalnote.net/detail-schedule.php?tid=18597
第5地区,NSリーグ,2026,1部,第4節,2026-05-17,専修大学附属高等学校A,日本大学鶴ヶ丘高等学校B,4,1,済,専修大附,A,日大鶴ヶ丘,B,https://www.goalnote.net/detail-schedule.php?tid=18597
第5地区,NSリーグ,2026,1部,第4節,2026-05-16,都立豊多摩高等学校A,都立鷺宮高等学校A,0,3,済,豊多摩,A,鷺宮,A,https://www.goalnote.net/detail-schedule.php?tid=18597
第5地区,NSリーグ,2026,1部,第4節,2026-05-17,日本大学第二高等学校A,都立保谷高等学校B,2,1,済,日大二,A,保谷,B,https://www.goalnote.net/detail-schedule.php?tid=18597
第5地区,NSリーグ,2026,1部,第4節,2026-05-24,都立石神井高等学校B,文化学園大学杉並高等学校,1,2,済,石神井,B,文大杉並,A,https://www.goalnote.net/detail-schedule.php?tid=18597
第5地区,NSリーグ,2026,1部,第4節,2026-06-20,実践学園高等学校D,早稲田大学高等学院B,1,1,済,実践学園,D,早大学院,B,https://www.goalnote.net/detail-schedule.php?tid=18597
第5地区,NSリーグ,2026,1部,第5節,2026-06-07,専修大学附属高等学校A,都立豊多摩高等学校A,4,1,済,専修大附,A,豊多摩,A,https://www.goalnote.net/detail-schedule.php?tid=18597
第5地区,NSリーグ,2026,1部,第5節,2026-05-31,日本大学第二高等学校A,日本大学鶴ヶ丘高等学校B,3,1,済,日大二,A,日大鶴ヶ丘,B,https://www.goalnote.net/detail-schedule.php?tid=18597
第5地区,NSリーグ,2026,1部,第5節,2026-06-07,都立石神井高等学校B,都立鷺宮高等学校A,0,6,済,石神井,B,鷺宮,A,https://www.goalnote.net/detail-schedule.php?tid=18597
第5地区,NSリーグ,2026,1部,第5節,2026-06-07,早稲田大学高等学院B,都立保谷高等学校B,6,0,済,早大学院,B,保谷,B,https://www.goalnote.net/detail-schedule.php?tid=18597
第5地区,NSリーグ,2026,1部,第5節,2026-06-14,実践学園高等学校D,文化学園大学杉並高等学校,1,1,済,実践学園,D,文大杉並,A,https://www.goalnote.net/detail-schedule.php?tid=18597
第5地区,NSリーグ,2026,1部,第6節,2026-06-14,専修大学附属高等学校A,日本大学第二高等学校A,2,1,済,専修大附,A,日大二,A,https://www.goalnote.net/detail-schedule.php?tid=18597
第5地区,NSリーグ,2026,1部,第6節,2026-06-14,都立石神井高等学校B,都立豊多摩高等学校A,1,3,済,石神井,B,豊多摩,A,https://www.goalnote.net/detail-schedule.php?tid=18597
第5地区,NSリーグ,2026,1部,第6節,2026-06-21,早稲田大学高等学院B,日本大学鶴ヶ丘高等学校B,0,2,済,早大学院,B,日大鶴ヶ丘,B,https://www.goalnote.net/detail-schedule.php?tid=18597
第5地区,NSリーグ,2026,1部,第6節,2026-06-28,実践学園高等学校D,都立鷺宮高等学校A,1,2,済,実践学園,D,鷺宮,A,https://www.goalnote.net/detail-schedule.php?tid=18597
第5地区,NSリーグ,2026,1部,第6節,2026-06-21,都立保谷高等学校B,文化学園大学杉並高等学校,2,1,済,保谷,B,文大杉並,A,https://www.goalnote.net/detail-schedule.php?tid=18597
第5地区,NSリーグ,2026,1部,第7節,2026-09-05,専修大学附属高等学校A,都立石神井高等学校B,3,1,済,専修大附,A,石神井,B,https://www.goalnote.net/detail-schedule.php?tid=18597
第5地区,NSリーグ,2026,1部,第7節,2026-09-13,早稲田大学高等学院B,日本大学第二高等学校A,,,未,早大学院,B,日大二,A,https://www.goalnote.net/detail-schedule.php?tid=18597
第5地区,NSリーグ,2026,1部,第7節,2026-09-13,実践学園高等学校D,都立豊多摩高等学校A,3,2,済,実践学園,D,豊多摩,A,https://www.goalnote.net/detail-schedule.php?tid=18597
第5地区,NSリーグ,2026,1部,第7節,,日本大学鶴ヶ丘高等学校B,文化学園大学杉並高等学校,,,未,日大鶴ヶ丘,B,文大杉並,A,https://www.goalnote.net/detail-schedule.php?tid=18597
第5地区,NSリーグ,2026,1部,第7節,2026-09-01,都立鷺宮高等学校A,都立保谷高等学校B,1,2,済,鷺宮,A,保谷,B,https://www.goalnote.net/detail-schedule.php?tid=18597
第5地区,NSリーグ,2026,1部,第8節,2026-09-27,専修大学附属高等学校A,早稲田大学高等学院B,,,未,専修大附,A,早大学院,B,https://www.goalnote.net/detail-schedule.php?tid=18597
第5地区,NSリーグ,2026,1部,第8節,2026-10-03,実践学園高等学校D,都立石神井高等学校B,,,未,実践学園,D,石神井,B,https://www.goalnote.net/detail-schedule.php?tid=18597
第5地区,NSリーグ,2026,1部,第8節,,日本大学第二高等学校A,文化学園大学杉並高等学校,,,未,日大二,A,文大杉並,A,https://www.goalnote.net/detail-schedule.php?tid=18597
第5地区,NSリーグ,2026,1部,第8節,2026-09-27,都立豊多摩高等学校A,都立保谷高等学校B,,,未,豊多摩,A,保谷,B,https://www.goalnote.net/detail-schedule.php?tid=18597
第5地区,NSリーグ,2026,1部,第8節,2026-09-27,日本大学鶴ヶ丘高等学校B,都立鷺宮高等学校A,,,未,日大鶴ヶ丘,B,鷺宮,A,https://www.goalnote.net/detail-schedule.php?tid=18597
第5地区,NSリーグ,2026,1部,第9節,2026-10-10,専修大学附属高等学校A,実践学園高等学校D,,,未,専修大附,A,実践学園,D,https://www.goalnote.net/detail-schedule.php?tid=18597
第5地区,NSリーグ,2026,1部,第9節,,早稲田大学高等学院B,文化学園大学杉並高等学校,,,未,早大学院,B,文大杉並,A,https://www.goalnote.net/detail-schedule.php?tid=18597
第5地区,NSリーグ,2026,1部,第9節,2026-10-11,都立石神井高等学校B,都立保谷高等学校B,,,未,石神井,B,保谷,B,https://www.goalnote.net/detail-schedule.php?tid=18597
第5地区,NSリーグ,2026,1部,第9節,2026-10-11,日本大学第二高等学校A,都立鷺宮高等学校A,,,未,日大二,A,鷺宮,A,https://www.goalnote.net/detail-schedule.php?tid=18597
第5地区,NSリーグ,2026,1部,第9節,,都立豊多摩高等学校A,日本大学鶴ヶ丘高等学校B,,,未,豊多摩,A,日大鶴ヶ丘,B,https://www.goalnote.net/detail-schedule.php?tid=18597
第5地区,NSリーグ,2026,2部A,第1節,2026-06-21,國學院大學久我山高等学校E,東京大学教育学部附属中等教育学校,6,0,済,国学院久我山,E,東大附属,A,https://www.goalnote.net/detail-schedule.php?tid=18597
第5地区,NSリーグ,2026,2部A,第1節,2026-06-21,都立武蔵丘高等学校A,都立保谷高等学校C,1,0,済,武蔵丘,A,保谷,C,https://www.goalnote.net/detail-schedule.php?tid=18597
第5地区,NSリーグ,2026,2部A,第1節,,中央大学杉並高等学校,日本大学鶴ヶ丘高等学校C,,,未,中大杉並,A,日大鶴ヶ丘,C,https://www.goalnote.net/detail-schedule.php?tid=18597
第5地区,NSリーグ,2026,2部A,第1節,,早稲田大学高等学院C,杉並ソシオフットボールクラブB,,,未,早大学院,C,杉並ソシオフットボールクラブ,B,https://www.goalnote.net/detail-schedule.php?tid=18597
第5地区,NSリーグ,2026,2部A,第2節,2026-04-04,國學院大學久我山高等学校E,都立保谷高等学校C,6,1,済,国学院久我山,E,保谷,C,https://www.goalnote.net/detail-schedule.php?tid=18597
第5地区,NSリーグ,2026,2部A,第2節,2026-06-28,日本大学鶴ヶ丘高等学校C,東京大学教育学部附属中等教育学校,4,0,済,日大鶴ヶ丘,C,東大附属,A,https://www.goalnote.net/detail-schedule.php?tid=18597
第5地区,NSリーグ,2026,2部A,第2節,,都立武蔵丘高等学校A,杉並ソシオフットボールクラブB,,,未,武蔵丘,A,杉並ソシオフットボールクラブ,B,https://www.goalnote.net/detail-schedule.php?tid=18597
第5地区,NSリーグ,2026,2部A,第2節,,中央大学杉並高等学校,早稲田大学高等学院C,,,未,中大杉並,A,早大学院,C,https://www.goalnote.net/detail-schedule.php?tid=18597
第5地区,NSリーグ,2026,2部A,第3節,,國學院大學久我山高等学校E,日本大学鶴ヶ丘高等学校C,,,未,国学院久我山,E,日大鶴ヶ丘,C,https://www.goalnote.net/detail-schedule.php?tid=18597
第5地区,NSリーグ,2026,2部A,第3節,2026-05-31,杉並ソシオフットボールクラブB,都立保谷高等学校C,0,2,済,杉並ソシオフットボールクラブ,B,保谷,C,https://www.goalnote.net/detail-schedule.php?tid=18597
第5地区,NSリーグ,2026,2部A,第3節,,早稲田大学高等学院C,東京大学教育学部附属中等教育学校,,,未,早大学院,C,東大附属,A,https://www.goalnote.net/detail-schedule.php?tid=18597
第5地区,NSリーグ,2026,2部A,第3節,,都立武蔵丘高等学校A,中央大学杉並高等学校,3,1,済,武蔵丘,A,中大杉並,A,https://www.goalnote.net/detail-schedule.php?tid=18597
第5地区,NSリーグ,2026,2部A,第4節,,國學院大學久我山高等学校E,杉並ソシオフットボールクラブB,,,未,国学院久我山,E,杉並ソシオフットボールクラブ,B,https://www.goalnote.net/detail-schedule.php?tid=18597
第5地区,NSリーグ,2026,2部A,第4節,,早稲田大学高等学院C,日本大学鶴ヶ丘高等学校C,,,未,早大学院,C,日大鶴ヶ丘,C,https://www.goalnote.net/detail-schedule.php?tid=18597
第5地区,NSリーグ,2026,2部A,第4節,,中央大学杉並高等学校,都立保谷高等学校C,,,未,中大杉並,A,保谷,C,https://www.goalnote.net/detail-schedule.php?tid=18597
第5地区,NSリーグ,2026,2部A,第4節,2026-06-14,都立武蔵丘高等学校A,東京大学教育学部附属中等教育学校,4,1,済,武蔵丘,A,東大附属,A,https://www.goalnote.net/detail-schedule.php?tid=18597
第5地区,NSリーグ,2026,2部A,第5節,,國學院大學久我山高等学校E,早稲田大学高等学院C,,,未,国学院久我山,E,早大学院,C,https://www.goalnote.net/detail-schedule.php?tid=18597
第5地区,NSリーグ,2026,2部A,第5節,,中央大学杉並高等学校,杉並ソシオフットボールクラブB,,,未,中大杉並,A,杉並ソシオフットボールクラブ,B,https://www.goalnote.net/detail-schedule.php?tid=18597
第5地区,NSリーグ,2026,2部A,第5節,,都立武蔵丘高等学校A,日本大学鶴ヶ丘高等学校C,2,0,済,武蔵丘,A,日大鶴ヶ丘,C,https://www.goalnote.net/detail-schedule.php?tid=18597
第5地区,NSリーグ,2026,2部A,第5節,,都立保谷高等学校C,東京大学教育学部附属中等教育学校,,,未,保谷,C,東大附属,A,https://www.goalnote.net/detail-schedule.php?tid=18597
第5地区,NSリーグ,2026,2部A,第6節,,國學院大學久我山高等学校E,中央大学杉並高等学校,,,未,国学院久我山,E,中大杉並,A,https://www.goalnote.net/detail-schedule.php?tid=18597
第5地区,NSリーグ,2026,2部A,第6節,,都立武蔵丘高等学校A,早稲田大学高等学院C,,,未,武蔵丘,A,早大学院,C,https://www.goalnote.net/detail-schedule.php?tid=18597
第5地区,NSリーグ,2026,2部A,第6節,2026-05-17,杉並ソシオフットボールクラブB,東京大学教育学部附属中等教育学校,3,1,済,杉並ソシオフットボールクラブ,B,東大附属,A,https://www.goalnote.net/detail-schedule.php?tid=18597
第5地区,NSリーグ,2026,2部A,第6節,2026-05-04,日本大学鶴ヶ丘高等学校C,都立保谷高等学校C,4,1,済,日大鶴ヶ丘,C,保谷,C,https://www.goalnote.net/detail-schedule.php?tid=18597
第5地区,NSリーグ,2026,2部A,第7節,,國學院大學久我山高等学校E,都立武蔵丘高等学校A,2,2,済,国学院久我山,E,武蔵丘,A,https://www.goalnote.net/detail-schedule.php?tid=18597
第5地区,NSリーグ,2026,2部A,第7節,2026-04-04,中央大学杉並高等学校,東京大学教育学部附属中等教育学校,11,0,済,中大杉並,A,東大附属,A,https://www.goalnote.net/detail-schedule.php?tid=18597
第5地区,NSリーグ,2026,2部A,第7節,2026-06-07,早稲田大学高等学院C,都立保谷高等学校C,1,0,済,早大学院,C,保谷,C,https://www.goalnote.net/detail-schedule.php?tid=18597
第5地区,NSリーグ,2026,2部A,第7節,,杉並ソシオフットボールクラブB,日本大学鶴ヶ丘高等学校C,,,未,杉並ソシオフットボールクラブ,B,日大鶴ヶ丘,C,https://www.goalnote.net/detail-schedule.php?tid=18597
第5地区,NSリーグ,2026,2部B,第1節,,杉並フットボールクラブ,明治大学付属中野高等学校B,,,未,杉並フットボールクラブ,A,明大中野,B,https://www.goalnote.net/detail-schedule.php?tid=18597
第5地区,NSリーグ,2026,2部B,第1節,,実践学園高等学校E,都立豊多摩高等学校B,,,未,実践学園,E,豊多摩,B,https://www.goalnote.net/detail-schedule.php?tid=18597
第5地区,NSリーグ,2026,2部B,第1節,,杉並アヤックスサッカークラブ,都立光丘高等学校,,,未,杉並アヤックスサッカークラブ,A,光丘,A,https://www.goalnote.net/detail-schedule.php?tid=18597
第5地区,NSリーグ,2026,2部B,第1節,2026-04-05,佼成学園高等学校,都立西高等学校,4,2,済,佼成学園,A,西,A,https://www.goalnote.net/detail-schedule.php?tid=18597
第5地区,NSリーグ,2026,2部B,第2節,,杉並フットボールクラブ,都立豊多摩高等学校B,,,未,杉並フットボールクラブ,A,豊多摩,B,https://www.goalnote.net/detail-schedule.php?tid=18597
第5地区,NSリーグ,2026,2部B,第2節,,都立光丘高等学校,明治大学付属中野高等学校B,,,未,光丘,A,明大中野,B,https://www.goalnote.net/detail-schedule.php?tid=18597
第5地区,NSリーグ,2026,2部B,第2節,,実践学園高等学校E,都立西高等学校,,,未,実践学園,E,西,A,https://www.goalnote.net/detail-schedule.php?tid=18597
第5地区,NSリーグ,2026,2部B,第2節,,杉並アヤックスサッカークラブ,佼成学園高等学校,,,未,杉並アヤックスサッカークラブ,A,佼成学園,A,https://www.goalnote.net/detail-schedule.php?tid=18597
第5地区,NSリーグ,2026,2部B,第3節,,杉並フットボールクラブ,都立光丘高等学校,,,未,杉並フットボールクラブ,A,光丘,A,https://www.goalnote.net/detail-schedule.php?tid=18597
第5地区,NSリーグ,2026,2部B,第3節,,都立西高等学校,都立豊多摩高等学校B,,,未,西,A,豊多摩,B,https://www.goalnote.net/detail-schedule.php?tid=18597
第5地区,NSリーグ,2026,2部B,第3節,2026-06-21,佼成学園高等学校,明治大学付属中野高等学校B,0,1,済,佼成学園,A,明大中野,B,https://www.goalnote.net/detail-schedule.php?tid=18597
第5地区,NSリーグ,2026,2部B,第3節,,実践学園高等学校E,杉並アヤックスサッカークラブ,,,未,実践学園,E,杉並アヤックスサッカークラブ,A,https://www.goalnote.net/detail-schedule.php?tid=18597
第5地区,NSリーグ,2026,2部B,第4節,,杉並フットボールクラブ,都立西高等学校,,,未,杉並フットボールクラブ,A,西,A,https://www.goalnote.net/detail-schedule.php?tid=18597
第5地区,NSリーグ,2026,2部B,第4節,2026-04-12,佼成学園高等学校,都立光丘高等学校,2,1,済,佼成学園,A,光丘,A,https://www.goalnote.net/detail-schedule.php?tid=18597
第5地区,NSリーグ,2026,2部B,第4節,,杉並アヤックスサッカークラブ,都立豊多摩高等学校B,,,未,杉並アヤックスサッカークラブ,A,豊多摩,B,https://www.goalnote.net/detail-schedule.php?tid=18597
第5地区,NSリーグ,2026,2部B,第4節,,実践学園高等学校E,明治大学付属中野高等学校B,,,未,実践学園,E,明大中野,B,https://www.goalnote.net/detail-schedule.php?tid=18597
第5地区,NSリーグ,2026,2部B,第5節,,杉並フットボールクラブ,佼成学園高等学校,,,未,杉並フットボールクラブ,A,佼成学園,A,https://www.goalnote.net/detail-schedule.php?tid=18597
第5地区,NSリーグ,2026,2部B,第5節,2026-04-19,都立西高等学校,杉並アヤックスサッカークラブ,0,1,済,西,A,杉並アヤックスサッカークラブ,A,https://www.goalnote.net/detail-schedule.php?tid=18597
第5地区,NSリーグ,2026,2部B,第5節,,実践学園高等学校E,都立光丘高等学校,,,未,実践学園,E,光丘,A,https://www.goalnote.net/detail-schedule.php?tid=18597
第5地区,NSリーグ,2026,2部B,第5節,2026-05-30,都立豊多摩高等学校B,明治大学付属中野高等学校B,0,1,済,豊多摩,B,明大中野,B,https://www.goalnote.net/detail-schedule.php?tid=18597
第5地区,NSリーグ,2026,2部B,第6節,,杉並フットボールクラブ,杉並アヤックスサッカークラブ,,,未,杉並フットボールクラブ,A,杉並アヤックスサッカークラブ,A,https://www.goalnote.net/detail-schedule.php?tid=18597
第5地区,NSリーグ,2026,2部B,第6節,2026-09-05,実践学園高等学校E,佼成学園高等学校,1,2,済,実践学園,E,佼成学園,A,https://www.goalnote.net/detail-schedule.php?tid=18597
第5地区,NSリーグ,2026,2部B,第6節,,都立西高等学校,明治大学付属中野高等学校B,,,未,西,A,明大中野,B,https://www.goalnote.net/detail-schedule.php?tid=18597
第5地区,NSリーグ,2026,2部B,第6節,2026-06-13,都立光丘高等学校,都立豊多摩高等学校B,6,1,済,光丘,A,豊多摩,B,https://www.goalnote.net/detail-schedule.php?tid=18597
第5地区,NSリーグ,2026,2部B,第7節,,杉並フットボールクラブ,実践学園高等学校E,,,未,杉並フットボールクラブ,A,実践学園,E,https://www.goalnote.net/detail-schedule.php?tid=18597
第5地区,NSリーグ,2026,2部B,第7節,2026-06-14,明治大学付属中野高等学校B,杉並アヤックスサッカークラブ,1,0,済,明大中野,B,杉並アヤックスサッカークラブ,A,https://www.goalnote.net/detail-schedule.php?tid=18597
第5地区,NSリーグ,2026,2部B,第7節,2026-06-05,佼成学園高等学校,都立豊多摩高等学校B,4,0,済,佼成学園,A,豊多摩,B,https://www.goalnote.net/detail-schedule.php?tid=18597
第5地区,NSリーグ,2026,2部B,第7節,2026-04-18,都立光丘高等学校,都立西高等学校,1,1,済,光丘,A,西,A,https://www.goalnote.net/detail-schedule.php?tid=18597
第5地区,NSリーグ,2026,3部A,第1節,,専修大学附属高等学校B,英明フロンティア高等学校,,,未,専修大附,B,英明フロンティア,A,https://www.goalnote.net/detail-schedule.php?tid=18597
第5地区,NSリーグ,2026,3部A,第1節,,東京学芸大学附属国際中等教育学校,宝仙学園高等学校,,,未,学芸大国際,A,宝仙学園,A,https://www.goalnote.net/detail-schedule.php?tid=18597
第5地区,NSリーグ,2026,3部A,第1節,,都立田無高等学校,都立杉並高等学校,1,5,済,田無,A,杉並,A,https://www.goalnote.net/detail-schedule.php?tid=18597
第5地区,NSリーグ,2026,3部A,第2節,,専修大学附属高等学校B,宝仙学園高等学校,,,未,専修大附,B,宝仙学園,A,https://www.goalnote.net/detail-schedule.php?tid=18597
第5地区,NSリーグ,2026,3部A,第2節,2026-06-14,都立杉並高等学校,英明フロンティア高等学校,0,0,済,杉並,A,英明フロンティア,A,https://www.goalnote.net/detail-schedule.php?tid=18597
第5地区,NSリーグ,2026,3部A,第2節,,東京学芸大学附属国際中等教育学校,都立田無高等学校,,,未,学芸大国際,A,田無,A,https://www.goalnote.net/detail-schedule.php?tid=18597
第5地区,NSリーグ,2026,3部A,第3節,,専修大学附属高等学校B,都立杉並高等学校,,,未,専修大附,B,杉並,A,https://www.goalnote.net/detail-schedule.php?tid=18597
第5地区,NSリーグ,2026,3部A,第3節,,都立田無高等学校,宝仙学園高等学校,,,未,田無,A,宝仙学園,A,https://www.goalnote.net/detail-schedule.php?tid=18597
第5地区,NSリーグ,2026,3部A,第3節,,東京学芸大学附属国際中等教育学校,英明フロンティア高等学校,1,3,済,学芸大国際,A,英明フロンティア,A,https://www.goalnote.net/detail-schedule.php?tid=18597
第5地区,NSリーグ,2026,3部A,第4節,,専修大学附属高等学校B,都立田無高等学校,,,未,専修大附,B,田無,A,https://www.goalnote.net/detail-schedule.php?tid=18597
第5地区,NSリーグ,2026,3部A,第4節,,東京学芸大学附属国際中等教育学校,都立杉並高等学校,,,未,学芸大国際,A,杉並,A,https://www.goalnote.net/detail-schedule.php?tid=18597
第5地区,NSリーグ,2026,3部A,第4節,,宝仙学園高等学校,英明フロンティア高等学校,,,未,宝仙学園,A,英明フロンティア,A,https://www.goalnote.net/detail-schedule.php?tid=18597
第5地区,NSリーグ,2026,3部A,第5節,,専修大学附属高等学校B,東京学芸大学附属国際中等教育学校,,,未,専修大附,B,学芸大国際,A,https://www.goalnote.net/detail-schedule.php?tid=18597
第5地区,NSリーグ,2026,3部A,第5節,,都立田無高等学校,英明フロンティア高等学校,,,未,田無,A,英明フロンティア,A,https://www.goalnote.net/detail-schedule.php?tid=18597
第5地区,NSリーグ,2026,3部A,第5節,2026-04-12,都立杉並高等学校,宝仙学園高等学校,1,1,済,杉並,A,宝仙学園,A,https://www.goalnote.net/detail-schedule.php?tid=18597
第5地区,NSリーグ,2026,3部B,第1節,,日本大学第二高等学校B,都立練馬高等学校,,,未,日大二,B,練馬,A,https://www.goalnote.net/detail-schedule.php?tid=18597
第5地区,NSリーグ,2026,3部B,第1節,,堀越高等学校C,都立富士高等学校,,,未,堀越,C,富士,A,https://www.goalnote.net/detail-schedule.php?tid=18597
第5地区,NSリーグ,2026,3部B,第1節,,都立大泉高等学校,武蔵野大学高等学校,0,4,済,大泉,A,武蔵野大高,A,https://www.goalnote.net/detail-schedule.php?tid=18597
第5地区,NSリーグ,2026,3部B,第2節,,日本大学第二高等学校B,都立富士高等学校,,,未,日大二,B,富士,A,https://www.goalnote.net/detail-schedule.php?tid=18597
第5地区,NSリーグ,2026,3部B,第2節,,武蔵野大学高等学校,都立練馬高等学校,,,未,武蔵野大高,A,練馬,A,https://www.goalnote.net/detail-schedule.php?tid=18597
第5地区,NSリーグ,2026,3部B,第2節,,堀越高等学校C,都立大泉高等学校,,,未,堀越,C,大泉,A,https://www.goalnote.net/detail-schedule.php?tid=18597
第5地区,NSリーグ,2026,3部B,第3節,,日本大学第二高等学校B,武蔵野大学高等学校,0,6,済,日大二,B,武蔵野大高,A,https://www.goalnote.net/detail-schedule.php?tid=18597
第5地区,NSリーグ,2026,3部B,第3節,,都立大泉高等学校,都立富士高等学校,,,未,大泉,A,富士,A,https://www.goalnote.net/detail-schedule.php?tid=18597
第5地区,NSリーグ,2026,3部B,第3節,,堀越高等学校C,都立練馬高等学校,,,未,堀越,C,練馬,A,https://www.goalnote.net/detail-schedule.php?tid=18597
第5地区,NSリーグ,2026,3部B,第4節,2026-06-21,日本大学第二高等学校B,都立大泉高等学校,0,0,済,日大二,B,大泉,A,https://www.goalnote.net/detail-schedule.php?tid=18597
第5地区,NSリーグ,2026,3部B,第4節,,堀越高等学校C,武蔵野大学高等学校,,,未,堀越,C,武蔵野大高,A,https://www.goalnote.net/detail-schedule.php?tid=18597
第5地区,NSリーグ,2026,3部B,第4節,,都立富士高等学校,都立練馬高等学校,,,未,富士,A,練馬,A,https://www.goalnote.net/detail-schedule.php?tid=18597
第5地区,NSリーグ,2026,3部B,第5節,,日本大学第二高等学校B,堀越高等学校C,,,未,日大二,B,堀越,C,https://www.goalnote.net/detail-schedule.php?tid=18597
第5地区,NSリーグ,2026,3部B,第5節,2026-06-07,都立大泉高等学校,都立練馬高等学校,5,0,済,大泉,A,練馬,A,https://www.goalnote.net/detail-schedule.php?tid=18597
第5地区,NSリーグ,2026,3部B,第5節,,武蔵野大学高等学校,都立富士高等学校,,,未,武蔵野大高,A,富士,A,https://www.goalnote.net/detail-schedule.php?tid=18597
第5地区,NSリーグ,2026,3部C,第1節,2026-05-31,都立鷺宮高等学校B,都立井草高等学校,0,1,済,鷺宮,B,井草,A,https://www.goalnote.net/detail-schedule.php?tid=18597
第5地区,NSリーグ,2026,3部C,第1節,,都立武蔵丘高等学校B,都立杉並総合高等学校,,,未,武蔵丘,B,杉並総合,A,https://www.goalnote.net/detail-schedule.php?tid=18597
第5地区,NSリーグ,2026,3部C,第1節,,杉並学院高等学校,東京立正高等学校,,,未,杉並学院,A,東京立正,A,https://www.goalnote.net/detail-schedule.php?tid=18597
第5地区,NSリーグ,2026,3部C,第2節,,都立武蔵丘高等学校B,明治大学付属中野高等学校C,,,未,武蔵丘,B,明大中野,C,https://www.goalnote.net/detail-schedule.php?tid=18597
第5地区,NSリーグ,2026,3部C,第2節,,杉並学院高等学校,都立井草高等学校,,,未,杉並学院,A,井草,A,https://www.goalnote.net/detail-schedule.php?tid=18597
第5地区,NSリーグ,2026,3部C,第2節,2026-04-19,東京立正高等学校,都立杉並総合高等学校,14,0,済,東京立正,A,杉並総合,A,https://www.goalnote.net/detail-schedule.php?tid=18597
第5地区,NSリーグ,2026,3部C,第3節,,都立鷺宮高等学校B,杉並学院高等学校,,,未,鷺宮,B,杉並学院,A,https://www.goalnote.net/detail-schedule.php?tid=18597
第5地区,NSリーグ,2026,3部C,第3節,2026-04-02,東京立正高等学校,明治大学付属中野高等学校C,2,0,済,東京立正,A,明大中野,C,https://www.goalnote.net/detail-schedule.php?tid=18597
第5地区,NSリーグ,2026,3部C,第3節,,都立杉並総合高等学校,都立井草高等学校,,,未,杉並総合,A,井草,A,https://www.goalnote.net/detail-schedule.php?tid=18597
第5地区,NSリーグ,2026,3部C,第4節,2026-06-06,都立武蔵丘高等学校B,東京立正高等学校,4,4,済,武蔵丘,B,東京立正,A,https://www.goalnote.net/detail-schedule.php?tid=18597
第5地区,NSリーグ,2026,3部C,第4節,2026-06-14,都立鷺宮高等学校B,都立杉並総合高等学校,7,0,済,鷺宮,B,杉並総合,A,https://www.goalnote.net/detail-schedule.php?tid=18597
第5地区,NSリーグ,2026,3部C,第4節,2026-09-23,都立井草高等学校,明治大学付属中野高等学校C,,,未,井草,A,明大中野,C,https://www.goalnote.net/detail-schedule.php?tid=18597
第5地区,NSリーグ,2026,3部C,第5節,2026-06-21,杉並学院高等学校,都立杉並総合高等学校,,,未,杉並学院,A,杉並総合,A,https://www.goalnote.net/detail-schedule.php?tid=18597
第5地区,NSリーグ,2026,3部C,第5節,2026-06-14,都立武蔵丘高等学校B,都立井草高等学校,2,6,済,武蔵丘,B,井草,A,https://www.goalnote.net/detail-schedule.php?tid=18597
第5地区,NSリーグ,2026,3部C,第5節,2026-06-07,都立鷺宮高等学校B,明治大学付属中野高等学校C,1,0,済,鷺宮,B,明大中野,C,https://www.goalnote.net/detail-schedule.php?tid=18597
第5地区,NSリーグ,2026,3部C,第6節,,東京立正高等学校,都立井草高等学校,,,未,東京立正,A,井草,A,https://www.goalnote.net/detail-schedule.php?tid=18597
第5地区,NSリーグ,2026,3部C,第6節,,杉並学院高等学校,明治大学付属中野高等学校C,,,未,杉並学院,A,明大中野,C,https://www.goalnote.net/detail-schedule.php?tid=18597
第5地区,NSリーグ,2026,3部C,第6節,2026-06-21,都立鷺宮高等学校B,都立武蔵丘高等学校B,1,1,済,鷺宮,B,武蔵丘,B,https://www.goalnote.net/detail-schedule.php?tid=18597
第5地区,NSリーグ,2026,3部C,第7節,,都立杉並総合高等学校,明治大学付属中野高等学校C,,,未,杉並総合,A,明大中野,C,https://www.goalnote.net/detail-schedule.php?tid=18597
第5地区,NSリーグ,2026,3部C,第7節,2026-05-06,都立鷺宮高等学校B,東京立正高等学校,3,2,済,鷺宮,B,東京立正,A,https://www.goalnote.net/detail-schedule.php?tid=18597
第5地区,NSリーグ,2026,3部C,第7節,,都立武蔵丘高等学校B,杉並学院高等学校,,,未,武蔵丘,B,杉並学院,A,https://www.goalnote.net/detail-schedule.php?tid=18597
第6地区,第6地区リーグU-18（通称・第6地区ユースリーグ）,2026,2部B,,2026-04-05,学大附,筑駒,5,0,済,学芸大附,A,筑波大駒場,A,https://docs.google.com/spreadsheets/d/1vY7m-UeNZODVhNsxWN_Wn9Nt-7p4BdPc8PC64K5_qAo/gviz/tq?tqx=out:csv
第6地区,第6地区リーグU-18（通称・第6地区ユースリーグ）,2026,2部B,,2026-04-12,学大附,日大三C,2,3,済,学芸大附,A,日大三,C,https://docs.google.com/spreadsheets/d/1vY7m-UeNZODVhNsxWN_Wn9Nt-7p4BdPc8PC64K5_qAo/gviz/tq?tqx=out:csv
第6地区,第6地区リーグU-18（通称・第6地区ユースリーグ）,2026,2部B,,2026-04-19,都市大A,学大附,1,0,済,都市大付,A,学芸大附,A,https://docs.google.com/spreadsheets/d/1vY7m-UeNZODVhNsxWN_Wn9Nt-7p4BdPc8PC64K5_qAo/gviz/tq?tqx=out:csv
第6地区,第6地区リーグU-18（通称・第6地区ユースリーグ）,2026,2部B,,2026-04-19,小川,駒大F,0,6,済,小川,A,駒澤大高,F,https://docs.google.com/spreadsheets/d/1vY7m-UeNZODVhNsxWN_Wn9Nt-7p4BdPc8PC64K5_qAo/gviz/tq?tqx=out:csv
第6地区,第6地区リーグU-18（通称・第6地区ユースリーグ）,2026,2部B,,2026-04-19,桜修館,目黒日大,3,0,済,桜修館中等,A,目黒日大,A,https://docs.google.com/spreadsheets/d/1vY7m-UeNZODVhNsxWN_Wn9Nt-7p4BdPc8PC64K5_qAo/gviz/tq?tqx=out:csv
第6地区,第6地区リーグU-18（通称・第6地区ユースリーグ）,2026,2部B,,2026-04-12,筑駒,駒大F,1,3,済,筑波大駒場,A,駒澤大高,F,https://docs.google.com/spreadsheets/d/1vY7m-UeNZODVhNsxWN_Wn9Nt-7p4BdPc8PC64K5_qAo/gviz/tq?tqx=out:csv
第6地区,第6地区リーグU-18（通称・第6地区ユースリーグ）,2026,2部B,,2026-04-03,駒大F,目黒日大,4,0,済,駒澤大高,F,目黒日大,A,https://docs.google.com/spreadsheets/d/1vY7m-UeNZODVhNsxWN_Wn9Nt-7p4BdPc8PC64K5_qAo/gviz/tq?tqx=out:csv
第6地区,第6地区リーグU-18（通称・第6地区ユースリーグ）,2026,2部B,,2026-05-10,小川,目黒日大,3,0,済,小川,A,目黒日大,A,https://docs.google.com/spreadsheets/d/1vY7m-UeNZODVhNsxWN_Wn9Nt-7p4BdPc8PC64K5_qAo/gviz/tq?tqx=out:csv
第6地区,第6地区リーグU-18（通称・第6地区ユースリーグ）,2026,3部A,,2026-05-10,芦花,科学技術学園,7,2,済,芦花,A,科学技術学園,A,https://docs.google.com/spreadsheets/d/1vY7m-UeNZODVhNsxWN_Wn9Nt-7p4BdPc8PC64K5_qAo/gviz/tq?tqx=out:csv
第6地区,第6地区リーグU-18（通称・第6地区ユースリーグ）,2026,3部A,,2026-04-18,千歳丘,芦花,3,0,済,千歳丘,A,芦花,A,https://docs.google.com/spreadsheets/d/1vY7m-UeNZODVhNsxWN_Wn9Nt-7p4BdPc8PC64K5_qAo/gviz/tq?tqx=out:csv
第6地区,第6地区リーグU-18（通称・第6地区ユースリーグ）,2026,3部A,,2026-05-09,千歳丘,町田工科,9,0,済,千歳丘,A,町田工科,A,https://docs.google.com/spreadsheets/d/1vY7m-UeNZODVhNsxWN_Wn9Nt-7p4BdPc8PC64K5_qAo/gviz/tq?tqx=out:csv
第6地区,第6地区リーグU-18（通称・第6地区ユースリーグ）,2026,2部B,,2026-05-16,小川,桜修館,5,0,済,小川,A,桜修館中等,A,https://docs.google.com/spreadsheets/d/1vY7m-UeNZODVhNsxWN_Wn9Nt-7p4BdPc8PC64K5_qAo/gviz/tq?tqx=out:csv
第6地区,第6地区リーグU-18（通称・第6地区ユースリーグ）,2026,2部B,,2026-05-17,筑駒,目黒日大,3,0,済,筑波大駒場,A,目黒日大,A,https://docs.google.com/spreadsheets/d/1vY7m-UeNZODVhNsxWN_Wn9Nt-7p4BdPc8PC64K5_qAo/gviz/tq?tqx=out:csv
第6地区,第6地区リーグU-18（通称・第6地区ユースリーグ）,2026,2部B,,2026-05-31,学大附,日本学園B,5,2,済,学芸大附,A,日本学園,B,https://docs.google.com/spreadsheets/d/1vY7m-UeNZODVhNsxWN_Wn9Nt-7p4BdPc8PC64K5_qAo/gviz/tq?tqx=out:csv
第6地区,第6地区リーグU-18（通称・第6地区ユースリーグ）,2026,2部A,,2026-05-31,玉川学園/三田国際/和光,大東学園,8,1,済,玉川学園/三田国際/和光,A,大東学園,A,https://docs.google.com/spreadsheets/d/1vY7m-UeNZODVhNsxWN_Wn9Nt-7p4BdPc8PC64K5_qAo/gviz/tq?tqx=out:csv
第6地区,第6地区リーグU-18（通称・第6地区ユースリーグ）,2026,3部A,,2026-05-30,町田工科,科学技術学園,0,1,済,町田工科,A,科学技術学園,A,https://docs.google.com/spreadsheets/d/1vY7m-UeNZODVhNsxWN_Wn9Nt-7p4BdPc8PC64K5_qAo/gviz/tq?tqx=out:csv
第6地区,第6地区リーグU-18（通称・第6地区ユースリーグ）,2026,2部B,,2026-06-07,目黒日大,目黒学院,13,2,済,目黒日大,A,目黒学院,A,https://docs.google.com/spreadsheets/d/1vY7m-UeNZODVhNsxWN_Wn9Nt-7p4BdPc8PC64K5_qAo/gviz/tq?tqx=out:csv
第6地区,第6地区リーグU-18（通称・第6地区ユースリーグ）,2026,2部B,,2026-06-07,学大附,桜修館,5,0,済,学芸大附,A,桜修館中等,A,https://docs.google.com/spreadsheets/d/1vY7m-UeNZODVhNsxWN_Wn9Nt-7p4BdPc8PC64K5_qAo/gviz/tq?tqx=out:csv
第6地区,第6地区リーグU-18（通称・第6地区ユースリーグ）,2026,2部B,,2026-05-24,都市大A,桜修館,8,0,済,都市大付,A,桜修館中等,A,https://docs.google.com/spreadsheets/d/1vY7m-UeNZODVhNsxWN_Wn9Nt-7p4BdPc8PC64K5_qAo/gviz/tq?tqx=out:csv
第6地区,第6地区リーグU-18（通称・第6地区ユースリーグ）,2026,2部A,,2026-06-07,玉川学園/三田国際/和光,日大桜丘A,1,1,済,玉川学園/三田国際/和光,A,日大櫻丘,A,https://docs.google.com/spreadsheets/d/1vY7m-UeNZODVhNsxWN_Wn9Nt-7p4BdPc8PC64K5_qAo/gviz/tq?tqx=out:csv
第6地区,第6地区リーグU-18（通称・第6地区ユースリーグ）,2026,2部A,,2026-05-03,狛江B,駒場C,0,0,済,狛江,B,駒場,C,https://docs.google.com/spreadsheets/d/1vY7m-UeNZODVhNsxWN_Wn9Nt-7p4BdPc8PC64K5_qAo/gviz/tq?tqx=out:csv
第6地区,第6地区リーグU-18（通称・第6地区ユースリーグ）,2026,2部A,,2026-05-10,狛江B,大東学園,3,0,済,狛江,B,大東学園,A,https://docs.google.com/spreadsheets/d/1vY7m-UeNZODVhNsxWN_Wn9Nt-7p4BdPc8PC64K5_qAo/gviz/tq?tqx=out:csv
第6地区,第6地区リーグU-18（通称・第6地区ユースリーグ）,2026,2部A,,2026-05-16,狛江B,桜町,3,0,済,狛江,B,桜町,A,https://docs.google.com/spreadsheets/d/1vY7m-UeNZODVhNsxWN_Wn9Nt-7p4BdPc8PC64K5_qAo/gviz/tq?tqx=out:csv
第6地区,第6地区リーグU-18（通称・第6地区ユースリーグ）,2026,2部A,,2026-06-07,桜美林A,狛江B,3,0,済,桜美林,A,狛江,B,https://docs.google.com/spreadsheets/d/1vY7m-UeNZODVhNsxWN_Wn9Nt-7p4BdPc8PC64K5_qAo/gviz/tq?tqx=out:csv
第6地区,第6地区リーグU-18（通称・第6地区ユースリーグ）,2026,3部A,,2026-06-07,芦花,目黒,1,2,済,芦花,A,目黒,A,https://docs.google.com/spreadsheets/d/1vY7m-UeNZODVhNsxWN_Wn9Nt-7p4BdPc8PC64K5_qAo/gviz/tq?tqx=out:csv
第6地区,第6地区リーグU-18（通称・第6地区ユースリーグ）,2026,3部B,,2026-06-07,日大桜丘B,国際,5,1,済,日大櫻丘,B,国際,A,https://docs.google.com/spreadsheets/d/1vY7m-UeNZODVhNsxWN_Wn9Nt-7p4BdPc8PC64K5_qAo/gviz/tq?tqx=out:csv
第6地区,第6地区リーグU-18（通称・第6地区ユースリーグ）,2026,2部A,,2026-04-29,多摩大目黒D,駒場C,3,4,済,多摩大学目黒,D,駒場,C,https://docs.google.com/spreadsheets/d/1vY7m-UeNZODVhNsxWN_Wn9Nt-7p4BdPc8PC64K5_qAo/gviz/tq?tqx=out:csv
第6地区,第6地区リーグU-18（通称・第6地区ユースリーグ）,2026,2部A,,2026-05-02,多摩大目黒D,桜町,2,0,済,多摩大学目黒,D,桜町,A,https://docs.google.com/spreadsheets/d/1vY7m-UeNZODVhNsxWN_Wn9Nt-7p4BdPc8PC64K5_qAo/gviz/tq?tqx=out:csv
第6地区,第6地区リーグU-18（通称・第6地区ユースリーグ）,2026,2部A,,2026-05-05,多摩大目黒D,日大桜丘A,1,0,済,多摩大学目黒,D,日大櫻丘,A,https://docs.google.com/spreadsheets/d/1vY7m-UeNZODVhNsxWN_Wn9Nt-7p4BdPc8PC64K5_qAo/gviz/tq?tqx=out:csv
第6地区,第6地区リーグU-18（通称・第6地区ユースリーグ）,2026,2部A,,2026-06-13,玉川学園/三田国際/和光,桜町,3,0,済,玉川学園/三田国際/和光,A,桜町,A,https://docs.google.com/spreadsheets/d/1vY7m-UeNZODVhNsxWN_Wn9Nt-7p4BdPc8PC64K5_qAo/gviz/tq?tqx=out:csv
第6地区,第6地区リーグU-18（通称・第6地区ユースリーグ）,2026,3部A,,2026-06-14,芦花,駒大H,1,6,済,芦花,A,駒澤大高,H,https://docs.google.com/spreadsheets/d/1vY7m-UeNZODVhNsxWN_Wn9Nt-7p4BdPc8PC64K5_qAo/gviz/tq?tqx=out:csv
第6地区,第6地区リーグU-18（通称・第6地区ユースリーグ）,2026,3部A,,2026-06-14,科学技術学園,玉川学園/三田国際/和光,1,0,済,科学技術学園,A,玉川学園/三田国際/和光,A,https://docs.google.com/spreadsheets/d/1vY7m-UeNZODVhNsxWN_Wn9Nt-7p4BdPc8PC64K5_qAo/gviz/tq?tqx=out:csv
第6地区,第6地区リーグU-18（通称・第6地区ユースリーグ）,2026,2部A,,2026-06-07,桜美林A,狛江B,3,0,済,桜美林,A,狛江,B,https://docs.google.com/spreadsheets/d/1vY7m-UeNZODVhNsxWN_Wn9Nt-7p4BdPc8PC64K5_qAo/gviz/tq?tqx=out:csv
第6地区,第6地区リーグU-18（通称・第6地区ユースリーグ）,2026,2部A,,2026-06-14,桜美林A,大東学園,6,0,済,桜美林,A,大東学園,A,https://docs.google.com/spreadsheets/d/1vY7m-UeNZODVhNsxWN_Wn9Nt-7p4BdPc8PC64K5_qAo/gviz/tq?tqx=out:csv
第6地区,第6地区リーグU-18（通称・第6地区ユースリーグ）,2026,2部A,,2026-04-19,桜美林A,桜町,1,3,済,桜美林,A,桜町,A,https://docs.google.com/spreadsheets/d/1vY7m-UeNZODVhNsxWN_Wn9Nt-7p4BdPc8PC64K5_qAo/gviz/tq?tqx=out:csv
第6地区,第6地区リーグU-18（通称・第6地区ユースリーグ）,2026,2部B,,2026-06-14,筑駒,目黒学院,7,2,済,筑波大駒場,A,目黒学院,A,https://docs.google.com/spreadsheets/d/1vY7m-UeNZODVhNsxWN_Wn9Nt-7p4BdPc8PC64K5_qAo/gviz/tq?tqx=out:csv
第6地区,第6地区リーグU-18（通称・第6地区ユースリーグ）,2026,2部B,,2026-06-14,目黒日大,日本学園B,1,0,済,目黒日大,A,日本学園,B,https://docs.google.com/spreadsheets/d/1vY7m-UeNZODVhNsxWN_Wn9Nt-7p4BdPc8PC64K5_qAo/gviz/tq?tqx=out:csv
第6地区,第6地区リーグU-18（通称・第6地区ユースリーグ）,2026,2部A,,2026-06-14,狛江B,日大桜丘A,0,3,済,狛江,B,日大櫻丘,A,https://docs.google.com/spreadsheets/d/1vY7m-UeNZODVhNsxWN_Wn9Nt-7p4BdPc8PC64K5_qAo/gviz/tq?tqx=out:csv
第6地区,第6地区リーグU-18（通称・第6地区ユースリーグ）,2026,2部A,,2026-06-19,駒場学園B,狛江B,1,4,済,駒場学園,B,狛江,B,https://docs.google.com/spreadsheets/d/1vY7m-UeNZODVhNsxWN_Wn9Nt-7p4BdPc8PC64K5_qAo/gviz/tq?tqx=out:csv
第6地区,第6地区リーグU-18（通称・第6地区ユースリーグ）,2026,2部B,,2026-06-21,学大附,駒大F,1,3,済,学芸大附,A,駒澤大高,F,https://docs.google.com/spreadsheets/d/1vY7m-UeNZODVhNsxWN_Wn9Nt-7p4BdPc8PC64K5_qAo/gviz/tq?tqx=out:csv
第6地区,第6地区リーグU-18（通称・第6地区ユースリーグ）,2026,2部A,,2026-06-21,玉川学園/三田国際/和光,多摩大目黒D,1,1,済,玉川学園/三田国際/和光,A,多摩大学目黒,D,https://docs.google.com/spreadsheets/d/1vY7m-UeNZODVhNsxWN_Wn9Nt-7p4BdPc8PC64K5_qAo/gviz/tq?tqx=out:csv
第6地区,第6地区リーグU-18（通称・第6地区ユースリーグ）,2026,2部B,,2026-06-21,都市大A,日本学園B,6,1,済,都市大付,A,日本学園,B,https://docs.google.com/spreadsheets/d/1vY7m-UeNZODVhNsxWN_Wn9Nt-7p4BdPc8PC64K5_qAo/gviz/tq?tqx=out:csv
第6地区,第6地区リーグU-18（通称・第6地区ユースリーグ）,2026,2部A,,2026-06-28,玉川学園/三田国際/和光,駒場C,5,4,済,玉川学園/三田国際/和光,A,駒場,C,https://docs.google.com/spreadsheets/d/1vY7m-UeNZODVhNsxWN_Wn9Nt-7p4BdPc8PC64K5_qAo/gviz/tq?tqx=out:csv
第6地区,第6地区リーグU-18（通称・第6地区ユースリーグ）,2026,2部B,,2026-06-28,都市大A,目黒日大,2,1,済,都市大付,A,目黒日大,A,https://docs.google.com/spreadsheets/d/1vY7m-UeNZODVhNsxWN_Wn9Nt-7p4BdPc8PC64K5_qAo/gviz/tq?tqx=out:csv
第6地区,第6地区リーグU-18（通称・第6地区ユースリーグ）,2026,1部,,2026-04-01,駒場学園A,日大三B,1,0,済,駒場学園,A,日大三,B,https://docs.google.com/spreadsheets/d/1vY7m-UeNZODVhNsxWN_Wn9Nt-7p4BdPc8PC64K5_qAo/gviz/tq?tqx=out:csv
第6地区,第6地区リーグU-18（通称・第6地区ユースリーグ）,2026,1部,,2026-04-01,成城学園,駒大E,2,5,済,成城学園,A,駒澤大高,E,https://docs.google.com/spreadsheets/d/1vY7m-UeNZODVhNsxWN_Wn9Nt-7p4BdPc8PC64K5_qAo/gviz/tq?tqx=out:csv
第6地区,第6地区リーグU-18（通称・第6地区ユースリーグ）,2026,1部,,2026-04-04,成城学園,日大三B,0,2,済,成城学園,A,日大三,B,https://docs.google.com/spreadsheets/d/1vY7m-UeNZODVhNsxWN_Wn9Nt-7p4BdPc8PC64K5_qAo/gviz/tq?tqx=out:csv
第6地区,第6地区リーグU-18（通称・第6地区ユースリーグ）,2026,1部,,2026-04-05,成瀬,農大一,0,5,済,成瀬,A,農大一,A,https://docs.google.com/spreadsheets/d/1vY7m-UeNZODVhNsxWN_Wn9Nt-7p4BdPc8PC64K5_qAo/gviz/tq?tqx=out:csv
第6地区,第6地区リーグU-18（通称・第6地区ユースリーグ）,2026,1部,,2026-04-07,駒場学園A,国士舘C,2,0,済,駒場学園,A,国士舘,C,https://docs.google.com/spreadsheets/d/1vY7m-UeNZODVhNsxWN_Wn9Nt-7p4BdPc8PC64K5_qAo/gviz/tq?tqx=out:csv
第6地区,第6地区リーグU-18（通称・第6地区ユースリーグ）,2026,1部,,2026-04-12,都市大等々力,国士舘C,1,3,済,都市大等々力,A,国士舘,C,https://docs.google.com/spreadsheets/d/1vY7m-UeNZODVhNsxWN_Wn9Nt-7p4BdPc8PC64K5_qAo/gviz/tq?tqx=out:csv
第6地区,第6地区リーグU-18（通称・第6地区ユースリーグ）,2026,1部,,2026-04-12,野津田,駒場B,1,0,済,野津田,A,駒場,B,https://docs.google.com/spreadsheets/d/1vY7m-UeNZODVhNsxWN_Wn9Nt-7p4BdPc8PC64K5_qAo/gviz/tq?tqx=out:csv
第6地区,第6地区リーグU-18（通称・第6地区ユースリーグ）,2026,1部,,2026-04-12,都市大等々力,農大一,0,2,済,都市大等々力,A,農大一,A,https://docs.google.com/spreadsheets/d/1vY7m-UeNZODVhNsxWN_Wn9Nt-7p4BdPc8PC64K5_qAo/gviz/tq?tqx=out:csv
第6地区,第6地区リーグU-18（通称・第6地区ユースリーグ）,2026,1部,,2026-04-15,駒場学園A,農大一,1,1,済,駒場学園,A,農大一,A,https://docs.google.com/spreadsheets/d/1vY7m-UeNZODVhNsxWN_Wn9Nt-7p4BdPc8PC64K5_qAo/gviz/tq?tqx=out:csv
第6地区,第6地区リーグU-18（通称・第6地区ユースリーグ）,2026,1部,,2026-04-18,日大三B,野津田,3,1,済,日大三,B,野津田,A,https://docs.google.com/spreadsheets/d/1vY7m-UeNZODVhNsxWN_Wn9Nt-7p4BdPc8PC64K5_qAo/gviz/tq?tqx=out:csv
第6地区,第6地区リーグU-18（通称・第6地区ユースリーグ）,2026,1部,,2026-04-19,成城学園,国士舘C,1,0,済,成城学園,A,国士舘,C,https://docs.google.com/spreadsheets/d/1vY7m-UeNZODVhNsxWN_Wn9Nt-7p4BdPc8PC64K5_qAo/gviz/tq?tqx=out:csv
第6地区,第6地区リーグU-18（通称・第6地区ユースリーグ）,2026,1部,,2026-04-19,都市大等々力,成瀬,2,1,済,都市大等々力,A,成瀬,A,https://docs.google.com/spreadsheets/d/1vY7m-UeNZODVhNsxWN_Wn9Nt-7p4BdPc8PC64K5_qAo/gviz/tq?tqx=out:csv
第6地区,第6地区リーグU-18（通称・第6地区ユースリーグ）,2026,1部,,2026-04-24,駒大E,駒場B,1,0,済,駒澤大高,E,駒場,B,https://docs.google.com/spreadsheets/d/1vY7m-UeNZODVhNsxWN_Wn9Nt-7p4BdPc8PC64K5_qAo/gviz/tq?tqx=out:csv
第6地区,第6地区リーグU-18（通称・第6地区ユースリーグ）,2026,1部,,2026-05-06,野津田,駒大E,1,10,済,野津田,A,駒澤大高,E,https://docs.google.com/spreadsheets/d/1vY7m-UeNZODVhNsxWN_Wn9Nt-7p4BdPc8PC64K5_qAo/gviz/tq?tqx=out:csv
第6地区,第6地区リーグU-18（通称・第6地区ユースリーグ）,2026,1部,,2026-05-09,駒場B,成瀬,9,0,済,駒場,B,成瀬,A,https://docs.google.com/spreadsheets/d/1vY7m-UeNZODVhNsxWN_Wn9Nt-7p4BdPc8PC64K5_qAo/gviz/tq?tqx=out:csv
第6地区,第6地区リーグU-18（通称・第6地区ユースリーグ）,2026,1部,,2026-05-17,野津田,国士舘C,1,2,済,野津田,A,国士舘,C,https://docs.google.com/spreadsheets/d/1vY7m-UeNZODVhNsxWN_Wn9Nt-7p4BdPc8PC64K5_qAo/gviz/tq?tqx=out:csv
第6地区,第6地区リーグU-18（通称・第6地区ユースリーグ）,2026,1部,,2026-05-17,日大三B,駒場B,6,1,済,日大三,B,駒場,B,https://docs.google.com/spreadsheets/d/1vY7m-UeNZODVhNsxWN_Wn9Nt-7p4BdPc8PC64K5_qAo/gviz/tq?tqx=out:csv
第6地区,第6地区リーグU-18（通称・第6地区ユースリーグ）,2026,1部,,2026-05-24,都市大等々力,駒場学園A,3,2,済,都市大等々力,A,駒場学園,A,https://docs.google.com/spreadsheets/d/1vY7m-UeNZODVhNsxWN_Wn9Nt-7p4BdPc8PC64K5_qAo/gviz/tq?tqx=out:csv
第6地区,第6地区リーグU-18（通称・第6地区ユースリーグ）,2026,1部,,2026-05-26,日大三B,駒場B,3,0,済,日大三,B,駒場,B,https://docs.google.com/spreadsheets/d/1vY7m-UeNZODVhNsxWN_Wn9Nt-7p4BdPc8PC64K5_qAo/gviz/tq?tqx=out:csv
第6地区,第6地区リーグU-18（通称・第6地区ユースリーグ）,2026,1部,,2026-05-30,成城学園,都市大等々力,7,2,済,成城学園,A,都市大等々力,A,https://docs.google.com/spreadsheets/d/1vY7m-UeNZODVhNsxWN_Wn9Nt-7p4BdPc8PC64K5_qAo/gviz/tq?tqx=out:csv
第6地区,第6地区リーグU-18（通称・第6地区ユースリーグ）,2026,1部,,2026-06-06,国士舘C,駒場B,4,1,済,国士舘,C,駒場,B,https://docs.google.com/spreadsheets/d/1vY7m-UeNZODVhNsxWN_Wn9Nt-7p4BdPc8PC64K5_qAo/gviz/tq?tqx=out:csv
第6地区,第6地区リーグU-18（通称・第6地区ユースリーグ）,2026,1部,,2026-06-07,野津田,農大一,0,1,済,野津田,A,農大一,A,https://docs.google.com/spreadsheets/d/1vY7m-UeNZODVhNsxWN_Wn9Nt-7p4BdPc8PC64K5_qAo/gviz/tq?tqx=out:csv
第6地区,第6地区リーグU-18（通称・第6地区ユースリーグ）,2026,1部,,2026-06-07,日大三B,成瀬,5,0,済,日大三,B,成瀬,A,https://docs.google.com/spreadsheets/d/1vY7m-UeNZODVhNsxWN_Wn9Nt-7p4BdPc8PC64K5_qAo/gviz/tq?tqx=out:csv
第6地区,第6地区リーグU-18（通称・第6地区ユースリーグ）,2026,1部,,2026-06-13,都市大等々力,野津田,5,2,済,都市大等々力,A,野津田,A,https://docs.google.com/spreadsheets/d/1vY7m-UeNZODVhNsxWN_Wn9Nt-7p4BdPc8PC64K5_qAo/gviz/tq?tqx=out:csv
第6地区,第6地区リーグU-18（通称・第6地区ユースリーグ）,2026,1部,,2026-06-14,成城学園,駒場学園A,1,2,済,成城学園,A,駒場学園,A,https://docs.google.com/spreadsheets/d/1vY7m-UeNZODVhNsxWN_Wn9Nt-7p4BdPc8PC64K5_qAo/gviz/tq?tqx=out:csv
第6地区,第6地区リーグU-18（通称・第6地区ユースリーグ）,2026,1部,,2026-06-15,農大一,駒場B,1,1,済,農大一,A,駒場,B,https://docs.google.com/spreadsheets/d/1vY7m-UeNZODVhNsxWN_Wn9Nt-7p4BdPc8PC64K5_qAo/gviz/tq?tqx=out:csv
第6地区,第6地区リーグU-18（通称・第6地区ユースリーグ）,2026,1部,,2026-06-17,駒場学園A,成瀬,7,3,済,駒場学園,A,成瀬,A,https://docs.google.com/spreadsheets/d/1vY7m-UeNZODVhNsxWN_Wn9Nt-7p4BdPc8PC64K5_qAo/gviz/tq?tqx=out:csv
第6地区,第6地区リーグU-18（通称・第6地区ユースリーグ）,2026,1部,,2026-06-20,駒大E,成瀬,5,0,済,駒澤大高,E,成瀬,A,https://docs.google.com/spreadsheets/d/1vY7m-UeNZODVhNsxWN_Wn9Nt-7p4BdPc8PC64K5_qAo/gviz/tq?tqx=out:csv
第6地区,第6地区リーグU-18（通称・第6地区ユースリーグ）,2026,1部,,2026-06-21,成城学園,農大一,4,4,済,成城学園,A,農大一,A,https://docs.google.com/spreadsheets/d/1vY7m-UeNZODVhNsxWN_Wn9Nt-7p4BdPc8PC64K5_qAo/gviz/tq?tqx=out:csv
第6地区,第6地区リーグU-18（通称・第6地区ユースリーグ）,2026,1部,,2026-06-23,駒大E,国士舘C,8,1,済,駒澤大高,E,国士舘,C,https://docs.google.com/spreadsheets/d/1vY7m-UeNZODVhNsxWN_Wn9Nt-7p4BdPc8PC64K5_qAo/gviz/tq?tqx=out:csv
第6地区,第6地区リーグU-18（通称・第6地区ユースリーグ）,2026,2部A,,2026-09-06,多摩大目黒D,大東学園,4,0,済,多摩大学目黒,D,大東学園,A,https://docs.google.com/spreadsheets/d/1vY7m-UeNZODVhNsxWN_Wn9Nt-7p4BdPc8PC64K5_qAo/gviz/tq?tqx=out:csv
第6地区,第6地区リーグU-18（通称・第6地区ユースリーグ）,2026,2部A,,2026-06-21,玉川学園/三田国際/和光,多摩大目黒D,1,1,済,玉川学園/三田国際/和光,A,多摩大学目黒,D,https://docs.google.com/spreadsheets/d/1vY7m-UeNZODVhNsxWN_Wn9Nt-7p4BdPc8PC64K5_qAo/gviz/tq?tqx=out:csv
第6地区,第6地区リーグU-18（通称・第6地区ユースリーグ）,2026,2部A,,2026-05-06,桜町,大東学園,2,1,済,桜町,A,大東学園,A,https://docs.google.com/spreadsheets/d/1vY7m-UeNZODVhNsxWN_Wn9Nt-7p4BdPc8PC64K5_qAo/gviz/tq?tqx=out:csv
第6地区,第6地区リーグU-18（通称・第6地区ユースリーグ）,2026,2部A,,2026-06-06,駒場C,大東学園,7,3,済,駒場,C,大東学園,A,https://docs.google.com/spreadsheets/d/1vY7m-UeNZODVhNsxWN_Wn9Nt-7p4BdPc8PC64K5_qAo/gviz/tq?tqx=out:csv
第6地区,第6地区リーグU-18（通称・第6地区ユースリーグ）,2024,3部A,,2024-06-16,芦花,日大桜丘,0,4,済,芦花,A,日大櫻丘,A,https://www.metro.ed.jp/roka-h/activities/2024/07/clubentry_75.html
第6地区,第6地区リーグU-18（通称・第6地区ユースリーグ）,2024,3部A,,2024-06-22,芦花,都市大等々力B,5,2,済,芦花,A,都市大等々力,B,https://www.metro.ed.jp/roka-h/activities/2024/07/clubentry_75.html
第6地区,第6地区リーグU-18（通称・第6地区ユースリーグ）,2024,3部A,,2024-07-13,芦花,世田谷総合,3,2,済,芦花,A,世田谷総合,A,https://www.metro.ed.jp/roka-h/activities/2024/07/clubentry_75.html
第6地区,第6地区リーグU-18（通称・第6地区ユースリーグ）,2024,3部A,,2024-07-15,芦花,国際,3,0,済,芦花,A,国際,A,https://www.metro.ed.jp/roka-h/activities/2024/07/clubentry_75.html
第7地区,第7地区ユースリーグ,2026,1部,,2026-04-03,大成C,星槎国際八王子,3,1,済,大成,C,星槎国際八王子,A,https://docs.google.com/spreadsheets/d/e/2PACX-1vQVPxsdzQeHgNi4Bg02sDdW2DYT-H-jTe8Q3NttnomTX3wCBomCCepRUQPb_Szwlq6D9RkOnPZnznB2/pub?gid=80189940&single=true&output=csv
第7地区,第7地区ユースリーグ,2026,1部,,2026-04-04,三鷹中等,調布南A,1,3,済,三鷹中等,A,調布南,A,https://docs.google.com/spreadsheets/d/e/2PACX-1vQVPxsdzQeHgNi4Bg02sDdW2DYT-H-jTe8Q3NttnomTX3wCBomCCepRUQPb_Szwlq6D9RkOnPZnznB2/pub?gid=80189940&single=true&output=csv
第7地区,第7地区ユースリーグ,2026,1部,,2026-04-05,明大八王子B,片倉,0,14,済,明大八王子,B,片倉,A,https://docs.google.com/spreadsheets/d/e/2PACX-1vQVPxsdzQeHgNi4Bg02sDdW2DYT-H-jTe8Q3NttnomTX3wCBomCCepRUQPb_Szwlq6D9RkOnPZnznB2/pub?gid=80189940&single=true&output=csv
第7地区,第7地区ユースリーグ,2026,1部,,2026-04-02,昭和第一学園B,八王子東A,1,0,済,昭和第一学園,B,八王子東,A,https://docs.google.com/spreadsheets/d/e/2PACX-1vQVPxsdzQeHgNi4Bg02sDdW2DYT-H-jTe8Q3NttnomTX3wCBomCCepRUQPb_Szwlq6D9RkOnPZnznB2/pub?gid=80189940&single=true&output=csv
第7地区,第7地区ユースリーグ,2026,1部,,2026-04-11,三鷹中等,大成C,2,0,済,三鷹中等,A,大成,C,https://docs.google.com/spreadsheets/d/e/2PACX-1vQVPxsdzQeHgNi4Bg02sDdW2DYT-H-jTe8Q3NttnomTX3wCBomCCepRUQPb_Szwlq6D9RkOnPZnznB2/pub?gid=80189940&single=true&output=csv
第7地区,第7地区ユースリーグ,2026,1部,,2026-04-12,星槎国際八王子,Raiz Chofu F.C U-18,1,2,済,星槎国際八王子,A,RaizChofuF.CU-18,A,https://docs.google.com/spreadsheets/d/e/2PACX-1vQVPxsdzQeHgNi4Bg02sDdW2DYT-H-jTe8Q3NttnomTX3wCBomCCepRUQPb_Szwlq6D9RkOnPZnznB2/pub?gid=80189940&single=true&output=csv
第7地区,第7地区ユースリーグ,2026,1部,,2026-04-04,Raiz Chofu F.C U-18,明星学園B,0,1,済,RaizChofuF.CU-18,A,明星学園,B,https://docs.google.com/spreadsheets/d/e/2PACX-1vQVPxsdzQeHgNi4Bg02sDdW2DYT-H-jTe8Q3NttnomTX3wCBomCCepRUQPb_Szwlq6D9RkOnPZnznB2/pub?gid=80189940&single=true&output=csv
第7地区,第7地区ユースリーグ,2026,1部,,2026-04-12,明星学園B,片倉,4,0,済,明星学園,B,片倉,A,https://docs.google.com/spreadsheets/d/e/2PACX-1vQVPxsdzQeHgNi4Bg02sDdW2DYT-H-jTe8Q3NttnomTX3wCBomCCepRUQPb_Szwlq6D9RkOnPZnznB2/pub?gid=80189940&single=true&output=csv
第7地区,第7地区ユースリーグ,2026,1部,,2026-04-12,調布南A,八王子東A,2,0,済,調布南,A,八王子東,A,https://docs.google.com/spreadsheets/d/e/2PACX-1vQVPxsdzQeHgNi4Bg02sDdW2DYT-H-jTe8Q3NttnomTX3wCBomCCepRUQPb_Szwlq6D9RkOnPZnznB2/pub?gid=80189940&single=true&output=csv
第7地区,第7地区ユースリーグ,2026,1部,,2026-04-12,明大八王子B,昭和第一学園B,1,2,済,明大八王子,B,昭和第一学園,B,https://docs.google.com/spreadsheets/d/e/2PACX-1vQVPxsdzQeHgNi4Bg02sDdW2DYT-H-jTe8Q3NttnomTX3wCBomCCepRUQPb_Szwlq6D9RkOnPZnznB2/pub?gid=80189940&single=true&output=csv
第7地区,第7地区ユースリーグ,2026,1部,,2026-04-18,大成C,八王子東A,4,0,済,大成,C,八王子東,A,https://docs.google.com/spreadsheets/d/e/2PACX-1vQVPxsdzQeHgNi4Bg02sDdW2DYT-H-jTe8Q3NttnomTX3wCBomCCepRUQPb_Szwlq6D9RkOnPZnznB2/pub?gid=80189940&single=true&output=csv
第7地区,第7地区ユースリーグ,2026,1部,,2026-04-19,調布南A,昭和第一学園B,2,0,済,調布南,A,昭和第一学園,B,https://docs.google.com/spreadsheets/d/e/2PACX-1vQVPxsdzQeHgNi4Bg02sDdW2DYT-H-jTe8Q3NttnomTX3wCBomCCepRUQPb_Szwlq6D9RkOnPZnznB2/pub?gid=80189940&single=true&output=csv
第7地区,第7地区ユースリーグ,2026,1部,,2026-04-19,Raiz Chofu F.C U-18,三鷹中等,1,2,済,RaizChofuF.CU-18,A,三鷹中等,A,https://docs.google.com/spreadsheets/d/e/2PACX-1vQVPxsdzQeHgNi4Bg02sDdW2DYT-H-jTe8Q3NttnomTX3wCBomCCepRUQPb_Szwlq6D9RkOnPZnznB2/pub?gid=80189940&single=true&output=csv
第7地区,第7地区ユースリーグ,2026,1部,,2026-04-19,星槎国際八王子,片倉,2,4,済,星槎国際八王子,A,片倉,A,https://docs.google.com/spreadsheets/d/e/2PACX-1vQVPxsdzQeHgNi4Bg02sDdW2DYT-H-jTe8Q3NttnomTX3wCBomCCepRUQPb_Szwlq6D9RkOnPZnznB2/pub?gid=80189940&single=true&output=csv
第7地区,第7地区ユースリーグ,2026,1部,,2026-04-19,明大八王子B,明星学園B,1,9,済,明大八王子,B,明星学園,B,https://docs.google.com/spreadsheets/d/e/2PACX-1vQVPxsdzQeHgNi4Bg02sDdW2DYT-H-jTe8Q3NttnomTX3wCBomCCepRUQPb_Szwlq6D9RkOnPZnznB2/pub?gid=80189940&single=true&output=csv
第7地区,第7地区ユースリーグ,2026,1部,,2026-05-17,昭和第一学園B,大成C,1,2,済,昭和第一学園,B,大成,C,https://docs.google.com/spreadsheets/d/e/2PACX-1vQVPxsdzQeHgNi4Bg02sDdW2DYT-H-jTe8Q3NttnomTX3wCBomCCepRUQPb_Szwlq6D9RkOnPZnznB2/pub?gid=80189940&single=true&output=csv
第7地区,第7地区ユースリーグ,2026,1部,,2026-05-18,明星学園B,星槎国際八王子,8,0,済,明星学園,B,星槎国際八王子,A,https://docs.google.com/spreadsheets/d/e/2PACX-1vQVPxsdzQeHgNi4Bg02sDdW2DYT-H-jTe8Q3NttnomTX3wCBomCCepRUQPb_Szwlq6D9RkOnPZnznB2/pub?gid=80189940&single=true&output=csv
第7地区,第7地区ユースリーグ,2026,1部,,2026-05-17,八王子東A,Raiz Chofu F.C U-18,0,2,済,八王子東,A,RaizChofuF.CU-18,A,https://docs.google.com/spreadsheets/d/e/2PACX-1vQVPxsdzQeHgNi4Bg02sDdW2DYT-H-jTe8Q3NttnomTX3wCBomCCepRUQPb_Szwlq6D9RkOnPZnznB2/pub?gid=80189940&single=true&output=csv
第7地区,第7地区ユースリーグ,2026,1部,,2026-05-24,片倉,三鷹中等,2,5,済,片倉,A,三鷹中等,A,https://docs.google.com/spreadsheets/d/e/2PACX-1vQVPxsdzQeHgNi4Bg02sDdW2DYT-H-jTe8Q3NttnomTX3wCBomCCepRUQPb_Szwlq6D9RkOnPZnznB2/pub?gid=80189940&single=true&output=csv
第7地区,第7地区ユースリーグ,2026,1部,,2026-05-24,明大八王子B,調布南A,0,7,済,明大八王子,B,調布南,A,https://docs.google.com/spreadsheets/d/e/2PACX-1vQVPxsdzQeHgNi4Bg02sDdW2DYT-H-jTe8Q3NttnomTX3wCBomCCepRUQPb_Szwlq6D9RkOnPZnznB2/pub?gid=80189940&single=true&output=csv
第7地区,第7地区ユースリーグ,2026,1部,,2026-05-30,大成C,調布南A,2,0,済,大成,C,調布南,A,https://docs.google.com/spreadsheets/d/e/2PACX-1vQVPxsdzQeHgNi4Bg02sDdW2DYT-H-jTe8Q3NttnomTX3wCBomCCepRUQPb_Szwlq6D9RkOnPZnznB2/pub?gid=80189940&single=true&output=csv
第7地区,第7地区ユースリーグ,2026,1部,,2026-05-31,三鷹中等,明星学園B,0,4,済,三鷹中等,A,明星学園,B,https://docs.google.com/spreadsheets/d/e/2PACX-1vQVPxsdzQeHgNi4Bg02sDdW2DYT-H-jTe8Q3NttnomTX3wCBomCCepRUQPb_Szwlq6D9RkOnPZnznB2/pub?gid=80189940&single=true&output=csv
第7地区,第7地区ユースリーグ,2026,1部,,2026-05-31,昭和第一学園B,Raiz Chofu F.C U-18,0,0,済,昭和第一学園,B,RaizChofuF.CU-18,A,https://docs.google.com/spreadsheets/d/e/2PACX-1vQVPxsdzQeHgNi4Bg02sDdW2DYT-H-jTe8Q3NttnomTX3wCBomCCepRUQPb_Szwlq6D9RkOnPZnznB2/pub?gid=80189940&single=true&output=csv
第7地区,第7地区ユースリーグ,2026,1部,,2026-06-12,明星学園B,八王子東A,7,0,済,明星学園,B,八王子東,A,https://docs.google.com/spreadsheets/d/e/2PACX-1vQVPxsdzQeHgNi4Bg02sDdW2DYT-H-jTe8Q3NttnomTX3wCBomCCepRUQPb_Szwlq6D9RkOnPZnznB2/pub?gid=80189940&single=true&output=csv
第7地区,第7地区ユースリーグ,2026,1部,,2026-06-14,三鷹中等,星槎国際八王子,1,0,済,三鷹中等,A,星槎国際八王子,A,https://docs.google.com/spreadsheets/d/e/2PACX-1vQVPxsdzQeHgNi4Bg02sDdW2DYT-H-jTe8Q3NttnomTX3wCBomCCepRUQPb_Szwlq6D9RkOnPZnznB2/pub?gid=80189940&single=true&output=csv
第7地区,第7地区ユースリーグ,2026,1部,,2026-06-07,明大八王子B,星槎国際八王子,5,1,済,明大八王子,B,星槎国際八王子,A,https://docs.google.com/spreadsheets/d/e/2PACX-1vQVPxsdzQeHgNi4Bg02sDdW2DYT-H-jTe8Q3NttnomTX3wCBomCCepRUQPb_Szwlq6D9RkOnPZnznB2/pub?gid=80189940&single=true&output=csv
第7地区,第7地区ユースリーグ,2026,1部,,2026-06-14,昭和第一学園B,片倉,1,3,済,昭和第一学園,B,片倉,A,https://docs.google.com/spreadsheets/d/e/2PACX-1vQVPxsdzQeHgNi4Bg02sDdW2DYT-H-jTe8Q3NttnomTX3wCBomCCepRUQPb_Szwlq6D9RkOnPZnznB2/pub?gid=80189940&single=true&output=csv
第7地区,第7地区ユースリーグ,2026,1部,,2026-06-14,Raiz Chofu F.C U-18,調布南A,0,2,済,RaizChofuF.CU-18,A,調布南,A,https://docs.google.com/spreadsheets/d/e/2PACX-1vQVPxsdzQeHgNi4Bg02sDdW2DYT-H-jTe8Q3NttnomTX3wCBomCCepRUQPb_Szwlq6D9RkOnPZnznB2/pub?gid=80189940&single=true&output=csv
第7地区,第7地区ユースリーグ,2026,1部,,2026-06-14,明大八王子B,大成C,0,8,済,明大八王子,B,大成,C,https://docs.google.com/spreadsheets/d/e/2PACX-1vQVPxsdzQeHgNi4Bg02sDdW2DYT-H-jTe8Q3NttnomTX3wCBomCCepRUQPb_Szwlq6D9RkOnPZnznB2/pub?gid=80189940&single=true&output=csv
第7地区,第7地区ユースリーグ,2026,1部,,2026-09-12,Raiz Chofu F.C U-18,大成C,1,4,済,RaizChofuF.CU-18,A,大成,C,https://docs.google.com/spreadsheets/d/e/2PACX-1vQVPxsdzQeHgNi4Bg02sDdW2DYT-H-jTe8Q3NttnomTX3wCBomCCepRUQPb_Szwlq6D9RkOnPZnznB2/pub?gid=80189940&single=true&output=csv
第7地区,第7地区ユースリーグ,2026,2部A,,2026-04-04,桐朋,八王子北,4,1,済,桐朋,A,八王子北,A,https://docs.google.com/spreadsheets/d/e/2PACX-1vQDgq8t4JUX3Bwny3MQXdTAYZz1ya47lHunDLtuGBYg3R_y30tCEiB5YIfLLXnNPXTVL_FTW0FzIOC6/pub?gid=80189940&single=true&output=csv
第7地区,第7地区ユースリーグ,2026,2部A,,2026-04-05,昭和第一学園C,八王子,0,3,済,昭和第一学園,C,八王子,A,https://docs.google.com/spreadsheets/d/e/2PACX-1vQDgq8t4JUX3Bwny3MQXdTAYZz1ya47lHunDLtuGBYg3R_y30tCEiB5YIfLLXnNPXTVL_FTW0FzIOC6/pub?gid=80189940&single=true&output=csv
第7地区,第7地区ユースリーグ,2026,2部A,,2026-04-11,松が谷,翔陽,3,0,済,松が谷,A,翔陽,A,https://docs.google.com/spreadsheets/d/e/2PACX-1vQDgq8t4JUX3Bwny3MQXdTAYZz1ya47lHunDLtuGBYg3R_y30tCEiB5YIfLLXnNPXTVL_FTW0FzIOC6/pub?gid=80189940&single=true&output=csv
第7地区,第7地区ユースリーグ,2026,2部A,,2026-04-12,桐朋,昭和第一学園C,1,0,済,桐朋,A,昭和第一学園,C,https://docs.google.com/spreadsheets/d/e/2PACX-1vQDgq8t4JUX3Bwny3MQXdTAYZz1ya47lHunDLtuGBYg3R_y30tCEiB5YIfLLXnNPXTVL_FTW0FzIOC6/pub?gid=80189940&single=true&output=csv
第7地区,第7地区ユースリーグ,2026,2部A,,2026-04-12,三鷹中等B,八王子,2,1,済,三鷹中等,B,八王子,A,https://docs.google.com/spreadsheets/d/e/2PACX-1vQDgq8t4JUX3Bwny3MQXdTAYZz1ya47lHunDLtuGBYg3R_y30tCEiB5YIfLLXnNPXTVL_FTW0FzIOC6/pub?gid=80189940&single=true&output=csv
第7地区,第7地区ユースリーグ,2026,2部A,,2026-04-19,桐朋,三鷹中等B,6,1,済,桐朋,A,三鷹中等,B,https://docs.google.com/spreadsheets/d/e/2PACX-1vQDgq8t4JUX3Bwny3MQXdTAYZz1ya47lHunDLtuGBYg3R_y30tCEiB5YIfLLXnNPXTVL_FTW0FzIOC6/pub?gid=80189940&single=true&output=csv
第7地区,第7地区ユースリーグ,2026,2部A,,2026-05-10,桐朋,翔陽,1,2,済,桐朋,A,翔陽,A,https://docs.google.com/spreadsheets/d/e/2PACX-1vQDgq8t4JUX3Bwny3MQXdTAYZz1ya47lHunDLtuGBYg3R_y30tCEiB5YIfLLXnNPXTVL_FTW0FzIOC6/pub?gid=80189940&single=true&output=csv
第7地区,第7地区ユースリーグ,2026,2部A,,2026-05-06,明大明治B,三鷹中等B,0,0,済,明大明治,B,三鷹中等,B,https://docs.google.com/spreadsheets/d/e/2PACX-1vQDgq8t4JUX3Bwny3MQXdTAYZz1ya47lHunDLtuGBYg3R_y30tCEiB5YIfLLXnNPXTVL_FTW0FzIOC6/pub?gid=80189940&single=true&output=csv
第7地区,第7地区ユースリーグ,2026,2部A,,2026-06-06,松が谷,八王子,1,1,済,松が谷,A,八王子,A,https://docs.google.com/spreadsheets/d/e/2PACX-1vQDgq8t4JUX3Bwny3MQXdTAYZz1ya47lHunDLtuGBYg3R_y30tCEiB5YIfLLXnNPXTVL_FTW0FzIOC6/pub?gid=80189940&single=true&output=csv
第7地区,第7地区ユースリーグ,2026,2部A,,2026-04-12,明大明治B,八王子北,0,3,済,明大明治,B,八王子北,A,https://docs.google.com/spreadsheets/d/e/2PACX-1vQDgq8t4JUX3Bwny3MQXdTAYZz1ya47lHunDLtuGBYg3R_y30tCEiB5YIfLLXnNPXTVL_FTW0FzIOC6/pub?gid=80189940&single=true&output=csv
第7地区,第7地区ユースリーグ,2026,2部A,,2026-04-19,明大明治B,昭和第一学園C,0,1,済,明大明治,B,昭和第一学園,C,https://docs.google.com/spreadsheets/d/e/2PACX-1vQDgq8t4JUX3Bwny3MQXdTAYZz1ya47lHunDLtuGBYg3R_y30tCEiB5YIfLLXnNPXTVL_FTW0FzIOC6/pub?gid=80189940&single=true&output=csv
第7地区,第7地区ユースリーグ,2026,2部A,,2026-06-07,三鷹中等B,昭和第一学園C,1,1,済,三鷹中等,B,昭和第一学園,C,https://docs.google.com/spreadsheets/d/e/2PACX-1vQDgq8t4JUX3Bwny3MQXdTAYZz1ya47lHunDLtuGBYg3R_y30tCEiB5YIfLLXnNPXTVL_FTW0FzIOC6/pub?gid=80189940&single=true&output=csv
第7地区,第7地区ユースリーグ,2026,2部A,,2026-06-07,明大明治B,翔陽,3,0,済,明大明治,B,翔陽,A,https://docs.google.com/spreadsheets/d/e/2PACX-1vQDgq8t4JUX3Bwny3MQXdTAYZz1ya47lHunDLtuGBYg3R_y30tCEiB5YIfLLXnNPXTVL_FTW0FzIOC6/pub?gid=80189940&single=true&output=csv
第7地区,第7地区ユースリーグ,2026,2部A,,2026-06-06,桐朋,国立B,2,0,済,桐朋,A,国立,B,https://docs.google.com/spreadsheets/d/e/2PACX-1vQDgq8t4JUX3Bwny3MQXdTAYZz1ya47lHunDLtuGBYg3R_y30tCEiB5YIfLLXnNPXTVL_FTW0FzIOC6/pub?gid=80189940&single=true&output=csv
第7地区,第7地区ユースリーグ,2026,2部A,,2026-06-14,三鷹中等B,松が谷,0,4,済,三鷹中等,B,松が谷,A,https://docs.google.com/spreadsheets/d/e/2PACX-1vQDgq8t4JUX3Bwny3MQXdTAYZz1ya47lHunDLtuGBYg3R_y30tCEiB5YIfLLXnNPXTVL_FTW0FzIOC6/pub?gid=80189940&single=true&output=csv
第7地区,第7地区ユースリーグ,2026,2部A,,2026-04-05,昭和第一学園C,八王子,0,3,済,昭和第一学園,C,八王子,A,https://docs.google.com/spreadsheets/d/e/2PACX-1vQDgq8t4JUX3Bwny3MQXdTAYZz1ya47lHunDLtuGBYg3R_y30tCEiB5YIfLLXnNPXTVL_FTW0FzIOC6/pub?gid=80189940&single=true&output=csv
第7地区,第7地区ユースリーグ,2026,2部A,,2026-05-10,昭和第一学園C,八王子北,1,2,済,昭和第一学園,C,八王子北,A,https://docs.google.com/spreadsheets/d/e/2PACX-1vQDgq8t4JUX3Bwny3MQXdTAYZz1ya47lHunDLtuGBYg3R_y30tCEiB5YIfLLXnNPXTVL_FTW0FzIOC6/pub?gid=80189940&single=true&output=csv
第7地区,第7地区ユースリーグ,2026,2部A,,2026-06-21,明大明治B,国立B,5,1,済,明大明治,B,国立,B,https://docs.google.com/spreadsheets/d/e/2PACX-1vQDgq8t4JUX3Bwny3MQXdTAYZz1ya47lHunDLtuGBYg3R_y30tCEiB5YIfLLXnNPXTVL_FTW0FzIOC6/pub?gid=80189940&single=true&output=csv
第7地区,第7地区ユースリーグ,2026,2部A,,2026-06-22,三鷹中等B,八王子北,1,3,済,三鷹中等,B,八王子北,A,https://docs.google.com/spreadsheets/d/e/2PACX-1vQDgq8t4JUX3Bwny3MQXdTAYZz1ya47lHunDLtuGBYg3R_y30tCEiB5YIfLLXnNPXTVL_FTW0FzIOC6/pub?gid=80189940&single=true&output=csv
第7地区,第7地区ユースリーグ,2026,2部A,,2026-05-05,翔陽,八王子,3,1,済,翔陽,A,八王子,A,https://docs.google.com/spreadsheets/d/e/2PACX-1vQDgq8t4JUX3Bwny3MQXdTAYZz1ya47lHunDLtuGBYg3R_y30tCEiB5YIfLLXnNPXTVL_FTW0FzIOC6/pub?gid=80189940&single=true&output=csv
第7地区,第7地区ユースリーグ,2026,2部A,,2026-06-14,翔陽,八王子北,0,1,済,翔陽,A,八王子北,A,https://docs.google.com/spreadsheets/d/e/2PACX-1vQDgq8t4JUX3Bwny3MQXdTAYZz1ya47lHunDLtuGBYg3R_y30tCEiB5YIfLLXnNPXTVL_FTW0FzIOC6/pub?gid=80189940&single=true&output=csv
第7地区,第7地区ユースリーグ,2026,2部A,,2026-06-14,国立B,八王子,0,3,済,国立,B,八王子,A,https://docs.google.com/spreadsheets/d/e/2PACX-1vQDgq8t4JUX3Bwny3MQXdTAYZz1ya47lHunDLtuGBYg3R_y30tCEiB5YIfLLXnNPXTVL_FTW0FzIOC6/pub?gid=80189940&single=true&output=csv
第7地区,第7地区ユースリーグ,2026,2部B,,2026-03-26,調布北,法政大学,3,3,済,調布北,A,法政大高,A,https://docs.google.com/spreadsheets/d/e/2PACX-1vSnG2t7r30I6bfEEBBGZRKWZo3ixiupiIdVCBR4RyKdn1TUhL8C6i2pEiNNaZ4yslVIUR5LF92BaFMS/pub?gid=80189940&single=true&output=csv
第7地区,第7地区ユースリーグ,2026,2部B,,2026-04-04,日野台B,法政大学,1,1,済,日野台,B,法政大高,A,https://docs.google.com/spreadsheets/d/e/2PACX-1vSnG2t7r30I6bfEEBBGZRKWZo3ixiupiIdVCBR4RyKdn1TUhL8C6i2pEiNNaZ4yslVIUR5LF92BaFMS/pub?gid=80189940&single=true&output=csv
第7地区,第7地区ユースリーグ,2026,2部B,,2026-04-02,調布北,富士森,1,2,済,調布北,A,富士森,A,https://docs.google.com/spreadsheets/d/e/2PACX-1vSnG2t7r30I6bfEEBBGZRKWZo3ixiupiIdVCBR4RyKdn1TUhL8C6i2pEiNNaZ4yslVIUR5LF92BaFMS/pub?gid=80189940&single=true&output=csv
第7地区,第7地区ユースリーグ,2026,2部B,,2026-04-05,穎明館,富士森,1,6,済,穎明館,A,富士森,A,https://docs.google.com/spreadsheets/d/e/2PACX-1vSnG2t7r30I6bfEEBBGZRKWZo3ixiupiIdVCBR4RyKdn1TUhL8C6i2pEiNNaZ4yslVIUR5LF92BaFMS/pub?gid=80189940&single=true&output=csv
第7地区,第7地区ユースリーグ,2026,2部B,,2026-04-12,穎明館,立川,0,1,済,穎明館,A,立川,A,https://docs.google.com/spreadsheets/d/e/2PACX-1vSnG2t7r30I6bfEEBBGZRKWZo3ixiupiIdVCBR4RyKdn1TUhL8C6i2pEiNNaZ4yslVIUR5LF92BaFMS/pub?gid=80189940&single=true&output=csv
第7地区,第7地区ユースリーグ,2026,2部B,,2026-04-12,法政大学,永山,3,2,済,法政大高,A,永山,A,https://docs.google.com/spreadsheets/d/e/2PACX-1vSnG2t7r30I6bfEEBBGZRKWZo3ixiupiIdVCBR4RyKdn1TUhL8C6i2pEiNNaZ4yslVIUR5LF92BaFMS/pub?gid=80189940&single=true&output=csv
第7地区,第7地区ユースリーグ,2026,2部B,,2026-04-19,立川,調布北,0,1,済,立川,A,調布北,A,https://docs.google.com/spreadsheets/d/e/2PACX-1vSnG2t7r30I6bfEEBBGZRKWZo3ixiupiIdVCBR4RyKdn1TUhL8C6i2pEiNNaZ4yslVIUR5LF92BaFMS/pub?gid=80189940&single=true&output=csv
第7地区,第7地区ユースリーグ,2026,2部B,,2026-04-19,富士森,日野台B,4,1,済,富士森,A,日野台,B,https://docs.google.com/spreadsheets/d/e/2PACX-1vSnG2t7r30I6bfEEBBGZRKWZo3ixiupiIdVCBR4RyKdn1TUhL8C6i2pEiNNaZ4yslVIUR5LF92BaFMS/pub?gid=80189940&single=true&output=csv
第7地区,第7地区ユースリーグ,2026,2部B,,2026-04-12,工学院,府中東,0,0,済,工学院大附,A,府中東,A,https://docs.google.com/spreadsheets/d/e/2PACX-1vSnG2t7r30I6bfEEBBGZRKWZo3ixiupiIdVCBR4RyKdn1TUhL8C6i2pEiNNaZ4yslVIUR5LF92BaFMS/pub?gid=80189940&single=true&output=csv
第7地区,第7地区ユースリーグ,2026,2部B,,2026-05-05,工学院,調布北,4,1,済,工学院大附,A,調布北,A,https://docs.google.com/spreadsheets/d/e/2PACX-1vSnG2t7r30I6bfEEBBGZRKWZo3ixiupiIdVCBR4RyKdn1TUhL8C6i2pEiNNaZ4yslVIUR5LF92BaFMS/pub?gid=80189940&single=true&output=csv
第7地区,第7地区ユースリーグ,2026,2部B,,2026-05-06,穎明館,府中東,4,2,済,穎明館,A,府中東,A,https://docs.google.com/spreadsheets/d/e/2PACX-1vSnG2t7r30I6bfEEBBGZRKWZo3ixiupiIdVCBR4RyKdn1TUhL8C6i2pEiNNaZ4yslVIUR5LF92BaFMS/pub?gid=80189940&single=true&output=csv
第7地区,第7地区ユースリーグ,2026,2部B,,2026-05-10,立川,工学院,1,0,済,立川,A,工学院大附,A,https://docs.google.com/spreadsheets/d/e/2PACX-1vSnG2t7r30I6bfEEBBGZRKWZo3ixiupiIdVCBR4RyKdn1TUhL8C6i2pEiNNaZ4yslVIUR5LF92BaFMS/pub?gid=80189940&single=true&output=csv
第7地区,第7地区ユースリーグ,2026,2部B,,2026-05-10,府中東,日野台B,2,1,済,府中東,A,日野台,B,https://docs.google.com/spreadsheets/d/e/2PACX-1vSnG2t7r30I6bfEEBBGZRKWZo3ixiupiIdVCBR4RyKdn1TUhL8C6i2pEiNNaZ4yslVIUR5LF92BaFMS/pub?gid=80189940&single=true&output=csv
第7地区,第7地区ユースリーグ,2026,2部B,,2026-05-31,立川,日野台B,0,0,済,立川,A,日野台,B,https://docs.google.com/spreadsheets/d/e/2PACX-1vSnG2t7r30I6bfEEBBGZRKWZo3ixiupiIdVCBR4RyKdn1TUhL8C6i2pEiNNaZ4yslVIUR5LF92BaFMS/pub?gid=80189940&single=true&output=csv
第7地区,第7地区ユースリーグ,2026,2部B,,2026-06-07,立川,永山,0,0,済,立川,A,永山,A,https://docs.google.com/spreadsheets/d/e/2PACX-1vSnG2t7r30I6bfEEBBGZRKWZo3ixiupiIdVCBR4RyKdn1TUhL8C6i2pEiNNaZ4yslVIUR5LF92BaFMS/pub?gid=80189940&single=true&output=csv
第7地区,第7地区ユースリーグ,2026,2部B,,2026-06-07,府中東,調布北,3,1,済,府中東,A,調布北,A,https://docs.google.com/spreadsheets/d/e/2PACX-1vSnG2t7r30I6bfEEBBGZRKWZo3ixiupiIdVCBR4RyKdn1TUhL8C6i2pEiNNaZ4yslVIUR5LF92BaFMS/pub?gid=80189940&single=true&output=csv
第7地区,第7地区ユースリーグ,2026,2部B,,2026-06-14,富士森,法政大学,4,1,済,富士森,A,法政大高,A,https://docs.google.com/spreadsheets/d/e/2PACX-1vSnG2t7r30I6bfEEBBGZRKWZo3ixiupiIdVCBR4RyKdn1TUhL8C6i2pEiNNaZ4yslVIUR5LF92BaFMS/pub?gid=80189940&single=true&output=csv
第7地区,第7地区ユースリーグ,2026,2部B,,2026-06-14,穎明館,工学院,3,1,済,穎明館,A,工学院大附,A,https://docs.google.com/spreadsheets/d/e/2PACX-1vSnG2t7r30I6bfEEBBGZRKWZo3ixiupiIdVCBR4RyKdn1TUhL8C6i2pEiNNaZ4yslVIUR5LF92BaFMS/pub?gid=80189940&single=true&output=csv
第7地区,第7地区ユースリーグ,2026,2部B,,2026-06-14,府中東,永山,0,3,済,府中東,A,永山,A,https://docs.google.com/spreadsheets/d/e/2PACX-1vSnG2t7r30I6bfEEBBGZRKWZo3ixiupiIdVCBR4RyKdn1TUhL8C6i2pEiNNaZ4yslVIUR5LF92BaFMS/pub?gid=80189940&single=true&output=csv
第7地区,第7地区ユースリーグ,2026,2部B,,2026-06-21,穎明館,調布北,4,3,済,穎明館,A,調布北,A,https://docs.google.com/spreadsheets/d/e/2PACX-1vSnG2t7r30I6bfEEBBGZRKWZo3ixiupiIdVCBR4RyKdn1TUhL8C6i2pEiNNaZ4yslVIUR5LF92BaFMS/pub?gid=80189940&single=true&output=csv
第7地区,第7地区ユースリーグ,2026,2部B,,2026-09-01,富士森,永山,1,2,済,富士森,A,永山,A,https://docs.google.com/spreadsheets/d/e/2PACX-1vSnG2t7r30I6bfEEBBGZRKWZo3ixiupiIdVCBR4RyKdn1TUhL8C6i2pEiNNaZ4yslVIUR5LF92BaFMS/pub?gid=80189940&single=true&output=csv
第7地区,第7地区ユースリーグ,2026,2部B,,2026-09-08,立川,富士森,1,2,済,立川,A,富士森,A,https://docs.google.com/spreadsheets/d/e/2PACX-1vSnG2t7r30I6bfEEBBGZRKWZo3ixiupiIdVCBR4RyKdn1TUhL8C6i2pEiNNaZ4yslVIUR5LF92BaFMS/pub?gid=80189940&single=true&output=csv
第7地区,第7地区ユースリーグ,2026,3部A,,2026-04-05,南平,八王子実践,2,1,済,南平,A,八王子実践,A,https://docs.google.com/spreadsheets/d/e/2PACX-1vQx2FQdzhqIHTKWyZgvsblEu1BNjxh8D164OyzusdtyTV3U3iqZhlZdR2x2Iiu-FXllAvaRzSJW3AUI/pub?gid=80189940&single=true&output=csv
第7地区,第7地区ユースリーグ,2026,3部A,,2026-04-05,明大明治C,府中,0,3,済,明大明治,C,府中,A,https://docs.google.com/spreadsheets/d/e/2PACX-1vQx2FQdzhqIHTKWyZgvsblEu1BNjxh8D164OyzusdtyTV3U3iqZhlZdR2x2Iiu-FXllAvaRzSJW3AUI/pub?gid=80189940&single=true&output=csv
第7地区,第7地区ユースリーグ,2026,3部A,,2026-04-12,府中西,GA,5,2,済,府中西,A,GA,A,https://docs.google.com/spreadsheets/d/e/2PACX-1vQx2FQdzhqIHTKWyZgvsblEu1BNjxh8D164OyzusdtyTV3U3iqZhlZdR2x2Iiu-FXllAvaRzSJW3AUI/pub?gid=80189940&single=true&output=csv
第7地区,第7地区ユースリーグ,2026,3部A,,2026-04-12,明大明治C,明星学園C,0,8,済,明大明治,C,明星学園,C,https://docs.google.com/spreadsheets/d/e/2PACX-1vQx2FQdzhqIHTKWyZgvsblEu1BNjxh8D164OyzusdtyTV3U3iqZhlZdR2x2Iiu-FXllAvaRzSJW3AUI/pub?gid=80189940&single=true&output=csv
第7地区,第7地区ユースリーグ,2026,3部A,,2026-04-19,府中西,南平,2,1,済,府中西,A,南平,A,https://docs.google.com/spreadsheets/d/e/2PACX-1vQx2FQdzhqIHTKWyZgvsblEu1BNjxh8D164OyzusdtyTV3U3iqZhlZdR2x2Iiu-FXllAvaRzSJW3AUI/pub?gid=80189940&single=true&output=csv
第7地区,第7地区ユースリーグ,2026,3部A,,2026-05-03,南平,府中,1,2,済,南平,A,府中,A,https://docs.google.com/spreadsheets/d/e/2PACX-1vQx2FQdzhqIHTKWyZgvsblEu1BNjxh8D164OyzusdtyTV3U3iqZhlZdR2x2Iiu-FXllAvaRzSJW3AUI/pub?gid=80189940&single=true&output=csv
第7地区,第7地区ユースリーグ,2026,3部A,,2026-05-05,府中西,調布南B,3,0,済,府中西,A,調布南,B,https://docs.google.com/spreadsheets/d/e/2PACX-1vQx2FQdzhqIHTKWyZgvsblEu1BNjxh8D164OyzusdtyTV3U3iqZhlZdR2x2Iiu-FXllAvaRzSJW3AUI/pub?gid=80189940&single=true&output=csv
第7地区,第7地区ユースリーグ,2026,3部A,,2026-04-08,LSS MITAKA,明星学園C,0,6,済,LSSMITAKA,A,明星学園,C,https://docs.google.com/spreadsheets/d/e/2PACX-1vQx2FQdzhqIHTKWyZgvsblEu1BNjxh8D164OyzusdtyTV3U3iqZhlZdR2x2Iiu-FXllAvaRzSJW3AUI/pub?gid=80189940&single=true&output=csv
第7地区,第7地区ユースリーグ,2026,3部A,,2026-04-22,LSS MITAKA,明大明治C,3,0,済,LSSMITAKA,A,明大明治,C,https://docs.google.com/spreadsheets/d/e/2PACX-1vQx2FQdzhqIHTKWyZgvsblEu1BNjxh8D164OyzusdtyTV3U3iqZhlZdR2x2Iiu-FXllAvaRzSJW3AUI/pub?gid=80189940&single=true&output=csv
第7地区,第7地区ユースリーグ,2026,3部A,,2026-05-02,明星学園C,GA,6,2,済,明星学園,C,GA,A,https://docs.google.com/spreadsheets/d/e/2PACX-1vQx2FQdzhqIHTKWyZgvsblEu1BNjxh8D164OyzusdtyTV3U3iqZhlZdR2x2Iiu-FXllAvaRzSJW3AUI/pub?gid=80189940&single=true&output=csv
第7地区,第7地区ユースリーグ,2026,3部A,,2026-05-03,明星学園C,八王子実践,5,0,済,明星学園,C,八王子実践,A,https://docs.google.com/spreadsheets/d/e/2PACX-1vQx2FQdzhqIHTKWyZgvsblEu1BNjxh8D164OyzusdtyTV3U3iqZhlZdR2x2Iiu-FXllAvaRzSJW3AUI/pub?gid=80189940&single=true&output=csv
第7地区,第7地区ユースリーグ,2026,3部A,,2026-05-27,LSS MITAKA,府中西,0,0,済,LSSMITAKA,A,府中西,A,https://docs.google.com/spreadsheets/d/e/2PACX-1vQx2FQdzhqIHTKWyZgvsblEu1BNjxh8D164OyzusdtyTV3U3iqZhlZdR2x2Iiu-FXllAvaRzSJW3AUI/pub?gid=80189940&single=true&output=csv
第7地区,第7地区ユースリーグ,2026,3部A,,2026-05-31,府中西,府中,2,0,済,府中西,A,府中,A,https://docs.google.com/spreadsheets/d/e/2PACX-1vQx2FQdzhqIHTKWyZgvsblEu1BNjxh8D164OyzusdtyTV3U3iqZhlZdR2x2Iiu-FXllAvaRzSJW3AUI/pub?gid=80189940&single=true&output=csv
第7地区,第7地区ユースリーグ,2026,3部A,,2026-05-06,明大明治C,GA,1,2,済,明大明治,C,GA,A,https://docs.google.com/spreadsheets/d/e/2PACX-1vQx2FQdzhqIHTKWyZgvsblEu1BNjxh8D164OyzusdtyTV3U3iqZhlZdR2x2Iiu-FXllAvaRzSJW3AUI/pub?gid=80189940&single=true&output=csv
第7地区,第7地区ユースリーグ,2026,3部A,,2026-06-07,府中西,明星学園C,1,2,済,府中西,A,明星学園,C,https://docs.google.com/spreadsheets/d/e/2PACX-1vQx2FQdzhqIHTKWyZgvsblEu1BNjxh8D164OyzusdtyTV3U3iqZhlZdR2x2Iiu-FXllAvaRzSJW3AUI/pub?gid=80189940&single=true&output=csv
第7地区,第7地区ユースリーグ,2026,3部A,,2026-06-05,調布南B,府中,0,1,済,調布南,B,府中,A,https://docs.google.com/spreadsheets/d/e/2PACX-1vQx2FQdzhqIHTKWyZgvsblEu1BNjxh8D164OyzusdtyTV3U3iqZhlZdR2x2Iiu-FXllAvaRzSJW3AUI/pub?gid=80189940&single=true&output=csv
第7地区,第7地区ユースリーグ,2026,3部A,,2026-06-07,明大明治C,南平,0,8,済,明大明治,C,南平,A,https://docs.google.com/spreadsheets/d/e/2PACX-1vQx2FQdzhqIHTKWyZgvsblEu1BNjxh8D164OyzusdtyTV3U3iqZhlZdR2x2Iiu-FXllAvaRzSJW3AUI/pub?gid=80189940&single=true&output=csv
第7地区,第7地区ユースリーグ,2026,3部A,,2026-06-14,明大明治C,八王子実践,0,0,済,明大明治,C,八王子実践,A,https://docs.google.com/spreadsheets/d/e/2PACX-1vQx2FQdzhqIHTKWyZgvsblEu1BNjxh8D164OyzusdtyTV3U3iqZhlZdR2x2Iiu-FXllAvaRzSJW3AUI/pub?gid=80189940&single=true&output=csv
第7地区,第7地区ユースリーグ,2026,3部A,,2026-06-14,調布南B,GA,0,4,済,調布南,B,GA,A,https://docs.google.com/spreadsheets/d/e/2PACX-1vQx2FQdzhqIHTKWyZgvsblEu1BNjxh8D164OyzusdtyTV3U3iqZhlZdR2x2Iiu-FXllAvaRzSJW3AUI/pub?gid=80189940&single=true&output=csv
第7地区,第7地区ユースリーグ,2026,3部A,,2026-06-21,調布南B,南平,0,2,済,調布南,B,南平,A,https://docs.google.com/spreadsheets/d/e/2PACX-1vQx2FQdzhqIHTKWyZgvsblEu1BNjxh8D164OyzusdtyTV3U3iqZhlZdR2x2Iiu-FXllAvaRzSJW3AUI/pub?gid=80189940&single=true&output=csv
第7地区,第7地区ユースリーグ,2026,3部A,,2026-06-10,LSS MITAKA,府中,4,2,済,LSSMITAKA,A,府中,A,https://docs.google.com/spreadsheets/d/e/2PACX-1vQx2FQdzhqIHTKWyZgvsblEu1BNjxh8D164OyzusdtyTV3U3iqZhlZdR2x2Iiu-FXllAvaRzSJW3AUI/pub?gid=80189940&single=true&output=csv
第7地区,第7地区ユースリーグ,2026,3部A,,2026-06-17,LSS MITAKA,調布南B,0,1,済,LSSMITAKA,A,調布南,B,https://docs.google.com/spreadsheets/d/e/2PACX-1vQx2FQdzhqIHTKWyZgvsblEu1BNjxh8D164OyzusdtyTV3U3iqZhlZdR2x2Iiu-FXllAvaRzSJW3AUI/pub?gid=80189940&single=true&output=csv
第7地区,第7地区ユースリーグ,2026,3部A,,2026-06-21,LSS MITAKA,八王子実践,1,1,済,LSSMITAKA,A,八王子実践,A,https://docs.google.com/spreadsheets/d/e/2PACX-1vQx2FQdzhqIHTKWyZgvsblEu1BNjxh8D164OyzusdtyTV3U3iqZhlZdR2x2Iiu-FXllAvaRzSJW3AUI/pub?gid=80189940&single=true&output=csv
第7地区,第7地区ユースリーグ,2026,3部B,,2026-03-29,富士森B,日野,0,2,済,富士森,B,日野,A,https://docs.google.com/spreadsheets/d/e/2PACX-1vSz-Rl0rEvqrXiYZjx_kzGuJ4RUw2SNB336r2xVEhaeSiIrUKWdA3VM-XDAJIXoihKh_eDUxW1Hw5Nl/pub?gid=80189940&single=true&output=csv
第7地区,第7地区ユースリーグ,2026,3部B,,2026-04-04,松が谷B,富士森B,4,0,済,松が谷,B,富士森,B,https://docs.google.com/spreadsheets/d/e/2PACX-1vSz-Rl0rEvqrXiYZjx_kzGuJ4RUw2SNB336r2xVEhaeSiIrUKWdA3VM-XDAJIXoihKh_eDUxW1Hw5Nl/pub?gid=80189940&single=true&output=csv
第7地区,第7地区ユースリーグ,2026,3部B,,2026-04-18,松が谷B,府中東セカンド,2,1,済,松が谷,B,府中東セカンド,A,https://docs.google.com/spreadsheets/d/e/2PACX-1vSz-Rl0rEvqrXiYZjx_kzGuJ4RUw2SNB336r2xVEhaeSiIrUKWdA3VM-XDAJIXoihKh_eDUxW1Hw5Nl/pub?gid=80189940&single=true&output=csv
第7地区,第7地区ユースリーグ,2026,3部B,,2026-05-06,富士森B,明星,0,1,済,富士森,B,明星,A,https://docs.google.com/spreadsheets/d/e/2PACX-1vSz-Rl0rEvqrXiYZjx_kzGuJ4RUw2SNB336r2xVEhaeSiIrUKWdA3VM-XDAJIXoihKh_eDUxW1Hw5Nl/pub?gid=80189940&single=true&output=csv
第7地区,第7地区ユースリーグ,2026,3部B,,2026-05-06,日野,立川国際,6,0,済,日野,A,立川国際中等,A,https://docs.google.com/spreadsheets/d/e/2PACX-1vSz-Rl0rEvqrXiYZjx_kzGuJ4RUw2SNB336r2xVEhaeSiIrUKWdA3VM-XDAJIXoihKh_eDUxW1Hw5Nl/pub?gid=80189940&single=true&output=csv
第7地区,第7地区ユースリーグ,2026,3部B,,2026-05-09,松が谷B,立川国際,4,1,済,松が谷,B,立川国際中等,A,https://docs.google.com/spreadsheets/d/e/2PACX-1vSz-Rl0rEvqrXiYZjx_kzGuJ4RUw2SNB336r2xVEhaeSiIrUKWdA3VM-XDAJIXoihKh_eDUxW1Hw5Nl/pub?gid=80189940&single=true&output=csv
第7地区,第7地区ユースリーグ,2026,3部B,,2026-05-04,アローレ八王子U-18B,日野,1,0,済,アローレ八王子U-18B,A,日野,A,https://docs.google.com/spreadsheets/d/e/2PACX-1vSz-Rl0rEvqrXiYZjx_kzGuJ4RUw2SNB336r2xVEhaeSiIrUKWdA3VM-XDAJIXoihKh_eDUxW1Hw5Nl/pub?gid=80189940&single=true&output=csv
第7地区,第7地区ユースリーグ,2026,3部B,,2026-05-05,アローレ八王子U-18B,府中東セカンド,3,0,済,アローレ八王子U-18B,A,府中東セカンド,A,https://docs.google.com/spreadsheets/d/e/2PACX-1vSz-Rl0rEvqrXiYZjx_kzGuJ4RUw2SNB336r2xVEhaeSiIrUKWdA3VM-XDAJIXoihKh_eDUxW1Hw5Nl/pub?gid=80189940&single=true&output=csv
第7地区,第7地区ユースリーグ,2026,3部B,,2026-05-30,松が谷B,日野,1,2,済,松が谷,B,日野,A,https://docs.google.com/spreadsheets/d/e/2PACX-1vSz-Rl0rEvqrXiYZjx_kzGuJ4RUw2SNB336r2xVEhaeSiIrUKWdA3VM-XDAJIXoihKh_eDUxW1Hw5Nl/pub?gid=80189940&single=true&output=csv
第7地区,第7地区ユースリーグ,2026,3部B,,2026-05-31,富士森B,アローレ八王子U-18B,1,4,済,富士森,B,アローレ八王子U-18B,A,https://docs.google.com/spreadsheets/d/e/2PACX-1vSz-Rl0rEvqrXiYZjx_kzGuJ4RUw2SNB336r2xVEhaeSiIrUKWdA3VM-XDAJIXoihKh_eDUxW1Hw5Nl/pub?gid=80189940&single=true&output=csv
第7地区,第7地区ユースリーグ,2026,3部B,,2026-06-06,神代,富士森B,1,1,済,神代,A,富士森,B,https://docs.google.com/spreadsheets/d/e/2PACX-1vSz-Rl0rEvqrXiYZjx_kzGuJ4RUw2SNB336r2xVEhaeSiIrUKWdA3VM-XDAJIXoihKh_eDUxW1Hw5Nl/pub?gid=80189940&single=true&output=csv
第7地区,第7地区ユースリーグ,2026,3部B,,2026-06-06,府中東セカンド,日野,4,1,済,府中東セカンド,A,日野,A,https://docs.google.com/spreadsheets/d/e/2PACX-1vSz-Rl0rEvqrXiYZjx_kzGuJ4RUw2SNB336r2xVEhaeSiIrUKWdA3VM-XDAJIXoihKh_eDUxW1Hw5Nl/pub?gid=80189940&single=true&output=csv
第7地区,第7地区ユースリーグ,2026,3部B,,2026-06-13,松が谷B,神代,0,1,済,松が谷,B,神代,A,https://docs.google.com/spreadsheets/d/e/2PACX-1vSz-Rl0rEvqrXiYZjx_kzGuJ4RUw2SNB336r2xVEhaeSiIrUKWdA3VM-XDAJIXoihKh_eDUxW1Hw5Nl/pub?gid=80189940&single=true&output=csv
第7地区,第7地区ユースリーグ,2026,3部B,,2026-04-12,神代,日野,3,1,済,神代,A,日野,A,https://docs.google.com/spreadsheets/d/e/2PACX-1vSz-Rl0rEvqrXiYZjx_kzGuJ4RUw2SNB336r2xVEhaeSiIrUKWdA3VM-XDAJIXoihKh_eDUxW1Hw5Nl/pub?gid=80189940&single=true&output=csv
第7地区,第7地区ユースリーグ,2026,3部B,,2026-06-28,アローレ八王子U-18B,明星,1,1,済,アローレ八王子U-18B,A,明星,A,https://docs.google.com/spreadsheets/d/e/2PACX-1vSz-Rl0rEvqrXiYZjx_kzGuJ4RUw2SNB336r2xVEhaeSiIrUKWdA3VM-XDAJIXoihKh_eDUxW1Hw5Nl/pub?gid=80189940&single=true&output=csv
第7地区,第7地区ユースリーグ,2026,3部B,,2026-09-13,神代,明星,5,3,済,神代,A,明星,A,https://docs.google.com/spreadsheets/d/e/2PACX-1vSz-Rl0rEvqrXiYZjx_kzGuJ4RUw2SNB336r2xVEhaeSiIrUKWdA3VM-XDAJIXoihKh_eDUxW1Hw5Nl/pub?gid=80189940&single=true&output=csv
第8地区,8地区ユースリーグ,2026,2部A,第1節,2026-04-05,電大高,東海大菅生B,3,0,済,東京電機大学,A,東海大菅生,B,https://dendai-highschool-soccer.1web.jp/results.html
第8地区,8地区ユースリーグ,2026,2部A,第2節,2026-04-12,電大高,福生A,2,0,済,東京電機大学,A,福生,A,https://dendai-highschool-soccer.1web.jp/results.html
第8地区,8地区ユースリーグ,2026,2部A,第3節,2026-04-19,電大高,中央国際,8,3,済,東京電機大学,A,中央国際,A,https://dendai-highschool-soccer.1web.jp/results.html
第8地区,8地区ユースリーグ,2026,2部A,第4節,2026-05-10,電大高,東村山,1,3,済,東京電機大学,A,東村山,A,https://dendai-highschool-soccer.1web.jp/results.html
第8地区,8地区ユースリーグ,2025,3部A,第1節,2025-04-06,電大高,国際基督大学高校,4,4,済,東京電機大学,A,国際基督教大学,A,https://dendai-highschool-soccer.1web.jp/results.html
第8地区,8地区ユースリーグ,2025,3部A,第2節,2025-04-13,電大高,清瀬高校,7,0,済,東京電機大学,A,清瀬,A,https://dendai-highschool-soccer.1web.jp/results.html
第8地区,8地区ユースリーグ,2025,3部A,第3節,2025-05-11,電大高,啓明学園,5,0,済,東京電機大学,A,啓明学園,A,https://dendai-highschool-soccer.1web.jp/results.html
第8地区,8地区ユースリーグ,2025,3部A,第4節,2025-06-15,電大高,武蔵村山高校B,5,0,済,東京電機大学,A,武蔵村山,B,https://dendai-highschool-soccer.1web.jp/results.html
第8地区,8地区ユースリーグ,2025,3部A,第5節,2025-06-22,電大高,羽村高校,9,0,済,東京電機大学,A,羽村,A,https://dendai-highschool-soccer.1web.jp/results.html
第8地区,8地区ユースリーグ,2025,3部A,第6節,2025-09-15,電大高,多摩高校,2,1,済,東京電機大学,A,多摩,A,https://dendai-highschool-soccer.1web.jp/results.html
第8地区,8地区ユースリーグ,2025,3部A,第7節,2025-09-23,電大高,福生高校B,4,1,済,東京電機大学,A,福生,B,https://dendai-highschool-soccer.1web.jp/results.html
第8地区,8地区ユースリーグ,2025,3部A,最終節,2025-10-05,電大高,秋留台高校,22,0,済,東京電機大学,A,秋留台,A,https://dendai-highschool-soccer.1web.jp/results.html
第8地区,8地区ユースリーグ,2025,3部A,1位2位順位決定戦,2025-12-26,電大高,拝島高校,1,1,済,東京電機大学,A,拝島,A,https://dendai-highschool-soccer.1web.jp/results.html
第8地区,8地区ユースリーグ,2024,3部B,第1節,2024-04-07,電大高,多摩科学技術高等学校,7,0,済,東京電機大学,A,多摩科学技術,A,https://dendai-highschool-soccer.1web.jp/results.html
第8地区,8地区ユースリーグ,2024,3部B,第2節,2024-05-03,電大高,拝島,0,2,済,東京電機大学,A,拝島,A,https://dendai-highschool-soccer.1web.jp/results.html
第8地区,8地区ユースリーグ,2024,3部B,第3節,2024-05-06,電大高,青梅総合,6,0,済,東京電機大学,A,青梅総合,A,https://dendai-highschool-soccer.1web.jp/results.html
第8地区,8地区ユースリーグ,2024,3部B,第4節,2024-06-23,電大高,小平B,6,0,済,東京電機大学,A,小平,B,https://dendai-highschool-soccer.1web.jp/results.html
第8地区,8地区ユースリーグ,2024,3部B,第5節,2024-07-21,電大高,秋留台,3,0,済,東京電機大学,A,秋留台,A,https://dendai-highschool-soccer.1web.jp/results.html
第8地区,8地区ユースリーグ,2024,3部B,第6節,2024-08-23,電大高,多摩工科・五日市,11,1,済,東京電機大学,A,多摩工科・五日市,A,https://dendai-highschool-soccer.1web.jp/results.html
第8地区,8地区ユースリーグ,2024,3部B,第7節,2024-09-29,電大高,東久留米総合E,2,3,済,東京電機大学,A,東久留米総合,E,https://dendai-highschool-soccer.1web.jp/results.html
第8地区,8地区ユースリーグ,2024,3部B,第8節,2024-10-27,電大高,多摩,2,1,済,東京電機大学,A,多摩,A,https://dendai-highschool-soccer.1web.jp/results.html
第8地区,8地区ユースリーグ,2024,3部B,順位決定戦(5・6位決定戦),2025-01-19,電大高,東大和C,5,1,済,東京電機大学,A,東大和,C,https://dendai-highschool-soccer.1web.jp/results.html
第8地区,8地区ユースリーグ,2026,2部A,第1節,2026-04-04,東村山,都立武蔵野北高校,1,2,済,東村山,A,武蔵野北,A,https://www.metro.ed.jp/higashimurayama-h/activities/2026/04/1_1_2_1_1_1_1_1_1_1_1_1_1_1_1_1_2_1_1__51.html
第8地区,8地区ユースリーグ,2026,2部A,第3節,2026-04-19,東村山,明法高校,0,3,済,東村山,A,明法,A,https://www.metro.ed.jp/higashimurayama-h/activities/2026/04/1_1_2_1_1_1_1_1_1_1_1_1_1_1_1_1_2_1_1_52.html
第8地区,8地区ユースリーグ,2026,2部A,,2026-06-14,東村山,東海大菅生高校,0,0,済,東村山,A,東海大菅生,A,https://www.metro.ed.jp/higashimurayama-h/activities/2026/06/1_1_2_1_1_1_1_1_1_1_1_1_1_1_1_1_2_1_1__56.html
