年度,リーグ,区分,ホーム,ホーム学校,ホーム区分,アウェイ,アウェイ学校,アウェイ区分,得点H,得点A,出典
2008,地区トップリーグ,グループA,小山台,小山台,,早稲田,早稲田,,3,0,waseda_2008-地区トップリーグ・NSリーグ星取表1･2部.pdf
2008,地区トップリーグ,グループA,小山台,小山台,,福生,福生,,1,3,waseda_2008-地区トップリーグ・NSリーグ星取表1･2部.pdf
2008,地区トップリーグ,グループA,小山台,小山台,,城東,城東,,2,1,waseda_2008-地区トップリーグ・NSリーグ星取表1･2部.pdf
2008,地区トップリーグ,グループA,小山台,小山台,,駒澤大学,駒澤大高,,0,4,waseda_2008-地区トップリーグ・NSリーグ星取表1･2部.pdf
2008,地区トップリーグ,グループA,小山台,小山台,,関東一,関東第一,,2,0,waseda_2008-地区トップリーグ・NSリーグ星取表1･2部.pdf
2008,地区トップリーグ,グループA,小山台,小山台,,早大学院,早大学院,,2,0,waseda_2008-地区トップリーグ・NSリーグ星取表1･2部.pdf
2008,地区トップリーグ,グループA,小山台,小山台,,片倉,片倉,,4,0,waseda_2008-地区トップリーグ・NSリーグ星取表1･2部.pdf
2008,地区トップリーグ,グループA,早稲田,早稲田,,福生,福生,,1,2,waseda_2008-地区トップリーグ・NSリーグ星取表1･2部.pdf
2008,地区トップリーグ,グループA,早稲田,早稲田,,城東,城東,,2,4,waseda_2008-地区トップリーグ・NSリーグ星取表1･2部.pdf
2008,地区トップリーグ,グループA,早稲田,早稲田,,駒澤大学,駒澤大高,,2,5,waseda_2008-地区トップリーグ・NSリーグ星取表1･2部.pdf
2008,地区トップリーグ,グループA,早稲田,早稲田,,関東一,関東第一,,1,2,waseda_2008-地区トップリーグ・NSリーグ星取表1･2部.pdf
2008,地区トップリーグ,グループA,早稲田,早稲田,,早大学院,早大学院,,0,4,waseda_2008-地区トップリーグ・NSリーグ星取表1･2部.pdf
2008,地区トップリーグ,グループA,早稲田,早稲田,,片倉,片倉,,1,5,waseda_2008-地区トップリーグ・NSリーグ星取表1･2部.pdf
2008,地区トップリーグ,グループA,福生,福生,,城東,城東,,2,0,waseda_2008-地区トップリーグ・NSリーグ星取表1･2部.pdf
2008,地区トップリーグ,グループA,福生,福生,,駒澤大学,駒澤大高,,0,2,waseda_2008-地区トップリーグ・NSリーグ星取表1･2部.pdf
2008,地区トップリーグ,グループA,福生,福生,,関東一,関東第一,,0,0,waseda_2008-地区トップリーグ・NSリーグ星取表1･2部.pdf
2008,地区トップリーグ,グループA,福生,福生,,早大学院,早大学院,,1,3,waseda_2008-地区トップリーグ・NSリーグ星取表1･2部.pdf
2008,地区トップリーグ,グループA,福生,福生,,片倉,片倉,,3,0,waseda_2008-地区トップリーグ・NSリーグ星取表1･2部.pdf
2008,地区トップリーグ,グループA,城東,城東,,駒澤大学,駒澤大高,,1,4,waseda_2008-地区トップリーグ・NSリーグ星取表1･2部.pdf
2008,地区トップリーグ,グループA,城東,城東,,関東一,関東第一,,1,1,waseda_2008-地区トップリーグ・NSリーグ星取表1･2部.pdf
2008,地区トップリーグ,グループA,城東,城東,,早大学院,早大学院,,1,4,waseda_2008-地区トップリーグ・NSリーグ星取表1･2部.pdf
2008,地区トップリーグ,グループA,城東,城東,,片倉,片倉,,2,1,waseda_2008-地区トップリーグ・NSリーグ星取表1･2部.pdf
2008,地区トップリーグ,グループA,駒澤大学,駒澤大高,,関東一,関東第一,,2,1,waseda_2008-地区トップリーグ・NSリーグ星取表1･2部.pdf
2008,地区トップリーグ,グループA,駒澤大学,駒澤大高,,早大学院,早大学院,,2,1,waseda_2008-地区トップリーグ・NSリーグ星取表1･2部.pdf
2008,地区トップリーグ,グループA,駒澤大学,駒澤大高,,片倉,片倉,,2,1,waseda_2008-地区トップリーグ・NSリーグ星取表1･2部.pdf
2008,地区トップリーグ,グループA,関東一,関東第一,,早大学院,早大学院,,2,3,waseda_2008-地区トップリーグ・NSリーグ星取表1･2部.pdf
2008,地区トップリーグ,グループA,関東一,関東第一,,片倉,片倉,,0,0,waseda_2008-地区トップリーグ・NSリーグ星取表1･2部.pdf
2008,地区トップリーグ,グループA,早大学院,早大学院,,片倉,片倉,,2,0,waseda_2008-地区トップリーグ・NSリーグ星取表1･2部.pdf
2008,NSリーグ,1部,早大学院B,早大学院,B,國學院久我山B,国学院久我山,B,1,2,waseda_2008-地区トップリーグ・NSリーグ星取表1･2部.pdf
2008,NSリーグ,1部,早大学院B,早大学院,B,佼成学園,佼成学園,,0,1,waseda_2008-地区トップリーグ・NSリーグ星取表1･2部.pdf
2008,NSリーグ,1部,早大学院B,早大学院,B,専大附属,専大附属,,0,1,waseda_2008-地区トップリーグ・NSリーグ星取表1･2部.pdf
2008,NSリーグ,1部,早大学院B,早大学院,B,武蔵丘,武蔵丘,,0,1,waseda_2008-地区トップリーグ・NSリーグ星取表1･2部.pdf
2008,NSリーグ,1部,早大学院B,早大学院,B,東亜学園B,東亜学園,B,2,0,waseda_2008-地区トップリーグ・NSリーグ星取表1･2部.pdf
2008,NSリーグ,1部,早大学院B,早大学院,B,日大二,日大二,,1,0,waseda_2008-地区トップリーグ・NSリーグ星取表1･2部.pdf
2008,NSリーグ,1部,國學院久我山B,国学院久我山,B,佼成学園,佼成学園,,2,0,waseda_2008-地区トップリーグ・NSリーグ星取表1･2部.pdf
2008,NSリーグ,1部,國學院久我山B,国学院久我山,B,専大附属,専大附属,,5,0,waseda_2008-地区トップリーグ・NSリーグ星取表1･2部.pdf
2008,NSリーグ,1部,國學院久我山B,国学院久我山,B,早大学院C,早大学院,C,2,1,waseda_2008-地区トップリーグ・NSリーグ星取表1･2部.pdf
2008,NSリーグ,1部,國學院久我山B,国学院久我山,B,武蔵丘,武蔵丘,,3,2,waseda_2008-地区トップリーグ・NSリーグ星取表1･2部.pdf
2008,NSリーグ,1部,國學院久我山B,国学院久我山,B,東亜学園B,東亜学園,B,2,0,waseda_2008-地区トップリーグ・NSリーグ星取表1･2部.pdf
2008,NSリーグ,1部,國學院久我山B,国学院久我山,B,日大二,日大二,,4,0,waseda_2008-地区トップリーグ・NSリーグ星取表1･2部.pdf
2008,NSリーグ,1部,佼成学園,佼成学園,,専大附属,専大附属,,1,2,waseda_2008-地区トップリーグ・NSリーグ星取表1･2部.pdf
2008,NSリーグ,1部,佼成学園,佼成学園,,早大学院C,早大学院,C,5,1,waseda_2008-地区トップリーグ・NSリーグ星取表1･2部.pdf
2008,NSリーグ,1部,佼成学園,佼成学園,,武蔵丘,武蔵丘,,3,0,waseda_2008-地区トップリーグ・NSリーグ星取表1･2部.pdf
2008,NSリーグ,1部,佼成学園,佼成学園,,東亜学園B,東亜学園,B,7,3,waseda_2008-地区トップリーグ・NSリーグ星取表1･2部.pdf
2008,NSリーグ,1部,佼成学園,佼成学園,,日大二,日大二,,0,1,waseda_2008-地区トップリーグ・NSリーグ星取表1･2部.pdf
2008,NSリーグ,1部,専大附属,専大附属,,早大学院C,早大学院,C,1,2,waseda_2008-地区トップリーグ・NSリーグ星取表1･2部.pdf
2008,NSリーグ,1部,専大附属,専大附属,,武蔵丘,武蔵丘,,0,0,waseda_2008-地区トップリーグ・NSリーグ星取表1･2部.pdf
2008,NSリーグ,1部,専大附属,専大附属,,東亜学園B,東亜学園,B,1,4,waseda_2008-地区トップリーグ・NSリーグ星取表1･2部.pdf
2008,NSリーグ,1部,専大附属,専大附属,,日大二,日大二,,0,2,waseda_2008-地区トップリーグ・NSリーグ星取表1･2部.pdf
2008,NSリーグ,1部,早大学院C,早大学院,C,武蔵丘,武蔵丘,,1,2,waseda_2008-地区トップリーグ・NSリーグ星取表1･2部.pdf
2008,NSリーグ,1部,早大学院C,早大学院,C,東亜学園B,東亜学園,B,0,2,waseda_2008-地区トップリーグ・NSリーグ星取表1･2部.pdf
2008,NSリーグ,1部,早大学院C,早大学院,C,日大二,日大二,,1,5,waseda_2008-地区トップリーグ・NSリーグ星取表1･2部.pdf
2008,NSリーグ,1部,武蔵丘,武蔵丘,,東亜学園B,東亜学園,B,4,7,waseda_2008-地区トップリーグ・NSリーグ星取表1･2部.pdf
2008,NSリーグ,1部,武蔵丘,武蔵丘,,日大二,日大二,,5,0,waseda_2008-地区トップリーグ・NSリーグ星取表1･2部.pdf
2008,NSリーグ,1部,東亜学園B,東亜学園,B,日大二,日大二,,5,1,waseda_2008-地区トップリーグ・NSリーグ星取表1･2部.pdf
2009,地区トップリーグ,グループA,実践学園,実践学園,,早大学院,早大学院,,4,1,waseda_2009-地区トップリーグ・NSリーグ星取表1･2部.pdf
2009,地区トップリーグ,グループA,実践学園,実践学園,,江戸川,江戸川,,6,0,waseda_2009-地区トップリーグ・NSリーグ星取表1･2部.pdf
2009,地区トップリーグ,グループA,実践学園,実践学園,,福生,福生,,6,0,waseda_2009-地区トップリーグ・NSリーグ星取表1･2部.pdf
2009,地区トップリーグ,グループA,実践学園,実践学園,,松が谷,松が谷,,4,0,waseda_2009-地区トップリーグ・NSリーグ星取表1･2部.pdf
2009,地区トップリーグ,グループA,実践学園,実践学園,,東久留米総合,東久留米総合,,1,2,waseda_2009-地区トップリーグ・NSリーグ星取表1･2部.pdf
2009,地区トップリーグ,グループA,実践学園,実践学園,,駒場,駒場,,5,0,waseda_2009-地区トップリーグ・NSリーグ星取表1･2部.pdf
2009,地区トップリーグ,グループA,実践学園,実践学園,,大東文化第一,大東文化一,,2,3,waseda_2009-地区トップリーグ・NSリーグ星取表1･2部.pdf
2009,地区トップリーグ,グループA,早大学院,早大学院,,江戸川,江戸川,,6,0,waseda_2009-地区トップリーグ・NSリーグ星取表1･2部.pdf
2009,地区トップリーグ,グループA,早大学院,早大学院,,福生,福生,,0,2,waseda_2009-地区トップリーグ・NSリーグ星取表1･2部.pdf
2009,地区トップリーグ,グループA,早大学院,早大学院,,松が谷,松が谷,,0,2,waseda_2009-地区トップリーグ・NSリーグ星取表1･2部.pdf
2009,地区トップリーグ,グループA,早大学院,早大学院,,東久留米総合,東久留米総合,,0,3,waseda_2009-地区トップリーグ・NSリーグ星取表1･2部.pdf
2009,地区トップリーグ,グループA,早大学院,早大学院,,駒場,駒場,,2,3,waseda_2009-地区トップリーグ・NSリーグ星取表1･2部.pdf
2009,地区トップリーグ,グループA,早大学院,早大学院,,大東文化第一,大東文化一,,0,3,waseda_2009-地区トップリーグ・NSリーグ星取表1･2部.pdf
2009,地区トップリーグ,グループA,江戸川,江戸川,,福生,福生,,0,1,waseda_2009-地区トップリーグ・NSリーグ星取表1･2部.pdf
2009,地区トップリーグ,グループA,江戸川,江戸川,,松が谷,松が谷,,0,4,waseda_2009-地区トップリーグ・NSリーグ星取表1･2部.pdf
2009,地区トップリーグ,グループA,江戸川,江戸川,,東久留米総合,東久留米総合,,1,8,waseda_2009-地区トップリーグ・NSリーグ星取表1･2部.pdf
2009,地区トップリーグ,グループA,江戸川,江戸川,,駒場,駒場,,0,6,waseda_2009-地区トップリーグ・NSリーグ星取表1･2部.pdf
2009,地区トップリーグ,グループA,江戸川,江戸川,,大東文化第一,大東文化一,,1,1,waseda_2009-地区トップリーグ・NSリーグ星取表1･2部.pdf
2009,地区トップリーグ,グループA,福生,福生,,松が谷,松が谷,,2,4,waseda_2009-地区トップリーグ・NSリーグ星取表1･2部.pdf
2009,地区トップリーグ,グループA,福生,福生,,東久留米総合,東久留米総合,,0,6,waseda_2009-地区トップリーグ・NSリーグ星取表1･2部.pdf
2009,地区トップリーグ,グループA,福生,福生,,駒場,駒場,,0,8,waseda_2009-地区トップリーグ・NSリーグ星取表1･2部.pdf
2009,地区トップリーグ,グループA,福生,福生,,大東文化第一,大東文化一,,0,3,waseda_2009-地区トップリーグ・NSリーグ星取表1･2部.pdf
2009,地区トップリーグ,グループA,松が谷,松が谷,,東久留米総合,東久留米総合,,0,1,waseda_2009-地区トップリーグ・NSリーグ星取表1･2部.pdf
2009,地区トップリーグ,グループA,松が谷,松が谷,,駒場,駒場,,0,0,waseda_2009-地区トップリーグ・NSリーグ星取表1･2部.pdf
2009,地区トップリーグ,グループA,松が谷,松が谷,,大東文化第一,大東文化一,,3,0,waseda_2009-地区トップリーグ・NSリーグ星取表1･2部.pdf
2009,地区トップリーグ,グループA,東久留米総合,東久留米総合,,駒場,駒場,,4,2,waseda_2009-地区トップリーグ・NSリーグ星取表1･2部.pdf
2009,地区トップリーグ,グループA,東久留米総合,東久留米総合,,大東文化第一,大東文化一,,5,2,waseda_2009-地区トップリーグ・NSリーグ星取表1･2部.pdf
2009,地区トップリーグ,グループA,駒場,駒場,,大東文化第一,大東文化一,,1,0,waseda_2009-地区トップリーグ・NSリーグ星取表1･2部.pdf
2009,NSリーグ,1部,武蔵,武蔵,,杉並FC,杉並F,C,4,2,waseda_2009-地区トップリーグ・NSリーグ星取表1･2部.pdf
2009,NSリーグ,1部,武蔵,武蔵,,佼成学園,佼成学園,,4,2,waseda_2009-地区トップリーグ・NSリーグ星取表1･2部.pdf
2009,NSリーグ,1部,武蔵,武蔵,,東亜学園B,東亜学園,B,2,1,waseda_2009-地区トップリーグ・NSリーグ星取表1･2部.pdf
2009,NSリーグ,1部,武蔵,武蔵,,武蔵丘,武蔵丘,,2,2,waseda_2009-地区トップリーグ・NSリーグ星取表1･2部.pdf
2009,NSリーグ,1部,武蔵,武蔵,,早大学院B,早大学院,B,3,1,waseda_2009-地区トップリーグ・NSリーグ星取表1･2部.pdf
2009,NSリーグ,1部,武蔵,武蔵,,西A,西A,,8,1,waseda_2009-地区トップリーグ・NSリーグ星取表1･2部.pdf
2009,NSリーグ,1部,武蔵,武蔵,,西B,西B,,3,1,waseda_2009-地区トップリーグ・NSリーグ星取表1･2部.pdf
2009,NSリーグ,1部,杉並FC,杉並F,C,佼成学園,佼成学園,,2,0,waseda_2009-地区トップリーグ・NSリーグ星取表1･2部.pdf
2009,NSリーグ,1部,杉並FC,杉並F,C,東亜学園B,東亜学園,B,1,7,waseda_2009-地区トップリーグ・NSリーグ星取表1･2部.pdf
2009,NSリーグ,1部,杉並FC,杉並F,C,武蔵丘,武蔵丘,,1,2,waseda_2009-地区トップリーグ・NSリーグ星取表1･2部.pdf
2009,NSリーグ,1部,杉並FC,杉並F,C,早大学院B,早大学院,B,5,0,waseda_2009-地区トップリーグ・NSリーグ星取表1･2部.pdf
2009,NSリーグ,1部,杉並FC,杉並F,C,西A,西A,,3,0,waseda_2009-地区トップリーグ・NSリーグ星取表1･2部.pdf
2009,NSリーグ,1部,杉並FC,杉並F,C,西B,西B,,2,2,waseda_2009-地区トップリーグ・NSリーグ星取表1･2部.pdf
2009,NSリーグ,1部,佼成学園,佼成学園,,東亜学園B,東亜学園,B,1,3,waseda_2009-地区トップリーグ・NSリーグ星取表1･2部.pdf
2009,NSリーグ,1部,佼成学園,佼成学園,,武蔵丘,武蔵丘,,2,0,waseda_2009-地区トップリーグ・NSリーグ星取表1･2部.pdf
2009,NSリーグ,1部,佼成学園,佼成学園,,早大学院B,早大学院,B,5,0,waseda_2009-地区トップリーグ・NSリーグ星取表1･2部.pdf
2009,NSリーグ,1部,佼成学園,佼成学園,,西A,西A,,1,2,waseda_2009-地区トップリーグ・NSリーグ星取表1･2部.pdf
2009,NSリーグ,1部,佼成学園,佼成学園,,西B,西B,,0,1,waseda_2009-地区トップリーグ・NSリーグ星取表1･2部.pdf
2009,NSリーグ,1部,東亜学園B,東亜学園,B,武蔵丘,武蔵丘,,6,3,waseda_2009-地区トップリーグ・NSリーグ星取表1･2部.pdf
2009,NSリーグ,1部,東亜学園B,東亜学園,B,早大学院B,早大学院,B,5,2,waseda_2009-地区トップリーグ・NSリーグ星取表1･2部.pdf
2009,NSリーグ,1部,東亜学園B,東亜学園,B,西A,西A,,3,1,waseda_2009-地区トップリーグ・NSリーグ星取表1･2部.pdf
2009,NSリーグ,1部,東亜学園B,東亜学園,B,西B,西B,,3,1,waseda_2009-地区トップリーグ・NSリーグ星取表1･2部.pdf
2009,NSリーグ,1部,武蔵丘,武蔵丘,,早大学院B,早大学院,B,1,2,waseda_2009-地区トップリーグ・NSリーグ星取表1･2部.pdf
2009,NSリーグ,1部,武蔵丘,武蔵丘,,西A,西A,,6,2,waseda_2009-地区トップリーグ・NSリーグ星取表1･2部.pdf
2009,NSリーグ,1部,武蔵丘,武蔵丘,,西B,西B,,3,4,waseda_2009-地区トップリーグ・NSリーグ星取表1･2部.pdf
2009,NSリーグ,1部,早大学院B,早大学院,B,西A,西A,,8,0,waseda_2009-地区トップリーグ・NSリーグ星取表1･2部.pdf
2009,NSリーグ,1部,早大学院B,早大学院,B,西B,西B,,2,3,waseda_2009-地区トップリーグ・NSリーグ星取表1･2部.pdf
2009,NSリーグ,1部,西A,西A,,西B,西B,,0,5,waseda_2009-地区トップリーグ・NSリーグ星取表1･2部.pdf
2009,NSリーグ,2部Cブロック,早大学院C,早大学院,C,富士,富士,,1,3,waseda_2009-地区トップリーグ・NSリーグ星取表1･2部.pdf
2009,NSリーグ,2部Cブロック,早大学院C,早大学院,C,豊多摩,豊多摩,,3,1,waseda_2009-地区トップリーグ・NSリーグ星取表1･2部.pdf
2009,NSリーグ,2部Cブロック,早大学院C,早大学院,C,東京立正,東京立正,,0,0,waseda_2009-地区トップリーグ・NSリーグ星取表1･2部.pdf
2009,NSリーグ,2部Cブロック,早大学院C,早大学院,C,杉並アヤックス,杉並アヤックス,,6,4,waseda_2009-地区トップリーグ・NSリーグ星取表1･2部.pdf
2009,NSリーグ,2部Cブロック,早大学院C,早大学院,C,杉並総合,杉並総合,,1,1,waseda_2009-地区トップリーグ・NSリーグ星取表1･2部.pdf
2009,NSリーグ,2部Cブロック,早大学院C,早大学院,C,日大鶴ヶ丘B,日大鶴ヶ丘,B,0,3,waseda_2009-地区トップリーグ・NSリーグ星取表1･2部.pdf
2009,NSリーグ,2部Cブロック,早大学院C,早大学院,C,杉並学院,杉並学院,,0,1,waseda_2009-地区トップリーグ・NSリーグ星取表1･2部.pdf
2009,NSリーグ,2部Cブロック,富士,富士,,豊多摩,豊多摩,,0,2,waseda_2009-地区トップリーグ・NSリーグ星取表1･2部.pdf
2009,NSリーグ,2部Cブロック,富士,富士,,東京立正,東京立正,,5,1,waseda_2009-地区トップリーグ・NSリーグ星取表1･2部.pdf
2009,NSリーグ,2部Cブロック,富士,富士,,杉並アヤックス,杉並アヤックス,,7,1,waseda_2009-地区トップリーグ・NSリーグ星取表1･2部.pdf
2009,NSリーグ,2部Cブロック,富士,富士,,杉並総合,杉並総合,,0,3,waseda_2009-地区トップリーグ・NSリーグ星取表1･2部.pdf
2009,NSリーグ,2部Cブロック,富士,富士,,日大鶴ヶ丘B,日大鶴ヶ丘,B,1,1,waseda_2009-地区トップリーグ・NSリーグ星取表1･2部.pdf
2009,NSリーグ,2部Cブロック,富士,富士,,杉並学院,杉並学院,,5,0,waseda_2009-地区トップリーグ・NSリーグ星取表1･2部.pdf
2009,NSリーグ,2部Cブロック,豊多摩,豊多摩,,東京立正,東京立正,,1,0,waseda_2009-地区トップリーグ・NSリーグ星取表1･2部.pdf
2009,NSリーグ,2部Cブロック,豊多摩,豊多摩,,杉並アヤックス,杉並アヤックス,,4,1,waseda_2009-地区トップリーグ・NSリーグ星取表1･2部.pdf
2009,NSリーグ,2部Cブロック,豊多摩,豊多摩,,杉並総合,杉並総合,,0,4,waseda_2009-地区トップリーグ・NSリーグ星取表1･2部.pdf
2009,NSリーグ,2部Cブロック,豊多摩,豊多摩,,日大鶴ヶ丘B,日大鶴ヶ丘,B,1,1,waseda_2009-地区トップリーグ・NSリーグ星取表1･2部.pdf
2009,NSリーグ,2部Cブロック,豊多摩,豊多摩,,杉並学院,杉並学院,,3,1,waseda_2009-地区トップリーグ・NSリーグ星取表1･2部.pdf
2009,NSリーグ,2部Cブロック,東京立正,東京立正,,杉並総合,杉並総合,,1,4,waseda_2009-地区トップリーグ・NSリーグ星取表1･2部.pdf
2009,NSリーグ,2部Cブロック,東京立正,東京立正,,日大鶴ヶ丘B,日大鶴ヶ丘,B,1,2,waseda_2009-地区トップリーグ・NSリーグ星取表1･2部.pdf
2009,NSリーグ,2部Cブロック,東京立正,東京立正,,杉並学院,杉並学院,,2,3,waseda_2009-地区トップリーグ・NSリーグ星取表1･2部.pdf
2009,NSリーグ,2部Cブロック,杉並アヤックス,杉並アヤックス,,杉並総合,杉並総合,,0,4,waseda_2009-地区トップリーグ・NSリーグ星取表1･2部.pdf
2009,NSリーグ,2部Cブロック,杉並アヤックス,杉並アヤックス,,日大鶴ヶ丘B,日大鶴ヶ丘,B,3,7,waseda_2009-地区トップリーグ・NSリーグ星取表1･2部.pdf
2009,NSリーグ,2部Cブロック,杉並アヤックス,杉並アヤックス,,杉並学院,杉並学院,,1,5,waseda_2009-地区トップリーグ・NSリーグ星取表1･2部.pdf
2009,NSリーグ,2部Cブロック,杉並総合,杉並総合,,日大鶴ヶ丘B,日大鶴ヶ丘,B,3,3,waseda_2009-地区トップリーグ・NSリーグ星取表1･2部.pdf
2009,NSリーグ,2部Cブロック,杉並総合,杉並総合,,杉並学院,杉並学院,,5,4,waseda_2009-地区トップリーグ・NSリーグ星取表1･2部.pdf
2009,NSリーグ,2部Cブロック,日大鶴ヶ丘B,日大鶴ヶ丘,B,杉並学院,杉並学院,,0,1,waseda_2009-地区トップリーグ・NSリーグ星取表1･2部.pdf
2010,NSリーグ,1部,國學院久我山Ｂ,国学院久我山,B,早大学院A,早大学院,A,2,1,waseda_2010-NSリーグ星取表1･2部.pdf
2010,NSリーグ,1部,國學院久我山Ｂ,国学院久我山,B,西高Ｂ,西高,B,0,1,waseda_2010-NSリーグ星取表1･2部.pdf
2010,NSリーグ,1部,國學院久我山Ｂ,国学院久我山,B,杉並FC,杉並F,C,1,3,waseda_2010-NSリーグ星取表1･2部.pdf
2010,NSリーグ,1部,國學院久我山Ｂ,国学院久我山,B,武蔵丘,武蔵丘,,1,2,waseda_2010-NSリーグ星取表1･2部.pdf
2010,NSリーグ,1部,國學院久我山Ｂ,国学院久我山,B,日大鶴ヶ丘,日大鶴ヶ丘,,1,2,waseda_2010-NSリーグ星取表1･2部.pdf
2010,NSリーグ,1部,國學院久我山Ｂ,国学院久我山,B,杉並総合,杉並総合,,0,0,waseda_2010-NSリーグ星取表1･2部.pdf
2010,NSリーグ,1部,國學院久我山C,国学院久我山,C,早大学院A,早大学院,A,0,3,waseda_2010-NSリーグ星取表1･2部.pdf
2010,NSリーグ,1部,國學院久我山C,国学院久我山,C,西高Ｂ,西高,B,8,1,waseda_2010-NSリーグ星取表1･2部.pdf
2010,NSリーグ,1部,國學院久我山C,国学院久我山,C,杉並FC,杉並F,C,1,0,waseda_2010-NSリーグ星取表1･2部.pdf
2010,NSリーグ,1部,國學院久我山C,国学院久我山,C,武蔵丘,武蔵丘,,2,1,waseda_2010-NSリーグ星取表1･2部.pdf
2010,NSリーグ,1部,國學院久我山C,国学院久我山,C,日大鶴ヶ丘,日大鶴ヶ丘,,2,0,waseda_2010-NSリーグ星取表1･2部.pdf
2010,NSリーグ,1部,國學院久我山C,国学院久我山,C,杉並総合,杉並総合,,3,0,waseda_2010-NSリーグ星取表1･2部.pdf
2010,NSリーグ,1部,早大学院A,早大学院,A,西高Ｂ,西高,B,0,1,waseda_2010-NSリーグ星取表1･2部.pdf
2010,NSリーグ,1部,早大学院A,早大学院,A,杉並FC,杉並F,C,5,4,waseda_2010-NSリーグ星取表1･2部.pdf
2010,NSリーグ,1部,早大学院A,早大学院,A,武蔵丘,武蔵丘,,2,2,waseda_2010-NSリーグ星取表1･2部.pdf
2010,NSリーグ,1部,早大学院A,早大学院,A,日大鶴ヶ丘,日大鶴ヶ丘,,0,0,waseda_2010-NSリーグ星取表1･2部.pdf
2010,NSリーグ,1部,早大学院A,早大学院,A,杉並総合,杉並総合,,4,1,waseda_2010-NSリーグ星取表1･2部.pdf
2010,NSリーグ,1部,西高Ｂ,西高,B,杉並FC,杉並F,C,1,6,waseda_2010-NSリーグ星取表1･2部.pdf
2010,NSリーグ,1部,西高Ｂ,西高,B,武蔵丘,武蔵丘,,0,1,waseda_2010-NSリーグ星取表1･2部.pdf
2010,NSリーグ,1部,西高Ｂ,西高,B,日大鶴ヶ丘,日大鶴ヶ丘,,0,5,waseda_2010-NSリーグ星取表1･2部.pdf
2010,NSリーグ,1部,西高Ｂ,西高,B,杉並総合,杉並総合,,1,1,waseda_2010-NSリーグ星取表1･2部.pdf
2010,NSリーグ,1部,杉並FC,杉並F,C,武蔵丘,武蔵丘,,1,6,waseda_2010-NSリーグ星取表1･2部.pdf
2010,NSリーグ,1部,杉並FC,杉並F,C,日大鶴ヶ丘,日大鶴ヶ丘,,4,0,waseda_2010-NSリーグ星取表1･2部.pdf
2010,NSリーグ,1部,杉並FC,杉並F,C,杉並総合,杉並総合,,1,0,waseda_2010-NSリーグ星取表1･2部.pdf
2010,NSリーグ,1部,武蔵丘,武蔵丘,,日大鶴ヶ丘,日大鶴ヶ丘,,1,3,waseda_2010-NSリーグ星取表1･2部.pdf
2010,NSリーグ,1部,武蔵丘,武蔵丘,,杉並総合,杉並総合,,4,2,waseda_2010-NSリーグ星取表1･2部.pdf
2010,NSリーグ,1部,日大鶴ヶ丘,日大鶴ヶ丘,,杉並総合,杉並総合,,3,3,waseda_2010-NSリーグ星取表1･2部.pdf
2010,NSリーグ,2部Aブロック,佼成学園,佼成学園,,日大二,日大二,,1,3,waseda_2010-NSリーグ星取表1･2部.pdf
2010,NSリーグ,2部Aブロック,佼成学園,佼成学園,,光丘,光丘,,0,4,waseda_2010-NSリーグ星取表1･2部.pdf
2010,NSリーグ,2部Aブロック,佼成学園,佼成学園,,日大鶴ヶ丘B,日大鶴ヶ丘,B,0,6,waseda_2010-NSリーグ星取表1･2部.pdf
2010,NSリーグ,2部Aブロック,佼成学園,佼成学園,,早大学院C,早大学院,C,1,2,waseda_2010-NSリーグ星取表1･2部.pdf
2010,NSリーグ,2部Aブロック,佼成学園,佼成学園,,東京立正,東京立正,,0,0,waseda_2010-NSリーグ星取表1･2部.pdf
2010,NSリーグ,2部Aブロック,佼成学園,佼成学園,,杉並学院B,杉並学院,B,4,0,waseda_2010-NSリーグ星取表1･2部.pdf
2010,NSリーグ,2部Aブロック,日大二,日大二,,光丘,光丘,,2,2,waseda_2010-NSリーグ星取表1･2部.pdf
2010,NSリーグ,2部Aブロック,日大二,日大二,,日大鶴ヶ丘B,日大鶴ヶ丘,B,0,2,waseda_2010-NSリーグ星取表1･2部.pdf
2010,NSリーグ,2部Aブロック,日大二,日大二,,練馬,練馬,,12,0,waseda_2010-NSリーグ星取表1･2部.pdf
2010,NSリーグ,2部Aブロック,日大二,日大二,,早大学院C,早大学院,C,9,0,waseda_2010-NSリーグ星取表1･2部.pdf
2010,NSリーグ,2部Aブロック,日大二,日大二,,東京立正,東京立正,,7,0,waseda_2010-NSリーグ星取表1･2部.pdf
2010,NSリーグ,2部Aブロック,日大二,日大二,,保谷C,保谷,C,1,2,waseda_2010-NSリーグ星取表1･2部.pdf
2010,NSリーグ,2部Aブロック,日大二,日大二,,杉並学院B,杉並学院,B,4,0,waseda_2010-NSリーグ星取表1･2部.pdf
2010,NSリーグ,2部Aブロック,光丘,光丘,,練馬,練馬,,2,0,waseda_2010-NSリーグ星取表1･2部.pdf
2010,NSリーグ,2部Aブロック,光丘,光丘,,早大学院C,早大学院,C,0,3,waseda_2010-NSリーグ星取表1･2部.pdf
2010,NSリーグ,2部Aブロック,光丘,光丘,,東京立正,東京立正,,5,2,waseda_2010-NSリーグ星取表1･2部.pdf
2010,NSリーグ,2部Aブロック,光丘,光丘,,杉並学院B,杉並学院,B,3,0,waseda_2010-NSリーグ星取表1･2部.pdf
2010,NSリーグ,2部Aブロック,日大鶴ヶ丘B,日大鶴ヶ丘,B,練馬,練馬,,1,3,waseda_2010-NSリーグ星取表1･2部.pdf
2010,NSリーグ,2部Aブロック,日大鶴ヶ丘B,日大鶴ヶ丘,B,早大学院C,早大学院,C,1,2,waseda_2010-NSリーグ星取表1･2部.pdf
2010,NSリーグ,2部Aブロック,日大鶴ヶ丘B,日大鶴ヶ丘,B,東京立正,東京立正,,2,1,waseda_2010-NSリーグ星取表1･2部.pdf
2010,NSリーグ,2部Aブロック,日大鶴ヶ丘B,日大鶴ヶ丘,B,保谷C,保谷,C,1,3,waseda_2010-NSリーグ星取表1･2部.pdf
2010,NSリーグ,2部Aブロック,日大鶴ヶ丘B,日大鶴ヶ丘,B,杉並学院B,杉並学院,B,3,0,waseda_2010-NSリーグ星取表1･2部.pdf
2010,NSリーグ,2部Aブロック,練馬,練馬,,早大学院C,早大学院,C,1,2,waseda_2010-NSリーグ星取表1･2部.pdf
2010,NSリーグ,2部Aブロック,練馬,練馬,,東京立正,東京立正,,2,3,waseda_2010-NSリーグ星取表1･2部.pdf
2010,NSリーグ,2部Aブロック,練馬,練馬,,保谷C,保谷,C,0,3,waseda_2010-NSリーグ星取表1･2部.pdf
2010,NSリーグ,2部Aブロック,練馬,練馬,,杉並学院B,杉並学院,B,2,0,waseda_2010-NSリーグ星取表1･2部.pdf
2010,NSリーグ,2部Aブロック,早大学院C,早大学院,C,東京立正,東京立正,,1,0,waseda_2010-NSリーグ星取表1･2部.pdf
2010,NSリーグ,2部Aブロック,早大学院C,早大学院,C,杉並学院B,杉並学院,B,3,0,waseda_2010-NSリーグ星取表1･2部.pdf
2010,NSリーグ,2部Aブロック,東京立正,東京立正,,保谷C,保谷,C,2,1,waseda_2010-NSリーグ星取表1･2部.pdf
2010,NSリーグ,2部Aブロック,東京立正,東京立正,,杉並学院B,杉並学院,B,2,0,waseda_2010-NSリーグ星取表1･2部.pdf
2010,NSリーグ,2部Aブロック,保谷C,保谷,C,杉並学院B,杉並学院,B,3,1,waseda_2010-NSリーグ星取表1･2部.pdf
2010,NSリーグ,2部Bブロック,早大学院B,早大学院,B,杉並,杉並,,0,2,waseda_2010-NSリーグ星取表1･2部.pdf
2010,NSリーグ,2部Bブロック,早大学院B,早大学院,B,中大杉並,中大杉並,,2,2,waseda_2010-NSリーグ星取表1･2部.pdf
2010,NSリーグ,2部Bブロック,早大学院B,早大学院,B,井草,井草,,9,0,waseda_2010-NSリーグ星取表1･2部.pdf
2010,NSリーグ,2部Bブロック,早大学院B,早大学院,B,大宮ソシオ,大宮ソシオ,,0,0,waseda_2010-NSリーグ星取表1･2部.pdf
2010,NSリーグ,2部Bブロック,早大学院B,早大学院,B,東大附属,東大附属,,6,2,waseda_2010-NSリーグ星取表1･2部.pdf
2010,NSリーグ,2部Bブロック,早大学院B,早大学院,B,鷺宮,鷺宮,,2,3,waseda_2010-NSリーグ星取表1･2部.pdf
2010,NSリーグ,2部Bブロック,早大学院B,早大学院,B,第四商業,第四商業,,11,1,waseda_2010-NSリーグ星取表1･2部.pdf
2010,NSリーグ,2部Bブロック,杉並,杉並,,中大杉並,中大杉並,,0,1,waseda_2010-NSリーグ星取表1･2部.pdf
2010,NSリーグ,2部Bブロック,杉並,杉並,,井草,井草,,2,3,waseda_2010-NSリーグ星取表1･2部.pdf
2010,NSリーグ,2部Bブロック,杉並,杉並,,大宮ソシオ,大宮ソシオ,,0,4,waseda_2010-NSリーグ星取表1･2部.pdf
2010,NSリーグ,2部Bブロック,杉並,杉並,,東大附属,東大附属,,1,0,waseda_2010-NSリーグ星取表1･2部.pdf
2010,NSリーグ,2部Bブロック,杉並,杉並,,鷺宮,鷺宮,,2,3,waseda_2010-NSリーグ星取表1･2部.pdf
2010,NSリーグ,2部Bブロック,杉並,杉並,,第四商業,第四商業,,8,1,waseda_2010-NSリーグ星取表1･2部.pdf
2010,NSリーグ,2部Bブロック,中大杉並,中大杉並,,井草,井草,,1,1,waseda_2010-NSリーグ星取表1･2部.pdf
2010,NSリーグ,2部Bブロック,中大杉並,中大杉並,,大宮ソシオ,大宮ソシオ,,0,4,waseda_2010-NSリーグ星取表1･2部.pdf
2010,NSリーグ,2部Bブロック,中大杉並,中大杉並,,鷺宮,鷺宮,,1,2,waseda_2010-NSリーグ星取表1･2部.pdf
2010,NSリーグ,2部Bブロック,中大杉並,中大杉並,,第四商業,第四商業,,5,0,waseda_2010-NSリーグ星取表1･2部.pdf
2010,NSリーグ,2部Bブロック,井草,井草,,大宮ソシオ,大宮ソシオ,,1,5,waseda_2010-NSリーグ星取表1･2部.pdf
2010,NSリーグ,2部Bブロック,井草,井草,,東大附属,東大附属,,4,0,waseda_2010-NSリーグ星取表1･2部.pdf
2010,NSリーグ,2部Bブロック,井草,井草,,鷺宮,鷺宮,,1,4,waseda_2010-NSリーグ星取表1･2部.pdf
2010,NSリーグ,2部Bブロック,井草,井草,,第四商業,第四商業,,3,2,waseda_2010-NSリーグ星取表1･2部.pdf
2010,NSリーグ,2部Bブロック,大宮ソシオ,大宮ソシオ,,東大附属,東大附属,,11,0,waseda_2010-NSリーグ星取表1･2部.pdf
2010,NSリーグ,2部Bブロック,大宮ソシオ,大宮ソシオ,,鷺宮,鷺宮,,4,1,waseda_2010-NSリーグ星取表1･2部.pdf
2010,NSリーグ,2部Bブロック,大宮ソシオ,大宮ソシオ,,第四商業,第四商業,,12,0,waseda_2010-NSリーグ星取表1･2部.pdf
2010,NSリーグ,2部Bブロック,東大附属,東大附属,,鷺宮,鷺宮,,0,12,waseda_2010-NSリーグ星取表1･2部.pdf
2010,NSリーグ,2部Bブロック,東大附属,東大附属,,第四商業,第四商業,,2,5,waseda_2010-NSリーグ星取表1･2部.pdf
2010,NSリーグ,2部Bブロック,鷺宮,鷺宮,,第四商業,第四商業,,8,0,waseda_2010-NSリーグ星取表1･2部.pdf
2011,NSリーグ,1部,杉並FC,杉並F,C,日大鶴ヶ丘,日大鶴ヶ丘,,1,1,waseda_2011-NSリーグ星取表1･2部.pdf
2011,NSリーグ,1部,杉並FC,杉並F,C,武蔵丘,武蔵丘,,2,3,waseda_2011-NSリーグ星取表1･2部.pdf
2011,NSリーグ,1部,杉並FC,杉並F,C,早大学院A,早大学院,A,1,7,waseda_2011-NSリーグ星取表1･2部.pdf
2011,NSリーグ,1部,杉並FC,杉並F,C,早大学院B,早大学院,B,1,2,waseda_2011-NSリーグ星取表1･2部.pdf
2011,NSリーグ,1部,杉並FC,杉並F,C,大宮ソシオ,大宮ソシオ,,2,4,waseda_2011-NSリーグ星取表1･2部.pdf
2011,NSリーグ,1部,杉並FC,杉並F,C,東亜,東亜学園,,5,2,waseda_2011-NSリーグ星取表1･2部.pdf
2011,NSリーグ,1部,杉並FC,杉並F,C,実践C,実践学園,C,3,3,waseda_2011-NSリーグ星取表1･2部.pdf
2011,NSリーグ,1部,杉並FC,杉並F,C,久我山C,国学院久我山,C,2,2,waseda_2011-NSリーグ星取表1･2部.pdf
2011,NSリーグ,1部,日大鶴ヶ丘,日大鶴ヶ丘,,武蔵丘,武蔵丘,,6,2,waseda_2011-NSリーグ星取表1･2部.pdf
2011,NSリーグ,1部,日大鶴ヶ丘,日大鶴ヶ丘,,早大学院A,早大学院,A,0,1,waseda_2011-NSリーグ星取表1･2部.pdf
2011,NSリーグ,1部,日大鶴ヶ丘,日大鶴ヶ丘,,早大学院B,早大学院,B,0,3,waseda_2011-NSリーグ星取表1･2部.pdf
2011,NSリーグ,1部,日大鶴ヶ丘,日大鶴ヶ丘,,大宮ソシオ,大宮ソシオ,,1,2,waseda_2011-NSリーグ星取表1･2部.pdf
2011,NSリーグ,1部,日大鶴ヶ丘,日大鶴ヶ丘,,東亜,東亜学園,,3,2,waseda_2011-NSリーグ星取表1･2部.pdf
2011,NSリーグ,1部,日大鶴ヶ丘,日大鶴ヶ丘,,実践C,実践学園,C,4,2,waseda_2011-NSリーグ星取表1･2部.pdf
2011,NSリーグ,1部,日大鶴ヶ丘,日大鶴ヶ丘,,久我山C,国学院久我山,C,1,5,waseda_2011-NSリーグ星取表1･2部.pdf
2011,NSリーグ,1部,武蔵丘,武蔵丘,,早大学院A,早大学院,A,0,1,waseda_2011-NSリーグ星取表1･2部.pdf
2011,NSリーグ,1部,武蔵丘,武蔵丘,,早大学院B,早大学院,B,2,2,waseda_2011-NSリーグ星取表1･2部.pdf
2011,NSリーグ,1部,武蔵丘,武蔵丘,,大宮ソシオ,大宮ソシオ,,3,1,waseda_2011-NSリーグ星取表1･2部.pdf
2011,NSリーグ,1部,武蔵丘,武蔵丘,,東亜,東亜学園,,0,3,waseda_2011-NSリーグ星取表1･2部.pdf
2011,NSリーグ,1部,武蔵丘,武蔵丘,,実践C,実践学園,C,1,3,waseda_2011-NSリーグ星取表1･2部.pdf
2011,NSリーグ,1部,武蔵丘,武蔵丘,,久我山C,国学院久我山,C,1,5,waseda_2011-NSリーグ星取表1･2部.pdf
2011,NSリーグ,1部,早大学院A,早大学院,A,大宮ソシオ,大宮ソシオ,,2,1,waseda_2011-NSリーグ星取表1･2部.pdf
2011,NSリーグ,1部,早大学院A,早大学院,A,東亜,東亜学園,,10,2,waseda_2011-NSリーグ星取表1･2部.pdf
2011,NSリーグ,1部,早大学院A,早大学院,A,実践C,実践学園,C,4,1,waseda_2011-NSリーグ星取表1･2部.pdf
2011,NSリーグ,1部,早大学院A,早大学院,A,久我山C,国学院久我山,C,1,3,waseda_2011-NSリーグ星取表1･2部.pdf
2011,NSリーグ,1部,早大学院B,早大学院,B,大宮ソシオ,大宮ソシオ,,3,1,waseda_2011-NSリーグ星取表1･2部.pdf
2011,NSリーグ,1部,早大学院B,早大学院,B,東亜,東亜学園,,2,0,waseda_2011-NSリーグ星取表1･2部.pdf
2011,NSリーグ,1部,早大学院B,早大学院,B,実践C,実践学園,C,1,2,waseda_2011-NSリーグ星取表1･2部.pdf
2011,NSリーグ,1部,早大学院B,早大学院,B,久我山C,国学院久我山,C,2,3,waseda_2011-NSリーグ星取表1･2部.pdf
2011,NSリーグ,1部,大宮ソシオ,大宮ソシオ,,東亜,東亜学園,,4,5,waseda_2011-NSリーグ星取表1･2部.pdf
2011,NSリーグ,1部,大宮ソシオ,大宮ソシオ,,実践C,実践学園,C,0,3,waseda_2011-NSリーグ星取表1･2部.pdf
2011,NSリーグ,1部,大宮ソシオ,大宮ソシオ,,久我山C,国学院久我山,C,1,0,waseda_2011-NSリーグ星取表1･2部.pdf
2011,NSリーグ,1部,東亜,東亜学園,,実践C,実践学園,C,1,3,waseda_2011-NSリーグ星取表1･2部.pdf
2011,NSリーグ,1部,東亜,東亜学園,,久我山C,国学院久我山,C,2,5,waseda_2011-NSリーグ星取表1･2部.pdf
2011,NSリーグ,1部,実践C,実践学園,C,久我山C,国学院久我山,C,3,0,waseda_2011-NSリーグ星取表1･2部.pdf
2011,NSリーグ,2部Cブロック,杉並総合,杉並総合,,大泉,大泉,,0,3,waseda_2011-NSリーグ星取表1･2部.pdf
2011,NSリーグ,2部Cブロック,杉並総合,杉並総合,,早大学院C,早大学院,C,1,1,waseda_2011-NSリーグ星取表1･2部.pdf
2011,NSリーグ,2部Cブロック,杉並総合,杉並総合,,保谷B,保谷,B,6,0,waseda_2011-NSリーグ星取表1･2部.pdf
2011,NSリーグ,2部Cブロック,杉並総合,杉並総合,,アヤックス,アヤックス,,0,5,waseda_2011-NSリーグ星取表1･2部.pdf
2011,NSリーグ,2部Cブロック,杉並総合,杉並総合,,富士,富士,,2,0,waseda_2011-NSリーグ星取表1･2部.pdf
2011,NSリーグ,2部Cブロック,杉並総合,杉並総合,,田柄,田柄,,3,3,waseda_2011-NSリーグ星取表1･2部.pdf
2011,NSリーグ,2部Cブロック,大泉,大泉,,早大学院C,早大学院,C,3,0,waseda_2011-NSリーグ星取表1･2部.pdf
2011,NSリーグ,2部Cブロック,大泉,大泉,,保谷B,保谷,B,2,2,waseda_2011-NSリーグ星取表1･2部.pdf
2011,NSリーグ,2部Cブロック,大泉,大泉,,アヤックス,アヤックス,,2,0,waseda_2011-NSリーグ星取表1･2部.pdf
2011,NSリーグ,2部Cブロック,大泉,大泉,,富士,富士,,5,0,waseda_2011-NSリーグ星取表1･2部.pdf
2011,NSリーグ,2部Cブロック,大泉,大泉,,田柄,田柄,,4,0,waseda_2011-NSリーグ星取表1･2部.pdf
2011,NSリーグ,2部Cブロック,早大学院C,早大学院,C,保谷B,保谷,B,2,0,waseda_2011-NSリーグ星取表1･2部.pdf
2011,NSリーグ,2部Cブロック,早大学院C,早大学院,C,アヤックス,アヤックス,,1,0,waseda_2011-NSリーグ星取表1･2部.pdf
2011,NSリーグ,2部Cブロック,早大学院C,早大学院,C,富士,富士,,2,1,waseda_2011-NSリーグ星取表1･2部.pdf
2011,NSリーグ,2部Cブロック,早大学院C,早大学院,C,田柄,田柄,,4,1,waseda_2011-NSリーグ星取表1･2部.pdf
2011,NSリーグ,2部Cブロック,保谷B,保谷,B,アヤックス,アヤックス,,3,2,waseda_2011-NSリーグ星取表1･2部.pdf
2011,NSリーグ,2部Cブロック,保谷B,保谷,B,富士,富士,,4,1,waseda_2011-NSリーグ星取表1･2部.pdf
2011,NSリーグ,2部Cブロック,保谷B,保谷,B,田柄,田柄,,4,1,waseda_2011-NSリーグ星取表1･2部.pdf
2011,NSリーグ,2部Cブロック,アヤックス,アヤックス,,富士,富士,,2,1,waseda_2011-NSリーグ星取表1･2部.pdf
2011,NSリーグ,2部Cブロック,アヤックス,アヤックス,,田柄,田柄,,4,1,waseda_2011-NSリーグ星取表1･2部.pdf
2011,NSリーグ,2部Cブロック,富士,富士,,田柄,田柄,,7,3,waseda_2011-NSリーグ星取表1･2部.pdf
2012,地区トップリーグ,グループA,駒澤大学サテライト,駒澤大学サテライト,,大東文化第一,大東文化一,,1,2,waseda_2012-地区トップリーグ・NSリーグ星取表1･2部.pdf
2012,地区トップリーグ,グループA,駒澤大学サテライト,駒澤大学サテライト,,関東第一C,関東第一,C,6,2,waseda_2012-地区トップリーグ・NSリーグ星取表1･2部.pdf
2012,地区トップリーグ,グループA,駒澤大学サテライト,駒澤大学サテライト,,駒場B,駒場,B,2,2,waseda_2012-地区トップリーグ・NSリーグ星取表1･2部.pdf
2012,地区トップリーグ,グループA,駒澤大学サテライト,駒澤大学サテライト,,かえつ有明B,かえつ有明,B,5,3,waseda_2012-地区トップリーグ・NSリーグ星取表1･2部.pdf
2012,地区トップリーグ,グループA,駒澤大学サテライト,駒澤大学サテライト,,八王子,八王子,,10,0,waseda_2012-地区トップリーグ・NSリーグ星取表1･2部.pdf
2012,地区トップリーグ,グループA,駒澤大学サテライト,駒澤大学サテライト,,早大学院A,早大学院,A,10,1,waseda_2012-地区トップリーグ・NSリーグ星取表1･2部.pdf
2012,地区トップリーグ,グループA,駒澤大学サテライト,駒澤大学サテライト,,野津田,野津田,,3,4,waseda_2012-地区トップリーグ・NSリーグ星取表1･2部.pdf
2012,地区トップリーグ,グループA,駒澤大学サテライト,駒澤大学サテライト,,横河武蔵野B,横河武蔵野,B,2,0,waseda_2012-地区トップリーグ・NSリーグ星取表1･2部.pdf
2012,地区トップリーグ,グループA,駒澤大学サテライト,駒澤大学サテライト,,調布南,調布南,,3,1,waseda_2012-地区トップリーグ・NSリーグ星取表1･2部.pdf
2012,地区トップリーグ,グループA,駒澤大学サテライト,駒澤大学サテライト,,三菱養和B,三菱養和,B,1,0,waseda_2012-地区トップリーグ・NSリーグ星取表1･2部.pdf
2012,地区トップリーグ,グループA,大東文化第一,大東文化一,,関東第一C,関東第一,C,2,0,waseda_2012-地区トップリーグ・NSリーグ星取表1･2部.pdf
2012,地区トップリーグ,グループA,大東文化第一,大東文化一,,駒場B,駒場,B,5,2,waseda_2012-地区トップリーグ・NSリーグ星取表1･2部.pdf
2012,地区トップリーグ,グループA,大東文化第一,大東文化一,,かえつ有明B,かえつ有明,B,7,1,waseda_2012-地区トップリーグ・NSリーグ星取表1･2部.pdf
2012,地区トップリーグ,グループA,大東文化第一,大東文化一,,八王子,八王子,,2,0,waseda_2012-地区トップリーグ・NSリーグ星取表1･2部.pdf
2012,地区トップリーグ,グループA,大東文化第一,大東文化一,,早大学院A,早大学院,A,2,1,waseda_2012-地区トップリーグ・NSリーグ星取表1･2部.pdf
2012,地区トップリーグ,グループA,大東文化第一,大東文化一,,野津田,野津田,,1,9,waseda_2012-地区トップリーグ・NSリーグ星取表1･2部.pdf
2012,地区トップリーグ,グループA,大東文化第一,大東文化一,,横河武蔵野B,横河武蔵野,B,3,1,waseda_2012-地区トップリーグ・NSリーグ星取表1･2部.pdf
2012,地区トップリーグ,グループA,大東文化第一,大東文化一,,調布南,調布南,,1,1,waseda_2012-地区トップリーグ・NSリーグ星取表1･2部.pdf
2012,地区トップリーグ,グループA,大東文化第一,大東文化一,,三菱養和B,三菱養和,B,3,1,waseda_2012-地区トップリーグ・NSリーグ星取表1･2部.pdf
2012,地区トップリーグ,グループA,関東第一C,関東第一,C,駒場B,駒場,B,0,2,waseda_2012-地区トップリーグ・NSリーグ星取表1･2部.pdf
2012,地区トップリーグ,グループA,関東第一C,関東第一,C,かえつ有明B,かえつ有明,B,1,5,waseda_2012-地区トップリーグ・NSリーグ星取表1･2部.pdf
2012,地区トップリーグ,グループA,関東第一C,関東第一,C,八王子,八王子,,5,0,waseda_2012-地区トップリーグ・NSリーグ星取表1･2部.pdf
2012,地区トップリーグ,グループA,関東第一C,関東第一,C,早大学院A,早大学院,A,0,0,waseda_2012-地区トップリーグ・NSリーグ星取表1･2部.pdf
2012,地区トップリーグ,グループA,関東第一C,関東第一,C,野津田,野津田,,0,5,waseda_2012-地区トップリーグ・NSリーグ星取表1･2部.pdf
2012,地区トップリーグ,グループA,関東第一C,関東第一,C,横河武蔵野B,横河武蔵野,B,3,2,waseda_2012-地区トップリーグ・NSリーグ星取表1･2部.pdf
2012,地区トップリーグ,グループA,関東第一C,関東第一,C,調布南,調布南,,1,2,waseda_2012-地区トップリーグ・NSリーグ星取表1･2部.pdf
2012,地区トップリーグ,グループA,関東第一C,関東第一,C,三菱養和B,三菱養和,B,2,1,waseda_2012-地区トップリーグ・NSリーグ星取表1･2部.pdf
2012,地区トップリーグ,グループA,駒場B,駒場,B,かえつ有明B,かえつ有明,B,6,2,waseda_2012-地区トップリーグ・NSリーグ星取表1･2部.pdf
2012,地区トップリーグ,グループA,駒場B,駒場,B,八王子,八王子,,3,1,waseda_2012-地区トップリーグ・NSリーグ星取表1･2部.pdf
2012,地区トップリーグ,グループA,駒場B,駒場,B,早大学院A,早大学院,A,2,1,waseda_2012-地区トップリーグ・NSリーグ星取表1･2部.pdf
2012,地区トップリーグ,グループA,駒場B,駒場,B,野津田,野津田,,7,3,waseda_2012-地区トップリーグ・NSリーグ星取表1･2部.pdf
2012,地区トップリーグ,グループA,駒場B,駒場,B,横河武蔵野B,横河武蔵野,B,2,3,waseda_2012-地区トップリーグ・NSリーグ星取表1･2部.pdf
2012,地区トップリーグ,グループA,駒場B,駒場,B,調布南,調布南,,2,3,waseda_2012-地区トップリーグ・NSリーグ星取表1･2部.pdf
2012,地区トップリーグ,グループA,駒場B,駒場,B,三菱養和B,三菱養和,B,2,2,waseda_2012-地区トップリーグ・NSリーグ星取表1･2部.pdf
2012,地区トップリーグ,グループA,かえつ有明B,かえつ有明,B,八王子,八王子,,9,2,waseda_2012-地区トップリーグ・NSリーグ星取表1･2部.pdf
2012,地区トップリーグ,グループA,かえつ有明B,かえつ有明,B,早大学院A,早大学院,A,6,1,waseda_2012-地区トップリーグ・NSリーグ星取表1･2部.pdf
2012,地区トップリーグ,グループA,かえつ有明B,かえつ有明,B,野津田,野津田,,3,4,waseda_2012-地区トップリーグ・NSリーグ星取表1･2部.pdf
2012,地区トップリーグ,グループA,かえつ有明B,かえつ有明,B,横河武蔵野B,横河武蔵野,B,4,4,waseda_2012-地区トップリーグ・NSリーグ星取表1･2部.pdf
2012,地区トップリーグ,グループA,かえつ有明B,かえつ有明,B,調布南,調布南,,6,3,waseda_2012-地区トップリーグ・NSリーグ星取表1･2部.pdf
2012,地区トップリーグ,グループA,かえつ有明B,かえつ有明,B,三菱養和B,三菱養和,B,0,3,waseda_2012-地区トップリーグ・NSリーグ星取表1･2部.pdf
2012,地区トップリーグ,グループA,八王子,八王子,,早大学院A,早大学院,A,3,1,waseda_2012-地区トップリーグ・NSリーグ星取表1･2部.pdf
2012,地区トップリーグ,グループA,八王子,八王子,,野津田,野津田,,0,6,waseda_2012-地区トップリーグ・NSリーグ星取表1･2部.pdf
2012,地区トップリーグ,グループA,八王子,八王子,,横河武蔵野B,横河武蔵野,B,0,5,waseda_2012-地区トップリーグ・NSリーグ星取表1･2部.pdf
2012,地区トップリーグ,グループA,八王子,八王子,,調布南,調布南,,1,3,waseda_2012-地区トップリーグ・NSリーグ星取表1･2部.pdf
2012,地区トップリーグ,グループA,八王子,八王子,,三菱養和B,三菱養和,B,1,4,waseda_2012-地区トップリーグ・NSリーグ星取表1･2部.pdf
2012,地区トップリーグ,グループA,早大学院A,早大学院,A,野津田,野津田,,1,5,waseda_2012-地区トップリーグ・NSリーグ星取表1･2部.pdf
2012,地区トップリーグ,グループA,早大学院A,早大学院,A,横河武蔵野B,横河武蔵野,B,0,2,waseda_2012-地区トップリーグ・NSリーグ星取表1･2部.pdf
2012,地区トップリーグ,グループA,早大学院A,早大学院,A,調布南,調布南,,2,3,waseda_2012-地区トップリーグ・NSリーグ星取表1･2部.pdf
2012,地区トップリーグ,グループA,早大学院A,早大学院,A,三菱養和B,三菱養和,B,0,5,waseda_2012-地区トップリーグ・NSリーグ星取表1･2部.pdf
2012,地区トップリーグ,グループA,野津田,野津田,,横河武蔵野B,横河武蔵野,B,3,0,waseda_2012-地区トップリーグ・NSリーグ星取表1･2部.pdf
2012,地区トップリーグ,グループA,野津田,野津田,,調布南,調布南,,6,1,waseda_2012-地区トップリーグ・NSリーグ星取表1･2部.pdf
2012,地区トップリーグ,グループA,野津田,野津田,,三菱養和B,三菱養和,B,1,2,waseda_2012-地区トップリーグ・NSリーグ星取表1･2部.pdf
2012,地区トップリーグ,グループA,横河武蔵野B,横河武蔵野,B,調布南,調布南,,2,1,waseda_2012-地区トップリーグ・NSリーグ星取表1･2部.pdf
2012,地区トップリーグ,グループA,横河武蔵野B,横河武蔵野,B,三菱養和B,三菱養和,B,2,4,waseda_2012-地区トップリーグ・NSリーグ星取表1･2部.pdf
2012,地区トップリーグ,グループA,調布南,調布南,,三菱養和B,三菱養和,B,1,3,waseda_2012-地区トップリーグ・NSリーグ星取表1･2部.pdf
2012,NSリーグ,1部,早大学院B,早大学院,B,久我山C,国学院久我山,C,3,0,waseda_2012-地区トップリーグ・NSリーグ星取表1･2部.pdf
2012,NSリーグ,1部,早大学院B,早大学院,B,実践C,実践学園,C,0,7,waseda_2012-地区トップリーグ・NSリーグ星取表1･2部.pdf
2012,NSリーグ,1部,早大学院B,早大学院,B,日大鶴ヶ丘Ａ,日大鶴ヶ丘,A,0,5,waseda_2012-地区トップリーグ・NSリーグ星取表1･2部.pdf
2012,NSリーグ,1部,早大学院B,早大学院,B,大宮ソシオ,大宮ソシオ,,4,2,waseda_2012-地区トップリーグ・NSリーグ星取表1･2部.pdf
2012,NSリーグ,1部,早大学院B,早大学院,B,武蔵丘,武蔵丘,,2,4,waseda_2012-地区トップリーグ・NSリーグ星取表1･2部.pdf
2012,NSリーグ,1部,早大学院B,早大学院,B,中大杉並,中大杉並,,0,2,waseda_2012-地区トップリーグ・NSリーグ星取表1･2部.pdf
2012,NSリーグ,1部,早大学院B,早大学院,B,堀越B,堀越,B,1,0,waseda_2012-地区トップリーグ・NSリーグ星取表1･2部.pdf
2012,NSリーグ,1部,久我山C,国学院久我山,C,実践C,実践学園,C,1,2,waseda_2012-地区トップリーグ・NSリーグ星取表1･2部.pdf
2012,NSリーグ,1部,久我山C,国学院久我山,C,日大鶴ヶ丘Ａ,日大鶴ヶ丘,A,1,2,waseda_2012-地区トップリーグ・NSリーグ星取表1･2部.pdf
2012,NSリーグ,1部,久我山C,国学院久我山,C,大宮ソシオ,大宮ソシオ,,3,4,waseda_2012-地区トップリーグ・NSリーグ星取表1･2部.pdf
2012,NSリーグ,1部,久我山C,国学院久我山,C,武蔵丘,武蔵丘,,4,1,waseda_2012-地区トップリーグ・NSリーグ星取表1･2部.pdf
2012,NSリーグ,1部,久我山C,国学院久我山,C,中大杉並,中大杉並,,4,2,waseda_2012-地区トップリーグ・NSリーグ星取表1･2部.pdf
2012,NSリーグ,1部,久我山C,国学院久我山,C,堀越B,堀越,B,3,4,waseda_2012-地区トップリーグ・NSリーグ星取表1･2部.pdf
2012,NSリーグ,1部,実践C,実践学園,C,日大鶴ヶ丘Ａ,日大鶴ヶ丘,A,2,1,waseda_2012-地区トップリーグ・NSリーグ星取表1･2部.pdf
2012,NSリーグ,1部,実践C,実践学園,C,大宮ソシオ,大宮ソシオ,,5,1,waseda_2012-地区トップリーグ・NSリーグ星取表1･2部.pdf
2012,NSリーグ,1部,実践C,実践学園,C,武蔵丘,武蔵丘,,7,0,waseda_2012-地区トップリーグ・NSリーグ星取表1･2部.pdf
2012,NSリーグ,1部,実践C,実践学園,C,中大杉並,中大杉並,,3,0,waseda_2012-地区トップリーグ・NSリーグ星取表1･2部.pdf
2012,NSリーグ,1部,実践C,実践学園,C,堀越B,堀越,B,3,0,waseda_2012-地区トップリーグ・NSリーグ星取表1･2部.pdf
2012,NSリーグ,1部,日大鶴ヶ丘Ａ,日大鶴ヶ丘,A,大宮ソシオ,大宮ソシオ,,0,1,waseda_2012-地区トップリーグ・NSリーグ星取表1･2部.pdf
2012,NSリーグ,1部,日大鶴ヶ丘Ａ,日大鶴ヶ丘,A,武蔵丘,武蔵丘,,3,1,waseda_2012-地区トップリーグ・NSリーグ星取表1･2部.pdf
2012,NSリーグ,1部,日大鶴ヶ丘Ａ,日大鶴ヶ丘,A,中大杉並,中大杉並,,3,2,waseda_2012-地区トップリーグ・NSリーグ星取表1･2部.pdf
2012,NSリーグ,1部,日大鶴ヶ丘Ａ,日大鶴ヶ丘,A,堀越B,堀越,B,3,3,waseda_2012-地区トップリーグ・NSリーグ星取表1･2部.pdf
2012,NSリーグ,1部,大宮ソシオ,大宮ソシオ,,武蔵丘,武蔵丘,,2,1,waseda_2012-地区トップリーグ・NSリーグ星取表1･2部.pdf
2012,NSリーグ,1部,大宮ソシオ,大宮ソシオ,,中大杉並,中大杉並,,1,0,waseda_2012-地区トップリーグ・NSリーグ星取表1･2部.pdf
2012,NSリーグ,1部,大宮ソシオ,大宮ソシオ,,堀越B,堀越,B,3,1,waseda_2012-地区トップリーグ・NSリーグ星取表1･2部.pdf
2012,NSリーグ,1部,武蔵丘,武蔵丘,,中大杉並,中大杉並,,2,3,waseda_2012-地区トップリーグ・NSリーグ星取表1･2部.pdf
2012,NSリーグ,1部,武蔵丘,武蔵丘,,堀越B,堀越,B,1,0,waseda_2012-地区トップリーグ・NSリーグ星取表1･2部.pdf
2012,NSリーグ,1部,中大杉並,中大杉並,,堀越B,堀越,B,1,2,waseda_2012-地区トップリーグ・NSリーグ星取表1･2部.pdf
2012,NSリーグ,2部Cブロック,大泉,大泉,,早大学院C,早大学院,C,3,1,waseda_2012-地区トップリーグ・NSリーグ星取表1･2部.pdf
2012,NSリーグ,2部Cブロック,大泉,大泉,,西Ａ,西A,,2,1,waseda_2012-地区トップリーグ・NSリーグ星取表1･2部.pdf
2012,NSリーグ,2部Cブロック,大泉,大泉,,杉並,杉並,,1,3,waseda_2012-地区トップリーグ・NSリーグ星取表1･2部.pdf
2012,NSリーグ,2部Cブロック,大泉,大泉,,杉並学院Ｂ,杉並学院,B,4,3,waseda_2012-地区トップリーグ・NSリーグ星取表1･2部.pdf
2012,NSリーグ,2部Cブロック,早大学院C,早大学院,C,西Ａ,西A,,0,3,waseda_2012-地区トップリーグ・NSリーグ星取表1･2部.pdf
2012,NSリーグ,2部Cブロック,早大学院C,早大学院,C,杉並,杉並,,0,5,waseda_2012-地区トップリーグ・NSリーグ星取表1･2部.pdf
2012,NSリーグ,2部Cブロック,早大学院C,早大学院,C,佼成学園,佼成学園,,4,3,waseda_2012-地区トップリーグ・NSリーグ星取表1･2部.pdf
2012,NSリーグ,2部Cブロック,早大学院C,早大学院,C,杉並学院Ｂ,杉並学院,B,4,0,waseda_2012-地区トップリーグ・NSリーグ星取表1･2部.pdf
2012,NSリーグ,2部Cブロック,西Ａ,西A,,杉並,杉並,,0,3,waseda_2012-地区トップリーグ・NSリーグ星取表1･2部.pdf
2012,NSリーグ,2部Cブロック,西Ａ,西A,,佼成学園,佼成学園,,3,1,waseda_2012-地区トップリーグ・NSリーグ星取表1･2部.pdf
2012,NSリーグ,2部Cブロック,西Ａ,西A,,杉並学院Ｂ,杉並学院,B,3,0,waseda_2012-地区トップリーグ・NSリーグ星取表1･2部.pdf
2012,NSリーグ,2部Cブロック,杉並,杉並,,佼成学園,佼成学園,,2,1,waseda_2012-地区トップリーグ・NSリーグ星取表1･2部.pdf
2012,NSリーグ,2部Cブロック,杉並,杉並,,杉並学院Ｂ,杉並学院,B,4,0,waseda_2012-地区トップリーグ・NSリーグ星取表1･2部.pdf
2012,NSリーグ,2部Cブロック,佼成学園,佼成学園,,杉並学院Ｂ,杉並学院,B,2,0,waseda_2012-地区トップリーグ・NSリーグ星取表1･2部.pdf
2013,NSリーグ,1部,早大学院A,早大学院,A,大宮ソシオ,大宮ソシオ,,0,1,waseda_2013-NSリーグ星取表1･2部1.pdf
2013,NSリーグ,1部,早大学院A,早大学院,A,日大鶴ヶ丘Ａ,日大鶴ヶ丘,A,2,7,waseda_2013-NSリーグ星取表1･2部1.pdf
2013,NSリーグ,1部,早大学院A,早大学院,A,堀越B,堀越,B,3,2,waseda_2013-NSリーグ星取表1･2部1.pdf
2013,NSリーグ,1部,早大学院A,早大学院,A,久我山C,国学院久我山,C,4,2,waseda_2013-NSリーグ星取表1･2部1.pdf
2013,NSリーグ,1部,早大学院A,早大学院,A,中大杉並,中大杉並,,2,4,waseda_2013-NSリーグ星取表1･2部1.pdf
2013,NSリーグ,1部,早大学院A,早大学院,A,井草,井草,,4,0,waseda_2013-NSリーグ星取表1･2部1.pdf
2013,NSリーグ,1部,早大学院A,早大学院,A,専大附属,専大附属,,1,5,waseda_2013-NSリーグ星取表1･2部1.pdf
2013,NSリーグ,1部,大宮ソシオ,大宮ソシオ,,日大鶴ヶ丘Ａ,日大鶴ヶ丘,A,4,4,waseda_2013-NSリーグ星取表1･2部1.pdf
2013,NSリーグ,1部,大宮ソシオ,大宮ソシオ,,堀越B,堀越,B,3,2,waseda_2013-NSリーグ星取表1･2部1.pdf
2013,NSリーグ,1部,大宮ソシオ,大宮ソシオ,,久我山C,国学院久我山,C,1,0,waseda_2013-NSリーグ星取表1･2部1.pdf
2013,NSリーグ,1部,大宮ソシオ,大宮ソシオ,,中大杉並,中大杉並,,0,2,waseda_2013-NSリーグ星取表1･2部1.pdf
2013,NSリーグ,1部,大宮ソシオ,大宮ソシオ,,井草,井草,,9,0,waseda_2013-NSリーグ星取表1･2部1.pdf
2013,NSリーグ,1部,大宮ソシオ,大宮ソシオ,,専大附属,専大附属,,1,1,waseda_2013-NSリーグ星取表1･2部1.pdf
2013,NSリーグ,1部,日大鶴ヶ丘Ａ,日大鶴ヶ丘,A,堀越B,堀越,B,2,0,waseda_2013-NSリーグ星取表1･2部1.pdf
2013,NSリーグ,1部,日大鶴ヶ丘Ａ,日大鶴ヶ丘,A,久我山C,国学院久我山,C,7,1,waseda_2013-NSリーグ星取表1･2部1.pdf
2013,NSリーグ,1部,日大鶴ヶ丘Ａ,日大鶴ヶ丘,A,中大杉並,中大杉並,,1,1,waseda_2013-NSリーグ星取表1･2部1.pdf
2013,NSリーグ,1部,日大鶴ヶ丘Ａ,日大鶴ヶ丘,A,井草,井草,,6,1,waseda_2013-NSリーグ星取表1･2部1.pdf
2013,NSリーグ,1部,日大鶴ヶ丘Ａ,日大鶴ヶ丘,A,専大附属,専大附属,,5,1,waseda_2013-NSリーグ星取表1･2部1.pdf
2013,NSリーグ,1部,堀越B,堀越,B,久我山C,国学院久我山,C,2,3,waseda_2013-NSリーグ星取表1･2部1.pdf
2013,NSリーグ,1部,堀越B,堀越,B,中大杉並,中大杉並,,2,3,waseda_2013-NSリーグ星取表1･2部1.pdf
2013,NSリーグ,1部,堀越B,堀越,B,井草,井草,,9,2,waseda_2013-NSリーグ星取表1･2部1.pdf
2013,NSリーグ,1部,堀越B,堀越,B,専大附属,専大附属,,3,1,waseda_2013-NSリーグ星取表1･2部1.pdf
2013,NSリーグ,1部,久我山C,国学院久我山,C,中大杉並,中大杉並,,2,1,waseda_2013-NSリーグ星取表1･2部1.pdf
2013,NSリーグ,1部,久我山C,国学院久我山,C,井草,井草,,1,3,waseda_2013-NSリーグ星取表1･2部1.pdf
2013,NSリーグ,1部,久我山C,国学院久我山,C,専大附属,専大附属,,4,0,waseda_2013-NSリーグ星取表1･2部1.pdf
2013,NSリーグ,1部,中大杉並,中大杉並,,井草,井草,,4,2,waseda_2013-NSリーグ星取表1･2部1.pdf
2013,NSリーグ,1部,中大杉並,中大杉並,,専大附属,専大附属,,1,2,waseda_2013-NSリーグ星取表1･2部1.pdf
2013,NSリーグ,1部,井草,井草,,専大附属,専大附属,,0,6,waseda_2013-NSリーグ星取表1･2部1.pdf
2013,NSリーグ,2部Bブロック,早大学院B,早大学院,B,杉並学院A,杉並学院,A,2,1,waseda_2013-NSリーグ星取表1･2部1.pdf
2013,NSリーグ,2部Bブロック,早大学院B,早大学院,B,杉並総合,杉並総合,,2,4,waseda_2013-NSリーグ星取表1･2部1.pdf
2013,NSリーグ,2部Bブロック,早大学院B,早大学院,B,日大鶴ヶ丘B,日大鶴ヶ丘,B,3,1,waseda_2013-NSリーグ星取表1･2部1.pdf
2013,NSリーグ,2部Bブロック,早大学院B,早大学院,B,第四商業,第四商業,,1,0,waseda_2013-NSリーグ星取表1･2部1.pdf
2013,NSリーグ,2部Bブロック,早大学院B,早大学院,B,久我山D,国学院久我山,D,1,3,waseda_2013-NSリーグ星取表1･2部1.pdf
2013,NSリーグ,2部Bブロック,早大学院B,早大学院,B,保谷B,保谷,B,0,2,waseda_2013-NSリーグ星取表1･2部1.pdf
2013,NSリーグ,2部Bブロック,杉並学院A,杉並学院,A,杉並総合,杉並総合,,3,1,waseda_2013-NSリーグ星取表1･2部1.pdf
2013,NSリーグ,2部Bブロック,杉並学院A,杉並学院,A,日大鶴ヶ丘B,日大鶴ヶ丘,B,4,4,waseda_2013-NSリーグ星取表1･2部1.pdf
2013,NSリーグ,2部Bブロック,杉並学院A,杉並学院,A,第四商業,第四商業,,4,0,waseda_2013-NSリーグ星取表1･2部1.pdf
2013,NSリーグ,2部Bブロック,杉並学院A,杉並学院,A,久我山D,国学院久我山,D,0,9,waseda_2013-NSリーグ星取表1･2部1.pdf
2013,NSリーグ,2部Bブロック,杉並学院A,杉並学院,A,保谷B,保谷,B,0,9,waseda_2013-NSリーグ星取表1･2部1.pdf
2013,NSリーグ,2部Bブロック,杉並総合,杉並総合,,日大鶴ヶ丘B,日大鶴ヶ丘,B,1,5,waseda_2013-NSリーグ星取表1･2部1.pdf
2013,NSリーグ,2部Bブロック,杉並総合,杉並総合,,第四商業,第四商業,,6,1,waseda_2013-NSリーグ星取表1･2部1.pdf
2013,NSリーグ,2部Bブロック,杉並総合,杉並総合,,久我山D,国学院久我山,D,2,7,waseda_2013-NSリーグ星取表1･2部1.pdf
2013,NSリーグ,2部Bブロック,杉並総合,杉並総合,,保谷B,保谷,B,0,7,waseda_2013-NSリーグ星取表1･2部1.pdf
2013,NSリーグ,2部Bブロック,日大鶴ヶ丘B,日大鶴ヶ丘,B,第四商業,第四商業,,4,4,waseda_2013-NSリーグ星取表1･2部1.pdf
2013,NSリーグ,2部Bブロック,日大鶴ヶ丘B,日大鶴ヶ丘,B,久我山D,国学院久我山,D,3,2,waseda_2013-NSリーグ星取表1･2部1.pdf
2013,NSリーグ,2部Bブロック,日大鶴ヶ丘B,日大鶴ヶ丘,B,保谷B,保谷,B,2,0,waseda_2013-NSリーグ星取表1･2部1.pdf
2013,NSリーグ,2部Bブロック,第四商業,第四商業,,久我山D,国学院久我山,D,1,19,waseda_2013-NSリーグ星取表1･2部1.pdf
2013,NSリーグ,2部Bブロック,第四商業,第四商業,,保谷B,保谷,B,3,6,waseda_2013-NSリーグ星取表1･2部1.pdf
2013,NSリーグ,2部Bブロック,久我山D,国学院久我山,D,保谷B,保谷,B,6,0,waseda_2013-NSリーグ星取表1･2部1.pdf
2013,NSリーグ,2部Cブロック,杉並,杉並,,杉並アヤックス,杉並アヤックス,,0,2,waseda_2013-NSリーグ星取表1･2部1.pdf
2013,NSリーグ,2部Cブロック,杉並,杉並,,早大学院C,早大学院,C,2,3,waseda_2013-NSリーグ星取表1･2部1.pdf
2013,NSリーグ,2部Cブロック,杉並,杉並,,豊多摩,豊多摩,,0,0,waseda_2013-NSリーグ星取表1･2部1.pdf
2013,NSリーグ,2部Cブロック,杉並,杉並,,富士,富士,,1,3,waseda_2013-NSリーグ星取表1･2部1.pdf
2013,NSリーグ,2部Cブロック,杉並,杉並,,中野工業,中野工業,,2,0,waseda_2013-NSリーグ星取表1･2部1.pdf
2013,NSリーグ,2部Cブロック,杉並,杉並,,鷺宮,鷺宮,,2,3,waseda_2013-NSリーグ星取表1･2部1.pdf
2013,NSリーグ,2部Cブロック,杉並,杉並,,東大附属,東大附属,,1,2,waseda_2013-NSリーグ星取表1･2部1.pdf
2013,NSリーグ,2部Cブロック,杉並アヤックス,杉並アヤックス,,早大学院C,早大学院,C,6,1,waseda_2013-NSリーグ星取表1･2部1.pdf
2013,NSリーグ,2部Cブロック,杉並アヤックス,杉並アヤックス,,豊多摩,豊多摩,,3,1,waseda_2013-NSリーグ星取表1･2部1.pdf
2013,NSリーグ,2部Cブロック,杉並アヤックス,杉並アヤックス,,富士,富士,,4,0,waseda_2013-NSリーグ星取表1･2部1.pdf
2013,NSリーグ,2部Cブロック,杉並アヤックス,杉並アヤックス,,中野工業,中野工業,,9,0,waseda_2013-NSリーグ星取表1･2部1.pdf
2013,NSリーグ,2部Cブロック,杉並アヤックス,杉並アヤックス,,鷺宮,鷺宮,,4,0,waseda_2013-NSリーグ星取表1･2部1.pdf
2013,NSリーグ,2部Cブロック,杉並アヤックス,杉並アヤックス,,東大附属,東大附属,,7,1,waseda_2013-NSリーグ星取表1･2部1.pdf
2013,NSリーグ,2部Cブロック,早大学院C,早大学院,C,豊多摩,豊多摩,,1,2,waseda_2013-NSリーグ星取表1･2部1.pdf
2013,NSリーグ,2部Cブロック,早大学院C,早大学院,C,富士,富士,,0,1,waseda_2013-NSリーグ星取表1･2部1.pdf
2013,NSリーグ,2部Cブロック,早大学院C,早大学院,C,中野工業,中野工業,,7,1,waseda_2013-NSリーグ星取表1･2部1.pdf
2013,NSリーグ,2部Cブロック,早大学院C,早大学院,C,鷺宮,鷺宮,,3,0,waseda_2013-NSリーグ星取表1･2部1.pdf
2013,NSリーグ,2部Cブロック,早大学院C,早大学院,C,東大附属,東大附属,,0,0,waseda_2013-NSリーグ星取表1･2部1.pdf
2013,NSリーグ,2部Cブロック,豊多摩,豊多摩,,富士,富士,,2,3,waseda_2013-NSリーグ星取表1･2部1.pdf
2013,NSリーグ,2部Cブロック,豊多摩,豊多摩,,中野工業,中野工業,,4,0,waseda_2013-NSリーグ星取表1･2部1.pdf
2013,NSリーグ,2部Cブロック,豊多摩,豊多摩,,鷺宮,鷺宮,,2,0,waseda_2013-NSリーグ星取表1･2部1.pdf
2013,NSリーグ,2部Cブロック,豊多摩,豊多摩,,東大附属,東大附属,,0,1,waseda_2013-NSリーグ星取表1･2部1.pdf
2013,NSリーグ,2部Cブロック,富士,富士,,中野工業,中野工業,,2,1,waseda_2013-NSリーグ星取表1･2部1.pdf
2013,NSリーグ,2部Cブロック,富士,富士,,鷺宮,鷺宮,,1,4,waseda_2013-NSリーグ星取表1･2部1.pdf
2013,NSリーグ,2部Cブロック,富士,富士,,東大附属,東大附属,,3,1,waseda_2013-NSリーグ星取表1･2部1.pdf
2013,NSリーグ,2部Cブロック,中野工業,中野工業,,鷺宮,鷺宮,,1,4,waseda_2013-NSリーグ星取表1･2部1.pdf
2013,NSリーグ,2部Cブロック,中野工業,中野工業,,東大附属,東大附属,,3,1,waseda_2013-NSリーグ星取表1･2部1.pdf
2013,NSリーグ,2部Cブロック,鷺宮,鷺宮,,東大附属,東大附属,,1,1,waseda_2013-NSリーグ星取表1･2部1.pdf
2014,NSリーグ,1部,早大学院A,早大学院,A,中大杉並,中大杉並,,4,1,waseda_2014-NSリーグ星取表1･2部.pdf
2014,NSリーグ,1部,早大学院A,早大学院,A,専大附属A,専大附属,A,2,1,waseda_2014-NSリーグ星取表1･2部.pdf
2014,NSリーグ,1部,早大学院A,早大学院,A,都立大泉,大泉,,0,4,waseda_2014-NSリーグ星取表1･2部.pdf
2014,NSリーグ,1部,早大学院A,早大学院,A,國學院久我山C,国学院久我山,C,1,2,waseda_2014-NSリーグ星取表1･2部.pdf
2014,NSリーグ,1部,早大学院A,早大学院,A,都立保谷B,保谷,B,6,0,waseda_2014-NSリーグ星取表1･2部.pdf
2014,NSリーグ,1部,早大学院A,早大学院,A,杉並アヤックス,杉並アヤックス,,7,1,waseda_2014-NSリーグ星取表1･2部.pdf
2014,NSリーグ,1部,早大学院A,早大学院,A,実践学園D,実践学園,D,2,0,waseda_2014-NSリーグ星取表1･2部.pdf
2014,NSリーグ,1部,中大杉並,中大杉並,,専大附属A,専大附属,A,5,0,waseda_2014-NSリーグ星取表1･2部.pdf
2014,NSリーグ,1部,中大杉並,中大杉並,,都立大泉,大泉,,2,1,waseda_2014-NSリーグ星取表1･2部.pdf
2014,NSリーグ,1部,中大杉並,中大杉並,,國學院久我山C,国学院久我山,C,0,6,waseda_2014-NSリーグ星取表1･2部.pdf
2014,NSリーグ,1部,中大杉並,中大杉並,,都立保谷B,保谷,B,6,0,waseda_2014-NSリーグ星取表1･2部.pdf
2014,NSリーグ,1部,中大杉並,中大杉並,,実践学園D,実践学園,D,3,0,waseda_2014-NSリーグ星取表1･2部.pdf
2014,NSリーグ,1部,専大附属A,専大附属,A,都立大泉,大泉,,3,1,waseda_2014-NSリーグ星取表1･2部.pdf
2014,NSリーグ,1部,専大附属A,専大附属,A,國學院久我山C,国学院久我山,C,0,6,waseda_2014-NSリーグ星取表1･2部.pdf
2014,NSリーグ,1部,専大附属A,専大附属,A,都立保谷B,保谷,B,9,0,waseda_2014-NSリーグ星取表1･2部.pdf
2014,NSリーグ,1部,専大附属A,専大附属,A,杉並アヤックス,杉並アヤックス,,3,2,waseda_2014-NSリーグ星取表1･2部.pdf
2014,NSリーグ,1部,専大附属A,専大附属,A,実践学園D,実践学園,D,2,7,waseda_2014-NSリーグ星取表1･2部.pdf
2014,NSリーグ,1部,都立大泉,大泉,,國學院久我山C,国学院久我山,C,0,4,waseda_2014-NSリーグ星取表1･2部.pdf
2014,NSリーグ,1部,都立大泉,大泉,,都立保谷B,保谷,B,1,1,waseda_2014-NSリーグ星取表1･2部.pdf
2014,NSリーグ,1部,都立大泉,大泉,,杉並アヤックス,杉並アヤックス,,0,2,waseda_2014-NSリーグ星取表1･2部.pdf
2014,NSリーグ,1部,都立大泉,大泉,,実践学園D,実践学園,D,0,6,waseda_2014-NSリーグ星取表1･2部.pdf
2014,NSリーグ,1部,國學院久我山C,国学院久我山,C,都立保谷B,保谷,B,3,2,waseda_2014-NSリーグ星取表1･2部.pdf
2014,NSリーグ,1部,國學院久我山C,国学院久我山,C,杉並アヤックス,杉並アヤックス,,2,2,waseda_2014-NSリーグ星取表1･2部.pdf
2014,NSリーグ,1部,國學院久我山C,国学院久我山,C,実践学園D,実践学園,D,5,4,waseda_2014-NSリーグ星取表1･2部.pdf
2014,NSリーグ,1部,都立保谷B,保谷,B,実践学園D,実践学園,D,1,2,waseda_2014-NSリーグ星取表1･2部.pdf
2014,NSリーグ,1部,杉並アヤックス,杉並アヤックス,,実践学園D,実践学園,D,0,2,waseda_2014-NSリーグ星取表1･2部.pdf
2014,NSリーグ,2部Bブロック,日大二,日大二,,早大学院B,早大学院,B,4,0,waseda_2014-NSリーグ星取表1･2部.pdf
2014,NSリーグ,2部Bブロック,日大二,日大二,,東亜学園B,東亜学園,B,2,2,waseda_2014-NSリーグ星取表1･2部.pdf
2014,NSリーグ,2部Bブロック,日大二,日大二,,東京立正,東京立正,,6,0,waseda_2014-NSリーグ星取表1･2部.pdf
2014,NSリーグ,2部Bブロック,日大二,日大二,,佼成学園,佼成学園,,2,1,waseda_2014-NSリーグ星取表1･2部.pdf
2014,NSリーグ,2部Bブロック,日大二,日大二,,杉並,杉並,,3,0,waseda_2014-NSリーグ星取表1･2部.pdf
2014,NSリーグ,2部Bブロック,日大二,日大二,,専大附属C,専大附属,C,2,2,waseda_2014-NSリーグ星取表1･2部.pdf
2014,NSリーグ,2部Bブロック,早大学院B,早大学院,B,東亜学園B,東亜学園,B,2,6,waseda_2014-NSリーグ星取表1･2部.pdf
2014,NSリーグ,2部Bブロック,早大学院B,早大学院,B,東京立正,東京立正,,3,1,waseda_2014-NSリーグ星取表1･2部.pdf
2014,NSリーグ,2部Bブロック,早大学院B,早大学院,B,佼成学園,佼成学園,,5,2,waseda_2014-NSリーグ星取表1･2部.pdf
2014,NSリーグ,2部Bブロック,早大学院B,早大学院,B,杉並,杉並,,3,4,waseda_2014-NSリーグ星取表1･2部.pdf
2014,NSリーグ,2部Bブロック,早大学院B,早大学院,B,専大附属C,専大附属,C,5,1,waseda_2014-NSリーグ星取表1･2部.pdf
2014,NSリーグ,2部Bブロック,東亜学園B,東亜学園,B,東京立正,東京立正,,4,2,waseda_2014-NSリーグ星取表1･2部.pdf
2014,NSリーグ,2部Bブロック,東亜学園B,東亜学園,B,佼成学園,佼成学園,,2,2,waseda_2014-NSリーグ星取表1･2部.pdf
2014,NSリーグ,2部Bブロック,東亜学園B,東亜学園,B,杉並,杉並,,4,0,waseda_2014-NSリーグ星取表1･2部.pdf
2014,NSリーグ,2部Bブロック,東亜学園B,東亜学園,B,専大附属C,専大附属,C,5,2,waseda_2014-NSリーグ星取表1･2部.pdf
2014,NSリーグ,2部Bブロック,東京立正,東京立正,,佼成学園,佼成学園,,3,6,waseda_2014-NSリーグ星取表1･2部.pdf
2014,NSリーグ,2部Bブロック,東京立正,東京立正,,杉並,杉並,,3,1,waseda_2014-NSリーグ星取表1･2部.pdf
2014,NSリーグ,2部Bブロック,東京立正,東京立正,,専大附属C,専大附属,C,0,3,waseda_2014-NSリーグ星取表1･2部.pdf
2014,NSリーグ,2部Bブロック,佼成学園,佼成学園,,杉並,杉並,,5,4,waseda_2014-NSリーグ星取表1･2部.pdf
2014,NSリーグ,2部Bブロック,佼成学園,佼成学園,,専大附属C,専大附属,C,2,4,waseda_2014-NSリーグ星取表1･2部.pdf
2014,NSリーグ,2部Bブロック,杉並,杉並,,専大附属C,専大附属,C,0,4,waseda_2014-NSリーグ星取表1･2部.pdf
2015,NSリーグ,1部,日大鶴ヶ丘A,日大鶴ヶ丘,A,早大学院A,早大学院,A,6,3,waseda_2015-NSリーグ星取表1･2部.pdf
2015,NSリーグ,1部,日大鶴ヶ丘A,日大鶴ヶ丘,A,中大杉並,中大杉並,,6,2,waseda_2015-NSリーグ星取表1･2部.pdf
2015,NSリーグ,1部,日大鶴ヶ丘A,日大鶴ヶ丘,A,実践学園D,実践学園,D,4,2,waseda_2015-NSリーグ星取表1･2部.pdf
2015,NSリーグ,1部,日大鶴ヶ丘A,日大鶴ヶ丘,A,専大附属A,専大附属,A,5,1,waseda_2015-NSリーグ星取表1･2部.pdf
2015,NSリーグ,1部,日大鶴ヶ丘A,日大鶴ヶ丘,A,杉並アヤックス,杉並アヤックス,,7,1,waseda_2015-NSリーグ星取表1･2部.pdf
2015,NSリーグ,1部,日大鶴ヶ丘A,日大鶴ヶ丘,A,日大二A,日大二,A,3,3,waseda_2015-NSリーグ星取表1･2部.pdf
2015,NSリーグ,1部,日大鶴ヶ丘A,日大鶴ヶ丘,A,國學院久我山D,国学院久我山,D,4,1,waseda_2015-NSリーグ星取表1･2部.pdf
2015,NSリーグ,1部,早大学院A,早大学院,A,中大杉並,中大杉並,,1,2,waseda_2015-NSリーグ星取表1･2部.pdf
2015,NSリーグ,1部,早大学院A,早大学院,A,実践学園D,実践学園,D,0,5,waseda_2015-NSリーグ星取表1･2部.pdf
2015,NSリーグ,1部,早大学院A,早大学院,A,専大附属A,専大附属,A,3,1,waseda_2015-NSリーグ星取表1･2部.pdf
2015,NSリーグ,1部,早大学院A,早大学院,A,杉並アヤックス,杉並アヤックス,,2,2,waseda_2015-NSリーグ星取表1･2部.pdf
2015,NSリーグ,1部,早大学院A,早大学院,A,日大二A,日大二,A,2,4,waseda_2015-NSリーグ星取表1･2部.pdf
2015,NSリーグ,1部,早大学院A,早大学院,A,國學院久我山D,国学院久我山,D,0,3,waseda_2015-NSリーグ星取表1･2部.pdf
2015,NSリーグ,1部,中大杉並,中大杉並,,実践学園D,実践学園,D,4,0,waseda_2015-NSリーグ星取表1･2部.pdf
2015,NSリーグ,1部,中大杉並,中大杉並,,専大附属A,専大附属,A,4,2,waseda_2015-NSリーグ星取表1･2部.pdf
2015,NSリーグ,1部,中大杉並,中大杉並,,杉並アヤックス,杉並アヤックス,,11,1,waseda_2015-NSリーグ星取表1･2部.pdf
2015,NSリーグ,1部,中大杉並,中大杉並,,日大二A,日大二,A,7,0,waseda_2015-NSリーグ星取表1･2部.pdf
2015,NSリーグ,1部,中大杉並,中大杉並,,國學院久我山D,国学院久我山,D,2,2,waseda_2015-NSリーグ星取表1･2部.pdf
2015,NSリーグ,1部,実践学園D,実践学園,D,専大附属A,専大附属,A,2,3,waseda_2015-NSリーグ星取表1･2部.pdf
2015,NSリーグ,1部,実践学園D,実践学園,D,杉並アヤックス,杉並アヤックス,,2,2,waseda_2015-NSリーグ星取表1･2部.pdf
2015,NSリーグ,1部,実践学園D,実践学園,D,日大二A,日大二,A,2,6,waseda_2015-NSリーグ星取表1･2部.pdf
2015,NSリーグ,1部,実践学園D,実践学園,D,國學院久我山D,国学院久我山,D,2,3,waseda_2015-NSリーグ星取表1･2部.pdf
2015,NSリーグ,1部,専大附属A,専大附属,A,杉並アヤックス,杉並アヤックス,,2,6,waseda_2015-NSリーグ星取表1･2部.pdf
2015,NSリーグ,1部,専大附属A,専大附属,A,日大二A,日大二,A,4,5,waseda_2015-NSリーグ星取表1･2部.pdf
2015,NSリーグ,1部,専大附属A,専大附属,A,國學院久我山D,国学院久我山,D,0,2,waseda_2015-NSリーグ星取表1･2部.pdf
2015,NSリーグ,1部,杉並アヤックス,杉並アヤックス,,日大二A,日大二,A,1,1,waseda_2015-NSリーグ星取表1･2部.pdf
2015,NSリーグ,1部,杉並アヤックス,杉並アヤックス,,國學院久我山D,国学院久我山,D,0,6,waseda_2015-NSリーグ星取表1･2部.pdf
2015,NSリーグ,1部,日大二A,日大二,A,國學院久我山D,国学院久我山,D,2,3,waseda_2015-NSリーグ星取表1･2部.pdf
2015,NSリーグ,2部Aブロック,保谷Ｂ,保谷,B,光丘Ａ,光丘,A,4,1,waseda_2015-NSリーグ星取表1･2部.pdf
2015,NSリーグ,2部Aブロック,保谷Ｂ,保谷,B,石神井Ｂ,石神井,B,5,2,waseda_2015-NSリーグ星取表1･2部.pdf
2015,NSリーグ,2部Aブロック,保谷Ｂ,保谷,B,佼成学園,佼成学園,,7,0,waseda_2015-NSリーグ星取表1･2部.pdf
2015,NSリーグ,2部Aブロック,保谷Ｂ,保谷,B,東京立正,東京立正,,4,1,waseda_2015-NSリーグ星取表1･2部.pdf
2015,NSリーグ,2部Aブロック,保谷Ｂ,保谷,B,早大学院Ｃ,早大学院,C,1,2,waseda_2015-NSリーグ星取表1･2部.pdf
2015,NSリーグ,2部Aブロック,保谷Ｂ,保谷,B,日大二Ｂ,日大二,B,5,1,waseda_2015-NSリーグ星取表1･2部.pdf
2015,NSリーグ,2部Aブロック,光丘Ａ,光丘,A,石神井Ｂ,石神井,B,6,2,waseda_2015-NSリーグ星取表1･2部.pdf
2015,NSリーグ,2部Aブロック,光丘Ａ,光丘,A,佼成学園,佼成学園,,0,0,waseda_2015-NSリーグ星取表1･2部.pdf
2015,NSリーグ,2部Aブロック,光丘Ａ,光丘,A,東京立正,東京立正,,1,2,waseda_2015-NSリーグ星取表1･2部.pdf
2015,NSリーグ,2部Aブロック,光丘Ａ,光丘,A,早大学院Ｃ,早大学院,C,0,3,waseda_2015-NSリーグ星取表1･2部.pdf
2015,NSリーグ,2部Aブロック,光丘Ａ,光丘,A,日大二Ｂ,日大二,B,5,1,waseda_2015-NSリーグ星取表1･2部.pdf
2015,NSリーグ,2部Aブロック,石神井Ｂ,石神井,B,佼成学園,佼成学園,,0,0,waseda_2015-NSリーグ星取表1･2部.pdf
2015,NSリーグ,2部Aブロック,石神井Ｂ,石神井,B,東京立正,東京立正,,0,1,waseda_2015-NSリーグ星取表1･2部.pdf
2015,NSリーグ,2部Aブロック,石神井Ｂ,石神井,B,早大学院Ｃ,早大学院,C,2,3,waseda_2015-NSリーグ星取表1･2部.pdf
2015,NSリーグ,2部Aブロック,石神井Ｂ,石神井,B,日大二Ｂ,日大二,B,4,1,waseda_2015-NSリーグ星取表1･2部.pdf
2015,NSリーグ,2部Aブロック,佼成学園,佼成学園,,東京立正,東京立正,,6,0,waseda_2015-NSリーグ星取表1･2部.pdf
2015,NSリーグ,2部Aブロック,佼成学園,佼成学園,,早大学院Ｃ,早大学院,C,0,4,waseda_2015-NSリーグ星取表1･2部.pdf
2015,NSリーグ,2部Aブロック,佼成学園,佼成学園,,日大二Ｂ,日大二,B,2,2,waseda_2015-NSリーグ星取表1･2部.pdf
2015,NSリーグ,2部Aブロック,東京立正,東京立正,,早大学院Ｃ,早大学院,C,2,1,waseda_2015-NSリーグ星取表1･2部.pdf
2015,NSリーグ,2部Aブロック,東京立正,東京立正,,日大二Ｂ,日大二,B,3,2,waseda_2015-NSリーグ星取表1･2部.pdf
2015,NSリーグ,2部Aブロック,早大学院Ｃ,早大学院,C,日大二Ｂ,日大二,B,5,0,waseda_2015-NSリーグ星取表1･2部.pdf
2015,NSリーグ,2部Bブロック,杉並ＦＣＢ,杉並FC,B,豊多摩,豊多摩,,1,2,waseda_2015-NSリーグ星取表1･2部.pdf
2015,NSリーグ,2部Bブロック,杉並ＦＣＢ,杉並FC,B,早大学院Ｂ,早大学院,B,7,0,waseda_2015-NSリーグ星取表1･2部.pdf
2015,NSリーグ,2部Bブロック,杉並ＦＣＢ,杉並FC,B,杉並学院Ｂ,杉並学院,B,2,1,waseda_2015-NSリーグ星取表1･2部.pdf
2015,NSリーグ,2部Bブロック,杉並ＦＣＢ,杉並FC,B,練馬,練馬,,0,0,waseda_2015-NSリーグ星取表1･2部.pdf
2015,NSリーグ,2部Bブロック,杉並ＦＣＢ,杉並FC,B,武蔵Ｂ,武蔵,B,3,3,waseda_2015-NSリーグ星取表1･2部.pdf
2015,NSリーグ,2部Bブロック,豊多摩,豊多摩,,早大学院Ｂ,早大学院,B,5,1,waseda_2015-NSリーグ星取表1･2部.pdf
2015,NSリーグ,2部Bブロック,豊多摩,豊多摩,,杉並学院Ｂ,杉並学院,B,4,2,waseda_2015-NSリーグ星取表1･2部.pdf
2015,NSリーグ,2部Bブロック,豊多摩,豊多摩,,練馬,練馬,,5,1,waseda_2015-NSリーグ星取表1･2部.pdf
2015,NSリーグ,2部Bブロック,豊多摩,豊多摩,,武蔵Ｂ,武蔵,B,0,0,waseda_2015-NSリーグ星取表1･2部.pdf
2015,NSリーグ,2部Bブロック,早大学院Ｂ,早大学院,B,杉並学院Ｂ,杉並学院,B,2,1,waseda_2015-NSリーグ星取表1･2部.pdf
2015,NSリーグ,2部Bブロック,早大学院Ｂ,早大学院,B,練馬,練馬,,7,0,waseda_2015-NSリーグ星取表1･2部.pdf
2015,NSリーグ,2部Bブロック,早大学院Ｂ,早大学院,B,武蔵Ｂ,武蔵,B,9,1,waseda_2015-NSリーグ星取表1･2部.pdf
2015,NSリーグ,2部Bブロック,杉並学院Ｂ,杉並学院,B,練馬,練馬,,3,0,waseda_2015-NSリーグ星取表1･2部.pdf
2015,NSリーグ,2部Bブロック,杉並学院Ｂ,杉並学院,B,武蔵Ｂ,武蔵,B,1,4,waseda_2015-NSリーグ星取表1･2部.pdf
2015,NSリーグ,2部Bブロック,練馬,練馬,,武蔵Ｂ,武蔵,B,0,2,waseda_2015-NSリーグ星取表1･2部.pdf
2016,NSリーグ,2部Bブロック,早大学院A,早大学院,A,大泉,大泉,,0,0,waseda_2016-NSリーグ星取表2部-1.pdf
2016,NSリーグ,2部Bブロック,早大学院A,早大学院,A,杉並ＦＣＢ,杉並FC,B,7,3,waseda_2016-NSリーグ星取表2部-1.pdf
2016,NSリーグ,2部Bブロック,早大学院A,早大学院,A,日大鶴ヶ丘B,日大鶴ヶ丘,B,3,1,waseda_2016-NSリーグ星取表2部-1.pdf
2016,NSリーグ,2部Bブロック,早大学院A,早大学院,A,杉並学院A,杉並学院,A,1,0,waseda_2016-NSリーグ星取表2部-1.pdf
2016,NSリーグ,2部Bブロック,早大学院A,早大学院,A,日大二Ｂ,日大二,B,4,1,waseda_2016-NSリーグ星取表2部-1.pdf
2016,NSリーグ,2部Bブロック,早大学院A,早大学院,A,保谷D,保谷,D,5,0,waseda_2016-NSリーグ星取表2部-1.pdf
2016,NSリーグ,2部Bブロック,大泉,大泉,,杉並ＦＣＢ,杉並FC,B,2,0,waseda_2016-NSリーグ星取表2部-1.pdf
2016,NSリーグ,2部Bブロック,大泉,大泉,,日大鶴ヶ丘B,日大鶴ヶ丘,B,10,1,waseda_2016-NSリーグ星取表2部-1.pdf
2016,NSリーグ,2部Bブロック,大泉,大泉,,杉並学院A,杉並学院,A,0,1,waseda_2016-NSリーグ星取表2部-1.pdf
2016,NSリーグ,2部Bブロック,大泉,大泉,,日大二Ｂ,日大二,B,3,0,waseda_2016-NSリーグ星取表2部-1.pdf
2016,NSリーグ,2部Bブロック,大泉,大泉,,保谷D,保谷,D,3,0,waseda_2016-NSリーグ星取表2部-1.pdf
2016,NSリーグ,2部Bブロック,杉並ＦＣＢ,杉並FC,B,日大鶴ヶ丘B,日大鶴ヶ丘,B,1,2,waseda_2016-NSリーグ星取表2部-1.pdf
2016,NSリーグ,2部Bブロック,杉並ＦＣＢ,杉並FC,B,杉並学院A,杉並学院,A,3,1,waseda_2016-NSリーグ星取表2部-1.pdf
2016,NSリーグ,2部Bブロック,杉並ＦＣＢ,杉並FC,B,日大二Ｂ,日大二,B,3,1,waseda_2016-NSリーグ星取表2部-1.pdf
2016,NSリーグ,2部Bブロック,杉並ＦＣＢ,杉並FC,B,保谷D,保谷,D,2,1,waseda_2016-NSリーグ星取表2部-1.pdf
2016,NSリーグ,2部Bブロック,日大鶴ヶ丘B,日大鶴ヶ丘,B,杉並学院A,杉並学院,A,2,7,waseda_2016-NSリーグ星取表2部-1.pdf
2016,NSリーグ,2部Bブロック,日大鶴ヶ丘B,日大鶴ヶ丘,B,日大二Ｂ,日大二,B,3,1,waseda_2016-NSリーグ星取表2部-1.pdf
2016,NSリーグ,2部Bブロック,日大鶴ヶ丘B,日大鶴ヶ丘,B,保谷D,保谷,D,4,4,waseda_2016-NSリーグ星取表2部-1.pdf
2016,NSリーグ,2部Bブロック,杉並学院A,杉並学院,A,日大二Ｂ,日大二,B,1,2,waseda_2016-NSリーグ星取表2部-1.pdf
2016,NSリーグ,2部Bブロック,杉並学院A,杉並学院,A,保谷D,保谷,D,4,0,waseda_2016-NSリーグ星取表2部-1.pdf
2016,NSリーグ,2部Bブロック,日大二Ｂ,日大二,B,保谷D,保谷,D,1,0,waseda_2016-NSリーグ星取表2部-1.pdf
2016,NSリーグ,2部Dブロック,武蔵丘,武蔵丘,,早大学院Ｂ,早大学院,B,2,3,waseda_2016-NSリーグ星取表2部-1.pdf
2016,NSリーグ,2部Dブロック,武蔵丘,武蔵丘,,杉並総合,杉並総合,,4,2,waseda_2016-NSリーグ星取表2部-1.pdf
2016,NSリーグ,2部Dブロック,武蔵丘,武蔵丘,,武蔵Ｂ,武蔵,B,3,1,waseda_2016-NSリーグ星取表2部-1.pdf
2016,NSリーグ,2部Dブロック,武蔵丘,武蔵丘,,専大附属Ｃ,専大附属,C,8,0,waseda_2016-NSリーグ星取表2部-1.pdf
2016,NSリーグ,2部Dブロック,武蔵丘,武蔵丘,,杉並工業,杉並工業,,2,2,waseda_2016-NSリーグ星取表2部-1.pdf
2016,NSリーグ,2部Dブロック,武蔵丘,武蔵丘,,石神井Ｃ,石神井,C,0,2,waseda_2016-NSリーグ星取表2部-1.pdf
2016,NSリーグ,2部Dブロック,早大学院Ｂ,早大学院,B,杉並総合,杉並総合,,2,4,waseda_2016-NSリーグ星取表2部-1.pdf
2016,NSリーグ,2部Dブロック,早大学院Ｂ,早大学院,B,武蔵Ｂ,武蔵,B,1,0,waseda_2016-NSリーグ星取表2部-1.pdf
2016,NSリーグ,2部Dブロック,早大学院Ｂ,早大学院,B,専大附属Ｃ,専大附属,C,2,0,waseda_2016-NSリーグ星取表2部-1.pdf
2016,NSリーグ,2部Dブロック,早大学院Ｂ,早大学院,B,杉並工業,杉並工業,,4,0,waseda_2016-NSリーグ星取表2部-1.pdf
2016,NSリーグ,2部Dブロック,早大学院Ｂ,早大学院,B,石神井Ｃ,石神井,C,4,1,waseda_2016-NSリーグ星取表2部-1.pdf
2016,NSリーグ,2部Dブロック,杉並総合,杉並総合,,武蔵Ｂ,武蔵,B,4,2,waseda_2016-NSリーグ星取表2部-1.pdf
2016,NSリーグ,2部Dブロック,杉並総合,杉並総合,,専大附属Ｃ,専大附属,C,4,1,waseda_2016-NSリーグ星取表2部-1.pdf
2016,NSリーグ,2部Dブロック,杉並総合,杉並総合,,杉並工業,杉並工業,,3,1,waseda_2016-NSリーグ星取表2部-1.pdf
2016,NSリーグ,2部Dブロック,杉並総合,杉並総合,,石神井Ｃ,石神井,C,2,0,waseda_2016-NSリーグ星取表2部-1.pdf
2016,NSリーグ,2部Dブロック,武蔵Ｂ,武蔵,B,専大附属Ｃ,専大附属,C,1,2,waseda_2016-NSリーグ星取表2部-1.pdf
2016,NSリーグ,2部Dブロック,武蔵Ｂ,武蔵,B,杉並工業,杉並工業,,0,0,waseda_2016-NSリーグ星取表2部-1.pdf
2016,NSリーグ,2部Dブロック,武蔵Ｂ,武蔵,B,石神井Ｃ,石神井,C,1,1,waseda_2016-NSリーグ星取表2部-1.pdf
2016,NSリーグ,2部Dブロック,専大附属Ｃ,専大附属,C,杉並工業,杉並工業,,0,1,waseda_2016-NSリーグ星取表2部-1.pdf
2016,NSリーグ,2部Dブロック,専大附属Ｃ,専大附属,C,石神井Ｃ,石神井,C,1,4,waseda_2016-NSリーグ星取表2部-1.pdf
2016,NSリーグ,2部Dブロック,杉並工業,杉並工業,,石神井Ｃ,石神井,C,0,0,waseda_2016-NSリーグ星取表2部-1.pdf
2016,NSリーグ,2部Eブロック,杉並Ａ,杉並,A,早大学院Ｃ,早大学院,C,0,5,waseda_2016-NSリーグ星取表2部-1.pdf
2016,NSリーグ,2部Eブロック,杉並Ａ,杉並,A,保谷Ｃ,保谷,C,2,5,waseda_2016-NSリーグ星取表2部-1.pdf
2016,NSリーグ,2部Eブロック,杉並Ａ,杉並,A,光丘Ａ,光丘,A,1,1,waseda_2016-NSリーグ星取表2部-1.pdf
2016,NSリーグ,2部Eブロック,杉並Ａ,杉並,A,中野工業,中野工業,,2,1,waseda_2016-NSリーグ星取表2部-1.pdf
2016,NSリーグ,2部Eブロック,杉並Ａ,杉並,A,宝仙,宝仙学園,,1,0,waseda_2016-NSリーグ星取表2部-1.pdf
2016,NSリーグ,2部Eブロック,早大学院Ｃ,早大学院,C,保谷Ｃ,保谷,C,2,3,waseda_2016-NSリーグ星取表2部-1.pdf
2016,NSリーグ,2部Eブロック,早大学院Ｃ,早大学院,C,光丘Ａ,光丘,A,2,3,waseda_2016-NSリーグ星取表2部-1.pdf
2016,NSリーグ,2部Eブロック,早大学院Ｃ,早大学院,C,中野工業,中野工業,,5,0,waseda_2016-NSリーグ星取表2部-1.pdf
2016,NSリーグ,2部Eブロック,早大学院Ｃ,早大学院,C,宝仙,宝仙学園,,4,0,waseda_2016-NSリーグ星取表2部-1.pdf
2016,NSリーグ,2部Eブロック,保谷Ｃ,保谷,C,光丘Ａ,光丘,A,1,2,waseda_2016-NSリーグ星取表2部-1.pdf
2016,NSリーグ,2部Eブロック,保谷Ｃ,保谷,C,中野工業,中野工業,,6,3,waseda_2016-NSリーグ星取表2部-1.pdf
2016,NSリーグ,2部Eブロック,保谷Ｃ,保谷,C,宝仙,宝仙学園,,0,0,waseda_2016-NSリーグ星取表2部-1.pdf
2016,NSリーグ,2部Eブロック,光丘Ａ,光丘,A,中野工業,中野工業,,6,2,waseda_2016-NSリーグ星取表2部-1.pdf
2016,NSリーグ,2部Eブロック,光丘Ａ,光丘,A,宝仙,宝仙学園,,2,1,waseda_2016-NSリーグ星取表2部-1.pdf
2016,NSリーグ,2部Eブロック,中野工業,中野工業,,宝仙,宝仙学園,,0,5,waseda_2016-NSリーグ星取表2部-1.pdf
2017,NSリーグ,1部,杉並ソシオ,杉並ソシオ,,日大鶴ヶ丘A,日大鶴ヶ丘,A,2,1,waseda_2017-NSリーグ星取表1･2部20180117.pdf
2017,NSリーグ,1部,杉並ソシオ,杉並ソシオ,,実践学園D,実践学園,D,3,3,waseda_2017-NSリーグ星取表1･2部20180117.pdf
2017,NSリーグ,1部,杉並ソシオ,杉並ソシオ,,日大二A,日大二,A,4,0,waseda_2017-NSリーグ星取表1･2部20180117.pdf
2017,NSリーグ,1部,杉並ソシオ,杉並ソシオ,,豊多摩,豊多摩,,0,2,waseda_2017-NSリーグ星取表1･2部20180117.pdf
2017,NSリーグ,1部,杉並ソシオ,杉並ソシオ,,保谷Ｂ,保谷,B,3,5,waseda_2017-NSリーグ星取表1･2部20180117.pdf
2017,NSリーグ,1部,杉並ソシオ,杉並ソシオ,,光丘Ａ,光丘,A,2,2,waseda_2017-NSリーグ星取表1･2部20180117.pdf
2017,NSリーグ,1部,杉並ソシオ,杉並ソシオ,,早大学院A,早大学院,A,0,3,waseda_2017-NSリーグ星取表1･2部20180117.pdf
2017,NSリーグ,1部,日大鶴ヶ丘A,日大鶴ヶ丘,A,実践学園D,実践学園,D,0,4,waseda_2017-NSリーグ星取表1･2部20180117.pdf
2017,NSリーグ,1部,日大鶴ヶ丘A,日大鶴ヶ丘,A,日大二A,日大二,A,2,0,waseda_2017-NSリーグ星取表1･2部20180117.pdf
2017,NSリーグ,1部,日大鶴ヶ丘A,日大鶴ヶ丘,A,豊多摩,豊多摩,,2,0,waseda_2017-NSリーグ星取表1･2部20180117.pdf
2017,NSリーグ,1部,日大鶴ヶ丘A,日大鶴ヶ丘,A,保谷Ｂ,保谷,B,3,1,waseda_2017-NSリーグ星取表1･2部20180117.pdf
2017,NSリーグ,1部,日大鶴ヶ丘A,日大鶴ヶ丘,A,光丘Ａ,光丘,A,2,1,waseda_2017-NSリーグ星取表1･2部20180117.pdf
2017,NSリーグ,1部,日大鶴ヶ丘A,日大鶴ヶ丘,A,早大学院A,早大学院,A,0,3,waseda_2017-NSリーグ星取表1･2部20180117.pdf
2017,NSリーグ,1部,実践学園D,実践学園,D,日大二A,日大二,A,6,1,waseda_2017-NSリーグ星取表1･2部20180117.pdf
2017,NSリーグ,1部,実践学園D,実践学園,D,豊多摩,豊多摩,,3,0,waseda_2017-NSリーグ星取表1･2部20180117.pdf
2017,NSリーグ,1部,実践学園D,実践学園,D,保谷Ｂ,保谷,B,1,1,waseda_2017-NSリーグ星取表1･2部20180117.pdf
2017,NSリーグ,1部,実践学園D,実践学園,D,光丘Ａ,光丘,A,6,1,waseda_2017-NSリーグ星取表1･2部20180117.pdf
2017,NSリーグ,1部,実践学園D,実践学園,D,早大学院A,早大学院,A,1,4,waseda_2017-NSリーグ星取表1･2部20180117.pdf
2017,NSリーグ,1部,日大二A,日大二,A,豊多摩,豊多摩,,0,0,waseda_2017-NSリーグ星取表1･2部20180117.pdf
2017,NSリーグ,1部,日大二A,日大二,A,保谷Ｂ,保谷,B,1,2,waseda_2017-NSリーグ星取表1･2部20180117.pdf
2017,NSリーグ,1部,日大二A,日大二,A,光丘Ａ,光丘,A,3,5,waseda_2017-NSリーグ星取表1･2部20180117.pdf
2017,NSリーグ,1部,日大二A,日大二,A,早大学院A,早大学院,A,3,4,waseda_2017-NSリーグ星取表1･2部20180117.pdf
2017,NSリーグ,1部,豊多摩,豊多摩,,保谷Ｂ,保谷,B,2,3,waseda_2017-NSリーグ星取表1･2部20180117.pdf
2017,NSリーグ,1部,豊多摩,豊多摩,,光丘Ａ,光丘,A,4,3,waseda_2017-NSリーグ星取表1･2部20180117.pdf
2017,NSリーグ,1部,豊多摩,豊多摩,,早大学院A,早大学院,A,0,1,waseda_2017-NSリーグ星取表1･2部20180117.pdf
2017,NSリーグ,1部,保谷Ｂ,保谷,B,光丘Ａ,光丘,A,1,3,waseda_2017-NSリーグ星取表1･2部20180117.pdf
2017,NSリーグ,1部,保谷Ｂ,保谷,B,早大学院A,早大学院,A,1,11,waseda_2017-NSリーグ星取表1･2部20180117.pdf
2017,NSリーグ,1部,光丘Ａ,光丘,A,早大学院A,早大学院,A,0,6,waseda_2017-NSリーグ星取表1･2部20180117.pdf
2017,NSリーグ,2部Fブロック,鷺宮,鷺宮,,早大学院B,早大学院,B,3,8,waseda_2017-NSリーグ星取表1･2部20180117.pdf
2017,NSリーグ,2部Fブロック,鷺宮,鷺宮,,杉並学院A,杉並学院,A,4,1,waseda_2017-NSリーグ星取表1･2部20180117.pdf
2017,NSリーグ,2部Fブロック,鷺宮,鷺宮,,杉並A,杉並,A,5,3,waseda_2017-NSリーグ星取表1･2部20180117.pdf
2017,NSリーグ,2部Fブロック,鷺宮,鷺宮,,日大鶴ヶ丘B,日大鶴ヶ丘,B,0,2,waseda_2017-NSリーグ星取表1･2部20180117.pdf
2017,NSリーグ,2部Fブロック,鷺宮,鷺宮,,富士,富士,,8,0,waseda_2017-NSリーグ星取表1･2部20180117.pdf
2017,NSリーグ,2部Fブロック,早大学院B,早大学院,B,杉並学院A,杉並学院,A,2,1,waseda_2017-NSリーグ星取表1･2部20180117.pdf
2017,NSリーグ,2部Fブロック,早大学院B,早大学院,B,杉並A,杉並,A,4,0,waseda_2017-NSリーグ星取表1･2部20180117.pdf
2017,NSリーグ,2部Fブロック,早大学院B,早大学院,B,日大鶴ヶ丘B,日大鶴ヶ丘,B,6,0,waseda_2017-NSリーグ星取表1･2部20180117.pdf
2017,NSリーグ,2部Fブロック,早大学院B,早大学院,B,富士,富士,,1,0,waseda_2017-NSリーグ星取表1･2部20180117.pdf
2017,NSリーグ,2部Fブロック,早大学院B,早大学院,B,明大中野B,明大中野,B,4,0,waseda_2017-NSリーグ星取表1･2部20180117.pdf
2017,NSリーグ,2部Fブロック,杉並学院A,杉並学院,A,杉並A,杉並,A,0,2,waseda_2017-NSリーグ星取表1･2部20180117.pdf
2017,NSリーグ,2部Fブロック,杉並学院A,杉並学院,A,日大鶴ヶ丘B,日大鶴ヶ丘,B,1,2,waseda_2017-NSリーグ星取表1･2部20180117.pdf
2017,NSリーグ,2部Fブロック,杉並学院A,杉並学院,A,富士,富士,,0,2,waseda_2017-NSリーグ星取表1･2部20180117.pdf
2017,NSリーグ,2部Fブロック,杉並学院A,杉並学院,A,明大中野B,明大中野,B,3,0,waseda_2017-NSリーグ星取表1･2部20180117.pdf
2017,NSリーグ,2部Fブロック,杉並A,杉並,A,日大鶴ヶ丘B,日大鶴ヶ丘,B,1,2,waseda_2017-NSリーグ星取表1･2部20180117.pdf
2017,NSリーグ,2部Fブロック,杉並A,杉並,A,富士,富士,,2,0,waseda_2017-NSリーグ星取表1･2部20180117.pdf
2017,NSリーグ,2部Fブロック,杉並A,杉並,A,明大中野B,明大中野,B,6,1,waseda_2017-NSリーグ星取表1･2部20180117.pdf
2017,NSリーグ,2部Fブロック,日大鶴ヶ丘B,日大鶴ヶ丘,B,富士,富士,,0,0,waseda_2017-NSリーグ星取表1･2部20180117.pdf
2017,NSリーグ,2部Fブロック,日大鶴ヶ丘B,日大鶴ヶ丘,B,明大中野B,明大中野,B,5,1,waseda_2017-NSリーグ星取表1･2部20180117.pdf
2017,NSリーグ,2部Fブロック,富士,富士,,明大中野B,明大中野,B,5,1,waseda_2017-NSリーグ星取表1･2部20180117.pdf
2017,NSリーグ,2部Cブロック,杉並総合,杉並総合,,堀越B,堀越,B,2,10,waseda_2017-NSリーグ星取表1･2部20180117.pdf
2017,NSリーグ,2部Cブロック,杉並総合,杉並総合,,早大学院Ｃ,早大学院,C,0,3,waseda_2017-NSリーグ星取表1･2部20180117.pdf
2017,NSリーグ,2部Cブロック,杉並総合,杉並総合,,井草,井草,,2,4,waseda_2017-NSリーグ星取表1･2部20180117.pdf
2017,NSリーグ,2部Cブロック,杉並総合,杉並総合,,宝仙学園,宝仙学園,,3,4,waseda_2017-NSリーグ星取表1･2部20180117.pdf
2017,NSリーグ,2部Cブロック,杉並総合,杉並総合,,第四商業,第四商業,,3,2,waseda_2017-NSリーグ星取表1･2部20180117.pdf
2017,NSリーグ,2部Cブロック,杉並総合,杉並総合,,田無,田無,,2,0,waseda_2017-NSリーグ星取表1･2部20180117.pdf
2017,NSリーグ,2部Cブロック,堀越B,堀越,B,早大学院Ｃ,早大学院,C,6,2,waseda_2017-NSリーグ星取表1･2部20180117.pdf
2017,NSリーグ,2部Cブロック,堀越B,堀越,B,井草,井草,,4,0,waseda_2017-NSリーグ星取表1･2部20180117.pdf
2017,NSリーグ,2部Cブロック,堀越B,堀越,B,宝仙学園,宝仙学園,,3,0,waseda_2017-NSリーグ星取表1･2部20180117.pdf
2017,NSリーグ,2部Cブロック,堀越B,堀越,B,第四商業,第四商業,,6,1,waseda_2017-NSリーグ星取表1･2部20180117.pdf
2017,NSリーグ,2部Cブロック,堀越B,堀越,B,田無,田無,,2,1,waseda_2017-NSリーグ星取表1･2部20180117.pdf
2017,NSリーグ,2部Cブロック,早大学院Ｃ,早大学院,C,井草,井草,,4,1,waseda_2017-NSリーグ星取表1･2部20180117.pdf
2017,NSリーグ,2部Cブロック,早大学院Ｃ,早大学院,C,宝仙学園,宝仙学園,,0,5,waseda_2017-NSリーグ星取表1･2部20180117.pdf
2017,NSリーグ,2部Cブロック,早大学院Ｃ,早大学院,C,第四商業,第四商業,,3,0,waseda_2017-NSリーグ星取表1･2部20180117.pdf
2017,NSリーグ,2部Cブロック,早大学院Ｃ,早大学院,C,田無,田無,,2,3,waseda_2017-NSリーグ星取表1･2部20180117.pdf
2017,NSリーグ,2部Cブロック,井草,井草,,宝仙学園,宝仙学園,,3,1,waseda_2017-NSリーグ星取表1･2部20180117.pdf
2017,NSリーグ,2部Cブロック,井草,井草,,第四商業,第四商業,,1,1,waseda_2017-NSリーグ星取表1･2部20180117.pdf
2017,NSリーグ,2部Cブロック,井草,井草,,田無,田無,,1,3,waseda_2017-NSリーグ星取表1･2部20180117.pdf
2017,NSリーグ,2部Cブロック,宝仙学園,宝仙学園,,第四商業,第四商業,,0,1,waseda_2017-NSリーグ星取表1･2部20180117.pdf
2017,NSリーグ,2部Cブロック,宝仙学園,宝仙学園,,田無,田無,,4,2,waseda_2017-NSリーグ星取表1･2部20180117.pdf
2017,NSリーグ,2部Cブロック,第四商業,第四商業,,田無,田無,,1,1,waseda_2017-NSリーグ星取表1･2部20180117.pdf
2018,地区トップリーグ,グループA,都立野津田,野津田,,都立福生,福生,,2,2,waseda_2018-地区トップリーグ・NSリーグ星取表1･2部20190113.pdf
2018,地区トップリーグ,グループA,都立野津田,野津田,,都立松が谷,松が谷,,1,2,waseda_2018-地区トップリーグ・NSリーグ星取表1･2部20190113.pdf
2018,地区トップリーグ,グループA,都立野津田,野津田,,保善B,保善,B,3,2,waseda_2018-地区トップリーグ・NSリーグ星取表1･2部20190113.pdf
2018,地区トップリーグ,グループA,都立野津田,野津田,,大森学園,大森学園,,2,3,waseda_2018-地区トップリーグ・NSリーグ星取表1･2部20190113.pdf
2018,地区トップリーグ,グループA,都立野津田,野津田,,法政大高,法政大高,,3,0,waseda_2018-地区トップリーグ・NSリーグ星取表1･2部20190113.pdf
2018,地区トップリーグ,グループA,都立野津田,野津田,,駿台学園B,駿台学園,B,0,0,waseda_2018-地区トップリーグ・NSリーグ星取表1･2部20190113.pdf
2018,地区トップリーグ,グループA,都立野津田,野津田,,早大学院A,早大学院,A,3,0,waseda_2018-地区トップリーグ・NSリーグ星取表1･2部20190113.pdf
2018,地区トップリーグ,グループA,都立福生,福生,,都立松が谷,松が谷,,1,1,waseda_2018-地区トップリーグ・NSリーグ星取表1･2部20190113.pdf
2018,地区トップリーグ,グループA,都立福生,福生,,保善B,保善,B,1,3,waseda_2018-地区トップリーグ・NSリーグ星取表1･2部20190113.pdf
2018,地区トップリーグ,グループA,都立福生,福生,,大森学園,大森学園,,1,4,waseda_2018-地区トップリーグ・NSリーグ星取表1･2部20190113.pdf
2018,地区トップリーグ,グループA,都立福生,福生,,法政大高,法政大高,,4,3,waseda_2018-地区トップリーグ・NSリーグ星取表1･2部20190113.pdf
2018,地区トップリーグ,グループA,都立福生,福生,,駿台学園B,駿台学園,B,0,5,waseda_2018-地区トップリーグ・NSリーグ星取表1･2部20190113.pdf
2018,地区トップリーグ,グループA,都立福生,福生,,早大学院A,早大学院,A,3,2,waseda_2018-地区トップリーグ・NSリーグ星取表1･2部20190113.pdf
2018,地区トップリーグ,グループA,都立松が谷,松が谷,,保善B,保善,B,1,2,waseda_2018-地区トップリーグ・NSリーグ星取表1･2部20190113.pdf
2018,地区トップリーグ,グループA,都立松が谷,松が谷,,大森学園,大森学園,,2,5,waseda_2018-地区トップリーグ・NSリーグ星取表1･2部20190113.pdf
2018,地区トップリーグ,グループA,都立松が谷,松が谷,,法政大高,法政大高,,2,2,waseda_2018-地区トップリーグ・NSリーグ星取表1･2部20190113.pdf
2018,地区トップリーグ,グループA,都立松が谷,松が谷,,駿台学園B,駿台学園,B,2,0,waseda_2018-地区トップリーグ・NSリーグ星取表1･2部20190113.pdf
2018,地区トップリーグ,グループA,都立松が谷,松が谷,,早大学院A,早大学院,A,3,5,waseda_2018-地区トップリーグ・NSリーグ星取表1･2部20190113.pdf
2018,地区トップリーグ,グループA,保善B,保善,B,大森学園,大森学園,,1,0,waseda_2018-地区トップリーグ・NSリーグ星取表1･2部20190113.pdf
2018,地区トップリーグ,グループA,保善B,保善,B,法政大高,法政大高,,2,5,waseda_2018-地区トップリーグ・NSリーグ星取表1･2部20190113.pdf
2018,地区トップリーグ,グループA,保善B,保善,B,駿台学園B,駿台学園,B,1,3,waseda_2018-地区トップリーグ・NSリーグ星取表1･2部20190113.pdf
2018,地区トップリーグ,グループA,保善B,保善,B,早大学院A,早大学院,A,0,4,waseda_2018-地区トップリーグ・NSリーグ星取表1･2部20190113.pdf
2018,地区トップリーグ,グループA,大森学園,大森学園,,法政大高,法政大高,,4,0,waseda_2018-地区トップリーグ・NSリーグ星取表1･2部20190113.pdf
2018,地区トップリーグ,グループA,大森学園,大森学園,,駿台学園B,駿台学園,B,1,0,waseda_2018-地区トップリーグ・NSリーグ星取表1･2部20190113.pdf
2018,地区トップリーグ,グループA,大森学園,大森学園,,早大学院A,早大学院,A,6,3,waseda_2018-地区トップリーグ・NSリーグ星取表1･2部20190113.pdf
2018,地区トップリーグ,グループA,法政大高,法政大高,,駿台学園B,駿台学園,B,1,1,waseda_2018-地区トップリーグ・NSリーグ星取表1･2部20190113.pdf
2018,地区トップリーグ,グループA,法政大高,法政大高,,早大学院A,早大学院,A,1,2,waseda_2018-地区トップリーグ・NSリーグ星取表1･2部20190113.pdf
2018,地区トップリーグ,グループA,駿台学園B,駿台学園,B,早大学院A,早大学院,A,3,4,waseda_2018-地区トップリーグ・NSリーグ星取表1･2部20190113.pdf
2018,地区トップリーグ,5位~8位順位決定リーグ,早大学院A,早大学院,A,國學院久我山D,国学院久我山,D,5,1,waseda_2018-地区トップリーグ・NSリーグ星取表1･2部20190113.pdf
2018,地区トップリーグ,5位~8位順位決定リーグ,早大学院A,早大学院,A,城　北,城北,,2,1,waseda_2018-地区トップリーグ・NSリーグ星取表1･2部20190113.pdf
2018,地区トップリーグ,5位~8位順位決定リーグ,早大学院A,早大学院,A,駒　込,駒込,,4,1,waseda_2018-地区トップリーグ・NSリーグ星取表1･2部20190113.pdf
2018,地区トップリーグ,5位~8位順位決定リーグ,國學院久我山D,国学院久我山,D,城　北,城北,,1,1,waseda_2018-地区トップリーグ・NSリーグ星取表1･2部20190113.pdf
2018,地区トップリーグ,5位~8位順位決定リーグ,國學院久我山D,国学院久我山,D,駒　込,駒込,,1,2,waseda_2018-地区トップリーグ・NSリーグ星取表1･2部20190113.pdf
2018,地区トップリーグ,5位~8位順位決定リーグ,城　北,城北,,駒　込,駒込,,6,5,waseda_2018-地区トップリーグ・NSリーグ星取表1･2部20190113.pdf
2018,NSリーグ,1部,東亜学園A,東亜学園,A,実践学園D,実践学園,D,3,4,waseda_2018-地区トップリーグ・NSリーグ星取表1･2部20190113.pdf
2018,NSリーグ,1部,東亜学園A,東亜学園,A,日大鶴ヶ丘A,日大鶴ヶ丘,A,0,4,waseda_2018-地区トップリーグ・NSリーグ星取表1･2部20190113.pdf
2018,NSリーグ,1部,東亜学園A,東亜学園,A,都立保谷B,保谷,B,0,3,waseda_2018-地区トップリーグ・NSリーグ星取表1･2部20190113.pdf
2018,NSリーグ,1部,東亜学園A,東亜学園,A,杉並ソシオ,杉並ソシオ,,2,4,waseda_2018-地区トップリーグ・NSリーグ星取表1･2部20190113.pdf
2018,NSリーグ,1部,東亜学園A,東亜学園,A,都立豊多摩,豊多摩,,0,2,waseda_2018-地区トップリーグ・NSリーグ星取表1･2部20190113.pdf
2018,NSリーグ,1部,東亜学園A,東亜学園,A,都立大泉A,大泉,A,1,1,waseda_2018-地区トップリーグ・NSリーグ星取表1･2部20190113.pdf
2018,NSリーグ,1部,東亜学園A,東亜学園,A,早大学院B,早大学院,B,4,2,waseda_2018-地区トップリーグ・NSリーグ星取表1･2部20190113.pdf
2018,NSリーグ,1部,実践学園D,実践学園,D,日大鶴ヶ丘A,日大鶴ヶ丘,A,1,5,waseda_2018-地区トップリーグ・NSリーグ星取表1･2部20190113.pdf
2018,NSリーグ,1部,実践学園D,実践学園,D,都立保谷B,保谷,B,5,1,waseda_2018-地区トップリーグ・NSリーグ星取表1･2部20190113.pdf
2018,NSリーグ,1部,実践学園D,実践学園,D,杉並ソシオ,杉並ソシオ,,4,1,waseda_2018-地区トップリーグ・NSリーグ星取表1･2部20190113.pdf
2018,NSリーグ,1部,実践学園D,実践学園,D,都立豊多摩,豊多摩,,2,2,waseda_2018-地区トップリーグ・NSリーグ星取表1･2部20190113.pdf
2018,NSリーグ,1部,実践学園D,実践学園,D,都立大泉A,大泉,A,2,3,waseda_2018-地区トップリーグ・NSリーグ星取表1･2部20190113.pdf
2018,NSリーグ,1部,実践学園D,実践学園,D,早大学院B,早大学院,B,4,1,waseda_2018-地区トップリーグ・NSリーグ星取表1･2部20190113.pdf
2018,NSリーグ,1部,日大鶴ヶ丘A,日大鶴ヶ丘,A,都立保谷B,保谷,B,7,2,waseda_2018-地区トップリーグ・NSリーグ星取表1･2部20190113.pdf
2018,NSリーグ,1部,日大鶴ヶ丘A,日大鶴ヶ丘,A,杉並ソシオ,杉並ソシオ,,1,3,waseda_2018-地区トップリーグ・NSリーグ星取表1･2部20190113.pdf
2018,NSリーグ,1部,日大鶴ヶ丘A,日大鶴ヶ丘,A,都立豊多摩,豊多摩,,4,2,waseda_2018-地区トップリーグ・NSリーグ星取表1･2部20190113.pdf
2018,NSリーグ,1部,日大鶴ヶ丘A,日大鶴ヶ丘,A,都立大泉A,大泉,A,3,3,waseda_2018-地区トップリーグ・NSリーグ星取表1･2部20190113.pdf
2018,NSリーグ,1部,日大鶴ヶ丘A,日大鶴ヶ丘,A,早大学院B,早大学院,B,5,0,waseda_2018-地区トップリーグ・NSリーグ星取表1･2部20190113.pdf
2018,NSリーグ,1部,都立保谷B,保谷,B,杉並ソシオ,杉並ソシオ,,5,2,waseda_2018-地区トップリーグ・NSリーグ星取表1･2部20190113.pdf
2018,NSリーグ,1部,都立保谷B,保谷,B,都立豊多摩,豊多摩,,2,3,waseda_2018-地区トップリーグ・NSリーグ星取表1･2部20190113.pdf
2018,NSリーグ,1部,都立保谷B,保谷,B,都立大泉A,大泉,A,1,3,waseda_2018-地区トップリーグ・NSリーグ星取表1･2部20190113.pdf
2018,NSリーグ,1部,都立保谷B,保谷,B,早大学院B,早大学院,B,5,0,waseda_2018-地区トップリーグ・NSリーグ星取表1･2部20190113.pdf
2018,NSリーグ,1部,杉並ソシオ,杉並ソシオ,,都立豊多摩,豊多摩,,2,6,waseda_2018-地区トップリーグ・NSリーグ星取表1･2部20190113.pdf
2018,NSリーグ,1部,杉並ソシオ,杉並ソシオ,,都立大泉A,大泉,A,0,2,waseda_2018-地区トップリーグ・NSリーグ星取表1･2部20190113.pdf
2018,NSリーグ,1部,杉並ソシオ,杉並ソシオ,,早大学院B,早大学院,B,5,0,waseda_2018-地区トップリーグ・NSリーグ星取表1･2部20190113.pdf
2018,NSリーグ,1部,都立豊多摩,豊多摩,,都立大泉A,大泉,A,10,1,waseda_2018-地区トップリーグ・NSリーグ星取表1･2部20190113.pdf
2018,NSリーグ,1部,都立豊多摩,豊多摩,,早大学院B,早大学院,B,3,3,waseda_2018-地区トップリーグ・NSリーグ星取表1･2部20190113.pdf
2018,NSリーグ,1部,都立大泉A,大泉,A,早大学院B,早大学院,B,2,4,waseda_2018-地区トップリーグ・NSリーグ星取表1･2部20190113.pdf
2018,NSリーグ,2部Bブロック,都立光丘A,光丘,A,國學院久我山E,国学院久我山,E,0,4,waseda_2018-地区トップリーグ・NSリーグ星取表1･2部20190113.pdf
2018,NSリーグ,2部Bブロック,都立光丘A,光丘,A,都立武蔵丘,武蔵丘,,2,5,waseda_2018-地区トップリーグ・NSリーグ星取表1･2部20190113.pdf
2018,NSリーグ,2部Bブロック,都立光丘A,光丘,A,明大中野A,明大中野,A,4,0,waseda_2018-地区トップリーグ・NSリーグ星取表1･2部20190113.pdf
2018,NSリーグ,2部Bブロック,都立光丘A,光丘,A,日大鶴ヶ丘B,日大鶴ヶ丘,B,7,3,waseda_2018-地区トップリーグ・NSリーグ星取表1･2部20190113.pdf
2018,NSリーグ,2部Bブロック,都立光丘A,光丘,A,都立石神井B,石神井,B,3,5,waseda_2018-地区トップリーグ・NSリーグ星取表1･2部20190113.pdf
2018,NSリーグ,2部Bブロック,都立光丘A,光丘,A,早大学院C,早大学院,C,3,0,waseda_2018-地区トップリーグ・NSリーグ星取表1･2部20190113.pdf
2018,NSリーグ,2部Bブロック,都立光丘A,光丘,A,杉並アヤックス,杉並アヤックス,,3,4,waseda_2018-地区トップリーグ・NSリーグ星取表1･2部20190113.pdf
2018,NSリーグ,2部Bブロック,國學院久我山E,国学院久我山,E,都立武蔵丘,武蔵丘,,1,1,waseda_2018-地区トップリーグ・NSリーグ星取表1･2部20190113.pdf
2018,NSリーグ,2部Bブロック,國學院久我山E,国学院久我山,E,明大中野A,明大中野,A,3,0,waseda_2018-地区トップリーグ・NSリーグ星取表1･2部20190113.pdf
2018,NSリーグ,2部Bブロック,國學院久我山E,国学院久我山,E,日大鶴ヶ丘B,日大鶴ヶ丘,B,5,0,waseda_2018-地区トップリーグ・NSリーグ星取表1･2部20190113.pdf
2018,NSリーグ,2部Bブロック,國學院久我山E,国学院久我山,E,都立石神井B,石神井,B,4,1,waseda_2018-地区トップリーグ・NSリーグ星取表1･2部20190113.pdf
2018,NSリーグ,2部Bブロック,國學院久我山E,国学院久我山,E,早大学院C,早大学院,C,2,2,waseda_2018-地区トップリーグ・NSリーグ星取表1･2部20190113.pdf
2018,NSリーグ,2部Bブロック,國學院久我山E,国学院久我山,E,杉並アヤックス,杉並アヤックス,,13,0,waseda_2018-地区トップリーグ・NSリーグ星取表1･2部20190113.pdf
2018,NSリーグ,2部Bブロック,都立武蔵丘,武蔵丘,,明大中野A,明大中野,A,0,2,waseda_2018-地区トップリーグ・NSリーグ星取表1･2部20190113.pdf
2018,NSリーグ,2部Bブロック,都立武蔵丘,武蔵丘,,日大鶴ヶ丘B,日大鶴ヶ丘,B,2,1,waseda_2018-地区トップリーグ・NSリーグ星取表1･2部20190113.pdf
2018,NSリーグ,2部Bブロック,都立武蔵丘,武蔵丘,,都立石神井B,石神井,B,0,1,waseda_2018-地区トップリーグ・NSリーグ星取表1･2部20190113.pdf
2018,NSリーグ,2部Bブロック,都立武蔵丘,武蔵丘,,早大学院C,早大学院,C,5,1,waseda_2018-地区トップリーグ・NSリーグ星取表1･2部20190113.pdf
2018,NSリーグ,2部Bブロック,都立武蔵丘,武蔵丘,,杉並アヤックス,杉並アヤックス,,5,2,waseda_2018-地区トップリーグ・NSリーグ星取表1･2部20190113.pdf
2018,NSリーグ,2部Bブロック,明大中野A,明大中野,A,日大鶴ヶ丘B,日大鶴ヶ丘,B,2,2,waseda_2018-地区トップリーグ・NSリーグ星取表1･2部20190113.pdf
2018,NSリーグ,2部Bブロック,明大中野A,明大中野,A,都立石神井B,石神井,B,2,0,waseda_2018-地区トップリーグ・NSリーグ星取表1･2部20190113.pdf
2018,NSリーグ,2部Bブロック,明大中野A,明大中野,A,早大学院C,早大学院,C,4,1,waseda_2018-地区トップリーグ・NSリーグ星取表1･2部20190113.pdf
2018,NSリーグ,2部Bブロック,明大中野A,明大中野,A,杉並アヤックス,杉並アヤックス,,1,2,waseda_2018-地区トップリーグ・NSリーグ星取表1･2部20190113.pdf
2018,NSリーグ,2部Bブロック,日大鶴ヶ丘B,日大鶴ヶ丘,B,都立石神井B,石神井,B,0,6,waseda_2018-地区トップリーグ・NSリーグ星取表1･2部20190113.pdf
2018,NSリーグ,2部Bブロック,日大鶴ヶ丘B,日大鶴ヶ丘,B,早大学院C,早大学院,C,8,0,waseda_2018-地区トップリーグ・NSリーグ星取表1･2部20190113.pdf
2018,NSリーグ,2部Bブロック,日大鶴ヶ丘B,日大鶴ヶ丘,B,杉並アヤックス,杉並アヤックス,,3,3,waseda_2018-地区トップリーグ・NSリーグ星取表1･2部20190113.pdf
2018,NSリーグ,2部Bブロック,都立石神井B,石神井,B,早大学院C,早大学院,C,7,0,waseda_2018-地区トップリーグ・NSリーグ星取表1･2部20190113.pdf
2018,NSリーグ,2部Bブロック,都立石神井B,石神井,B,杉並アヤックス,杉並アヤックス,,6,1,waseda_2018-地区トップリーグ・NSリーグ星取表1･2部20190113.pdf
2018,NSリーグ,2部Bブロック,早大学院C,早大学院,C,杉並アヤックス,杉並アヤックス,,5,1,waseda_2018-地区トップリーグ・NSリーグ星取表1･2部20190113.pdf
2019,地区トップリーグ,グループD,早大学院,早大学院,,城　北,城北,,3,2,waseda_2019-地区トップリーグ・NSリーグ星取表.pdf
2019,地区トップリーグ,グループD,早大学院,早大学院,,保善B,保善,B,3,1,waseda_2019-地区トップリーグ・NSリーグ星取表.pdf
2019,地区トップリーグ,グループD,早大学院,早大学院,,明大明治,明大明治,,5,1,waseda_2019-地区トップリーグ・NSリーグ星取表.pdf
2019,地区トップリーグ,グループD,早大学院,早大学院,,大森FC,大森F,C,2,0,waseda_2019-地区トップリーグ・NSリーグ星取表.pdf
2019,地区トップリーグ,グループD,早大学院,早大学院,,東京朝鮮B,東京朝鮮,B,4,1,waseda_2019-地区トップリーグ・NSリーグ星取表.pdf
2019,地区トップリーグ,グループD,早大学院,早大学院,,国士舘B,国士舘,B,2,6,waseda_2019-地区トップリーグ・NSリーグ星取表.pdf
2019,地区トップリーグ,グループD,早大学院,早大学院,,明大中野八王子,明大中野八王子,,2,1,waseda_2019-地区トップリーグ・NSリーグ星取表.pdf
2019,地区トップリーグ,グループD,城　北,城北,,保善B,保善,B,0,1,waseda_2019-地区トップリーグ・NSリーグ星取表.pdf
2019,地区トップリーグ,グループD,城　北,城北,,明大明治,明大明治,,0,5,waseda_2019-地区トップリーグ・NSリーグ星取表.pdf
2019,地区トップリーグ,グループD,城　北,城北,,大森FC,大森F,C,1,0,waseda_2019-地区トップリーグ・NSリーグ星取表.pdf
2019,地区トップリーグ,グループD,城　北,城北,,東京朝鮮B,東京朝鮮,B,3,1,waseda_2019-地区トップリーグ・NSリーグ星取表.pdf
2019,地区トップリーグ,グループD,城　北,城北,,国士舘B,国士舘,B,2,1,waseda_2019-地区トップリーグ・NSリーグ星取表.pdf
2019,地区トップリーグ,グループD,城　北,城北,,明大中野八王子,明大中野八王子,,3,2,waseda_2019-地区トップリーグ・NSリーグ星取表.pdf
2019,地区トップリーグ,グループD,保善B,保善,B,明大明治,明大明治,,1,2,waseda_2019-地区トップリーグ・NSリーグ星取表.pdf
2019,地区トップリーグ,グループD,保善B,保善,B,大森FC,大森F,C,1,1,waseda_2019-地区トップリーグ・NSリーグ星取表.pdf
2019,地区トップリーグ,グループD,保善B,保善,B,東京朝鮮B,東京朝鮮,B,0,3,waseda_2019-地区トップリーグ・NSリーグ星取表.pdf
2019,地区トップリーグ,グループD,保善B,保善,B,国士舘B,国士舘,B,1,1,waseda_2019-地区トップリーグ・NSリーグ星取表.pdf
2019,地区トップリーグ,グループD,保善B,保善,B,明大中野八王子,明大中野八王子,,1,3,waseda_2019-地区トップリーグ・NSリーグ星取表.pdf
2019,地区トップリーグ,グループD,明大明治,明大明治,,大森FC,大森F,C,2,3,waseda_2019-地区トップリーグ・NSリーグ星取表.pdf
2019,地区トップリーグ,グループD,明大明治,明大明治,,東京朝鮮B,東京朝鮮,B,0,0,waseda_2019-地区トップリーグ・NSリーグ星取表.pdf
2019,地区トップリーグ,グループD,明大明治,明大明治,,国士舘B,国士舘,B,2,3,waseda_2019-地区トップリーグ・NSリーグ星取表.pdf
2019,地区トップリーグ,グループD,明大明治,明大明治,,明大中野八王子,明大中野八王子,,6,2,waseda_2019-地区トップリーグ・NSリーグ星取表.pdf
2019,地区トップリーグ,グループD,大森FC,大森F,C,東京朝鮮B,東京朝鮮,B,0,3,waseda_2019-地区トップリーグ・NSリーグ星取表.pdf
2019,地区トップリーグ,グループD,大森FC,大森F,C,国士舘B,国士舘,B,1,0,waseda_2019-地区トップリーグ・NSリーグ星取表.pdf
2019,地区トップリーグ,グループD,大森FC,大森F,C,明大中野八王子,明大中野八王子,,1,2,waseda_2019-地区トップリーグ・NSリーグ星取表.pdf
2019,地区トップリーグ,グループD,東京朝鮮B,東京朝鮮,B,国士舘B,国士舘,B,2,1,waseda_2019-地区トップリーグ・NSリーグ星取表.pdf
2019,地区トップリーグ,グループD,東京朝鮮B,東京朝鮮,B,明大中野八王子,明大中野八王子,,1,6,waseda_2019-地区トップリーグ・NSリーグ星取表.pdf
2019,地区トップリーグ,グループD,国士舘B,国士舘,B,明大中野八王子,明大中野八王子,,1,2,waseda_2019-地区トップリーグ・NSリーグ星取表.pdf
2019,地区トップリーグ,1位~4位順位決定リーグ,都立東大和,東大和,,目白研心,目白研心,,2,0,waseda_2019-地区トップリーグ・NSリーグ星取表.pdf
2019,地区トップリーグ,1位~4位順位決定リーグ,都立東大和,東大和,,日体大荏原,日体大荏原,,5,0,waseda_2019-地区トップリーグ・NSリーグ星取表.pdf
2019,地区トップリーグ,1位~4位順位決定リーグ,都立東大和,東大和,,早大学院,早大学院,,3,0,waseda_2019-地区トップリーグ・NSリーグ星取表.pdf
2019,地区トップリーグ,1位~4位順位決定リーグ,目白研心,目白研心,,日体大荏原,日体大荏原,,5,0,waseda_2019-地区トップリーグ・NSリーグ星取表.pdf
2019,地区トップリーグ,1位~4位順位決定リーグ,目白研心,目白研心,,早大学院,早大学院,,4,3,waseda_2019-地区トップリーグ・NSリーグ星取表.pdf
2019,地区トップリーグ,1位~4位順位決定リーグ,日体大荏原,日体大荏原,,早大学院,早大学院,,0,2,waseda_2019-地区トップリーグ・NSリーグ星取表.pdf
2019,NSリーグ,2部Bブロック,早大学院B,早大学院,B,石神井B,石神井,B,5,2,waseda_2019-地区トップリーグ・NSリーグ星取表.pdf
2019,NSリーグ,2部Bブロック,早大学院B,早大学院,B,日大二Ａ,日大二,A,3,2,waseda_2019-地区トップリーグ・NSリーグ星取表.pdf
2019,NSリーグ,2部Bブロック,早大学院B,早大学院,B,明大中野Ａ,明大中野,A,3,0,waseda_2019-地区トップリーグ・NSリーグ星取表.pdf
2019,NSリーグ,2部Bブロック,早大学院B,早大学院,B,専大附属Ａ,専大附属,A,0,3,waseda_2019-地区トップリーグ・NSリーグ星取表.pdf
2019,NSリーグ,2部Bブロック,早大学院B,早大学院,B,杉並アヤックス,杉並アヤックス,,3,0,waseda_2019-地区トップリーグ・NSリーグ星取表.pdf
2019,NSリーグ,2部Bブロック,早大学院B,早大学院,B,富士,富士,,2,0,waseda_2019-地区トップリーグ・NSリーグ星取表.pdf
2019,NSリーグ,2部Bブロック,早大学院B,早大学院,B,杉並工業,杉並工業,,5,0,waseda_2019-地区トップリーグ・NSリーグ星取表.pdf
2019,NSリーグ,2部Bブロック,石神井B,石神井,B,日大二Ａ,日大二,A,0,5,waseda_2019-地区トップリーグ・NSリーグ星取表.pdf
2019,NSリーグ,2部Bブロック,石神井B,石神井,B,明大中野Ａ,明大中野,A,1,3,waseda_2019-地区トップリーグ・NSリーグ星取表.pdf
2019,NSリーグ,2部Bブロック,石神井B,石神井,B,専大附属Ａ,専大附属,A,0,4,waseda_2019-地区トップリーグ・NSリーグ星取表.pdf
2019,NSリーグ,2部Bブロック,石神井B,石神井,B,杉並アヤックス,杉並アヤックス,,1,0,waseda_2019-地区トップリーグ・NSリーグ星取表.pdf
2019,NSリーグ,2部Bブロック,石神井B,石神井,B,富士,富士,,6,1,waseda_2019-地区トップリーグ・NSリーグ星取表.pdf
2019,NSリーグ,2部Bブロック,石神井B,石神井,B,杉並工業,杉並工業,,0,1,waseda_2019-地区トップリーグ・NSリーグ星取表.pdf
2019,NSリーグ,2部Bブロック,日大二Ａ,日大二,A,明大中野Ａ,明大中野,A,1,2,waseda_2019-地区トップリーグ・NSリーグ星取表.pdf
2019,NSリーグ,2部Bブロック,日大二Ａ,日大二,A,専大附属Ａ,専大附属,A,5,2,waseda_2019-地区トップリーグ・NSリーグ星取表.pdf
2019,NSリーグ,2部Bブロック,日大二Ａ,日大二,A,杉並アヤックス,杉並アヤックス,,9,0,waseda_2019-地区トップリーグ・NSリーグ星取表.pdf
2019,NSリーグ,2部Bブロック,日大二Ａ,日大二,A,富士,富士,,3,0,waseda_2019-地区トップリーグ・NSリーグ星取表.pdf
2019,NSリーグ,2部Bブロック,日大二Ａ,日大二,A,杉並工業,杉並工業,,7,0,waseda_2019-地区トップリーグ・NSリーグ星取表.pdf
2019,NSリーグ,2部Bブロック,明大中野Ａ,明大中野,A,専大附属Ａ,専大附属,A,2,3,waseda_2019-地区トップリーグ・NSリーグ星取表.pdf
2019,NSリーグ,2部Bブロック,明大中野Ａ,明大中野,A,杉並アヤックス,杉並アヤックス,,4,0,waseda_2019-地区トップリーグ・NSリーグ星取表.pdf
2019,NSリーグ,2部Bブロック,明大中野Ａ,明大中野,A,富士,富士,,0,1,waseda_2019-地区トップリーグ・NSリーグ星取表.pdf
2019,NSリーグ,2部Bブロック,明大中野Ａ,明大中野,A,杉並工業,杉並工業,,4,0,waseda_2019-地区トップリーグ・NSリーグ星取表.pdf
2019,NSリーグ,2部Bブロック,専大附属Ａ,専大附属,A,杉並アヤックス,杉並アヤックス,,10,0,waseda_2019-地区トップリーグ・NSリーグ星取表.pdf
2019,NSリーグ,2部Bブロック,専大附属Ａ,専大附属,A,富士,富士,,9,1,waseda_2019-地区トップリーグ・NSリーグ星取表.pdf
2019,NSリーグ,2部Bブロック,専大附属Ａ,専大附属,A,杉並工業,杉並工業,,4,0,waseda_2019-地区トップリーグ・NSリーグ星取表.pdf
2019,NSリーグ,2部Bブロック,杉並アヤックス,杉並アヤックス,,富士,富士,,0,3,waseda_2019-地区トップリーグ・NSリーグ星取表.pdf
2019,NSリーグ,2部Bブロック,杉並アヤックス,杉並アヤックス,,杉並工業,杉並工業,,0,3,waseda_2019-地区トップリーグ・NSリーグ星取表.pdf
2019,NSリーグ,2部Bブロック,富士,富士,,杉並工業,杉並工業,,2,2,waseda_2019-地区トップリーグ・NSリーグ星取表.pdf
2019,NSリーグ,2部 3位~4位順位決定戦,都立武蔵丘,武蔵丘,,早大学院,早大学院,,1,1,waseda_2019-地区トップリーグ・NSリーグ星取表.pdf
2020,Tリーグ,T4リーグBブロック,東京農大一,農大一,,日本学園,日本学園,,1,3,waseda_2020-Tリーグ・NSリーグ星取表.pdf
2020,Tリーグ,T4リーグBブロック,東京農大一,農大一,,創価,創価,,0,4,waseda_2020-Tリーグ・NSリーグ星取表.pdf
2020,Tリーグ,T4リーグBブロック,東京農大一,農大一,,駒澤大（D）,駒澤大,,1,2,waseda_2020-Tリーグ・NSリーグ星取表.pdf
2020,Tリーグ,T4リーグBブロック,東京農大一,農大一,,目白研心,目白研心,,0,4,waseda_2020-Tリーグ・NSリーグ星取表.pdf
2020,Tリーグ,T4リーグBブロック,東京農大一,農大一,,早大学院,早大学院,,1,3,waseda_2020-Tリーグ・NSリーグ星取表.pdf
2020,Tリーグ,T4リーグBブロック,日本学園,日本学園,,創価,創価,,1,2,waseda_2020-Tリーグ・NSリーグ星取表.pdf
2020,Tリーグ,T4リーグBブロック,日本学園,日本学園,,駒澤大（D）,駒澤大,,3,2,waseda_2020-Tリーグ・NSリーグ星取表.pdf
2020,Tリーグ,T4リーグBブロック,日本学園,日本学園,,都立狛江,狛江,,1,1,waseda_2020-Tリーグ・NSリーグ星取表.pdf
2020,Tリーグ,T4リーグBブロック,日本学園,日本学園,,杉並FC,杉並F,C,6,1,waseda_2020-Tリーグ・NSリーグ星取表.pdf
2020,Tリーグ,T4リーグBブロック,日本学園,日本学園,,都立駒場,駒場,,2,0,waseda_2020-Tリーグ・NSリーグ星取表.pdf
2020,Tリーグ,T4リーグBブロック,日本学園,日本学園,,目白研心,目白研心,,1,0,waseda_2020-Tリーグ・NSリーグ星取表.pdf
2020,Tリーグ,T4リーグBブロック,日本学園,日本学園,,早大学院,早大学院,,2,1,waseda_2020-Tリーグ・NSリーグ星取表.pdf
2020,Tリーグ,T4リーグBブロック,創価,創価,,駒澤大（D）,駒澤大,,2,1,waseda_2020-Tリーグ・NSリーグ星取表.pdf
2020,Tリーグ,T4リーグBブロック,創価,創価,,都立東大和南,東大和南,,1,2,waseda_2020-Tリーグ・NSリーグ星取表.pdf
2020,Tリーグ,T4リーグBブロック,創価,創価,,都立狛江,狛江,,1,1,waseda_2020-Tリーグ・NSリーグ星取表.pdf
2020,Tリーグ,T4リーグBブロック,創価,創価,,都立駒場,駒場,,0,3,waseda_2020-Tリーグ・NSリーグ星取表.pdf
2020,Tリーグ,T4リーグBブロック,創価,創価,,目白研心,目白研心,,0,1,waseda_2020-Tリーグ・NSリーグ星取表.pdf
2020,Tリーグ,T4リーグBブロック,駒澤大（D）,駒澤大,,都立東大和南,東大和南,,0,1,waseda_2020-Tリーグ・NSリーグ星取表.pdf
2020,Tリーグ,T4リーグBブロック,駒澤大（D）,駒澤大,,都立狛江,狛江,,0,2,waseda_2020-Tリーグ・NSリーグ星取表.pdf
2020,Tリーグ,T4リーグBブロック,駒澤大（D）,駒澤大,,杉並FC,杉並F,C,7,2,waseda_2020-Tリーグ・NSリーグ星取表.pdf
2020,Tリーグ,T4リーグBブロック,駒澤大（D）,駒澤大,,目白研心,目白研心,,1,2,waseda_2020-Tリーグ・NSリーグ星取表.pdf
2020,Tリーグ,T4リーグBブロック,駒澤大（D）,駒澤大,,早大学院,早大学院,,1,2,waseda_2020-Tリーグ・NSリーグ星取表.pdf
2020,Tリーグ,T4リーグBブロック,都立東大和南,東大和南,,都立駒場,駒場,,0,3,waseda_2020-Tリーグ・NSリーグ星取表.pdf
2020,Tリーグ,T4リーグBブロック,都立東大和南,東大和南,,目白研心,目白研心,,1,3,waseda_2020-Tリーグ・NSリーグ星取表.pdf
2020,Tリーグ,T4リーグBブロック,都立東大和南,東大和南,,早大学院,早大学院,,2,3,waseda_2020-Tリーグ・NSリーグ星取表.pdf
2020,Tリーグ,T4リーグBブロック,都立狛江,狛江,,杉並FC,杉並F,C,2,5,waseda_2020-Tリーグ・NSリーグ星取表.pdf
2020,Tリーグ,T4リーグBブロック,都立狛江,狛江,,都立駒場,駒場,,3,0,waseda_2020-Tリーグ・NSリーグ星取表.pdf
2020,Tリーグ,T4リーグBブロック,都立狛江,狛江,,目白研心,目白研心,,0,1,waseda_2020-Tリーグ・NSリーグ星取表.pdf
2020,Tリーグ,T4リーグBブロック,都立狛江,狛江,,早大学院,早大学院,,2,2,waseda_2020-Tリーグ・NSリーグ星取表.pdf
2020,Tリーグ,T4リーグBブロック,杉並FC,杉並F,C,目白研心,目白研心,,1,4,waseda_2020-Tリーグ・NSリーグ星取表.pdf
2020,Tリーグ,T4リーグBブロック,都立駒場,駒場,,目白研心,目白研心,,0,2,waseda_2020-Tリーグ・NSリーグ星取表.pdf
2020,Tリーグ,T4リーグBブロック,目白研心,目白研心,,早大学院,早大学院,,0,0,waseda_2020-Tリーグ・NSリーグ星取表.pdf
2021,Tリーグ,T4リーグBブロック,東京農大一,農大一,,日本学園,日本学園,,1,1,waseda_2021-Tリーグ・NSリーグ星取表-1.pdf
2021,Tリーグ,T4リーグBブロック,東京農大一,農大一,,創価,創価,,0,0,waseda_2021-Tリーグ・NSリーグ星取表-1.pdf
2021,Tリーグ,T4リーグBブロック,東京農大一,農大一,,駒澤大（D）,駒澤大,,2,0,waseda_2021-Tリーグ・NSリーグ星取表-1.pdf
2021,Tリーグ,T4リーグBブロック,東京農大一,農大一,,都立東大和南,東大和南,,2,1,waseda_2021-Tリーグ・NSリーグ星取表-1.pdf
2021,Tリーグ,T4リーグBブロック,東京農大一,農大一,,都立狛江,狛江,,1,0,waseda_2021-Tリーグ・NSリーグ星取表-1.pdf
2021,Tリーグ,T4リーグBブロック,東京農大一,農大一,,杉並FC,杉並F,C,7,0,waseda_2021-Tリーグ・NSリーグ星取表-1.pdf
2021,Tリーグ,T4リーグBブロック,東京農大一,農大一,,都立駒場,駒場,,1,2,waseda_2021-Tリーグ・NSリーグ星取表-1.pdf
2021,Tリーグ,T4リーグBブロック,東京農大一,農大一,,目白研心,目白研心,,1,0,waseda_2021-Tリーグ・NSリーグ星取表-1.pdf
2021,Tリーグ,T4リーグBブロック,東京農大一,農大一,,早大学院,早大学院,,1,0,waseda_2021-Tリーグ・NSリーグ星取表-1.pdf
2021,Tリーグ,T4リーグBブロック,日本学園,日本学園,,創価,創価,,0,3,waseda_2021-Tリーグ・NSリーグ星取表-1.pdf
2021,Tリーグ,T4リーグBブロック,日本学園,日本学園,,駒澤大（D）,駒澤大,,1,2,waseda_2021-Tリーグ・NSリーグ星取表-1.pdf
2021,Tリーグ,T4リーグBブロック,日本学園,日本学園,,都立東大和南,東大和南,,1,5,waseda_2021-Tリーグ・NSリーグ星取表-1.pdf
2021,Tリーグ,T4リーグBブロック,日本学園,日本学園,,都立狛江,狛江,,1,4,waseda_2021-Tリーグ・NSリーグ星取表-1.pdf
2021,Tリーグ,T4リーグBブロック,日本学園,日本学園,,杉並FC,杉並F,C,14,0,waseda_2021-Tリーグ・NSリーグ星取表-1.pdf
2021,Tリーグ,T4リーグBブロック,日本学園,日本学園,,都立駒場,駒場,,1,3,waseda_2021-Tリーグ・NSリーグ星取表-1.pdf
2021,Tリーグ,T4リーグBブロック,日本学園,日本学園,,目白研心,目白研心,,0,4,waseda_2021-Tリーグ・NSリーグ星取表-1.pdf
2021,Tリーグ,T4リーグBブロック,日本学園,日本学園,,早大学院,早大学院,,0,1,waseda_2021-Tリーグ・NSリーグ星取表-1.pdf
2021,Tリーグ,T4リーグBブロック,創価,創価,,駒澤大（D）,駒澤大,,1,1,waseda_2021-Tリーグ・NSリーグ星取表-1.pdf
2021,Tリーグ,T4リーグBブロック,創価,創価,,都立東大和南,東大和南,,0,1,waseda_2021-Tリーグ・NSリーグ星取表-1.pdf
2021,Tリーグ,T4リーグBブロック,創価,創価,,都立狛江,狛江,,2,3,waseda_2021-Tリーグ・NSリーグ星取表-1.pdf
2021,Tリーグ,T4リーグBブロック,創価,創価,,杉並FC,杉並F,C,9,0,waseda_2021-Tリーグ・NSリーグ星取表-1.pdf
2021,Tリーグ,T4リーグBブロック,創価,創価,,都立駒場,駒場,,1,0,waseda_2021-Tリーグ・NSリーグ星取表-1.pdf
2021,Tリーグ,T4リーグBブロック,創価,創価,,目白研心,目白研心,,3,1,waseda_2021-Tリーグ・NSリーグ星取表-1.pdf
2021,Tリーグ,T4リーグBブロック,創価,創価,,早大学院,早大学院,,0,1,waseda_2021-Tリーグ・NSリーグ星取表-1.pdf
2021,Tリーグ,T4リーグBブロック,駒澤大（D）,駒澤大,,都立東大和南,東大和南,,4,0,waseda_2021-Tリーグ・NSリーグ星取表-1.pdf
2021,Tリーグ,T4リーグBブロック,駒澤大（D）,駒澤大,,都立狛江,狛江,,3,0,waseda_2021-Tリーグ・NSリーグ星取表-1.pdf
2021,Tリーグ,T4リーグBブロック,駒澤大（D）,駒澤大,,杉並FC,杉並F,C,8,0,waseda_2021-Tリーグ・NSリーグ星取表-1.pdf
2021,Tリーグ,T4リーグBブロック,駒澤大（D）,駒澤大,,都立駒場,駒場,,1,2,waseda_2021-Tリーグ・NSリーグ星取表-1.pdf
2021,Tリーグ,T4リーグBブロック,駒澤大（D）,駒澤大,,目白研心,目白研心,,1,3,waseda_2021-Tリーグ・NSリーグ星取表-1.pdf
2021,Tリーグ,T4リーグBブロック,駒澤大（D）,駒澤大,,早大学院,早大学院,,0,1,waseda_2021-Tリーグ・NSリーグ星取表-1.pdf
2021,Tリーグ,T4リーグBブロック,都立東大和南,東大和南,,都立狛江,狛江,,1,4,waseda_2021-Tリーグ・NSリーグ星取表-1.pdf
2021,Tリーグ,T4リーグBブロック,都立東大和南,東大和南,,杉並FC,杉並F,C,2,0,waseda_2021-Tリーグ・NSリーグ星取表-1.pdf
2021,Tリーグ,T4リーグBブロック,都立東大和南,東大和南,,都立駒場,駒場,,3,1,waseda_2021-Tリーグ・NSリーグ星取表-1.pdf
2021,Tリーグ,T4リーグBブロック,都立東大和南,東大和南,,目白研心,目白研心,,0,5,waseda_2021-Tリーグ・NSリーグ星取表-1.pdf
2021,Tリーグ,T4リーグBブロック,都立東大和南,東大和南,,早大学院,早大学院,,2,4,waseda_2021-Tリーグ・NSリーグ星取表-1.pdf
2021,Tリーグ,T4リーグBブロック,都立狛江,狛江,,杉並FC,杉並F,C,11,0,waseda_2021-Tリーグ・NSリーグ星取表-1.pdf
2021,Tリーグ,T4リーグBブロック,都立狛江,狛江,,都立駒場,駒場,,4,1,waseda_2021-Tリーグ・NSリーグ星取表-1.pdf
2021,Tリーグ,T4リーグBブロック,都立狛江,狛江,,目白研心,目白研心,,1,1,waseda_2021-Tリーグ・NSリーグ星取表-1.pdf
2021,Tリーグ,T4リーグBブロック,都立狛江,狛江,,早大学院,早大学院,,2,2,waseda_2021-Tリーグ・NSリーグ星取表-1.pdf
2021,Tリーグ,T4リーグBブロック,杉並FC,杉並F,C,都立駒場,駒場,,1,4,waseda_2021-Tリーグ・NSリーグ星取表-1.pdf
2021,Tリーグ,T4リーグBブロック,杉並FC,杉並F,C,目白研心,目白研心,,1,2,waseda_2021-Tリーグ・NSリーグ星取表-1.pdf
2021,Tリーグ,T4リーグBブロック,杉並FC,杉並F,C,早大学院,早大学院,,0,19,waseda_2021-Tリーグ・NSリーグ星取表-1.pdf
2021,Tリーグ,T4リーグBブロック,都立駒場,駒場,,目白研心,目白研心,,2,1,waseda_2021-Tリーグ・NSリーグ星取表-1.pdf
2021,Tリーグ,T4リーグBブロック,都立駒場,駒場,,早大学院,早大学院,,2,3,waseda_2021-Tリーグ・NSリーグ星取表-1.pdf
2021,Tリーグ,T4リーグBブロック,目白研心,目白研心,,早大学院,早大学院,,1,1,waseda_2021-Tリーグ・NSリーグ星取表-1.pdf
2021,Tリーグ,T4リーグ1位・2位順位決定戦,東京,東京,,早大学院,早大学院,,2,4,waseda_2021-Tリーグ・NSリーグ星取表-1.pdf
2021,NSリーグ,1部,実践学園D,実践学園,D,久我山E,国学院久我山,E,3,4,waseda_2021-Tリーグ・NSリーグ星取表-1.pdf
2021,NSリーグ,1部,実践学園D,実践学園,D,豊多摩,豊多摩,,10,1,waseda_2021-Tリーグ・NSリーグ星取表-1.pdf
2021,NSリーグ,1部,実践学園D,実践学園,D,鷺宮,鷺宮,,0,0,waseda_2021-Tリーグ・NSリーグ星取表-1.pdf
2021,NSリーグ,1部,実践学園D,実践学園,D,専大附属Ａ,専大附属,A,2,0,waseda_2021-Tリーグ・NSリーグ星取表-1.pdf
2021,NSリーグ,1部,実践学園D,実践学園,D,武蔵丘,武蔵丘,,0,2,waseda_2021-Tリーグ・NSリーグ星取表-1.pdf
2021,NSリーグ,1部,実践学園D,実践学園,D,早大学院B,早大学院,B,1,1,waseda_2021-Tリーグ・NSリーグ星取表-1.pdf
2021,NSリーグ,1部,実践学園D,実践学園,D,日大二A,日大二,A,1,3,waseda_2021-Tリーグ・NSリーグ星取表-1.pdf
2021,NSリーグ,1部,久我山E,国学院久我山,E,鷺宮,鷺宮,,3,2,waseda_2021-Tリーグ・NSリーグ星取表-1.pdf
2021,NSリーグ,1部,久我山E,国学院久我山,E,専大附属Ａ,専大附属,A,1,10,waseda_2021-Tリーグ・NSリーグ星取表-1.pdf
2021,NSリーグ,1部,久我山E,国学院久我山,E,武蔵丘,武蔵丘,,5,0,waseda_2021-Tリーグ・NSリーグ星取表-1.pdf
2021,NSリーグ,1部,久我山E,国学院久我山,E,早大学院B,早大学院,B,5,2,waseda_2021-Tリーグ・NSリーグ星取表-1.pdf
2021,NSリーグ,1部,久我山E,国学院久我山,E,日大二A,日大二,A,1,3,waseda_2021-Tリーグ・NSリーグ星取表-1.pdf
2021,NSリーグ,1部,豊多摩,豊多摩,,鷺宮,鷺宮,,1,4,waseda_2021-Tリーグ・NSリーグ星取表-1.pdf
2021,NSリーグ,1部,豊多摩,豊多摩,,専大附属Ａ,専大附属,A,0,3,waseda_2021-Tリーグ・NSリーグ星取表-1.pdf
2021,NSリーグ,1部,豊多摩,豊多摩,,武蔵丘,武蔵丘,,1,2,waseda_2021-Tリーグ・NSリーグ星取表-1.pdf
2021,NSリーグ,1部,豊多摩,豊多摩,,早大学院B,早大学院,B,1,6,waseda_2021-Tリーグ・NSリーグ星取表-1.pdf
2021,NSリーグ,1部,豊多摩,豊多摩,,日大二A,日大二,A,0,4,waseda_2021-Tリーグ・NSリーグ星取表-1.pdf
2021,NSリーグ,1部,鷺宮,鷺宮,,専大附属Ａ,専大附属,A,0,0,waseda_2021-Tリーグ・NSリーグ星取表-1.pdf
2021,NSリーグ,1部,鷺宮,鷺宮,,武蔵丘,武蔵丘,,3,0,waseda_2021-Tリーグ・NSリーグ星取表-1.pdf
2021,NSリーグ,1部,鷺宮,鷺宮,,早大学院B,早大学院,B,0,1,waseda_2021-Tリーグ・NSリーグ星取表-1.pdf
2021,NSリーグ,1部,鷺宮,鷺宮,,日大二A,日大二,A,2,0,waseda_2021-Tリーグ・NSリーグ星取表-1.pdf
2021,NSリーグ,1部,専大附属Ａ,専大附属,A,武蔵丘,武蔵丘,,1,0,waseda_2021-Tリーグ・NSリーグ星取表-1.pdf
2021,NSリーグ,1部,専大附属Ａ,専大附属,A,早大学院B,早大学院,B,0,3,waseda_2021-Tリーグ・NSリーグ星取表-1.pdf
2021,NSリーグ,1部,専大附属Ａ,専大附属,A,日大二A,日大二,A,0,1,waseda_2021-Tリーグ・NSリーグ星取表-1.pdf
2021,NSリーグ,1部,武蔵丘,武蔵丘,,早大学院B,早大学院,B,4,2,waseda_2021-Tリーグ・NSリーグ星取表-1.pdf
2021,NSリーグ,1部,武蔵丘,武蔵丘,,日大二A,日大二,A,0,3,waseda_2021-Tリーグ・NSリーグ星取表-1.pdf
2021,NSリーグ,1部,早大学院B,早大学院,B,日大二A,日大二,A,0,1,waseda_2021-Tリーグ・NSリーグ星取表-1.pdf
2021,NSリーグ,3部Dブロック,杉並アヤックス,杉並アヤックス,,実践学園F,実践学園,F,1,2,waseda_2021-Tリーグ・NSリーグ星取表-1.pdf
2021,NSリーグ,3部Dブロック,杉並アヤックス,杉並アヤックス,,明大中野B,明大中野,B,0,2,waseda_2021-Tリーグ・NSリーグ星取表-1.pdf
2021,NSリーグ,3部Dブロック,杉並アヤックス,杉並アヤックス,,東大附属,東大附属,,5,0,waseda_2021-Tリーグ・NSリーグ星取表-1.pdf
2021,NSリーグ,3部Dブロック,杉並アヤックス,杉並アヤックス,,早大学院C,早大学院,C,1,2,waseda_2021-Tリーグ・NSリーグ星取表-1.pdf
2021,NSリーグ,3部Dブロック,実践学園F,実践学園,F,明大中野B,明大中野,B,4,1,waseda_2021-Tリーグ・NSリーグ星取表-1.pdf
2021,NSリーグ,3部Dブロック,実践学園F,実践学園,F,東大附属,東大附属,,5,0,waseda_2021-Tリーグ・NSリーグ星取表-1.pdf
2021,NSリーグ,3部Dブロック,実践学園F,実践学園,F,早大学院C,早大学院,C,2,0,waseda_2021-Tリーグ・NSリーグ星取表-1.pdf
2021,NSリーグ,3部Dブロック,明大中野B,明大中野,B,東大附属,東大附属,,3,2,waseda_2021-Tリーグ・NSリーグ星取表-1.pdf
2021,NSリーグ,3部Dブロック,明大中野B,明大中野,B,早大学院C,早大学院,C,0,5,waseda_2021-Tリーグ・NSリーグ星取表-1.pdf
2021,NSリーグ,3部Dブロック,東大附属,東大附属,,早大学院C,早大学院,C,1,6,waseda_2021-Tリーグ・NSリーグ星取表-1.pdf
2022,Tリーグ,T3リーグBブロック,都・石神井,石神井,,日大豊山,日大豊山,,6,2,waseda_2022-Tリーグ・ユニティリーグ・NSリーグ星取表.pdf
2022,Tリーグ,T3リーグBブロック,都・石神井,石神井,,東京実業,東京実業,,1,1,waseda_2022-Tリーグ・ユニティリーグ・NSリーグ星取表.pdf
2022,Tリーグ,T3リーグBブロック,都・石神井,石神井,,実践学園Ｂ,実践学園,B,2,0,waseda_2022-Tリーグ・ユニティリーグ・NSリーグ星取表.pdf
2022,Tリーグ,T3リーグBブロック,都・石神井,石神井,,國學院久我山Ｃ,国学院久我山,C,2,1,waseda_2022-Tリーグ・ユニティリーグ・NSリーグ星取表.pdf
2022,Tリーグ,T3リーグBブロック,都・石神井,石神井,,保善,保善,,2,1,waseda_2022-Tリーグ・ユニティリーグ・NSリーグ星取表.pdf
2022,Tリーグ,T3リーグBブロック,都・石神井,石神井,,トリプレッタ,トリプレッタ,,2,1,waseda_2022-Tリーグ・ユニティリーグ・NSリーグ星取表.pdf
2022,Tリーグ,T3リーグBブロック,都・石神井,石神井,,東海大菅生,東海大菅生,,3,0,waseda_2022-Tリーグ・ユニティリーグ・NSリーグ星取表.pdf
2022,Tリーグ,T3リーグBブロック,都・石神井,石神井,,東京,東京,,3,1,waseda_2022-Tリーグ・ユニティリーグ・NSリーグ星取表.pdf
2022,Tリーグ,T3リーグBブロック,都・石神井,石神井,,早大学院,早大学院,,2,2,waseda_2022-Tリーグ・ユニティリーグ・NSリーグ星取表.pdf
2022,Tリーグ,T3リーグBブロック,日大豊山,日大豊山,,東京実業,東京実業,,1,1,waseda_2022-Tリーグ・ユニティリーグ・NSリーグ星取表.pdf
2022,Tリーグ,T3リーグBブロック,日大豊山,日大豊山,,実践学園Ｂ,実践学園,B,3,2,waseda_2022-Tリーグ・ユニティリーグ・NSリーグ星取表.pdf
2022,Tリーグ,T3リーグBブロック,日大豊山,日大豊山,,國學院久我山Ｃ,国学院久我山,C,2,0,waseda_2022-Tリーグ・ユニティリーグ・NSリーグ星取表.pdf
2022,Tリーグ,T3リーグBブロック,日大豊山,日大豊山,,保善,保善,,1,1,waseda_2022-Tリーグ・ユニティリーグ・NSリーグ星取表.pdf
2022,Tリーグ,T3リーグBブロック,日大豊山,日大豊山,,トリプレッタ,トリプレッタ,,2,1,waseda_2022-Tリーグ・ユニティリーグ・NSリーグ星取表.pdf
2022,Tリーグ,T3リーグBブロック,日大豊山,日大豊山,,東海大菅生,東海大菅生,,2,1,waseda_2022-Tリーグ・ユニティリーグ・NSリーグ星取表.pdf
2022,Tリーグ,T3リーグBブロック,日大豊山,日大豊山,,東京,東京,,3,0,waseda_2022-Tリーグ・ユニティリーグ・NSリーグ星取表.pdf
2022,Tリーグ,T3リーグBブロック,日大豊山,日大豊山,,早大学院,早大学院,,4,0,waseda_2022-Tリーグ・ユニティリーグ・NSリーグ星取表.pdf
2022,Tリーグ,T3リーグBブロック,東京実業,東京実業,,実践学園Ｂ,実践学園,B,2,1,waseda_2022-Tリーグ・ユニティリーグ・NSリーグ星取表.pdf
2022,Tリーグ,T3リーグBブロック,東京実業,東京実業,,國學院久我山Ｃ,国学院久我山,C,4,1,waseda_2022-Tリーグ・ユニティリーグ・NSリーグ星取表.pdf
2022,Tリーグ,T3リーグBブロック,東京実業,東京実業,,保善,保善,,3,0,waseda_2022-Tリーグ・ユニティリーグ・NSリーグ星取表.pdf
2022,Tリーグ,T3リーグBブロック,東京実業,東京実業,,トリプレッタ,トリプレッタ,,1,0,waseda_2022-Tリーグ・ユニティリーグ・NSリーグ星取表.pdf
2022,Tリーグ,T3リーグBブロック,東京実業,東京実業,,東海大菅生,東海大菅生,,3,0,waseda_2022-Tリーグ・ユニティリーグ・NSリーグ星取表.pdf
2022,Tリーグ,T3リーグBブロック,東京実業,東京実業,,東京,東京,,1,1,waseda_2022-Tリーグ・ユニティリーグ・NSリーグ星取表.pdf
2022,Tリーグ,T3リーグBブロック,東京実業,東京実業,,早大学院,早大学院,,0,0,waseda_2022-Tリーグ・ユニティリーグ・NSリーグ星取表.pdf
2022,Tリーグ,T3リーグBブロック,実践学園Ｂ,実践学園,B,國學院久我山Ｃ,国学院久我山,C,3,3,waseda_2022-Tリーグ・ユニティリーグ・NSリーグ星取表.pdf
2022,Tリーグ,T3リーグBブロック,実践学園Ｂ,実践学園,B,保善,保善,,4,2,waseda_2022-Tリーグ・ユニティリーグ・NSリーグ星取表.pdf
2022,Tリーグ,T3リーグBブロック,実践学園Ｂ,実践学園,B,トリプレッタ,トリプレッタ,,1,1,waseda_2022-Tリーグ・ユニティリーグ・NSリーグ星取表.pdf
2022,Tリーグ,T3リーグBブロック,実践学園Ｂ,実践学園,B,東海大菅生,東海大菅生,,1,1,waseda_2022-Tリーグ・ユニティリーグ・NSリーグ星取表.pdf
2022,Tリーグ,T3リーグBブロック,実践学園Ｂ,実践学園,B,東京,東京,,5,1,waseda_2022-Tリーグ・ユニティリーグ・NSリーグ星取表.pdf
2022,Tリーグ,T3リーグBブロック,実践学園Ｂ,実践学園,B,早大学院,早大学院,,1,2,waseda_2022-Tリーグ・ユニティリーグ・NSリーグ星取表.pdf
2022,Tリーグ,T3リーグBブロック,國學院久我山Ｃ,国学院久我山,C,保善,保善,,1,0,waseda_2022-Tリーグ・ユニティリーグ・NSリーグ星取表.pdf
2022,Tリーグ,T3リーグBブロック,國學院久我山Ｃ,国学院久我山,C,トリプレッタ,トリプレッタ,,1,1,waseda_2022-Tリーグ・ユニティリーグ・NSリーグ星取表.pdf
2022,Tリーグ,T3リーグBブロック,國學院久我山Ｃ,国学院久我山,C,東海大菅生,東海大菅生,,0,2,waseda_2022-Tリーグ・ユニティリーグ・NSリーグ星取表.pdf
2022,Tリーグ,T3リーグBブロック,國學院久我山Ｃ,国学院久我山,C,東京,東京,,1,0,waseda_2022-Tリーグ・ユニティリーグ・NSリーグ星取表.pdf
2022,Tリーグ,T3リーグBブロック,國學院久我山Ｃ,国学院久我山,C,早大学院,早大学院,,2,2,waseda_2022-Tリーグ・ユニティリーグ・NSリーグ星取表.pdf
2022,Tリーグ,T3リーグBブロック,保善,保善,,トリプレッタ,トリプレッタ,,2,3,waseda_2022-Tリーグ・ユニティリーグ・NSリーグ星取表.pdf
2022,Tリーグ,T3リーグBブロック,保善,保善,,東海大菅生,東海大菅生,,2,1,waseda_2022-Tリーグ・ユニティリーグ・NSリーグ星取表.pdf
2022,Tリーグ,T3リーグBブロック,保善,保善,,東京,東京,,1,5,waseda_2022-Tリーグ・ユニティリーグ・NSリーグ星取表.pdf
2022,Tリーグ,T3リーグBブロック,保善,保善,,早大学院,早大学院,,1,3,waseda_2022-Tリーグ・ユニティリーグ・NSリーグ星取表.pdf
2022,Tリーグ,T3リーグBブロック,トリプレッタ,トリプレッタ,,東海大菅生,東海大菅生,,2,3,waseda_2022-Tリーグ・ユニティリーグ・NSリーグ星取表.pdf
2022,Tリーグ,T3リーグBブロック,トリプレッタ,トリプレッタ,,東京,東京,,0,0,waseda_2022-Tリーグ・ユニティリーグ・NSリーグ星取表.pdf
2022,Tリーグ,T3リーグBブロック,トリプレッタ,トリプレッタ,,早大学院,早大学院,,3,3,waseda_2022-Tリーグ・ユニティリーグ・NSリーグ星取表.pdf
2022,Tリーグ,T3リーグBブロック,東海大菅生,東海大菅生,,東京,東京,,4,1,waseda_2022-Tリーグ・ユニティリーグ・NSリーグ星取表.pdf
2022,Tリーグ,T3リーグBブロック,東海大菅生,東海大菅生,,早大学院,早大学院,,2,2,waseda_2022-Tリーグ・ユニティリーグ・NSリーグ星取表.pdf
2022,Tリーグ,T3リーグBブロック,東京,東京,,早大学院,早大学院,,1,1,waseda_2022-Tリーグ・ユニティリーグ・NSリーグ星取表.pdf
2022,Tリーグ,T3リーグ7位・8位順位決定戦,東京成徳,東京成徳大高,,早大学院,早大学院,,2,1,waseda_2022-Tリーグ・ユニティリーグ・NSリーグ星取表.pdf
2022,Tokyo Unity League,(U-16)2部,東京朝鮮,東京朝鮮,,堀越,堀越,,1,3,waseda_2022-Tリーグ・ユニティリーグ・NSリーグ星取表.pdf
2022,Tokyo Unity League,(U-16)2部,東京朝鮮,東京朝鮮,,大森学園,大森学園,,4,1,waseda_2022-Tリーグ・ユニティリーグ・NSリーグ星取表.pdf
2022,Tokyo Unity League,(U-16)2部,東京朝鮮,東京朝鮮,,暁星,暁星,,0,9,waseda_2022-Tリーグ・ユニティリーグ・NSリーグ星取表.pdf
2022,Tokyo Unity League,(U-16)2部,東京朝鮮,東京朝鮮,,都・駒場,駒場,,3,2,waseda_2022-Tリーグ・ユニティリーグ・NSリーグ星取表.pdf
2022,Tokyo Unity League,(U-16)2部,東京朝鮮,東京朝鮮,,修徳,修徳,,2,2,waseda_2022-Tリーグ・ユニティリーグ・NSリーグ星取表.pdf
2022,Tokyo Unity League,(U-16)2部,東京朝鮮,東京朝鮮,,東海大菅生,東海大菅生,,1,4,waseda_2022-Tリーグ・ユニティリーグ・NSリーグ星取表.pdf
2022,Tokyo Unity League,(U-16)2部,東京朝鮮,東京朝鮮,,トリプレッタ,トリプレッタ,,0,1,waseda_2022-Tリーグ・ユニティリーグ・NSリーグ星取表.pdf
2022,Tokyo Unity League,(U-16)2部,東京朝鮮,東京朝鮮,,日大豊山,日大豊山,,1,11,waseda_2022-Tリーグ・ユニティリーグ・NSリーグ星取表.pdf
2022,Tokyo Unity League,(U-16)2部,東京朝鮮,東京朝鮮,,早大学院,早大学院,,1,0,waseda_2022-Tリーグ・ユニティリーグ・NSリーグ星取表.pdf
2022,Tokyo Unity League,(U-16)2部,堀越,堀越,,大森学園,大森学園,,5,1,waseda_2022-Tリーグ・ユニティリーグ・NSリーグ星取表.pdf
2022,Tokyo Unity League,(U-16)2部,堀越,堀越,,暁星,暁星,,1,2,waseda_2022-Tリーグ・ユニティリーグ・NSリーグ星取表.pdf
2022,Tokyo Unity League,(U-16)2部,堀越,堀越,,都・駒場,駒場,,3,2,waseda_2022-Tリーグ・ユニティリーグ・NSリーグ星取表.pdf
2022,Tokyo Unity League,(U-16)2部,堀越,堀越,,修徳,修徳,,3,4,waseda_2022-Tリーグ・ユニティリーグ・NSリーグ星取表.pdf
2022,Tokyo Unity League,(U-16)2部,堀越,堀越,,東海大菅生,東海大菅生,,2,1,waseda_2022-Tリーグ・ユニティリーグ・NSリーグ星取表.pdf
2022,Tokyo Unity League,(U-16)2部,堀越,堀越,,トリプレッタ,トリプレッタ,,4,0,waseda_2022-Tリーグ・ユニティリーグ・NSリーグ星取表.pdf
2022,Tokyo Unity League,(U-16)2部,堀越,堀越,,日大豊山,日大豊山,,2,4,waseda_2022-Tリーグ・ユニティリーグ・NSリーグ星取表.pdf
2022,Tokyo Unity League,(U-16)2部,堀越,堀越,,早大学院,早大学院,,4,0,waseda_2022-Tリーグ・ユニティリーグ・NSリーグ星取表.pdf
2022,Tokyo Unity League,(U-16)2部,大森学園,大森学園,,暁星,暁星,,0,0,waseda_2022-Tリーグ・ユニティリーグ・NSリーグ星取表.pdf
2022,Tokyo Unity League,(U-16)2部,大森学園,大森学園,,都・駒場,駒場,,3,1,waseda_2022-Tリーグ・ユニティリーグ・NSリーグ星取表.pdf
2022,Tokyo Unity League,(U-16)2部,大森学園,大森学園,,修徳,修徳,,0,9,waseda_2022-Tリーグ・ユニティリーグ・NSリーグ星取表.pdf
2022,Tokyo Unity League,(U-16)2部,大森学園,大森学園,,東海大菅生,東海大菅生,,0,2,waseda_2022-Tリーグ・ユニティリーグ・NSリーグ星取表.pdf
2022,Tokyo Unity League,(U-16)2部,大森学園,大森学園,,トリプレッタ,トリプレッタ,,0,3,waseda_2022-Tリーグ・ユニティリーグ・NSリーグ星取表.pdf
2022,Tokyo Unity League,(U-16)2部,大森学園,大森学園,,日大豊山,日大豊山,,1,3,waseda_2022-Tリーグ・ユニティリーグ・NSリーグ星取表.pdf
2022,Tokyo Unity League,(U-16)2部,大森学園,大森学園,,早大学院,早大学院,,0,1,waseda_2022-Tリーグ・ユニティリーグ・NSリーグ星取表.pdf
2022,Tokyo Unity League,(U-16)2部,暁星,暁星,,都・駒場,駒場,,2,4,waseda_2022-Tリーグ・ユニティリーグ・NSリーグ星取表.pdf
2022,Tokyo Unity League,(U-16)2部,暁星,暁星,,修徳,修徳,,3,7,waseda_2022-Tリーグ・ユニティリーグ・NSリーグ星取表.pdf
2022,Tokyo Unity League,(U-16)2部,暁星,暁星,,東海大菅生,東海大菅生,,1,3,waseda_2022-Tリーグ・ユニティリーグ・NSリーグ星取表.pdf
2022,Tokyo Unity League,(U-16)2部,暁星,暁星,,トリプレッタ,トリプレッタ,,3,3,waseda_2022-Tリーグ・ユニティリーグ・NSリーグ星取表.pdf
2022,Tokyo Unity League,(U-16)2部,暁星,暁星,,日大豊山,日大豊山,,1,1,waseda_2022-Tリーグ・ユニティリーグ・NSリーグ星取表.pdf
2022,Tokyo Unity League,(U-16)2部,暁星,暁星,,早大学院,早大学院,,4,0,waseda_2022-Tリーグ・ユニティリーグ・NSリーグ星取表.pdf
2022,Tokyo Unity League,(U-16)2部,都・駒場,駒場,,修徳,修徳,,3,4,waseda_2022-Tリーグ・ユニティリーグ・NSリーグ星取表.pdf
2022,Tokyo Unity League,(U-16)2部,都・駒場,駒場,,東海大菅生,東海大菅生,,2,6,waseda_2022-Tリーグ・ユニティリーグ・NSリーグ星取表.pdf
2022,Tokyo Unity League,(U-16)2部,都・駒場,駒場,,トリプレッタ,トリプレッタ,,3,5,waseda_2022-Tリーグ・ユニティリーグ・NSリーグ星取表.pdf
2022,Tokyo Unity League,(U-16)2部,都・駒場,駒場,,日大豊山,日大豊山,,3,1,waseda_2022-Tリーグ・ユニティリーグ・NSリーグ星取表.pdf
2022,Tokyo Unity League,(U-16)2部,都・駒場,駒場,,早大学院,早大学院,,1,1,waseda_2022-Tリーグ・ユニティリーグ・NSリーグ星取表.pdf
2022,Tokyo Unity League,(U-16)2部,修徳,修徳,,東海大菅生,東海大菅生,,6,0,waseda_2022-Tリーグ・ユニティリーグ・NSリーグ星取表.pdf
2022,Tokyo Unity League,(U-16)2部,修徳,修徳,,日大豊山,日大豊山,,1,4,waseda_2022-Tリーグ・ユニティリーグ・NSリーグ星取表.pdf
2022,Tokyo Unity League,(U-16)2部,修徳,修徳,,早大学院,早大学院,,6,3,waseda_2022-Tリーグ・ユニティリーグ・NSリーグ星取表.pdf
2022,Tokyo Unity League,(U-16)2部,東海大菅生,東海大菅生,,トリプレッタ,トリプレッタ,,2,3,waseda_2022-Tリーグ・ユニティリーグ・NSリーグ星取表.pdf
2022,Tokyo Unity League,(U-16)2部,東海大菅生,東海大菅生,,日大豊山,日大豊山,,0,4,waseda_2022-Tリーグ・ユニティリーグ・NSリーグ星取表.pdf
2022,Tokyo Unity League,(U-16)2部,東海大菅生,東海大菅生,,早大学院,早大学院,,3,3,waseda_2022-Tリーグ・ユニティリーグ・NSリーグ星取表.pdf
2022,Tokyo Unity League,(U-16)2部,トリプレッタ,トリプレッタ,,日大豊山,日大豊山,,1,5,waseda_2022-Tリーグ・ユニティリーグ・NSリーグ星取表.pdf
2022,Tokyo Unity League,(U-16)2部,トリプレッタ,トリプレッタ,,早大学院,早大学院,,5,1,waseda_2022-Tリーグ・ユニティリーグ・NSリーグ星取表.pdf
2022,Tokyo Unity League,(U-16)2部,日大豊山,日大豊山,,早大学院,早大学院,,4,2,waseda_2022-Tリーグ・ユニティリーグ・NSリーグ星取表.pdf
2022,NSリーグ,1部,都・大泉,大泉,,國學院久我山Ｅ,国学院久我山,E,1,7,waseda_2022-Tリーグ・ユニティリーグ・NSリーグ星取表.pdf
2022,NSリーグ,1部,都・大泉,大泉,,都・鷺宮,鷺宮,,0,13,waseda_2022-Tリーグ・ユニティリーグ・NSリーグ星取表.pdf
2022,NSリーグ,1部,都・大泉,大泉,,専大附属Ａ,専大附属,A,0,9,waseda_2022-Tリーグ・ユニティリーグ・NSリーグ星取表.pdf
2022,NSリーグ,1部,都・大泉,大泉,,早大学院Ｂ,早大学院,B,0,12,waseda_2022-Tリーグ・ユニティリーグ・NSリーグ星取表.pdf
2022,NSリーグ,1部,都・大泉,大泉,,都・武蔵丘,武蔵丘,,0,3,waseda_2022-Tリーグ・ユニティリーグ・NSリーグ星取表.pdf
2022,NSリーグ,1部,都・大泉,大泉,,明大中野Ａ,明大中野,A,0,6,waseda_2022-Tリーグ・ユニティリーグ・NSリーグ星取表.pdf
2022,NSリーグ,1部,都・大泉,大泉,,杉並ソシオＡ,杉並ソシオ,A,0,13,waseda_2022-Tリーグ・ユニティリーグ・NSリーグ星取表.pdf
2022,NSリーグ,1部,都・大泉,大泉,,都・光が丘Ａ,光が丘,A,0,5,waseda_2022-Tリーグ・ユニティリーグ・NSリーグ星取表.pdf
2022,NSリーグ,1部,都・大泉,大泉,,都・田無Ａ,田無,A,1,4,waseda_2022-Tリーグ・ユニティリーグ・NSリーグ星取表.pdf
2022,NSリーグ,1部,國學院久我山Ｅ,国学院久我山,E,都・鷺宮,鷺宮,,2,3,waseda_2022-Tリーグ・ユニティリーグ・NSリーグ星取表.pdf
2022,NSリーグ,1部,國學院久我山Ｅ,国学院久我山,E,専大附属Ａ,専大附属,A,0,5,waseda_2022-Tリーグ・ユニティリーグ・NSリーグ星取表.pdf
2022,NSリーグ,1部,國學院久我山Ｅ,国学院久我山,E,早大学院Ｂ,早大学院,B,2,0,waseda_2022-Tリーグ・ユニティリーグ・NSリーグ星取表.pdf
2022,NSリーグ,1部,國學院久我山Ｅ,国学院久我山,E,都・武蔵丘,武蔵丘,,1,0,waseda_2022-Tリーグ・ユニティリーグ・NSリーグ星取表.pdf
2022,NSリーグ,1部,國學院久我山Ｅ,国学院久我山,E,明大中野Ａ,明大中野,A,3,2,waseda_2022-Tリーグ・ユニティリーグ・NSリーグ星取表.pdf
2022,NSリーグ,1部,國學院久我山Ｅ,国学院久我山,E,杉並ソシオＡ,杉並ソシオ,A,1,6,waseda_2022-Tリーグ・ユニティリーグ・NSリーグ星取表.pdf
2022,NSリーグ,1部,國學院久我山Ｅ,国学院久我山,E,都・光が丘Ａ,光が丘,A,1,3,waseda_2022-Tリーグ・ユニティリーグ・NSリーグ星取表.pdf
2022,NSリーグ,1部,國學院久我山Ｅ,国学院久我山,E,都・田無Ａ,田無,A,3,1,waseda_2022-Tリーグ・ユニティリーグ・NSリーグ星取表.pdf
2022,NSリーグ,1部,都・鷺宮,鷺宮,,専大附属Ａ,専大附属,A,0,0,waseda_2022-Tリーグ・ユニティリーグ・NSリーグ星取表.pdf
2022,NSリーグ,1部,都・鷺宮,鷺宮,,早大学院Ｂ,早大学院,B,2,1,waseda_2022-Tリーグ・ユニティリーグ・NSリーグ星取表.pdf
2022,NSリーグ,1部,都・鷺宮,鷺宮,,都・武蔵丘,武蔵丘,,4,0,waseda_2022-Tリーグ・ユニティリーグ・NSリーグ星取表.pdf
2022,NSリーグ,1部,都・鷺宮,鷺宮,,明大中野Ａ,明大中野,A,1,3,waseda_2022-Tリーグ・ユニティリーグ・NSリーグ星取表.pdf
2022,NSリーグ,1部,都・鷺宮,鷺宮,,杉並ソシオＡ,杉並ソシオ,A,1,0,waseda_2022-Tリーグ・ユニティリーグ・NSリーグ星取表.pdf
2022,NSリーグ,1部,都・鷺宮,鷺宮,,都・光が丘Ａ,光が丘,A,3,1,waseda_2022-Tリーグ・ユニティリーグ・NSリーグ星取表.pdf
2022,NSリーグ,1部,都・鷺宮,鷺宮,,都・田無Ａ,田無,A,8,0,waseda_2022-Tリーグ・ユニティリーグ・NSリーグ星取表.pdf
2022,NSリーグ,1部,専大附属Ａ,専大附属,A,早大学院Ｂ,早大学院,B,3,1,waseda_2022-Tリーグ・ユニティリーグ・NSリーグ星取表.pdf
2022,NSリーグ,1部,専大附属Ａ,専大附属,A,都・武蔵丘,武蔵丘,,6,0,waseda_2022-Tリーグ・ユニティリーグ・NSリーグ星取表.pdf
2022,NSリーグ,1部,専大附属Ａ,専大附属,A,明大中野Ａ,明大中野,A,1,2,waseda_2022-Tリーグ・ユニティリーグ・NSリーグ星取表.pdf
2022,NSリーグ,1部,専大附属Ａ,専大附属,A,杉並ソシオＡ,杉並ソシオ,A,1,1,waseda_2022-Tリーグ・ユニティリーグ・NSリーグ星取表.pdf
2022,NSリーグ,1部,専大附属Ａ,専大附属,A,都・光が丘Ａ,光が丘,A,3,3,waseda_2022-Tリーグ・ユニティリーグ・NSリーグ星取表.pdf
2022,NSリーグ,1部,専大附属Ａ,専大附属,A,都・田無Ａ,田無,A,3,2,waseda_2022-Tリーグ・ユニティリーグ・NSリーグ星取表.pdf
2022,NSリーグ,1部,早大学院Ｂ,早大学院,B,都・武蔵丘,武蔵丘,,9,0,waseda_2022-Tリーグ・ユニティリーグ・NSリーグ星取表.pdf
2022,NSリーグ,1部,早大学院Ｂ,早大学院,B,明大中野Ａ,明大中野,A,4,3,waseda_2022-Tリーグ・ユニティリーグ・NSリーグ星取表.pdf
2022,NSリーグ,1部,早大学院Ｂ,早大学院,B,杉並ソシオＡ,杉並ソシオ,A,0,4,waseda_2022-Tリーグ・ユニティリーグ・NSリーグ星取表.pdf
2022,NSリーグ,1部,早大学院Ｂ,早大学院,B,都・光が丘Ａ,光が丘,A,3,2,waseda_2022-Tリーグ・ユニティリーグ・NSリーグ星取表.pdf
2022,NSリーグ,1部,早大学院Ｂ,早大学院,B,都・田無Ａ,田無,A,16,1,waseda_2022-Tリーグ・ユニティリーグ・NSリーグ星取表.pdf
2022,NSリーグ,1部,都・武蔵丘,武蔵丘,,明大中野Ａ,明大中野,A,1,0,waseda_2022-Tリーグ・ユニティリーグ・NSリーグ星取表.pdf
2022,NSリーグ,1部,都・武蔵丘,武蔵丘,,杉並ソシオＡ,杉並ソシオ,A,1,2,waseda_2022-Tリーグ・ユニティリーグ・NSリーグ星取表.pdf
2022,NSリーグ,1部,都・武蔵丘,武蔵丘,,都・光が丘Ａ,光が丘,A,0,0,waseda_2022-Tリーグ・ユニティリーグ・NSリーグ星取表.pdf
2022,NSリーグ,1部,都・武蔵丘,武蔵丘,,都・田無Ａ,田無,A,5,2,waseda_2022-Tリーグ・ユニティリーグ・NSリーグ星取表.pdf
2022,NSリーグ,1部,明大中野Ａ,明大中野,A,杉並ソシオＡ,杉並ソシオ,A,2,2,waseda_2022-Tリーグ・ユニティリーグ・NSリーグ星取表.pdf
2022,NSリーグ,1部,明大中野Ａ,明大中野,A,都・光が丘Ａ,光が丘,A,2,0,waseda_2022-Tリーグ・ユニティリーグ・NSリーグ星取表.pdf
2022,NSリーグ,1部,明大中野Ａ,明大中野,A,都・田無Ａ,田無,A,8,2,waseda_2022-Tリーグ・ユニティリーグ・NSリーグ星取表.pdf
2022,NSリーグ,1部,杉並ソシオＡ,杉並ソシオ,A,都・光が丘Ａ,光が丘,A,5,2,waseda_2022-Tリーグ・ユニティリーグ・NSリーグ星取表.pdf
2022,NSリーグ,1部,杉並ソシオＡ,杉並ソシオ,A,都・田無Ａ,田無,A,9,0,waseda_2022-Tリーグ・ユニティリーグ・NSリーグ星取表.pdf
2022,NSリーグ,1部,都・光が丘Ａ,光が丘,A,都・田無Ａ,田無,A,4,1,waseda_2022-Tリーグ・ユニティリーグ・NSリーグ星取表.pdf
2022,NSリーグ,2部Bブロック,都・豊多摩A,豊多摩,A,中大杉並,中大杉並,,0,2,waseda_2022-Tリーグ・ユニティリーグ・NSリーグ星取表.pdf
2022,NSリーグ,2部Bブロック,都・豊多摩A,豊多摩,A,佼成学園,佼成学園,,5,0,waseda_2022-Tリーグ・ユニティリーグ・NSリーグ星取表.pdf
2022,NSリーグ,2部Bブロック,都・豊多摩A,豊多摩,A,都・富士,富士,,7,0,waseda_2022-Tリーグ・ユニティリーグ・NSリーグ星取表.pdf
2022,NSリーグ,2部Bブロック,都・豊多摩A,豊多摩,A,都・杉並Ａ,杉並,A,3,1,waseda_2022-Tリーグ・ユニティリーグ・NSリーグ星取表.pdf
2022,NSリーグ,2部Bブロック,都・豊多摩A,豊多摩,A,都・石神井Ｂ,石神井,B,2,0,waseda_2022-Tリーグ・ユニティリーグ・NSリーグ星取表.pdf
2022,NSリーグ,2部Bブロック,都・豊多摩A,豊多摩,A,早大学院Ｃ,早大学院,C,1,5,waseda_2022-Tリーグ・ユニティリーグ・NSリーグ星取表.pdf
2022,NSリーグ,2部Bブロック,都・豊多摩A,豊多摩,A,明大中野Ｂ,明大中野,B,5,1,waseda_2022-Tリーグ・ユニティリーグ・NSリーグ星取表.pdf
2022,NSリーグ,2部Bブロック,中大杉並,中大杉並,,佼成学園,佼成学園,,1,1,waseda_2022-Tリーグ・ユニティリーグ・NSリーグ星取表.pdf
2022,NSリーグ,2部Bブロック,中大杉並,中大杉並,,都・富士,富士,,6,1,waseda_2022-Tリーグ・ユニティリーグ・NSリーグ星取表.pdf
2022,NSリーグ,2部Bブロック,中大杉並,中大杉並,,都・杉並Ａ,杉並,A,3,0,waseda_2022-Tリーグ・ユニティリーグ・NSリーグ星取表.pdf
2022,NSリーグ,2部Bブロック,中大杉並,中大杉並,,都・石神井Ｂ,石神井,B,1,0,waseda_2022-Tリーグ・ユニティリーグ・NSリーグ星取表.pdf
2022,NSリーグ,2部Bブロック,中大杉並,中大杉並,,早大学院Ｃ,早大学院,C,2,1,waseda_2022-Tリーグ・ユニティリーグ・NSリーグ星取表.pdf
2022,NSリーグ,2部Bブロック,中大杉並,中大杉並,,明大中野Ｂ,明大中野,B,4,0,waseda_2022-Tリーグ・ユニティリーグ・NSリーグ星取表.pdf
2022,NSリーグ,2部Bブロック,佼成学園,佼成学園,,都・富士,富士,,0,1,waseda_2022-Tリーグ・ユニティリーグ・NSリーグ星取表.pdf
2022,NSリーグ,2部Bブロック,佼成学園,佼成学園,,都・杉並Ａ,杉並,A,0,3,waseda_2022-Tリーグ・ユニティリーグ・NSリーグ星取表.pdf
2022,NSリーグ,2部Bブロック,佼成学園,佼成学園,,都・石神井Ｂ,石神井,B,0,2,waseda_2022-Tリーグ・ユニティリーグ・NSリーグ星取表.pdf
2022,NSリーグ,2部Bブロック,佼成学園,佼成学園,,早大学院Ｃ,早大学院,C,0,6,waseda_2022-Tリーグ・ユニティリーグ・NSリーグ星取表.pdf
2022,NSリーグ,2部Bブロック,佼成学園,佼成学園,,明大中野Ｂ,明大中野,B,1,4,waseda_2022-Tリーグ・ユニティリーグ・NSリーグ星取表.pdf
2022,NSリーグ,2部Bブロック,都・富士,富士,,都・杉並Ａ,杉並,A,5,1,waseda_2022-Tリーグ・ユニティリーグ・NSリーグ星取表.pdf
2022,NSリーグ,2部Bブロック,都・富士,富士,,都・石神井Ｂ,石神井,B,0,4,waseda_2022-Tリーグ・ユニティリーグ・NSリーグ星取表.pdf
2022,NSリーグ,2部Bブロック,都・富士,富士,,早大学院Ｃ,早大学院,C,0,4,waseda_2022-Tリーグ・ユニティリーグ・NSリーグ星取表.pdf
2022,NSリーグ,2部Bブロック,都・富士,富士,,明大中野Ｂ,明大中野,B,3,2,waseda_2022-Tリーグ・ユニティリーグ・NSリーグ星取表.pdf
2022,NSリーグ,2部Bブロック,都・杉並Ａ,杉並,A,都・石神井Ｂ,石神井,B,2,3,waseda_2022-Tリーグ・ユニティリーグ・NSリーグ星取表.pdf
2022,NSリーグ,2部Bブロック,都・杉並Ａ,杉並,A,早大学院Ｃ,早大学院,C,3,1,waseda_2022-Tリーグ・ユニティリーグ・NSリーグ星取表.pdf
2022,NSリーグ,2部Bブロック,都・杉並Ａ,杉並,A,明大中野Ｂ,明大中野,B,1,2,waseda_2022-Tリーグ・ユニティリーグ・NSリーグ星取表.pdf
2022,NSリーグ,2部Bブロック,都・石神井Ｂ,石神井,B,早大学院Ｃ,早大学院,C,3,0,waseda_2022-Tリーグ・ユニティリーグ・NSリーグ星取表.pdf
2022,NSリーグ,2部Bブロック,都・石神井Ｂ,石神井,B,明大中野Ｂ,明大中野,B,3,0,waseda_2022-Tリーグ・ユニティリーグ・NSリーグ星取表.pdf
2022,NSリーグ,2部Bブロック,早大学院Ｃ,早大学院,C,明大中野Ｂ,明大中野,B,1,1,waseda_2022-Tリーグ・ユニティリーグ・NSリーグ星取表.pdf
2023,Tリーグ,T3リーグAブロック,東海大高輪台,東海大高輪台,,駿台学園,駿台学園,,3,0,waseda_2023-Tリーグ・ユニティリーグ・NSリーグ星取表.pdf
2023,Tリーグ,T3リーグAブロック,東海大高輪台,東海大高輪台,,東京実業,東京実業,,3,0,waseda_2023-Tリーグ・ユニティリーグ・NSリーグ星取表.pdf
2023,Tリーグ,T3リーグAブロック,東海大高輪台,東海大高輪台,,早大学院,早大学院,,5,1,waseda_2023-Tリーグ・ユニティリーグ・NSリーグ星取表.pdf
2023,Tリーグ,T3リーグAブロック,東海大高輪台,東海大高輪台,,東海大菅生,東海大菅生,,1,0,waseda_2023-Tリーグ・ユニティリーグ・NSリーグ星取表.pdf
2023,Tリーグ,T3リーグAブロック,東海大高輪台,東海大高輪台,,駒大高C,駒澤大高,C,4,1,waseda_2023-Tリーグ・ユニティリーグ・NSリーグ星取表.pdf
2023,Tリーグ,T3リーグAブロック,東海大高輪台,東海大高輪台,,國學院久我山Ｃ,国学院久我山,C,3,1,waseda_2023-Tリーグ・ユニティリーグ・NSリーグ星取表.pdf
2023,Tリーグ,T3リーグAブロック,東海大高輪台,東海大高輪台,,トリプレッタ,トリプレッタ,,1,5,waseda_2023-Tリーグ・ユニティリーグ・NSリーグ星取表.pdf
2023,Tリーグ,T3リーグAブロック,東海大高輪台,東海大高輪台,,東京,東京,,6,0,waseda_2023-Tリーグ・ユニティリーグ・NSリーグ星取表.pdf
2023,Tリーグ,T3リーグAブロック,東海大高輪台,東海大高輪台,,創価,創価,,2,1,waseda_2023-Tリーグ・ユニティリーグ・NSリーグ星取表.pdf
2023,Tリーグ,T3リーグAブロック,駿台学園,駿台学園,,東京実業,東京実業,,3,2,waseda_2023-Tリーグ・ユニティリーグ・NSリーグ星取表.pdf
2023,Tリーグ,T3リーグAブロック,駿台学園,駿台学園,,早大学院,早大学院,,3,0,waseda_2023-Tリーグ・ユニティリーグ・NSリーグ星取表.pdf
2023,Tリーグ,T3リーグAブロック,駿台学園,駿台学園,,東海大菅生,東海大菅生,,2,1,waseda_2023-Tリーグ・ユニティリーグ・NSリーグ星取表.pdf
2023,Tリーグ,T3リーグAブロック,駿台学園,駿台学園,,駒大高C,駒澤大高,C,2,1,waseda_2023-Tリーグ・ユニティリーグ・NSリーグ星取表.pdf
2023,Tリーグ,T3リーグAブロック,駿台学園,駿台学園,,國學院久我山Ｃ,国学院久我山,C,4,1,waseda_2023-Tリーグ・ユニティリーグ・NSリーグ星取表.pdf
2023,Tリーグ,T3リーグAブロック,駿台学園,駿台学園,,トリプレッタ,トリプレッタ,,1,5,waseda_2023-Tリーグ・ユニティリーグ・NSリーグ星取表.pdf
2023,Tリーグ,T3リーグAブロック,駿台学園,駿台学園,,東京,東京,,4,4,waseda_2023-Tリーグ・ユニティリーグ・NSリーグ星取表.pdf
2023,Tリーグ,T3リーグAブロック,駿台学園,駿台学園,,創価,創価,,1,2,waseda_2023-Tリーグ・ユニティリーグ・NSリーグ星取表.pdf
2023,Tリーグ,T3リーグAブロック,東京実業,東京実業,,早大学院,早大学院,,2,0,waseda_2023-Tリーグ・ユニティリーグ・NSリーグ星取表.pdf
2023,Tリーグ,T3リーグAブロック,東京実業,東京実業,,東海大菅生,東海大菅生,,1,1,waseda_2023-Tリーグ・ユニティリーグ・NSリーグ星取表.pdf
2023,Tリーグ,T3リーグAブロック,東京実業,東京実業,,駒大高C,駒澤大高,C,2,2,waseda_2023-Tリーグ・ユニティリーグ・NSリーグ星取表.pdf
2023,Tリーグ,T3リーグAブロック,東京実業,東京実業,,國學院久我山Ｃ,国学院久我山,C,1,4,waseda_2023-Tリーグ・ユニティリーグ・NSリーグ星取表.pdf
2023,Tリーグ,T3リーグAブロック,東京実業,東京実業,,トリプレッタ,トリプレッタ,,0,1,waseda_2023-Tリーグ・ユニティリーグ・NSリーグ星取表.pdf
2023,Tリーグ,T3リーグAブロック,東京実業,東京実業,,東京,東京,,0,0,waseda_2023-Tリーグ・ユニティリーグ・NSリーグ星取表.pdf
2023,Tリーグ,T3リーグAブロック,東京実業,東京実業,,創価,創価,,0,4,waseda_2023-Tリーグ・ユニティリーグ・NSリーグ星取表.pdf
2023,Tリーグ,T3リーグAブロック,早大学院,早大学院,,東海大菅生,東海大菅生,,3,1,waseda_2023-Tリーグ・ユニティリーグ・NSリーグ星取表.pdf
2023,Tリーグ,T3リーグAブロック,早大学院,早大学院,,駒大高C,駒澤大高,C,3,0,waseda_2023-Tリーグ・ユニティリーグ・NSリーグ星取表.pdf
2023,Tリーグ,T3リーグAブロック,早大学院,早大学院,,國學院久我山Ｃ,国学院久我山,C,0,1,waseda_2023-Tリーグ・ユニティリーグ・NSリーグ星取表.pdf
2023,Tリーグ,T3リーグAブロック,早大学院,早大学院,,トリプレッタ,トリプレッタ,,1,1,waseda_2023-Tリーグ・ユニティリーグ・NSリーグ星取表.pdf
2023,Tリーグ,T3リーグAブロック,早大学院,早大学院,,東京,東京,,2,3,waseda_2023-Tリーグ・ユニティリーグ・NSリーグ星取表.pdf
2023,Tリーグ,T3リーグAブロック,早大学院,早大学院,,創価,創価,,0,3,waseda_2023-Tリーグ・ユニティリーグ・NSリーグ星取表.pdf
2023,Tリーグ,T3リーグAブロック,東海大菅生,東海大菅生,,駒大高C,駒澤大高,C,3,2,waseda_2023-Tリーグ・ユニティリーグ・NSリーグ星取表.pdf
2023,Tリーグ,T3リーグAブロック,東海大菅生,東海大菅生,,國學院久我山Ｃ,国学院久我山,C,5,2,waseda_2023-Tリーグ・ユニティリーグ・NSリーグ星取表.pdf
2023,Tリーグ,T3リーグAブロック,東海大菅生,東海大菅生,,トリプレッタ,トリプレッタ,,1,1,waseda_2023-Tリーグ・ユニティリーグ・NSリーグ星取表.pdf
2023,Tリーグ,T3リーグAブロック,東海大菅生,東海大菅生,,東京,東京,,2,0,waseda_2023-Tリーグ・ユニティリーグ・NSリーグ星取表.pdf
2023,Tリーグ,T3リーグAブロック,東海大菅生,東海大菅生,,創価,創価,,2,0,waseda_2023-Tリーグ・ユニティリーグ・NSリーグ星取表.pdf
2023,Tリーグ,T3リーグAブロック,駒大高C,駒澤大高,C,國學院久我山Ｃ,国学院久我山,C,2,3,waseda_2023-Tリーグ・ユニティリーグ・NSリーグ星取表.pdf
2023,Tリーグ,T3リーグAブロック,駒大高C,駒澤大高,C,トリプレッタ,トリプレッタ,,1,2,waseda_2023-Tリーグ・ユニティリーグ・NSリーグ星取表.pdf
2023,Tリーグ,T3リーグAブロック,駒大高C,駒澤大高,C,東京,東京,,4,2,waseda_2023-Tリーグ・ユニティリーグ・NSリーグ星取表.pdf
2023,Tリーグ,T3リーグAブロック,駒大高C,駒澤大高,C,創価,創価,,1,1,waseda_2023-Tリーグ・ユニティリーグ・NSリーグ星取表.pdf
2023,Tリーグ,T3リーグAブロック,國學院久我山Ｃ,国学院久我山,C,トリプレッタ,トリプレッタ,,3,3,waseda_2023-Tリーグ・ユニティリーグ・NSリーグ星取表.pdf
2023,Tリーグ,T3リーグAブロック,國學院久我山Ｃ,国学院久我山,C,東京,東京,,4,0,waseda_2023-Tリーグ・ユニティリーグ・NSリーグ星取表.pdf
2023,Tリーグ,T3リーグAブロック,國學院久我山Ｃ,国学院久我山,C,創価,創価,,0,5,waseda_2023-Tリーグ・ユニティリーグ・NSリーグ星取表.pdf
2023,Tリーグ,T3リーグAブロック,トリプレッタ,トリプレッタ,,東京,東京,,1,2,waseda_2023-Tリーグ・ユニティリーグ・NSリーグ星取表.pdf
2023,Tリーグ,T3リーグAブロック,トリプレッタ,トリプレッタ,,創価,創価,,1,0,waseda_2023-Tリーグ・ユニティリーグ・NSリーグ星取表.pdf
2023,Tリーグ,T3リーグAブロック,東京,東京,,創価,創価,,0,5,waseda_2023-Tリーグ・ユニティリーグ・NSリーグ星取表.pdf
2023,Tリーグ,T3リーグ15位・16位順位決定戦,早大学院,早大学院,,横河武蔵野B,横河武蔵野,B,0,2,waseda_2023-Tリーグ・ユニティリーグ・NSリーグ星取表.pdf
2023,Tokyo Unity League,(U-16)2部,国士館,国士館,,東海大高輪台,東海大高輪台,,3,1,waseda_2023-Tリーグ・ユニティリーグ・NSリーグ星取表.pdf
2023,Tokyo Unity League,(U-16)2部,国士館,国士館,,堀越,堀越,,2,0,waseda_2023-Tリーグ・ユニティリーグ・NSリーグ星取表.pdf
2023,Tokyo Unity League,(U-16)2部,国士館,国士館,,トリプレッタ,トリプレッタ,,7,1,waseda_2023-Tリーグ・ユニティリーグ・NSリーグ星取表.pdf
2023,Tokyo Unity League,(U-16)2部,国士館,国士館,,暁星,暁星,,5,0,waseda_2023-Tリーグ・ユニティリーグ・NSリーグ星取表.pdf
2023,Tokyo Unity League,(U-16)2部,国士館,国士館,,東海大菅生,東海大菅生,,8,0,waseda_2023-Tリーグ・ユニティリーグ・NSリーグ星取表.pdf
2023,Tokyo Unity League,(U-16)2部,国士館,国士館,,東京朝鮮,東京朝鮮,,8,0,waseda_2023-Tリーグ・ユニティリーグ・NSリーグ星取表.pdf
2023,Tokyo Unity League,(U-16)2部,国士館,国士館,,都立駒場,駒場,,4,2,waseda_2023-Tリーグ・ユニティリーグ・NSリーグ星取表.pdf
2023,Tokyo Unity League,(U-16)2部,国士館,国士館,,早大学院,早大学院,,4,2,waseda_2023-Tリーグ・ユニティリーグ・NSリーグ星取表.pdf
2023,Tokyo Unity League,(U-16)2部,国士館,国士館,,大森学園,大森学園,,2,3,waseda_2023-Tリーグ・ユニティリーグ・NSリーグ星取表.pdf
2023,Tokyo Unity League,(U-16)2部,国士館,国士館,,都立石神井,石神井,,4,0,waseda_2023-Tリーグ・ユニティリーグ・NSリーグ星取表.pdf
2023,Tokyo Unity League,(U-16)2部,国士館,国士館,,日大三,日大三,,2,1,waseda_2023-Tリーグ・ユニティリーグ・NSリーグ星取表.pdf
2023,Tokyo Unity League,(U-16)2部,東海大高輪台,東海大高輪台,,堀越,堀越,,1,7,waseda_2023-Tリーグ・ユニティリーグ・NSリーグ星取表.pdf
2023,Tokyo Unity League,(U-16)2部,東海大高輪台,東海大高輪台,,トリプレッタ,トリプレッタ,,2,0,waseda_2023-Tリーグ・ユニティリーグ・NSリーグ星取表.pdf
2023,Tokyo Unity League,(U-16)2部,東海大高輪台,東海大高輪台,,暁星,暁星,,7,0,waseda_2023-Tリーグ・ユニティリーグ・NSリーグ星取表.pdf
2023,Tokyo Unity League,(U-16)2部,東海大高輪台,東海大高輪台,,東海大菅生,東海大菅生,,9,0,waseda_2023-Tリーグ・ユニティリーグ・NSリーグ星取表.pdf
2023,Tokyo Unity League,(U-16)2部,東海大高輪台,東海大高輪台,,東京朝鮮,東京朝鮮,,3,4,waseda_2023-Tリーグ・ユニティリーグ・NSリーグ星取表.pdf
2023,Tokyo Unity League,(U-16)2部,東海大高輪台,東海大高輪台,,都立駒場,駒場,,0,1,waseda_2023-Tリーグ・ユニティリーグ・NSリーグ星取表.pdf
2023,Tokyo Unity League,(U-16)2部,東海大高輪台,東海大高輪台,,早大学院,早大学院,,3,0,waseda_2023-Tリーグ・ユニティリーグ・NSリーグ星取表.pdf
2023,Tokyo Unity League,(U-16)2部,東海大高輪台,東海大高輪台,,大森学園,大森学園,,1,2,waseda_2023-Tリーグ・ユニティリーグ・NSリーグ星取表.pdf
2023,Tokyo Unity League,(U-16)2部,東海大高輪台,東海大高輪台,,都立石神井,石神井,,4,1,waseda_2023-Tリーグ・ユニティリーグ・NSリーグ星取表.pdf
2023,Tokyo Unity League,(U-16)2部,東海大高輪台,東海大高輪台,,日大三,日大三,,4,2,waseda_2023-Tリーグ・ユニティリーグ・NSリーグ星取表.pdf
2023,Tokyo Unity League,(U-16)2部,堀越,堀越,,トリプレッタ,トリプレッタ,,9,1,waseda_2023-Tリーグ・ユニティリーグ・NSリーグ星取表.pdf
2023,Tokyo Unity League,(U-16)2部,堀越,堀越,,暁星,暁星,,11,0,waseda_2023-Tリーグ・ユニティリーグ・NSリーグ星取表.pdf
2023,Tokyo Unity League,(U-16)2部,堀越,堀越,,東海大菅生,東海大菅生,,2,1,waseda_2023-Tリーグ・ユニティリーグ・NSリーグ星取表.pdf
2023,Tokyo Unity League,(U-16)2部,堀越,堀越,,東京朝鮮,東京朝鮮,,1,2,waseda_2023-Tリーグ・ユニティリーグ・NSリーグ星取表.pdf
2023,Tokyo Unity League,(U-16)2部,堀越,堀越,,都立駒場,駒場,,3,1,waseda_2023-Tリーグ・ユニティリーグ・NSリーグ星取表.pdf
2023,Tokyo Unity League,(U-16)2部,堀越,堀越,,早大学院,早大学院,,2,2,waseda_2023-Tリーグ・ユニティリーグ・NSリーグ星取表.pdf
2023,Tokyo Unity League,(U-16)2部,堀越,堀越,,大森学園,大森学園,,2,0,waseda_2023-Tリーグ・ユニティリーグ・NSリーグ星取表.pdf
2023,Tokyo Unity League,(U-16)2部,堀越,堀越,,都立石神井,石神井,,7,0,waseda_2023-Tリーグ・ユニティリーグ・NSリーグ星取表.pdf
2023,Tokyo Unity League,(U-16)2部,堀越,堀越,,日大三,日大三,,12,1,waseda_2023-Tリーグ・ユニティリーグ・NSリーグ星取表.pdf
2023,Tokyo Unity League,(U-16)2部,トリプレッタ,トリプレッタ,,暁星,暁星,,5,1,waseda_2023-Tリーグ・ユニティリーグ・NSリーグ星取表.pdf
2023,Tokyo Unity League,(U-16)2部,トリプレッタ,トリプレッタ,,東海大菅生,東海大菅生,,1,1,waseda_2023-Tリーグ・ユニティリーグ・NSリーグ星取表.pdf
2023,Tokyo Unity League,(U-16)2部,トリプレッタ,トリプレッタ,,東京朝鮮,東京朝鮮,,4,1,waseda_2023-Tリーグ・ユニティリーグ・NSリーグ星取表.pdf
2023,Tokyo Unity League,(U-16)2部,トリプレッタ,トリプレッタ,,都立駒場,駒場,,2,6,waseda_2023-Tリーグ・ユニティリーグ・NSリーグ星取表.pdf
2023,Tokyo Unity League,(U-16)2部,トリプレッタ,トリプレッタ,,早大学院,早大学院,,2,1,waseda_2023-Tリーグ・ユニティリーグ・NSリーグ星取表.pdf
2023,Tokyo Unity League,(U-16)2部,トリプレッタ,トリプレッタ,,大森学園,大森学園,,0,8,waseda_2023-Tリーグ・ユニティリーグ・NSリーグ星取表.pdf
2023,Tokyo Unity League,(U-16)2部,トリプレッタ,トリプレッタ,,都立石神井,石神井,,3,2,waseda_2023-Tリーグ・ユニティリーグ・NSリーグ星取表.pdf
2023,Tokyo Unity League,(U-16)2部,トリプレッタ,トリプレッタ,,日大三,日大三,,2,3,waseda_2023-Tリーグ・ユニティリーグ・NSリーグ星取表.pdf
2023,Tokyo Unity League,(U-16)2部,暁星,暁星,,東海大菅生,東海大菅生,,0,4,waseda_2023-Tリーグ・ユニティリーグ・NSリーグ星取表.pdf
2023,Tokyo Unity League,(U-16)2部,暁星,暁星,,東京朝鮮,東京朝鮮,,2,2,waseda_2023-Tリーグ・ユニティリーグ・NSリーグ星取表.pdf
2023,Tokyo Unity League,(U-16)2部,暁星,暁星,,都立駒場,駒場,,2,3,waseda_2023-Tリーグ・ユニティリーグ・NSリーグ星取表.pdf
2023,Tokyo Unity League,(U-16)2部,暁星,暁星,,早大学院,早大学院,,1,3,waseda_2023-Tリーグ・ユニティリーグ・NSリーグ星取表.pdf
2023,Tokyo Unity League,(U-16)2部,暁星,暁星,,大森学園,大森学園,,0,6,waseda_2023-Tリーグ・ユニティリーグ・NSリーグ星取表.pdf
2023,Tokyo Unity League,(U-16)2部,暁星,暁星,,都立石神井,石神井,,1,3,waseda_2023-Tリーグ・ユニティリーグ・NSリーグ星取表.pdf
2023,Tokyo Unity League,(U-16)2部,暁星,暁星,,日大三,日大三,,0,4,waseda_2023-Tリーグ・ユニティリーグ・NSリーグ星取表.pdf
2023,Tokyo Unity League,(U-16)2部,東海大菅生,東海大菅生,,東京朝鮮,東京朝鮮,,2,4,waseda_2023-Tリーグ・ユニティリーグ・NSリーグ星取表.pdf
2023,Tokyo Unity League,(U-16)2部,東海大菅生,東海大菅生,,都立駒場,駒場,,2,0,waseda_2023-Tリーグ・ユニティリーグ・NSリーグ星取表.pdf
2023,Tokyo Unity League,(U-16)2部,東海大菅生,東海大菅生,,早大学院,早大学院,,0,3,waseda_2023-Tリーグ・ユニティリーグ・NSリーグ星取表.pdf
2023,Tokyo Unity League,(U-16)2部,東海大菅生,東海大菅生,,大森学園,大森学園,,1,3,waseda_2023-Tリーグ・ユニティリーグ・NSリーグ星取表.pdf
2023,Tokyo Unity League,(U-16)2部,東海大菅生,東海大菅生,,都立石神井,石神井,,4,0,waseda_2023-Tリーグ・ユニティリーグ・NSリーグ星取表.pdf
2023,Tokyo Unity League,(U-16)2部,東海大菅生,東海大菅生,,日大三,日大三,,3,3,waseda_2023-Tリーグ・ユニティリーグ・NSリーグ星取表.pdf
2023,Tokyo Unity League,(U-16)2部,東京朝鮮,東京朝鮮,,都立駒場,駒場,,2,2,waseda_2023-Tリーグ・ユニティリーグ・NSリーグ星取表.pdf
2023,Tokyo Unity League,(U-16)2部,東京朝鮮,東京朝鮮,,早大学院,早大学院,,5,1,waseda_2023-Tリーグ・ユニティリーグ・NSリーグ星取表.pdf
2023,Tokyo Unity League,(U-16)2部,東京朝鮮,東京朝鮮,,大森学園,大森学園,,1,0,waseda_2023-Tリーグ・ユニティリーグ・NSリーグ星取表.pdf
2023,Tokyo Unity League,(U-16)2部,東京朝鮮,東京朝鮮,,都立石神井,石神井,,0,1,waseda_2023-Tリーグ・ユニティリーグ・NSリーグ星取表.pdf
2023,Tokyo Unity League,(U-16)2部,東京朝鮮,東京朝鮮,,日大三,日大三,,3,2,waseda_2023-Tリーグ・ユニティリーグ・NSリーグ星取表.pdf
2023,Tokyo Unity League,(U-16)2部,都立駒場,駒場,,早大学院,早大学院,,2,1,waseda_2023-Tリーグ・ユニティリーグ・NSリーグ星取表.pdf
2023,Tokyo Unity League,(U-16)2部,都立駒場,駒場,,大森学園,大森学園,,2,2,waseda_2023-Tリーグ・ユニティリーグ・NSリーグ星取表.pdf
2023,Tokyo Unity League,(U-16)2部,都立駒場,駒場,,都立石神井,石神井,,3,0,waseda_2023-Tリーグ・ユニティリーグ・NSリーグ星取表.pdf
2023,Tokyo Unity League,(U-16)2部,都立駒場,駒場,,日大三,日大三,,0,2,waseda_2023-Tリーグ・ユニティリーグ・NSリーグ星取表.pdf
2023,Tokyo Unity League,(U-16)2部,早大学院,早大学院,,大森学園,大森学園,,2,6,waseda_2023-Tリーグ・ユニティリーグ・NSリーグ星取表.pdf
2023,Tokyo Unity League,(U-16)2部,早大学院,早大学院,,都立石神井,石神井,,2,1,waseda_2023-Tリーグ・ユニティリーグ・NSリーグ星取表.pdf
2023,Tokyo Unity League,(U-16)2部,早大学院,早大学院,,日大三,日大三,,0,3,waseda_2023-Tリーグ・ユニティリーグ・NSリーグ星取表.pdf
2023,Tokyo Unity League,(U-16)2部,大森学園,大森学園,,都立石神井,石神井,,4,0,waseda_2023-Tリーグ・ユニティリーグ・NSリーグ星取表.pdf
2023,Tokyo Unity League,(U-16)2部,大森学園,大森学園,,日大三,日大三,,1,0,waseda_2023-Tリーグ・ユニティリーグ・NSリーグ星取表.pdf
2023,Tokyo Unity League,(U-16)2部,都立石神井,石神井,,日大三,日大三,,1,0,waseda_2023-Tリーグ・ユニティリーグ・NSリーグ星取表.pdf
2023,NSリーグ,1部,杉並FC,杉並F,C,専大附属Ａ,専大附属,A,1,5,waseda_2023-Tリーグ・ユニティリーグ・NSリーグ星取表.pdf
2023,NSリーグ,1部,杉並FC,杉並F,C,明大中野Ａ,明大中野,A,1,4,waseda_2023-Tリーグ・ユニティリーグ・NSリーグ星取表.pdf
2023,NSリーグ,1部,杉並FC,杉並F,C,早大学院Ｂ,早大学院,B,0,6,waseda_2023-Tリーグ・ユニティリーグ・NSリーグ星取表.pdf
2023,NSリーグ,1部,杉並FC,杉並F,C,國學院久我山Ｅ,国学院久我山,E,0,2,waseda_2023-Tリーグ・ユニティリーグ・NSリーグ星取表.pdf
2023,NSリーグ,1部,杉並FC,杉並F,C,都・光丘Ａ,光丘,A,0,1,waseda_2023-Tリーグ・ユニティリーグ・NSリーグ星取表.pdf
2023,NSリーグ,1部,杉並FC,杉並F,C,都・武蔵丘,武蔵丘,,2,6,waseda_2023-Tリーグ・ユニティリーグ・NSリーグ星取表.pdf
2023,NSリーグ,1部,杉並FC,杉並F,C,実践学園D,実践学園,D,1,7,waseda_2023-Tリーグ・ユニティリーグ・NSリーグ星取表.pdf
2023,NSリーグ,1部,杉並FC,杉並F,C,中大杉並,中大杉並,,1,4,waseda_2023-Tリーグ・ユニティリーグ・NSリーグ星取表.pdf
2023,NSリーグ,1部,杉並ソシオＡ,杉並ソシオ,A,専大附属Ａ,専大附属,A,2,2,waseda_2023-Tリーグ・ユニティリーグ・NSリーグ星取表.pdf
2023,NSリーグ,1部,杉並ソシオＡ,杉並ソシオ,A,明大中野Ａ,明大中野,A,0,1,waseda_2023-Tリーグ・ユニティリーグ・NSリーグ星取表.pdf
2023,NSリーグ,1部,杉並ソシオＡ,杉並ソシオ,A,早大学院Ｂ,早大学院,B,4,6,waseda_2023-Tリーグ・ユニティリーグ・NSリーグ星取表.pdf
2023,NSリーグ,1部,杉並ソシオＡ,杉並ソシオ,A,國學院久我山Ｅ,国学院久我山,E,1,1,waseda_2023-Tリーグ・ユニティリーグ・NSリーグ星取表.pdf
2023,NSリーグ,1部,杉並ソシオＡ,杉並ソシオ,A,都・光丘Ａ,光丘,A,9,0,waseda_2023-Tリーグ・ユニティリーグ・NSリーグ星取表.pdf
2023,NSリーグ,1部,杉並ソシオＡ,杉並ソシオ,A,都・武蔵丘,武蔵丘,,2,1,waseda_2023-Tリーグ・ユニティリーグ・NSリーグ星取表.pdf
2023,NSリーグ,1部,杉並ソシオＡ,杉並ソシオ,A,実践学園D,実践学園,D,1,3,waseda_2023-Tリーグ・ユニティリーグ・NSリーグ星取表.pdf
2023,NSリーグ,1部,杉並ソシオＡ,杉並ソシオ,A,中大杉並,中大杉並,,7,0,waseda_2023-Tリーグ・ユニティリーグ・NSリーグ星取表.pdf
2023,NSリーグ,1部,専大附属Ａ,専大附属,A,明大中野Ａ,明大中野,A,4,0,waseda_2023-Tリーグ・ユニティリーグ・NSリーグ星取表.pdf
2023,NSリーグ,1部,専大附属Ａ,専大附属,A,早大学院Ｂ,早大学院,B,1,2,waseda_2023-Tリーグ・ユニティリーグ・NSリーグ星取表.pdf
2023,NSリーグ,1部,専大附属Ａ,専大附属,A,國學院久我山Ｅ,国学院久我山,E,4,3,waseda_2023-Tリーグ・ユニティリーグ・NSリーグ星取表.pdf
2023,NSリーグ,1部,専大附属Ａ,専大附属,A,都・光丘Ａ,光丘,A,7,2,waseda_2023-Tリーグ・ユニティリーグ・NSリーグ星取表.pdf
2023,NSリーグ,1部,専大附属Ａ,専大附属,A,都・武蔵丘,武蔵丘,,6,4,waseda_2023-Tリーグ・ユニティリーグ・NSリーグ星取表.pdf
2023,NSリーグ,1部,専大附属Ａ,専大附属,A,実践学園D,実践学園,D,3,1,waseda_2023-Tリーグ・ユニティリーグ・NSリーグ星取表.pdf
2023,NSリーグ,1部,専大附属Ａ,専大附属,A,中大杉並,中大杉並,,1,1,waseda_2023-Tリーグ・ユニティリーグ・NSリーグ星取表.pdf
2023,NSリーグ,1部,明大中野Ａ,明大中野,A,早大学院Ｂ,早大学院,B,4,2,waseda_2023-Tリーグ・ユニティリーグ・NSリーグ星取表.pdf
2023,NSリーグ,1部,明大中野Ａ,明大中野,A,國學院久我山Ｅ,国学院久我山,E,2,1,waseda_2023-Tリーグ・ユニティリーグ・NSリーグ星取表.pdf
2023,NSリーグ,1部,明大中野Ａ,明大中野,A,都・光丘Ａ,光丘,A,1,0,waseda_2023-Tリーグ・ユニティリーグ・NSリーグ星取表.pdf
2023,NSリーグ,1部,明大中野Ａ,明大中野,A,都・武蔵丘,武蔵丘,,4,0,waseda_2023-Tリーグ・ユニティリーグ・NSリーグ星取表.pdf
2023,NSリーグ,1部,明大中野Ａ,明大中野,A,実践学園D,実践学園,D,3,3,waseda_2023-Tリーグ・ユニティリーグ・NSリーグ星取表.pdf
2023,NSリーグ,1部,明大中野Ａ,明大中野,A,中大杉並,中大杉並,,4,0,waseda_2023-Tリーグ・ユニティリーグ・NSリーグ星取表.pdf
2023,NSリーグ,1部,早大学院Ｂ,早大学院,B,國學院久我山Ｅ,国学院久我山,E,3,4,waseda_2023-Tリーグ・ユニティリーグ・NSリーグ星取表.pdf
2023,NSリーグ,1部,早大学院Ｂ,早大学院,B,都・光丘Ａ,光丘,A,7,1,waseda_2023-Tリーグ・ユニティリーグ・NSリーグ星取表.pdf
2023,NSリーグ,1部,早大学院Ｂ,早大学院,B,都・武蔵丘,武蔵丘,,5,0,waseda_2023-Tリーグ・ユニティリーグ・NSリーグ星取表.pdf
2023,NSリーグ,1部,早大学院Ｂ,早大学院,B,実践学園D,実践学園,D,1,2,waseda_2023-Tリーグ・ユニティリーグ・NSリーグ星取表.pdf
2023,NSリーグ,1部,早大学院Ｂ,早大学院,B,中大杉並,中大杉並,,5,1,waseda_2023-Tリーグ・ユニティリーグ・NSリーグ星取表.pdf
2023,NSリーグ,1部,國學院久我山Ｅ,国学院久我山,E,都・光丘Ａ,光丘,A,11,1,waseda_2023-Tリーグ・ユニティリーグ・NSリーグ星取表.pdf
2023,NSリーグ,1部,國學院久我山Ｅ,国学院久我山,E,都・武蔵丘,武蔵丘,,1,1,waseda_2023-Tリーグ・ユニティリーグ・NSリーグ星取表.pdf
2023,NSリーグ,1部,國學院久我山Ｅ,国学院久我山,E,実践学園D,実践学園,D,3,1,waseda_2023-Tリーグ・ユニティリーグ・NSリーグ星取表.pdf
2023,NSリーグ,1部,都・光丘Ａ,光丘,A,都・武蔵丘,武蔵丘,,0,16,waseda_2023-Tリーグ・ユニティリーグ・NSリーグ星取表.pdf
2023,NSリーグ,1部,都・光丘Ａ,光丘,A,実践学園D,実践学園,D,0,8,waseda_2023-Tリーグ・ユニティリーグ・NSリーグ星取表.pdf
2023,NSリーグ,1部,都・光丘Ａ,光丘,A,中大杉並,中大杉並,,2,0,waseda_2023-Tリーグ・ユニティリーグ・NSリーグ星取表.pdf
2023,NSリーグ,1部,都・武蔵丘,武蔵丘,,実践学園D,実践学園,D,0,4,waseda_2023-Tリーグ・ユニティリーグ・NSリーグ星取表.pdf
2023,NSリーグ,1部,都・武蔵丘,武蔵丘,,中大杉並,中大杉並,,1,4,waseda_2023-Tリーグ・ユニティリーグ・NSリーグ星取表.pdf
2023,NSリーグ,1部,実践学園D,実践学園,D,中大杉並,中大杉並,,1,1,waseda_2023-Tリーグ・ユニティリーグ・NSリーグ星取表.pdf
2023,NSリーグ,2部Bブロック,都・大泉,大泉,,都・豊多摩A,豊多摩,A,0,6,waseda_2023-Tリーグ・ユニティリーグ・NSリーグ星取表.pdf
2023,NSリーグ,2部Bブロック,都・大泉,大泉,,日大二B,日大二,B,1,5,waseda_2023-Tリーグ・ユニティリーグ・NSリーグ星取表.pdf
2023,NSリーグ,2部Bブロック,都・大泉,大泉,,早大学院Ｃ,早大学院,C,0,2,waseda_2023-Tリーグ・ユニティリーグ・NSリーグ星取表.pdf
2023,NSリーグ,2部Bブロック,都・大泉,大泉,,都・西A,西,A,1,2,waseda_2023-Tリーグ・ユニティリーグ・NSリーグ星取表.pdf
2023,NSリーグ,2部Bブロック,都・大泉,大泉,,明大中野Ｂ,明大中野,B,2,1,waseda_2023-Tリーグ・ユニティリーグ・NSリーグ星取表.pdf
2023,NSリーグ,2部Bブロック,都・大泉,大泉,,実践学園E,実践学園,E,0,7,waseda_2023-Tリーグ・ユニティリーグ・NSリーグ星取表.pdf
2023,NSリーグ,2部Bブロック,都・大泉,大泉,,文大杉並,文大杉並,,0,6,waseda_2023-Tリーグ・ユニティリーグ・NSリーグ星取表.pdf
2023,NSリーグ,2部Bブロック,都・豊多摩A,豊多摩,A,日大二B,日大二,B,1,0,waseda_2023-Tリーグ・ユニティリーグ・NSリーグ星取表.pdf
2023,NSリーグ,2部Bブロック,都・豊多摩A,豊多摩,A,早大学院Ｃ,早大学院,C,3,3,waseda_2023-Tリーグ・ユニティリーグ・NSリーグ星取表.pdf
2023,NSリーグ,2部Bブロック,都・豊多摩A,豊多摩,A,都・西A,西,A,6,0,waseda_2023-Tリーグ・ユニティリーグ・NSリーグ星取表.pdf
2023,NSリーグ,2部Bブロック,都・豊多摩A,豊多摩,A,明大中野Ｂ,明大中野,B,7,0,waseda_2023-Tリーグ・ユニティリーグ・NSリーグ星取表.pdf
2023,NSリーグ,2部Bブロック,都・豊多摩A,豊多摩,A,実践学園E,実践学園,E,2,1,waseda_2023-Tリーグ・ユニティリーグ・NSリーグ星取表.pdf
2023,NSリーグ,2部Bブロック,都・豊多摩A,豊多摩,A,文大杉並,文大杉並,,4,1,waseda_2023-Tリーグ・ユニティリーグ・NSリーグ星取表.pdf
2023,NSリーグ,2部Bブロック,日大二B,日大二,B,早大学院Ｃ,早大学院,C,0,0,waseda_2023-Tリーグ・ユニティリーグ・NSリーグ星取表.pdf
2023,NSリーグ,2部Bブロック,日大二B,日大二,B,都・西A,西,A,5,0,waseda_2023-Tリーグ・ユニティリーグ・NSリーグ星取表.pdf
2023,NSリーグ,2部Bブロック,日大二B,日大二,B,明大中野Ｂ,明大中野,B,5,0,waseda_2023-Tリーグ・ユニティリーグ・NSリーグ星取表.pdf
2023,NSリーグ,2部Bブロック,日大二B,日大二,B,実践学園E,実践学園,E,1,4,waseda_2023-Tリーグ・ユニティリーグ・NSリーグ星取表.pdf
2023,NSリーグ,2部Bブロック,日大二B,日大二,B,文大杉並,文大杉並,,1,5,waseda_2023-Tリーグ・ユニティリーグ・NSリーグ星取表.pdf
2023,NSリーグ,2部Bブロック,早大学院Ｃ,早大学院,C,都・西A,西,A,1,1,waseda_2023-Tリーグ・ユニティリーグ・NSリーグ星取表.pdf
2023,NSリーグ,2部Bブロック,早大学院Ｃ,早大学院,C,明大中野Ｂ,明大中野,B,3,2,waseda_2023-Tリーグ・ユニティリーグ・NSリーグ星取表.pdf
2023,NSリーグ,2部Bブロック,早大学院Ｃ,早大学院,C,実践学園E,実践学園,E,4,2,waseda_2023-Tリーグ・ユニティリーグ・NSリーグ星取表.pdf
2023,NSリーグ,2部Bブロック,早大学院Ｃ,早大学院,C,文大杉並,文大杉並,,3,2,waseda_2023-Tリーグ・ユニティリーグ・NSリーグ星取表.pdf
2023,NSリーグ,2部Bブロック,都・西A,西,A,明大中野Ｂ,明大中野,B,6,1,waseda_2023-Tリーグ・ユニティリーグ・NSリーグ星取表.pdf
2023,NSリーグ,2部Bブロック,都・西A,西,A,実践学園E,実践学園,E,4,6,waseda_2023-Tリーグ・ユニティリーグ・NSリーグ星取表.pdf
2023,NSリーグ,2部Bブロック,都・西A,西,A,文大杉並,文大杉並,,1,6,waseda_2023-Tリーグ・ユニティリーグ・NSリーグ星取表.pdf
2023,NSリーグ,2部Bブロック,明大中野Ｂ,明大中野,B,実践学園E,実践学園,E,1,10,waseda_2023-Tリーグ・ユニティリーグ・NSリーグ星取表.pdf
2023,NSリーグ,2部Bブロック,明大中野Ｂ,明大中野,B,文大杉並,文大杉並,,0,5,waseda_2023-Tリーグ・ユニティリーグ・NSリーグ星取表.pdf
2023,NSリーグ,2部Bブロック,実践学園E,実践学園,E,文大杉並,文大杉並,,4,2,waseda_2023-Tリーグ・ユニティリーグ・NSリーグ星取表.pdf
2023,NSリーグ,2部5位・6位順位決定戦,杉並学院A,杉並学院,A,早大学院C,早大学院,C,3,5,waseda_2023-Tリーグ・ユニティリーグ・NSリーグ星取表.pdf
2024,Tリーグ,T3リーグAブロック,都立石神井,石神井,,日大三,日大三,,2,3,waseda_2024-Tリーグ・ユニティリーグ・NSリーグ星取表20250109.pdf
2024,Tリーグ,T3リーグAブロック,都立石神井,石神井,,日大豊山,日大豊山,,2,2,waseda_2024-Tリーグ・ユニティリーグ・NSリーグ星取表20250109.pdf
2024,Tリーグ,T3リーグAブロック,都立石神井,石神井,,駿台学園,駿台学園,,1,2,waseda_2024-Tリーグ・ユニティリーグ・NSリーグ星取表20250109.pdf
2024,Tリーグ,T3リーグAブロック,都立石神井,石神井,,東海大菅生,東海大菅生,,1,2,waseda_2024-Tリーグ・ユニティリーグ・NSリーグ星取表20250109.pdf
2024,Tリーグ,T3リーグAブロック,都立石神井,石神井,,暁星,暁星,,3,0,waseda_2024-Tリーグ・ユニティリーグ・NSリーグ星取表20250109.pdf
2024,Tリーグ,T3リーグAブロック,都立石神井,石神井,,成立学園B,成立学園,B,2,1,waseda_2024-Tリーグ・ユニティリーグ・NSリーグ星取表20250109.pdf
2024,Tリーグ,T3リーグAブロック,都立石神井,石神井,,早大学院,早大学院,,0,0,waseda_2024-Tリーグ・ユニティリーグ・NSリーグ星取表20250109.pdf
2024,Tリーグ,T3リーグAブロック,都立石神井,石神井,,多摩大目黒B,多摩大学目黒,B,2,1,waseda_2024-Tリーグ・ユニティリーグ・NSリーグ星取表20250109.pdf
2024,Tリーグ,T3リーグAブロック,都立石神井,石神井,,昭和第一,昭和第一,,1,0,waseda_2024-Tリーグ・ユニティリーグ・NSリーグ星取表20250109.pdf
2024,Tリーグ,T3リーグAブロック,日大三,日大三,,日大豊山,日大豊山,,1,0,waseda_2024-Tリーグ・ユニティリーグ・NSリーグ星取表20250109.pdf
2024,Tリーグ,T3リーグAブロック,日大三,日大三,,駿台学園,駿台学園,,2,2,waseda_2024-Tリーグ・ユニティリーグ・NSリーグ星取表20250109.pdf
2024,Tリーグ,T3リーグAブロック,日大三,日大三,,東海大菅生,東海大菅生,,4,0,waseda_2024-Tリーグ・ユニティリーグ・NSリーグ星取表20250109.pdf
2024,Tリーグ,T3リーグAブロック,日大三,日大三,,暁星,暁星,,2,2,waseda_2024-Tリーグ・ユニティリーグ・NSリーグ星取表20250109.pdf
2024,Tリーグ,T3リーグAブロック,日大三,日大三,,成立学園B,成立学園,B,1,0,waseda_2024-Tリーグ・ユニティリーグ・NSリーグ星取表20250109.pdf
2024,Tリーグ,T3リーグAブロック,日大三,日大三,,早大学院,早大学院,,1,0,waseda_2024-Tリーグ・ユニティリーグ・NSリーグ星取表20250109.pdf
2024,Tリーグ,T3リーグAブロック,日大三,日大三,,多摩大目黒B,多摩大学目黒,B,2,2,waseda_2024-Tリーグ・ユニティリーグ・NSリーグ星取表20250109.pdf
2024,Tリーグ,T3リーグAブロック,日大三,日大三,,昭和第一,昭和第一,,0,1,waseda_2024-Tリーグ・ユニティリーグ・NSリーグ星取表20250109.pdf
2024,Tリーグ,T3リーグAブロック,日大豊山,日大豊山,,駿台学園,駿台学園,,2,5,waseda_2024-Tリーグ・ユニティリーグ・NSリーグ星取表20250109.pdf
2024,Tリーグ,T3リーグAブロック,日大豊山,日大豊山,,東海大菅生,東海大菅生,,2,4,waseda_2024-Tリーグ・ユニティリーグ・NSリーグ星取表20250109.pdf
2024,Tリーグ,T3リーグAブロック,日大豊山,日大豊山,,暁星,暁星,,2,0,waseda_2024-Tリーグ・ユニティリーグ・NSリーグ星取表20250109.pdf
2024,Tリーグ,T3リーグAブロック,日大豊山,日大豊山,,成立学園B,成立学園,B,2,2,waseda_2024-Tリーグ・ユニティリーグ・NSリーグ星取表20250109.pdf
2024,Tリーグ,T3リーグAブロック,日大豊山,日大豊山,,早大学院,早大学院,,0,0,waseda_2024-Tリーグ・ユニティリーグ・NSリーグ星取表20250109.pdf
2024,Tリーグ,T3リーグAブロック,日大豊山,日大豊山,,多摩大目黒B,多摩大学目黒,B,0,2,waseda_2024-Tリーグ・ユニティリーグ・NSリーグ星取表20250109.pdf
2024,Tリーグ,T3リーグAブロック,日大豊山,日大豊山,,昭和第一,昭和第一,,2,0,waseda_2024-Tリーグ・ユニティリーグ・NSリーグ星取表20250109.pdf
2024,Tリーグ,T3リーグAブロック,駿台学園,駿台学園,,東海大菅生,東海大菅生,,1,0,waseda_2024-Tリーグ・ユニティリーグ・NSリーグ星取表20250109.pdf
2024,Tリーグ,T3リーグAブロック,駿台学園,駿台学園,,暁星,暁星,,5,4,waseda_2024-Tリーグ・ユニティリーグ・NSリーグ星取表20250109.pdf
2024,Tリーグ,T3リーグAブロック,駿台学園,駿台学園,,成立学園B,成立学園,B,1,1,waseda_2024-Tリーグ・ユニティリーグ・NSリーグ星取表20250109.pdf
2024,Tリーグ,T3リーグAブロック,駿台学園,駿台学園,,早大学院,早大学院,,0,1,waseda_2024-Tリーグ・ユニティリーグ・NSリーグ星取表20250109.pdf
2024,Tリーグ,T3リーグAブロック,駿台学園,駿台学園,,多摩大目黒B,多摩大学目黒,B,3,0,waseda_2024-Tリーグ・ユニティリーグ・NSリーグ星取表20250109.pdf
2024,Tリーグ,T3リーグAブロック,駿台学園,駿台学園,,昭和第一,昭和第一,,2,0,waseda_2024-Tリーグ・ユニティリーグ・NSリーグ星取表20250109.pdf
2024,Tリーグ,T3リーグAブロック,東海大菅生,東海大菅生,,暁星,暁星,,4,0,waseda_2024-Tリーグ・ユニティリーグ・NSリーグ星取表20250109.pdf
2024,Tリーグ,T3リーグAブロック,東海大菅生,東海大菅生,,成立学園B,成立学園,B,0,4,waseda_2024-Tリーグ・ユニティリーグ・NSリーグ星取表20250109.pdf
2024,Tリーグ,T3リーグAブロック,東海大菅生,東海大菅生,,早大学院,早大学院,,2,0,waseda_2024-Tリーグ・ユニティリーグ・NSリーグ星取表20250109.pdf
2024,Tリーグ,T3リーグAブロック,東海大菅生,東海大菅生,,多摩大目黒B,多摩大学目黒,B,4,0,waseda_2024-Tリーグ・ユニティリーグ・NSリーグ星取表20250109.pdf
2024,Tリーグ,T3リーグAブロック,東海大菅生,東海大菅生,,昭和第一,昭和第一,,2,1,waseda_2024-Tリーグ・ユニティリーグ・NSリーグ星取表20250109.pdf
2024,Tリーグ,T3リーグAブロック,暁星,暁星,,成立学園B,成立学園,B,3,2,waseda_2024-Tリーグ・ユニティリーグ・NSリーグ星取表20250109.pdf
2024,Tリーグ,T3リーグAブロック,暁星,暁星,,早大学院,早大学院,,5,0,waseda_2024-Tリーグ・ユニティリーグ・NSリーグ星取表20250109.pdf
2024,Tリーグ,T3リーグAブロック,暁星,暁星,,多摩大目黒B,多摩大学目黒,B,1,3,waseda_2024-Tリーグ・ユニティリーグ・NSリーグ星取表20250109.pdf
2024,Tリーグ,T3リーグAブロック,暁星,暁星,,昭和第一,昭和第一,,3,0,waseda_2024-Tリーグ・ユニティリーグ・NSリーグ星取表20250109.pdf
2024,Tリーグ,T3リーグAブロック,成立学園B,成立学園,B,早大学院,早大学院,,1,0,waseda_2024-Tリーグ・ユニティリーグ・NSリーグ星取表20250109.pdf
2024,Tリーグ,T3リーグAブロック,成立学園B,成立学園,B,多摩大目黒B,多摩大学目黒,B,1,2,waseda_2024-Tリーグ・ユニティリーグ・NSリーグ星取表20250109.pdf
2024,Tリーグ,T3リーグAブロック,成立学園B,成立学園,B,昭和第一,昭和第一,,1,0,waseda_2024-Tリーグ・ユニティリーグ・NSリーグ星取表20250109.pdf
2024,Tリーグ,T3リーグAブロック,早大学院,早大学院,,多摩大目黒B,多摩大学目黒,B,3,2,waseda_2024-Tリーグ・ユニティリーグ・NSリーグ星取表20250109.pdf
2024,Tリーグ,T3リーグAブロック,早大学院,早大学院,,昭和第一,昭和第一,,0,2,waseda_2024-Tリーグ・ユニティリーグ・NSリーグ星取表20250109.pdf
2024,Tリーグ,T3リーグAブロック,多摩大目黒B,多摩大学目黒,B,昭和第一,昭和第一,,2,1,waseda_2024-Tリーグ・ユニティリーグ・NSリーグ星取表20250109.pdf
2024,Tリーグ,T3リーグ17位・18位順位決定戦,早大学院,早大学院,,横河武蔵野B,横河武蔵野,B,3,3,waseda_2024-Tリーグ・ユニティリーグ・NSリーグ星取表20250109.pdf
2024,Tokyo Unity League,(U-16)2部,関東第一,関東第一,,大森学園,大森学園,,7,0,waseda_2024-Tリーグ・ユニティリーグ・NSリーグ星取表20250109.pdf
2024,Tokyo Unity League,(U-16)2部,関東第一,関東第一,,東京朝鮮,東京朝鮮,,2,0,waseda_2024-Tリーグ・ユニティリーグ・NSリーグ星取表20250109.pdf
2024,Tokyo Unity League,(U-16)2部,関東第一,関東第一,,東海大高輪台,東海大高輪台,,1,2,waseda_2024-Tリーグ・ユニティリーグ・NSリーグ星取表20250109.pdf
2024,Tokyo Unity League,(U-16)2部,関東第一,関東第一,,都立駒場,駒場,,2,1,waseda_2024-Tリーグ・ユニティリーグ・NSリーグ星取表20250109.pdf
2024,Tokyo Unity League,(U-16)2部,関東第一,関東第一,,日大三,日大三,,7,3,waseda_2024-Tリーグ・ユニティリーグ・NSリーグ星取表20250109.pdf
2024,Tokyo Unity League,(U-16)2部,関東第一,関東第一,,トリプレッタ,トリプレッタ,,1,1,waseda_2024-Tリーグ・ユニティリーグ・NSリーグ星取表20250109.pdf
2024,Tokyo Unity League,(U-16)2部,関東第一,関東第一,,東海大菅生,東海大菅生,,2,0,waseda_2024-Tリーグ・ユニティリーグ・NSリーグ星取表20250109.pdf
2024,Tokyo Unity League,(U-16)2部,関東第一,関東第一,,早大学院,早大学院,,10,0,waseda_2024-Tリーグ・ユニティリーグ・NSリーグ星取表20250109.pdf
2024,Tokyo Unity League,(U-16)2部,関東第一,関東第一,,都立石神井,石神井,,9,2,waseda_2024-Tリーグ・ユニティリーグ・NSリーグ星取表20250109.pdf
2024,Tokyo Unity League,(U-16)2部,関東第一,関東第一,,目白研心,目白研心,,2,0,waseda_2024-Tリーグ・ユニティリーグ・NSリーグ星取表20250109.pdf
2024,Tokyo Unity League,(U-16)2部,関東第一,関東第一,,創価,創価,,4,1,waseda_2024-Tリーグ・ユニティリーグ・NSリーグ星取表20250109.pdf
2024,Tokyo Unity League,(U-16)2部,大森学園,大森学園,,東京朝鮮,東京朝鮮,,3,4,waseda_2024-Tリーグ・ユニティリーグ・NSリーグ星取表20250109.pdf
2024,Tokyo Unity League,(U-16)2部,大森学園,大森学園,,東海大高輪台,東海大高輪台,,1,3,waseda_2024-Tリーグ・ユニティリーグ・NSリーグ星取表20250109.pdf
2024,Tokyo Unity League,(U-16)2部,大森学園,大森学園,,都立駒場,駒場,,7,1,waseda_2024-Tリーグ・ユニティリーグ・NSリーグ星取表20250109.pdf
2024,Tokyo Unity League,(U-16)2部,大森学園,大森学園,,日大三,日大三,,4,2,waseda_2024-Tリーグ・ユニティリーグ・NSリーグ星取表20250109.pdf
2024,Tokyo Unity League,(U-16)2部,大森学園,大森学園,,トリプレッタ,トリプレッタ,,2,2,waseda_2024-Tリーグ・ユニティリーグ・NSリーグ星取表20250109.pdf
2024,Tokyo Unity League,(U-16)2部,大森学園,大森学園,,東海大菅生,東海大菅生,,4,2,waseda_2024-Tリーグ・ユニティリーグ・NSリーグ星取表20250109.pdf
2024,Tokyo Unity League,(U-16)2部,大森学園,大森学園,,早大学院,早大学院,,3,1,waseda_2024-Tリーグ・ユニティリーグ・NSリーグ星取表20250109.pdf
2024,Tokyo Unity League,(U-16)2部,大森学園,大森学園,,都立石神井,石神井,,4,1,waseda_2024-Tリーグ・ユニティリーグ・NSリーグ星取表20250109.pdf
2024,Tokyo Unity League,(U-16)2部,大森学園,大森学園,,目白研心,目白研心,,1,0,waseda_2024-Tリーグ・ユニティリーグ・NSリーグ星取表20250109.pdf
2024,Tokyo Unity League,(U-16)2部,大森学園,大森学園,,創価,創価,,0,2,waseda_2024-Tリーグ・ユニティリーグ・NSリーグ星取表20250109.pdf
2024,Tokyo Unity League,(U-16)2部,東京朝鮮,東京朝鮮,,東海大高輪台,東海大高輪台,,1,2,waseda_2024-Tリーグ・ユニティリーグ・NSリーグ星取表20250109.pdf
2024,Tokyo Unity League,(U-16)2部,東京朝鮮,東京朝鮮,,都立駒場,駒場,,3,1,waseda_2024-Tリーグ・ユニティリーグ・NSリーグ星取表20250109.pdf
2024,Tokyo Unity League,(U-16)2部,東京朝鮮,東京朝鮮,,日大三,日大三,,3,4,waseda_2024-Tリーグ・ユニティリーグ・NSリーグ星取表20250109.pdf
2024,Tokyo Unity League,(U-16)2部,東京朝鮮,東京朝鮮,,トリプレッタ,トリプレッタ,,2,3,waseda_2024-Tリーグ・ユニティリーグ・NSリーグ星取表20250109.pdf
2024,Tokyo Unity League,(U-16)2部,東京朝鮮,東京朝鮮,,東海大菅生,東海大菅生,,6,0,waseda_2024-Tリーグ・ユニティリーグ・NSリーグ星取表20250109.pdf
2024,Tokyo Unity League,(U-16)2部,東京朝鮮,東京朝鮮,,早大学院,早大学院,,2,1,waseda_2024-Tリーグ・ユニティリーグ・NSリーグ星取表20250109.pdf
2024,Tokyo Unity League,(U-16)2部,東京朝鮮,東京朝鮮,,都立石神井,石神井,,7,1,waseda_2024-Tリーグ・ユニティリーグ・NSリーグ星取表20250109.pdf
2024,Tokyo Unity League,(U-16)2部,東京朝鮮,東京朝鮮,,目白研心,目白研心,,2,1,waseda_2024-Tリーグ・ユニティリーグ・NSリーグ星取表20250109.pdf
2024,Tokyo Unity League,(U-16)2部,東京朝鮮,東京朝鮮,,創価,創価,,1,2,waseda_2024-Tリーグ・ユニティリーグ・NSリーグ星取表20250109.pdf
2024,Tokyo Unity League,(U-16)2部,東海大高輪台,東海大高輪台,,都立駒場,駒場,,1,0,waseda_2024-Tリーグ・ユニティリーグ・NSリーグ星取表20250109.pdf
2024,Tokyo Unity League,(U-16)2部,東海大高輪台,東海大高輪台,,日大三,日大三,,2,0,waseda_2024-Tリーグ・ユニティリーグ・NSリーグ星取表20250109.pdf
2024,Tokyo Unity League,(U-16)2部,東海大高輪台,東海大高輪台,,トリプレッタ,トリプレッタ,,2,1,waseda_2024-Tリーグ・ユニティリーグ・NSリーグ星取表20250109.pdf
2024,Tokyo Unity League,(U-16)2部,東海大高輪台,東海大高輪台,,東海大菅生,東海大菅生,,4,0,waseda_2024-Tリーグ・ユニティリーグ・NSリーグ星取表20250109.pdf
2024,Tokyo Unity League,(U-16)2部,東海大高輪台,東海大高輪台,,早大学院,早大学院,,2,0,waseda_2024-Tリーグ・ユニティリーグ・NSリーグ星取表20250109.pdf
2024,Tokyo Unity League,(U-16)2部,東海大高輪台,東海大高輪台,,都立石神井,石神井,,3,2,waseda_2024-Tリーグ・ユニティリーグ・NSリーグ星取表20250109.pdf
2024,Tokyo Unity League,(U-16)2部,東海大高輪台,東海大高輪台,,目白研心,目白研心,,2,1,waseda_2024-Tリーグ・ユニティリーグ・NSリーグ星取表20250109.pdf
2024,Tokyo Unity League,(U-16)2部,東海大高輪台,東海大高輪台,,創価,創価,,5,2,waseda_2024-Tリーグ・ユニティリーグ・NSリーグ星取表20250109.pdf
2024,Tokyo Unity League,(U-16)2部,都立駒場,駒場,,日大三,日大三,,1,0,waseda_2024-Tリーグ・ユニティリーグ・NSリーグ星取表20250109.pdf
2024,Tokyo Unity League,(U-16)2部,都立駒場,駒場,,トリプレッタ,トリプレッタ,,2,2,waseda_2024-Tリーグ・ユニティリーグ・NSリーグ星取表20250109.pdf
2024,Tokyo Unity League,(U-16)2部,都立駒場,駒場,,東海大菅生,東海大菅生,,2,0,waseda_2024-Tリーグ・ユニティリーグ・NSリーグ星取表20250109.pdf
2024,Tokyo Unity League,(U-16)2部,都立駒場,駒場,,早大学院,早大学院,,0,2,waseda_2024-Tリーグ・ユニティリーグ・NSリーグ星取表20250109.pdf
2024,Tokyo Unity League,(U-16)2部,都立駒場,駒場,,都立石神井,石神井,,3,4,waseda_2024-Tリーグ・ユニティリーグ・NSリーグ星取表20250109.pdf
2024,Tokyo Unity League,(U-16)2部,都立駒場,駒場,,目白研心,目白研心,,1,1,waseda_2024-Tリーグ・ユニティリーグ・NSリーグ星取表20250109.pdf
2024,Tokyo Unity League,(U-16)2部,都立駒場,駒場,,創価,創価,,1,3,waseda_2024-Tリーグ・ユニティリーグ・NSリーグ星取表20250109.pdf
2024,Tokyo Unity League,(U-16)2部,日大三,日大三,,トリプレッタ,トリプレッタ,,1,1,waseda_2024-Tリーグ・ユニティリーグ・NSリーグ星取表20250109.pdf
2024,Tokyo Unity League,(U-16)2部,日大三,日大三,,東海大菅生,東海大菅生,,4,2,waseda_2024-Tリーグ・ユニティリーグ・NSリーグ星取表20250109.pdf
2024,Tokyo Unity League,(U-16)2部,日大三,日大三,,早大学院,早大学院,,3,2,waseda_2024-Tリーグ・ユニティリーグ・NSリーグ星取表20250109.pdf
2024,Tokyo Unity League,(U-16)2部,日大三,日大三,,都立石神井,石神井,,4,2,waseda_2024-Tリーグ・ユニティリーグ・NSリーグ星取表20250109.pdf
2024,Tokyo Unity League,(U-16)2部,日大三,日大三,,目白研心,目白研心,,2,4,waseda_2024-Tリーグ・ユニティリーグ・NSリーグ星取表20250109.pdf
2024,Tokyo Unity League,(U-16)2部,日大三,日大三,,創価,創価,,1,2,waseda_2024-Tリーグ・ユニティリーグ・NSリーグ星取表20250109.pdf
2024,Tokyo Unity League,(U-16)2部,トリプレッタ,トリプレッタ,,早大学院,早大学院,,5,1,waseda_2024-Tリーグ・ユニティリーグ・NSリーグ星取表20250109.pdf
2024,Tokyo Unity League,(U-16)2部,トリプレッタ,トリプレッタ,,都立石神井,石神井,,3,1,waseda_2024-Tリーグ・ユニティリーグ・NSリーグ星取表20250109.pdf
2024,Tokyo Unity League,(U-16)2部,トリプレッタ,トリプレッタ,,目白研心,目白研心,,2,3,waseda_2024-Tリーグ・ユニティリーグ・NSリーグ星取表20250109.pdf
2024,Tokyo Unity League,(U-16)2部,トリプレッタ,トリプレッタ,,創価,創価,,1,0,waseda_2024-Tリーグ・ユニティリーグ・NSリーグ星取表20250109.pdf
2024,Tokyo Unity League,(U-16)2部,東海大菅生,東海大菅生,,早大学院,早大学院,,1,1,waseda_2024-Tリーグ・ユニティリーグ・NSリーグ星取表20250109.pdf
2024,Tokyo Unity League,(U-16)2部,東海大菅生,東海大菅生,,都立石神井,石神井,,0,0,waseda_2024-Tリーグ・ユニティリーグ・NSリーグ星取表20250109.pdf
2024,Tokyo Unity League,(U-16)2部,東海大菅生,東海大菅生,,目白研心,目白研心,,0,4,waseda_2024-Tリーグ・ユニティリーグ・NSリーグ星取表20250109.pdf
2024,Tokyo Unity League,(U-16)2部,東海大菅生,東海大菅生,,創価,創価,,1,2,waseda_2024-Tリーグ・ユニティリーグ・NSリーグ星取表20250109.pdf
2024,Tokyo Unity League,(U-16)2部,早大学院,早大学院,,都立石神井,石神井,,0,1,waseda_2024-Tリーグ・ユニティリーグ・NSリーグ星取表20250109.pdf
2024,Tokyo Unity League,(U-16)2部,早大学院,早大学院,,目白研心,目白研心,,1,2,waseda_2024-Tリーグ・ユニティリーグ・NSリーグ星取表20250109.pdf
2024,Tokyo Unity League,(U-16)2部,早大学院,早大学院,,創価,創価,,2,1,waseda_2024-Tリーグ・ユニティリーグ・NSリーグ星取表20250109.pdf
2024,Tokyo Unity League,(U-16)2部,都立石神井,石神井,,目白研心,目白研心,,0,3,waseda_2024-Tリーグ・ユニティリーグ・NSリーグ星取表20250109.pdf
2024,Tokyo Unity League,(U-16)2部,都立石神井,石神井,,創価,創価,,0,2,waseda_2024-Tリーグ・ユニティリーグ・NSリーグ星取表20250109.pdf
2024,Tokyo Unity League,(U-16)2部,目白研心,目白研心,,創価,創価,,2,3,waseda_2024-Tリーグ・ユニティリーグ・NSリーグ星取表20250109.pdf
2024,NSリーグ,1部,都立鷺宮A,鷺宮,A,専大附属Ａ,専大附属,A,2,1,waseda_2024-Tリーグ・ユニティリーグ・NSリーグ星取表20250109.pdf
2024,NSリーグ,1部,都立鷺宮A,鷺宮,A,早大学院Ｂ,早大学院,B,1,1,waseda_2024-Tリーグ・ユニティリーグ・NSリーグ星取表20250109.pdf
2024,NSリーグ,1部,都立鷺宮A,鷺宮,A,國學院久我山Ｅ,国学院久我山,E,7,0,waseda_2024-Tリーグ・ユニティリーグ・NSリーグ星取表20250109.pdf
2024,NSリーグ,1部,都立鷺宮A,鷺宮,A,実践学園D,実践学園,D,0,4,waseda_2024-Tリーグ・ユニティリーグ・NSリーグ星取表20250109.pdf
2024,NSリーグ,1部,都立鷺宮A,鷺宮,A,杉並ソシオＡ,杉並ソシオ,A,2,4,waseda_2024-Tリーグ・ユニティリーグ・NSリーグ星取表20250109.pdf
2024,NSリーグ,1部,都立鷺宮A,鷺宮,A,中大杉並,中大杉並,,1,1,waseda_2024-Tリーグ・ユニティリーグ・NSリーグ星取表20250109.pdf
2024,NSリーグ,1部,都立鷺宮A,鷺宮,A,都立武蔵丘A,武蔵丘,A,3,2,waseda_2024-Tリーグ・ユニティリーグ・NSリーグ星取表20250109.pdf
2024,NSリーグ,1部,都立鷺宮A,鷺宮,A,日大鶴ケ丘B,日大鶴ヶ丘,B,1,0,waseda_2024-Tリーグ・ユニティリーグ・NSリーグ星取表20250109.pdf
2024,NSリーグ,1部,都立鷺宮A,鷺宮,A,都立豊多摩A,豊多摩,A,1,1,waseda_2024-Tリーグ・ユニティリーグ・NSリーグ星取表20250109.pdf
2024,NSリーグ,1部,専大附属Ａ,専大附属,A,早大学院Ｂ,早大学院,B,5,1,waseda_2024-Tリーグ・ユニティリーグ・NSリーグ星取表20250109.pdf
2024,NSリーグ,1部,専大附属Ａ,専大附属,A,國學院久我山Ｅ,国学院久我山,E,2,0,waseda_2024-Tリーグ・ユニティリーグ・NSリーグ星取表20250109.pdf
2024,NSリーグ,1部,専大附属Ａ,専大附属,A,実践学園D,実践学園,D,1,2,waseda_2024-Tリーグ・ユニティリーグ・NSリーグ星取表20250109.pdf
2024,NSリーグ,1部,専大附属Ａ,専大附属,A,杉並ソシオＡ,杉並ソシオ,A,1,0,waseda_2024-Tリーグ・ユニティリーグ・NSリーグ星取表20250109.pdf
2024,NSリーグ,1部,専大附属Ａ,専大附属,A,中大杉並,中大杉並,,5,0,waseda_2024-Tリーグ・ユニティリーグ・NSリーグ星取表20250109.pdf
2024,NSリーグ,1部,専大附属Ａ,専大附属,A,都立武蔵丘A,武蔵丘,A,4,1,waseda_2024-Tリーグ・ユニティリーグ・NSリーグ星取表20250109.pdf
2024,NSリーグ,1部,専大附属Ａ,専大附属,A,日大鶴ケ丘B,日大鶴ヶ丘,B,5,1,waseda_2024-Tリーグ・ユニティリーグ・NSリーグ星取表20250109.pdf
2024,NSリーグ,1部,専大附属Ａ,専大附属,A,都立豊多摩A,豊多摩,A,2,1,waseda_2024-Tリーグ・ユニティリーグ・NSリーグ星取表20250109.pdf
2024,NSリーグ,1部,早大学院Ｂ,早大学院,B,國學院久我山Ｅ,国学院久我山,E,3,1,waseda_2024-Tリーグ・ユニティリーグ・NSリーグ星取表20250109.pdf
2024,NSリーグ,1部,早大学院Ｂ,早大学院,B,実践学園D,実践学園,D,1,2,waseda_2024-Tリーグ・ユニティリーグ・NSリーグ星取表20250109.pdf
2024,NSリーグ,1部,早大学院Ｂ,早大学院,B,杉並ソシオＡ,杉並ソシオ,A,2,3,waseda_2024-Tリーグ・ユニティリーグ・NSリーグ星取表20250109.pdf
2024,NSリーグ,1部,早大学院Ｂ,早大学院,B,中大杉並,中大杉並,,2,1,waseda_2024-Tリーグ・ユニティリーグ・NSリーグ星取表20250109.pdf
2024,NSリーグ,1部,早大学院Ｂ,早大学院,B,都立武蔵丘A,武蔵丘,A,3,1,waseda_2024-Tリーグ・ユニティリーグ・NSリーグ星取表20250109.pdf
2024,NSリーグ,1部,早大学院Ｂ,早大学院,B,日大鶴ケ丘B,日大鶴ヶ丘,B,2,2,waseda_2024-Tリーグ・ユニティリーグ・NSリーグ星取表20250109.pdf
2024,NSリーグ,1部,早大学院Ｂ,早大学院,B,都立豊多摩A,豊多摩,A,1,3,waseda_2024-Tリーグ・ユニティリーグ・NSリーグ星取表20250109.pdf
2024,NSリーグ,1部,國學院久我山Ｅ,国学院久我山,E,実践学園D,実践学園,D,4,1,waseda_2024-Tリーグ・ユニティリーグ・NSリーグ星取表20250109.pdf
2024,NSリーグ,1部,國學院久我山Ｅ,国学院久我山,E,杉並ソシオＡ,杉並ソシオ,A,4,2,waseda_2024-Tリーグ・ユニティリーグ・NSリーグ星取表20250109.pdf
2024,NSリーグ,1部,國學院久我山Ｅ,国学院久我山,E,中大杉並,中大杉並,,2,1,waseda_2024-Tリーグ・ユニティリーグ・NSリーグ星取表20250109.pdf
2024,NSリーグ,1部,國學院久我山Ｅ,国学院久我山,E,都立武蔵丘A,武蔵丘,A,2,3,waseda_2024-Tリーグ・ユニティリーグ・NSリーグ星取表20250109.pdf
2024,NSリーグ,1部,國學院久我山Ｅ,国学院久我山,E,日大鶴ケ丘B,日大鶴ヶ丘,B,6,4,waseda_2024-Tリーグ・ユニティリーグ・NSリーグ星取表20250109.pdf
2024,NSリーグ,1部,國學院久我山Ｅ,国学院久我山,E,都立豊多摩A,豊多摩,A,4,1,waseda_2024-Tリーグ・ユニティリーグ・NSリーグ星取表20250109.pdf
2024,NSリーグ,1部,実践学園D,実践学園,D,杉並ソシオＡ,杉並ソシオ,A,1,2,waseda_2024-Tリーグ・ユニティリーグ・NSリーグ星取表20250109.pdf
2024,NSリーグ,1部,実践学園D,実践学園,D,中大杉並,中大杉並,,3,2,waseda_2024-Tリーグ・ユニティリーグ・NSリーグ星取表20250109.pdf
2024,NSリーグ,1部,実践学園D,実践学園,D,都立武蔵丘A,武蔵丘,A,1,1,waseda_2024-Tリーグ・ユニティリーグ・NSリーグ星取表20250109.pdf
2024,NSリーグ,1部,実践学園D,実践学園,D,日大鶴ケ丘B,日大鶴ヶ丘,B,2,2,waseda_2024-Tリーグ・ユニティリーグ・NSリーグ星取表20250109.pdf
2024,NSリーグ,1部,実践学園D,実践学園,D,都立豊多摩A,豊多摩,A,2,1,waseda_2024-Tリーグ・ユニティリーグ・NSリーグ星取表20250109.pdf
2024,NSリーグ,1部,杉並ソシオＡ,杉並ソシオ,A,中大杉並,中大杉並,,2,1,waseda_2024-Tリーグ・ユニティリーグ・NSリーグ星取表20250109.pdf
2024,NSリーグ,1部,杉並ソシオＡ,杉並ソシオ,A,都立武蔵丘A,武蔵丘,A,4,3,waseda_2024-Tリーグ・ユニティリーグ・NSリーグ星取表20250109.pdf
2024,NSリーグ,1部,杉並ソシオＡ,杉並ソシオ,A,日大鶴ケ丘B,日大鶴ヶ丘,B,2,2,waseda_2024-Tリーグ・ユニティリーグ・NSリーグ星取表20250109.pdf
2024,NSリーグ,1部,杉並ソシオＡ,杉並ソシオ,A,都立豊多摩A,豊多摩,A,0,3,waseda_2024-Tリーグ・ユニティリーグ・NSリーグ星取表20250109.pdf
2024,NSリーグ,1部,中大杉並,中大杉並,,都立武蔵丘A,武蔵丘,A,1,2,waseda_2024-Tリーグ・ユニティリーグ・NSリーグ星取表20250109.pdf
2024,NSリーグ,1部,中大杉並,中大杉並,,日大鶴ケ丘B,日大鶴ヶ丘,B,0,1,waseda_2024-Tリーグ・ユニティリーグ・NSリーグ星取表20250109.pdf
2024,NSリーグ,1部,中大杉並,中大杉並,,都立豊多摩A,豊多摩,A,1,1,waseda_2024-Tリーグ・ユニティリーグ・NSリーグ星取表20250109.pdf
2024,NSリーグ,1部,都立武蔵丘A,武蔵丘,A,日大鶴ケ丘B,日大鶴ヶ丘,B,1,1,waseda_2024-Tリーグ・ユニティリーグ・NSリーグ星取表20250109.pdf
2024,NSリーグ,1部,都立武蔵丘A,武蔵丘,A,都立豊多摩A,豊多摩,A,0,2,waseda_2024-Tリーグ・ユニティリーグ・NSリーグ星取表20250109.pdf
2024,NSリーグ,1部,日大鶴ケ丘B,日大鶴ヶ丘,B,都立豊多摩A,豊多摩,A,1,1,waseda_2024-Tリーグ・ユニティリーグ・NSリーグ星取表20250109.pdf
2024,NSリーグ,2部Aブロック,都立光丘,光丘,,都立石神井B,石神井,B,1,2,waseda_2024-Tリーグ・ユニティリーグ・NSリーグ星取表20250109.pdf
2024,NSリーグ,2部Aブロック,都立光丘,光丘,,早大学院C,早大学院,C,0,4,waseda_2024-Tリーグ・ユニティリーグ・NSリーグ星取表20250109.pdf
2024,NSリーグ,2部Aブロック,都立光丘,光丘,,都立田無,田無,,2,2,waseda_2024-Tリーグ・ユニティリーグ・NSリーグ星取表20250109.pdf
2024,NSリーグ,2部Aブロック,都立光丘,光丘,,日大二B,日大二,B,3,0,waseda_2024-Tリーグ・ユニティリーグ・NSリーグ星取表20250109.pdf
2024,NSリーグ,2部Aブロック,都立光丘,光丘,,都立西,西,,1,2,waseda_2024-Tリーグ・ユニティリーグ・NSリーグ星取表20250109.pdf
2024,NSリーグ,2部Aブロック,都立光丘,光丘,,杉並ソシオB,杉並ソシオ,B,0,1,waseda_2024-Tリーグ・ユニティリーグ・NSリーグ星取表20250109.pdf
2024,NSリーグ,2部Aブロック,都立光丘,光丘,,杉並アヤックス,杉並アヤックス,,4,0,waseda_2024-Tリーグ・ユニティリーグ・NSリーグ星取表20250109.pdf
2024,NSリーグ,2部Aブロック,都立石神井B,石神井,B,早大学院C,早大学院,C,3,0,waseda_2024-Tリーグ・ユニティリーグ・NSリーグ星取表20250109.pdf
2024,NSリーグ,2部Aブロック,都立石神井B,石神井,B,都立田無,田無,,4,1,waseda_2024-Tリーグ・ユニティリーグ・NSリーグ星取表20250109.pdf
2024,NSリーグ,2部Aブロック,都立石神井B,石神井,B,日大二B,日大二,B,3,0,waseda_2024-Tリーグ・ユニティリーグ・NSリーグ星取表20250109.pdf
2024,NSリーグ,2部Aブロック,都立石神井B,石神井,B,都立西,西,,5,0,waseda_2024-Tリーグ・ユニティリーグ・NSリーグ星取表20250109.pdf
2024,NSリーグ,2部Aブロック,都立石神井B,石神井,B,杉並ソシオB,杉並ソシオ,B,4,0,waseda_2024-Tリーグ・ユニティリーグ・NSリーグ星取表20250109.pdf
2024,NSリーグ,2部Aブロック,都立石神井B,石神井,B,杉並アヤックス,杉並アヤックス,,4,0,waseda_2024-Tリーグ・ユニティリーグ・NSリーグ星取表20250109.pdf
2024,NSリーグ,2部Aブロック,早大学院C,早大学院,C,都立田無,田無,,2,0,waseda_2024-Tリーグ・ユニティリーグ・NSリーグ星取表20250109.pdf
2024,NSリーグ,2部Aブロック,早大学院C,早大学院,C,日大二B,日大二,B,3,0,waseda_2024-Tリーグ・ユニティリーグ・NSリーグ星取表20250109.pdf
2024,NSリーグ,2部Aブロック,早大学院C,早大学院,C,都立西,西,,4,2,waseda_2024-Tリーグ・ユニティリーグ・NSリーグ星取表20250109.pdf
2024,NSリーグ,2部Aブロック,早大学院C,早大学院,C,杉並ソシオB,杉並ソシオ,B,1,3,waseda_2024-Tリーグ・ユニティリーグ・NSリーグ星取表20250109.pdf
2024,NSリーグ,2部Aブロック,早大学院C,早大学院,C,杉並アヤックス,杉並アヤックス,,5,0,waseda_2024-Tリーグ・ユニティリーグ・NSリーグ星取表20250109.pdf
2024,NSリーグ,2部Aブロック,都立田無,田無,,日大二B,日大二,B,0,1,waseda_2024-Tリーグ・ユニティリーグ・NSリーグ星取表20250109.pdf
2024,NSリーグ,2部Aブロック,都立田無,田無,,都立西,西,,0,2,waseda_2024-Tリーグ・ユニティリーグ・NSリーグ星取表20250109.pdf
2024,NSリーグ,2部Aブロック,都立田無,田無,,杉並ソシオB,杉並ソシオ,B,3,5,waseda_2024-Tリーグ・ユニティリーグ・NSリーグ星取表20250109.pdf
2024,NSリーグ,2部Aブロック,日大二B,日大二,B,都立西,西,,1,1,waseda_2024-Tリーグ・ユニティリーグ・NSリーグ星取表20250109.pdf
2024,NSリーグ,2部Aブロック,日大二B,日大二,B,杉並ソシオB,杉並ソシオ,B,2,1,waseda_2024-Tリーグ・ユニティリーグ・NSリーグ星取表20250109.pdf
2024,NSリーグ,2部Aブロック,日大二B,日大二,B,杉並アヤックス,杉並アヤックス,,1,0,waseda_2024-Tリーグ・ユニティリーグ・NSリーグ星取表20250109.pdf
2024,NSリーグ,2部Aブロック,都立西,西,,杉並ソシオB,杉並ソシオ,B,2,1,waseda_2024-Tリーグ・ユニティリーグ・NSリーグ星取表20250109.pdf
2024,NSリーグ,2部Aブロック,都立西,西,,杉並アヤックス,杉並アヤックス,,2,5,waseda_2024-Tリーグ・ユニティリーグ・NSリーグ星取表20250109.pdf
2024,NSリーグ,2部Aブロック,杉並ソシオB,杉並ソシオ,B,杉並アヤックス,杉並アヤックス,,4,3,waseda_2024-Tリーグ・ユニティリーグ・NSリーグ星取表20250109.pdf
2025,Tリーグ,T3リーグAブロック,久我山B,国学院久我山,B,実践学園B,実践学園,B,1,4,waseda_2025-Tリーグ・ユニティリーグ・NSリーグ星取表.pdf
2025,Tリーグ,T3リーグAブロック,久我山B,国学院久我山,B,東海大菅生,東海大菅生,,1,0,waseda_2025-Tリーグ・ユニティリーグ・NSリーグ星取表.pdf
2025,Tリーグ,T3リーグAブロック,久我山B,国学院久我山,B,石神井,石神井,,1,3,waseda_2025-Tリーグ・ユニティリーグ・NSリーグ星取表.pdf
2025,Tリーグ,T3リーグAブロック,久我山B,国学院久我山,B,多摩大目黒B,多摩大学目黒,B,3,0,waseda_2025-Tリーグ・ユニティリーグ・NSリーグ星取表.pdf
2025,Tリーグ,T3リーグAブロック,久我山B,国学院久我山,B,町田Y・B,町田Y・,B,1,1,waseda_2025-Tリーグ・ユニティリーグ・NSリーグ星取表.pdf
2025,Tリーグ,T3リーグAブロック,久我山B,国学院久我山,B,暁星,暁星,,3,0,waseda_2025-Tリーグ・ユニティリーグ・NSリーグ星取表.pdf
2025,Tリーグ,T3リーグAブロック,久我山B,国学院久我山,B,早大学院,早大学院,,1,0,waseda_2025-Tリーグ・ユニティリーグ・NSリーグ星取表.pdf
2025,Tリーグ,T3リーグAブロック,久我山B,国学院久我山,B,横河武蔵野B,横河武蔵野,B,0,1,waseda_2025-Tリーグ・ユニティリーグ・NSリーグ星取表.pdf
2025,Tリーグ,T3リーグAブロック,久我山B,国学院久我山,B,東京実業,東京実業,,1,0,waseda_2025-Tリーグ・ユニティリーグ・NSリーグ星取表.pdf
2025,Tリーグ,T3リーグAブロック,実践学園B,実践学園,B,東海大菅生,東海大菅生,,2,0,waseda_2025-Tリーグ・ユニティリーグ・NSリーグ星取表.pdf
2025,Tリーグ,T3リーグAブロック,実践学園B,実践学園,B,石神井,石神井,,4,2,waseda_2025-Tリーグ・ユニティリーグ・NSリーグ星取表.pdf
2025,Tリーグ,T3リーグAブロック,実践学園B,実践学園,B,多摩大目黒B,多摩大学目黒,B,0,1,waseda_2025-Tリーグ・ユニティリーグ・NSリーグ星取表.pdf
2025,Tリーグ,T3リーグAブロック,実践学園B,実践学園,B,町田Y・B,町田Y・,B,0,1,waseda_2025-Tリーグ・ユニティリーグ・NSリーグ星取表.pdf
2025,Tリーグ,T3リーグAブロック,実践学園B,実践学園,B,暁星,暁星,,3,1,waseda_2025-Tリーグ・ユニティリーグ・NSリーグ星取表.pdf
2025,Tリーグ,T3リーグAブロック,実践学園B,実践学園,B,早大学院,早大学院,,6,0,waseda_2025-Tリーグ・ユニティリーグ・NSリーグ星取表.pdf
2025,Tリーグ,T3リーグAブロック,実践学園B,実践学園,B,横河武蔵野B,横河武蔵野,B,1,1,waseda_2025-Tリーグ・ユニティリーグ・NSリーグ星取表.pdf
2025,Tリーグ,T3リーグAブロック,実践学園B,実践学園,B,東京実業,東京実業,,1,5,waseda_2025-Tリーグ・ユニティリーグ・NSリーグ星取表.pdf
2025,Tリーグ,T3リーグAブロック,東海大菅生,東海大菅生,,石神井,石神井,,0,4,waseda_2025-Tリーグ・ユニティリーグ・NSリーグ星取表.pdf
2025,Tリーグ,T3リーグAブロック,東海大菅生,東海大菅生,,多摩大目黒B,多摩大学目黒,B,0,2,waseda_2025-Tリーグ・ユニティリーグ・NSリーグ星取表.pdf
2025,Tリーグ,T3リーグAブロック,東海大菅生,東海大菅生,,町田Y・B,町田Y・,B,0,1,waseda_2025-Tリーグ・ユニティリーグ・NSリーグ星取表.pdf
2025,Tリーグ,T3リーグAブロック,東海大菅生,東海大菅生,,暁星,暁星,,1,0,waseda_2025-Tリーグ・ユニティリーグ・NSリーグ星取表.pdf
2025,Tリーグ,T3リーグAブロック,東海大菅生,東海大菅生,,早大学院,早大学院,,2,0,waseda_2025-Tリーグ・ユニティリーグ・NSリーグ星取表.pdf
2025,Tリーグ,T3リーグAブロック,東海大菅生,東海大菅生,,横河武蔵野B,横河武蔵野,B,5,4,waseda_2025-Tリーグ・ユニティリーグ・NSリーグ星取表.pdf
2025,Tリーグ,T3リーグAブロック,東海大菅生,東海大菅生,,東京実業,東京実業,,1,1,waseda_2025-Tリーグ・ユニティリーグ・NSリーグ星取表.pdf
2025,Tリーグ,T3リーグAブロック,石神井,石神井,,多摩大目黒B,多摩大学目黒,B,1,2,waseda_2025-Tリーグ・ユニティリーグ・NSリーグ星取表.pdf
2025,Tリーグ,T3リーグAブロック,石神井,石神井,,町田Y・B,町田Y・,B,2,3,waseda_2025-Tリーグ・ユニティリーグ・NSリーグ星取表.pdf
2025,Tリーグ,T3リーグAブロック,石神井,石神井,,暁星,暁星,,2,1,waseda_2025-Tリーグ・ユニティリーグ・NSリーグ星取表.pdf
2025,Tリーグ,T3リーグAブロック,石神井,石神井,,早大学院,早大学院,,2,0,waseda_2025-Tリーグ・ユニティリーグ・NSリーグ星取表.pdf
2025,Tリーグ,T3リーグAブロック,石神井,石神井,,横河武蔵野B,横河武蔵野,B,1,1,waseda_2025-Tリーグ・ユニティリーグ・NSリーグ星取表.pdf
2025,Tリーグ,T3リーグAブロック,石神井,石神井,,東京実業,東京実業,,1,1,waseda_2025-Tリーグ・ユニティリーグ・NSリーグ星取表.pdf
2025,Tリーグ,T3リーグAブロック,多摩大目黒B,多摩大学目黒,B,町田Y・B,町田Y・,B,1,1,waseda_2025-Tリーグ・ユニティリーグ・NSリーグ星取表.pdf
2025,Tリーグ,T3リーグAブロック,多摩大目黒B,多摩大学目黒,B,暁星,暁星,,3,1,waseda_2025-Tリーグ・ユニティリーグ・NSリーグ星取表.pdf
2025,Tリーグ,T3リーグAブロック,多摩大目黒B,多摩大学目黒,B,早大学院,早大学院,,0,1,waseda_2025-Tリーグ・ユニティリーグ・NSリーグ星取表.pdf
2025,Tリーグ,T3リーグAブロック,多摩大目黒B,多摩大学目黒,B,横河武蔵野B,横河武蔵野,B,0,0,waseda_2025-Tリーグ・ユニティリーグ・NSリーグ星取表.pdf
2025,Tリーグ,T3リーグAブロック,多摩大目黒B,多摩大学目黒,B,東京実業,東京実業,,0,1,waseda_2025-Tリーグ・ユニティリーグ・NSリーグ星取表.pdf
2025,Tリーグ,T3リーグAブロック,町田Y・B,町田Y・,B,暁星,暁星,,6,0,waseda_2025-Tリーグ・ユニティリーグ・NSリーグ星取表.pdf
2025,Tリーグ,T3リーグAブロック,町田Y・B,町田Y・,B,早大学院,早大学院,,2,1,waseda_2025-Tリーグ・ユニティリーグ・NSリーグ星取表.pdf
2025,Tリーグ,T3リーグAブロック,町田Y・B,町田Y・,B,横河武蔵野B,横河武蔵野,B,2,1,waseda_2025-Tリーグ・ユニティリーグ・NSリーグ星取表.pdf
2025,Tリーグ,T3リーグAブロック,町田Y・B,町田Y・,B,東京実業,東京実業,,0,1,waseda_2025-Tリーグ・ユニティリーグ・NSリーグ星取表.pdf
2025,Tリーグ,T3リーグAブロック,暁星,暁星,,早大学院,早大学院,,0,1,waseda_2025-Tリーグ・ユニティリーグ・NSリーグ星取表.pdf
2025,Tリーグ,T3リーグAブロック,暁星,暁星,,横河武蔵野B,横河武蔵野,B,2,2,waseda_2025-Tリーグ・ユニティリーグ・NSリーグ星取表.pdf
2025,Tリーグ,T3リーグAブロック,暁星,暁星,,東京実業,東京実業,,1,2,waseda_2025-Tリーグ・ユニティリーグ・NSリーグ星取表.pdf
2025,Tリーグ,T3リーグAブロック,早大学院,早大学院,,横河武蔵野B,横河武蔵野,B,2,3,waseda_2025-Tリーグ・ユニティリーグ・NSリーグ星取表.pdf
2025,Tリーグ,T3リーグAブロック,早大学院,早大学院,,東京実業,東京実業,,0,5,waseda_2025-Tリーグ・ユニティリーグ・NSリーグ星取表.pdf
2025,Tリーグ,T3リーグAブロック,横河武蔵野B,横河武蔵野,B,東京実業,東京実業,,0,1,waseda_2025-Tリーグ・ユニティリーグ・NSリーグ星取表.pdf
2025,Tリーグ,T3リーグ17位・18位順位決定戦,早大学院,早大学院,,都立狛江,狛江,,1,3,waseda_2025-Tリーグ・ユニティリーグ・NSリーグ星取表.pdf
2025,Tokyo Unity League,(U-16)2部Bブロック,東京朝鮮,東京朝鮮,,トリプレッタ,トリプレッタ,,0,4,waseda_2025-Tリーグ・ユニティリーグ・NSリーグ星取表.pdf
2025,Tokyo Unity League,(U-16)2部Bブロック,東京朝鮮,東京朝鮮,,多摩大目黒,多摩大学目黒,,2,5,waseda_2025-Tリーグ・ユニティリーグ・NSリーグ星取表.pdf
2025,Tokyo Unity League,(U-16)2部Bブロック,東京朝鮮,東京朝鮮,,明星学園,明星学園,,1,5,waseda_2025-Tリーグ・ユニティリーグ・NSリーグ星取表.pdf
2025,Tokyo Unity League,(U-16)2部Bブロック,東京朝鮮,東京朝鮮,,東海大菅生,東海大菅生,,2,6,waseda_2025-Tリーグ・ユニティリーグ・NSリーグ星取表.pdf
2025,Tokyo Unity League,(U-16)2部Bブロック,東京朝鮮,東京朝鮮,,日大三,日大三,,0,2,waseda_2025-Tリーグ・ユニティリーグ・NSリーグ星取表.pdf
2025,Tokyo Unity League,(U-16)2部Bブロック,東京朝鮮,東京朝鮮,,早大学院,早大学院,,3,6,waseda_2025-Tリーグ・ユニティリーグ・NSリーグ星取表.pdf
2025,Tokyo Unity League,(U-16)2部Bブロック,トリプレッタ,トリプレッタ,,多摩大目黒,多摩大学目黒,,0,2,waseda_2025-Tリーグ・ユニティリーグ・NSリーグ星取表.pdf
2025,Tokyo Unity League,(U-16)2部Bブロック,トリプレッタ,トリプレッタ,,明星学園,明星学園,,1,3,waseda_2025-Tリーグ・ユニティリーグ・NSリーグ星取表.pdf
2025,Tokyo Unity League,(U-16)2部Bブロック,トリプレッタ,トリプレッタ,,東海大菅生,東海大菅生,,3,0,waseda_2025-Tリーグ・ユニティリーグ・NSリーグ星取表.pdf
2025,Tokyo Unity League,(U-16)2部Bブロック,トリプレッタ,トリプレッタ,,日大三,日大三,,2,3,waseda_2025-Tリーグ・ユニティリーグ・NSリーグ星取表.pdf
2025,Tokyo Unity League,(U-16)2部Bブロック,トリプレッタ,トリプレッタ,,早大学院,早大学院,,3,1,waseda_2025-Tリーグ・ユニティリーグ・NSリーグ星取表.pdf
2025,Tokyo Unity League,(U-16)2部Bブロック,多摩大目黒,多摩大学目黒,,明星学園,明星学園,,2,1,waseda_2025-Tリーグ・ユニティリーグ・NSリーグ星取表.pdf
2025,Tokyo Unity League,(U-16)2部Bブロック,多摩大目黒,多摩大学目黒,,東海大菅生,東海大菅生,,8,0,waseda_2025-Tリーグ・ユニティリーグ・NSリーグ星取表.pdf
2025,Tokyo Unity League,(U-16)2部Bブロック,多摩大目黒,多摩大学目黒,,日大三,日大三,,0,0,waseda_2025-Tリーグ・ユニティリーグ・NSリーグ星取表.pdf
2025,Tokyo Unity League,(U-16)2部Bブロック,多摩大目黒,多摩大学目黒,,早大学院,早大学院,,4,0,waseda_2025-Tリーグ・ユニティリーグ・NSリーグ星取表.pdf
2025,Tokyo Unity League,(U-16)2部Bブロック,明星学園,明星学園,,東海大菅生,東海大菅生,,2,0,waseda_2025-Tリーグ・ユニティリーグ・NSリーグ星取表.pdf
2025,Tokyo Unity League,(U-16)2部Bブロック,明星学園,明星学園,,日大三,日大三,,3,3,waseda_2025-Tリーグ・ユニティリーグ・NSリーグ星取表.pdf
2025,Tokyo Unity League,(U-16)2部Bブロック,明星学園,明星学園,,早大学院,早大学院,,3,2,waseda_2025-Tリーグ・ユニティリーグ・NSリーグ星取表.pdf
2025,Tokyo Unity League,(U-16)2部Bブロック,東海大菅生,東海大菅生,,日大三,日大三,,0,4,waseda_2025-Tリーグ・ユニティリーグ・NSリーグ星取表.pdf
2025,Tokyo Unity League,(U-16)2部Bブロック,東海大菅生,東海大菅生,,早大学院,早大学院,,2,5,waseda_2025-Tリーグ・ユニティリーグ・NSリーグ星取表.pdf
2025,Tokyo Unity League,(U-16)2部Bブロック,日大三,日大三,,早大学院,早大学院,,2,2,waseda_2025-Tリーグ・ユニティリーグ・NSリーグ星取表.pdf
2025,Tokyo Unity League,(U-16)2部9位~12位順位決定戦,東海大菅生,東海大菅生,,早大学院,早大学院,,0,10,waseda_2025-Tリーグ・ユニティリーグ・NSリーグ星取表.pdf
2025,NSリーグ,1部,日大二A,日大二,A,実践学園D,実践学園,D,0,4,waseda_2025-Tリーグ・ユニティリーグ・NSリーグ星取表.pdf
2025,NSリーグ,1部,日大二A,日大二,A,杉並ソシオA,杉並ソシオ,A,1,2,waseda_2025-Tリーグ・ユニティリーグ・NSリーグ星取表.pdf
2025,NSリーグ,1部,日大二A,日大二,A,都立鷺宮A,鷺宮,A,2,1,waseda_2025-Tリーグ・ユニティリーグ・NSリーグ星取表.pdf
2025,NSリーグ,1部,日大二A,日大二,A,國學院久我山Ｅ,国学院久我山,E,0,1,waseda_2025-Tリーグ・ユニティリーグ・NSリーグ星取表.pdf
2025,NSリーグ,1部,日大二A,日大二,A,都立豊多摩A,豊多摩,A,1,2,waseda_2025-Tリーグ・ユニティリーグ・NSリーグ星取表.pdf
2025,NSリーグ,1部,日大二A,日大二,A,早大学院Ｂ,早大学院,B,3,1,waseda_2025-Tリーグ・ユニティリーグ・NSリーグ星取表.pdf
2025,NSリーグ,1部,日大二A,日大二,A,日大鶴ケ丘B,日大鶴ヶ丘,B,0,1,waseda_2025-Tリーグ・ユニティリーグ・NSリーグ星取表.pdf
2025,NSリーグ,1部,日大二A,日大二,A,都立石神井B,石神井,B,5,0,waseda_2025-Tリーグ・ユニティリーグ・NSリーグ星取表.pdf
2025,NSリーグ,1部,日大二A,日大二,A,杉並FC,杉並F,C,1,0,waseda_2025-Tリーグ・ユニティリーグ・NSリーグ星取表.pdf
2025,NSリーグ,1部,実践学園D,実践学園,D,杉並ソシオA,杉並ソシオ,A,0,3,waseda_2025-Tリーグ・ユニティリーグ・NSリーグ星取表.pdf
2025,NSリーグ,1部,実践学園D,実践学園,D,都立鷺宮A,鷺宮,A,2,0,waseda_2025-Tリーグ・ユニティリーグ・NSリーグ星取表.pdf
2025,NSリーグ,1部,実践学園D,実践学園,D,國學院久我山Ｅ,国学院久我山,E,1,0,waseda_2025-Tリーグ・ユニティリーグ・NSリーグ星取表.pdf
2025,NSリーグ,1部,実践学園D,実践学園,D,都立豊多摩A,豊多摩,A,4,0,waseda_2025-Tリーグ・ユニティリーグ・NSリーグ星取表.pdf
2025,NSリーグ,1部,実践学園D,実践学園,D,早大学院Ｂ,早大学院,B,0,1,waseda_2025-Tリーグ・ユニティリーグ・NSリーグ星取表.pdf
2025,NSリーグ,1部,実践学園D,実践学園,D,日大鶴ケ丘B,日大鶴ヶ丘,B,1,0,waseda_2025-Tリーグ・ユニティリーグ・NSリーグ星取表.pdf
2025,NSリーグ,1部,実践学園D,実践学園,D,都立石神井B,石神井,B,2,1,waseda_2025-Tリーグ・ユニティリーグ・NSリーグ星取表.pdf
2025,NSリーグ,1部,実践学園D,実践学園,D,杉並FC,杉並F,C,9,1,waseda_2025-Tリーグ・ユニティリーグ・NSリーグ星取表.pdf
2025,NSリーグ,1部,杉並ソシオA,杉並ソシオ,A,都立鷺宮A,鷺宮,A,2,1,waseda_2025-Tリーグ・ユニティリーグ・NSリーグ星取表.pdf
2025,NSリーグ,1部,杉並ソシオA,杉並ソシオ,A,國學院久我山Ｅ,国学院久我山,E,10,0,waseda_2025-Tリーグ・ユニティリーグ・NSリーグ星取表.pdf
2025,NSリーグ,1部,杉並ソシオA,杉並ソシオ,A,都立豊多摩A,豊多摩,A,1,1,waseda_2025-Tリーグ・ユニティリーグ・NSリーグ星取表.pdf
2025,NSリーグ,1部,杉並ソシオA,杉並ソシオ,A,早大学院Ｂ,早大学院,B,2,1,waseda_2025-Tリーグ・ユニティリーグ・NSリーグ星取表.pdf
2025,NSリーグ,1部,杉並ソシオA,杉並ソシオ,A,日大鶴ケ丘B,日大鶴ヶ丘,B,4,1,waseda_2025-Tリーグ・ユニティリーグ・NSリーグ星取表.pdf
2025,NSリーグ,1部,杉並ソシオA,杉並ソシオ,A,都立石神井B,石神井,B,2,0,waseda_2025-Tリーグ・ユニティリーグ・NSリーグ星取表.pdf
2025,NSリーグ,1部,杉並ソシオA,杉並ソシオ,A,杉並FC,杉並F,C,11,2,waseda_2025-Tリーグ・ユニティリーグ・NSリーグ星取表.pdf
2025,NSリーグ,1部,都立鷺宮A,鷺宮,A,國學院久我山Ｅ,国学院久我山,E,2,2,waseda_2025-Tリーグ・ユニティリーグ・NSリーグ星取表.pdf
2025,NSリーグ,1部,都立鷺宮A,鷺宮,A,都立豊多摩A,豊多摩,A,1,0,waseda_2025-Tリーグ・ユニティリーグ・NSリーグ星取表.pdf
2025,NSリーグ,1部,都立鷺宮A,鷺宮,A,早大学院Ｂ,早大学院,B,3,0,waseda_2025-Tリーグ・ユニティリーグ・NSリーグ星取表.pdf
2025,NSリーグ,1部,都立鷺宮A,鷺宮,A,日大鶴ケ丘B,日大鶴ヶ丘,B,0,0,waseda_2025-Tリーグ・ユニティリーグ・NSリーグ星取表.pdf
2025,NSリーグ,1部,都立鷺宮A,鷺宮,A,都立石神井B,石神井,B,0,5,waseda_2025-Tリーグ・ユニティリーグ・NSリーグ星取表.pdf
2025,NSリーグ,1部,都立鷺宮A,鷺宮,A,杉並FC,杉並F,C,3,0,waseda_2025-Tリーグ・ユニティリーグ・NSリーグ星取表.pdf
2025,NSリーグ,1部,國學院久我山Ｅ,国学院久我山,E,都立豊多摩A,豊多摩,A,2,3,waseda_2025-Tリーグ・ユニティリーグ・NSリーグ星取表.pdf
2025,NSリーグ,1部,國學院久我山Ｅ,国学院久我山,E,早大学院Ｂ,早大学院,B,2,2,waseda_2025-Tリーグ・ユニティリーグ・NSリーグ星取表.pdf
2025,NSリーグ,1部,國學院久我山Ｅ,国学院久我山,E,日大鶴ケ丘B,日大鶴ヶ丘,B,0,5,waseda_2025-Tリーグ・ユニティリーグ・NSリーグ星取表.pdf
2025,NSリーグ,1部,國學院久我山Ｅ,国学院久我山,E,都立石神井B,石神井,B,2,0,waseda_2025-Tリーグ・ユニティリーグ・NSリーグ星取表.pdf
2025,NSリーグ,1部,國學院久我山Ｅ,国学院久我山,E,杉並FC,杉並F,C,3,1,waseda_2025-Tリーグ・ユニティリーグ・NSリーグ星取表.pdf
2025,NSリーグ,1部,都立豊多摩A,豊多摩,A,早大学院Ｂ,早大学院,B,2,3,waseda_2025-Tリーグ・ユニティリーグ・NSリーグ星取表.pdf
2025,NSリーグ,1部,都立豊多摩A,豊多摩,A,日大鶴ケ丘B,日大鶴ヶ丘,B,0,0,waseda_2025-Tリーグ・ユニティリーグ・NSリーグ星取表.pdf
2025,NSリーグ,1部,都立豊多摩A,豊多摩,A,都立石神井B,石神井,B,0,2,waseda_2025-Tリーグ・ユニティリーグ・NSリーグ星取表.pdf
2025,NSリーグ,1部,都立豊多摩A,豊多摩,A,杉並FC,杉並F,C,7,0,waseda_2025-Tリーグ・ユニティリーグ・NSリーグ星取表.pdf
2025,NSリーグ,1部,早大学院Ｂ,早大学院,B,日大鶴ケ丘B,日大鶴ヶ丘,B,3,1,waseda_2025-Tリーグ・ユニティリーグ・NSリーグ星取表.pdf
2025,NSリーグ,1部,早大学院Ｂ,早大学院,B,都立石神井B,石神井,B,1,1,waseda_2025-Tリーグ・ユニティリーグ・NSリーグ星取表.pdf
2025,NSリーグ,1部,早大学院Ｂ,早大学院,B,杉並FC,杉並F,C,6,0,waseda_2025-Tリーグ・ユニティリーグ・NSリーグ星取表.pdf
2025,NSリーグ,1部,日大鶴ケ丘B,日大鶴ヶ丘,B,都立石神井B,石神井,B,0,1,waseda_2025-Tリーグ・ユニティリーグ・NSリーグ星取表.pdf
2025,NSリーグ,1部,日大鶴ケ丘B,日大鶴ヶ丘,B,杉並FC,杉並F,C,2,0,waseda_2025-Tリーグ・ユニティリーグ・NSリーグ星取表.pdf
2025,NSリーグ,1部,都立石神井B,石神井,B,杉並FC,杉並F,C,6,1,waseda_2025-Tリーグ・ユニティリーグ・NSリーグ星取表.pdf
2025,NSリーグ,2部Aブロック,都立武蔵丘A,武蔵丘,A,早大学院C,早大学院,C,1,0,waseda_2025-Tリーグ・ユニティリーグ・NSリーグ星取表.pdf
2025,NSリーグ,2部Aブロック,都立武蔵丘A,武蔵丘,A,都立保谷B,保谷,B,0,4,waseda_2025-Tリーグ・ユニティリーグ・NSリーグ星取表.pdf
2025,NSリーグ,2部Aブロック,都立武蔵丘A,武蔵丘,A,都立西,西,,6,2,waseda_2025-Tリーグ・ユニティリーグ・NSリーグ星取表.pdf
2025,NSリーグ,2部Aブロック,都立武蔵丘A,武蔵丘,A,日大鶴ケ丘C,日大鶴ヶ丘,C,0,2,waseda_2025-Tリーグ・ユニティリーグ・NSリーグ星取表.pdf
2025,NSリーグ,2部Aブロック,都立武蔵丘A,武蔵丘,A,杉並アヤックス,杉並アヤックス,,2,1,waseda_2025-Tリーグ・ユニティリーグ・NSリーグ星取表.pdf
2025,NSリーグ,2部Aブロック,都立武蔵丘A,武蔵丘,A,都立豊多摩B,豊多摩,B,4,0,waseda_2025-Tリーグ・ユニティリーグ・NSリーグ星取表.pdf
2025,NSリーグ,2部Aブロック,都立武蔵丘A,武蔵丘,A,都立鷺宮B,鷺宮,B,3,2,waseda_2025-Tリーグ・ユニティリーグ・NSリーグ星取表.pdf
2025,NSリーグ,2部Aブロック,早大学院C,早大学院,C,都立保谷B,保谷,B,1,3,waseda_2025-Tリーグ・ユニティリーグ・NSリーグ星取表.pdf
2025,NSリーグ,2部Aブロック,早大学院C,早大学院,C,都立西,西,,2,1,waseda_2025-Tリーグ・ユニティリーグ・NSリーグ星取表.pdf
2025,NSリーグ,2部Aブロック,早大学院C,早大学院,C,日大鶴ケ丘C,日大鶴ヶ丘,C,1,1,waseda_2025-Tリーグ・ユニティリーグ・NSリーグ星取表.pdf
2025,NSリーグ,2部Aブロック,早大学院C,早大学院,C,杉並アヤックス,杉並アヤックス,,1,3,waseda_2025-Tリーグ・ユニティリーグ・NSリーグ星取表.pdf
2025,NSリーグ,2部Aブロック,早大学院C,早大学院,C,都立豊多摩B,豊多摩,B,2,1,waseda_2025-Tリーグ・ユニティリーグ・NSリーグ星取表.pdf
2025,NSリーグ,2部Aブロック,早大学院C,早大学院,C,都立鷺宮B,鷺宮,B,3,1,waseda_2025-Tリーグ・ユニティリーグ・NSリーグ星取表.pdf
2025,NSリーグ,2部Aブロック,都立保谷B,保谷,B,都立西,西,,3,1,waseda_2025-Tリーグ・ユニティリーグ・NSリーグ星取表.pdf
2025,NSリーグ,2部Aブロック,都立保谷B,保谷,B,日大鶴ケ丘C,日大鶴ヶ丘,C,2,1,waseda_2025-Tリーグ・ユニティリーグ・NSリーグ星取表.pdf
2025,NSリーグ,2部Aブロック,都立保谷B,保谷,B,杉並アヤックス,杉並アヤックス,,0,4,waseda_2025-Tリーグ・ユニティリーグ・NSリーグ星取表.pdf
2025,NSリーグ,2部Aブロック,都立保谷B,保谷,B,都立豊多摩B,豊多摩,B,11,2,waseda_2025-Tリーグ・ユニティリーグ・NSリーグ星取表.pdf
2025,NSリーグ,2部Aブロック,都立保谷B,保谷,B,都立鷺宮B,鷺宮,B,5,1,waseda_2025-Tリーグ・ユニティリーグ・NSリーグ星取表.pdf
2025,NSリーグ,2部Aブロック,都立西,西,,日大鶴ケ丘C,日大鶴ヶ丘,C,1,0,waseda_2025-Tリーグ・ユニティリーグ・NSリーグ星取表.pdf
2025,NSリーグ,2部Aブロック,都立西,西,,杉並アヤックス,杉並アヤックス,,2,2,waseda_2025-Tリーグ・ユニティリーグ・NSリーグ星取表.pdf
2025,NSリーグ,2部Aブロック,都立西,西,,都立豊多摩B,豊多摩,B,2,1,waseda_2025-Tリーグ・ユニティリーグ・NSリーグ星取表.pdf
2025,NSリーグ,2部Aブロック,都立西,西,,都立鷺宮B,鷺宮,B,3,1,waseda_2025-Tリーグ・ユニティリーグ・NSリーグ星取表.pdf
2025,NSリーグ,2部Aブロック,日大鶴ケ丘C,日大鶴ヶ丘,C,杉並アヤックス,杉並アヤックス,,2,2,waseda_2025-Tリーグ・ユニティリーグ・NSリーグ星取表.pdf
2025,NSリーグ,2部Aブロック,日大鶴ケ丘C,日大鶴ヶ丘,C,都立豊多摩B,豊多摩,B,0,1,waseda_2025-Tリーグ・ユニティリーグ・NSリーグ星取表.pdf
2025,NSリーグ,2部Aブロック,日大鶴ケ丘C,日大鶴ヶ丘,C,都立鷺宮B,鷺宮,B,3,1,waseda_2025-Tリーグ・ユニティリーグ・NSリーグ星取表.pdf
2025,NSリーグ,2部Aブロック,杉並アヤックス,杉並アヤックス,,都立豊多摩B,豊多摩,B,0,0,waseda_2025-Tリーグ・ユニティリーグ・NSリーグ星取表.pdf
2025,NSリーグ,2部Aブロック,杉並アヤックス,杉並アヤックス,,都立鷺宮B,鷺宮,B,2,1,waseda_2025-Tリーグ・ユニティリーグ・NSリーグ星取表.pdf
2025,NSリーグ,2部Aブロック,都立豊多摩B,豊多摩,B,都立鷺宮B,鷺宮,B,2,2,waseda_2025-Tリーグ・ユニティリーグ・NSリーグ星取表.pdf
2026,Tリーグ,T4リーグBブロック,早大学院,早大学院,,駒澤大高Ｃ,駒澤大高,C,0,1,waseda_2026-Tリーグ・ユニティリーグ・NSリーグ星取表20260803.pdf
2026,Tリーグ,T4リーグBブロック,早大学院,早大学院,,国士舘Ｂ,国士舘,B,0,3,waseda_2026-Tリーグ・ユニティリーグ・NSリーグ星取表20260803.pdf
2026,Tリーグ,T4リーグBブロック,早大学院,早大学院,,都立駒場,駒場,,0,0,waseda_2026-Tリーグ・ユニティリーグ・NSリーグ星取表20260803.pdf
2026,Tリーグ,T4リーグBブロック,早大学院,早大学院,,保善,保善,,0,2,waseda_2026-Tリーグ・ユニティリーグ・NSリーグ星取表20260803.pdf
2026,Tリーグ,T4リーグBブロック,早大学院,早大学院,,関東第一Ｃ,関東第一,C,0,2,waseda_2026-Tリーグ・ユニティリーグ・NSリーグ星取表20260803.pdf
2026,Tリーグ,T4リーグBブロック,早大学院,早大学院,,都立東久留米総合B,東久留米総合,B,1,1,waseda_2026-Tリーグ・ユニティリーグ・NSリーグ星取表20260803.pdf
2026,Tリーグ,T4リーグBブロック,目白研心,目白研心,,大成Ｂ,大成,B,1,2,waseda_2026-Tリーグ・ユニティリーグ・NSリーグ星取表20260803.pdf
2026,Tリーグ,T4リーグBブロック,目白研心,目白研心,,駒澤大高Ｃ,駒澤大高,C,0,3,waseda_2026-Tリーグ・ユニティリーグ・NSリーグ星取表20260803.pdf
2026,Tリーグ,T4リーグBブロック,目白研心,目白研心,,国士舘Ｂ,国士舘,B,1,0,waseda_2026-Tリーグ・ユニティリーグ・NSリーグ星取表20260803.pdf
2026,Tリーグ,T4リーグBブロック,目白研心,目白研心,,都立駒場,駒場,,3,3,waseda_2026-Tリーグ・ユニティリーグ・NSリーグ星取表20260803.pdf
2026,Tリーグ,T4リーグBブロック,目白研心,目白研心,,保善,保善,,1,0,waseda_2026-Tリーグ・ユニティリーグ・NSリーグ星取表20260803.pdf
2026,Tリーグ,T4リーグBブロック,目白研心,目白研心,,関東第一Ｃ,関東第一,C,3,1,waseda_2026-Tリーグ・ユニティリーグ・NSリーグ星取表20260803.pdf
2026,Tリーグ,T4リーグBブロック,東海大高輪台Ｂ,東海大高輪台,B,大成Ｂ,大成,B,0,2,waseda_2026-Tリーグ・ユニティリーグ・NSリーグ星取表20260803.pdf
2026,Tリーグ,T4リーグBブロック,東海大高輪台Ｂ,東海大高輪台,B,駒澤大高Ｃ,駒澤大高,C,0,2,waseda_2026-Tリーグ・ユニティリーグ・NSリーグ星取表20260803.pdf
2026,Tリーグ,T4リーグBブロック,東海大高輪台Ｂ,東海大高輪台,B,国士舘Ｂ,国士舘,B,1,3,waseda_2026-Tリーグ・ユニティリーグ・NSリーグ星取表20260803.pdf
2026,Tリーグ,T4リーグBブロック,東海大高輪台Ｂ,東海大高輪台,B,都立駒場,駒場,,2,1,waseda_2026-Tリーグ・ユニティリーグ・NSリーグ星取表20260803.pdf
2026,Tリーグ,T4リーグBブロック,東海大高輪台Ｂ,東海大高輪台,B,保善,保善,,1,4,waseda_2026-Tリーグ・ユニティリーグ・NSリーグ星取表20260803.pdf
2026,Tリーグ,T4リーグBブロック,東海大高輪台Ｂ,東海大高輪台,B,都立東久留米総合B,東久留米総合,B,7,1,waseda_2026-Tリーグ・ユニティリーグ・NSリーグ星取表20260803.pdf
2026,Tリーグ,T4リーグBブロック,大成Ｂ,大成,B,駒澤大高Ｃ,駒澤大高,C,2,1,waseda_2026-Tリーグ・ユニティリーグ・NSリーグ星取表20260803.pdf
2026,Tリーグ,T4リーグBブロック,大成Ｂ,大成,B,国士舘Ｂ,国士舘,B,0,0,waseda_2026-Tリーグ・ユニティリーグ・NSリーグ星取表20260803.pdf
2026,Tリーグ,T4リーグBブロック,大成Ｂ,大成,B,都立駒場,駒場,,3,0,waseda_2026-Tリーグ・ユニティリーグ・NSリーグ星取表20260803.pdf
2026,Tリーグ,T4リーグBブロック,大成Ｂ,大成,B,都立東久留米総合B,東久留米総合,B,3,0,waseda_2026-Tリーグ・ユニティリーグ・NSリーグ星取表20260803.pdf
2026,Tリーグ,T4リーグBブロック,駒澤大高Ｃ,駒澤大高,C,国士舘Ｂ,国士舘,B,2,2,waseda_2026-Tリーグ・ユニティリーグ・NSリーグ星取表20260803.pdf
2026,Tリーグ,T4リーグBブロック,駒澤大高Ｃ,駒澤大高,C,都立東久留米総合B,東久留米総合,B,4,1,waseda_2026-Tリーグ・ユニティリーグ・NSリーグ星取表20260803.pdf
2026,Tリーグ,T4リーグBブロック,国士舘Ｂ,国士舘,B,関東第一Ｃ,関東第一,C,1,0,waseda_2026-Tリーグ・ユニティリーグ・NSリーグ星取表20260803.pdf
2026,Tリーグ,T4リーグBブロック,都立駒場,駒場,,保善,保善,,1,2,waseda_2026-Tリーグ・ユニティリーグ・NSリーグ星取表20260803.pdf
2026,Tリーグ,T4リーグBブロック,都立駒場,駒場,,関東第一Ｃ,関東第一,C,2,3,waseda_2026-Tリーグ・ユニティリーグ・NSリーグ星取表20260803.pdf
2026,Tリーグ,T4リーグBブロック,保善,保善,,関東第一Ｃ,関東第一,C,1,0,waseda_2026-Tリーグ・ユニティリーグ・NSリーグ星取表20260803.pdf
2026,Tリーグ,T4リーグBブロック,保善,保善,,都立東久留米総合B,東久留米総合,B,1,0,waseda_2026-Tリーグ・ユニティリーグ・NSリーグ星取表20260803.pdf
2026,Tリーグ,T4リーグBブロック,関東第一Ｃ,関東第一,C,都立東久留米総合B,東久留米総合,B,0,3,waseda_2026-Tリーグ・ユニティリーグ・NSリーグ星取表20260803.pdf
2026,Tokyo Unity League,(U-16)2部Bブロック,東海大菅生,東海大菅生,,早大学院,早大学院,,2,3,waseda_2026-Tリーグ・ユニティリーグ・NSリーグ星取表20260803.pdf
2026,NSリーグ,1部,専大附属Ａ,専大附属,A,日大二A,日大二,A,2,1,waseda_2026-Tリーグ・ユニティリーグ・NSリーグ星取表20260803.pdf
2026,NSリーグ,1部,専大附属Ａ,専大附属,A,都立豊多摩A,豊多摩,A,4,1,waseda_2026-Tリーグ・ユニティリーグ・NSリーグ星取表20260803.pdf
2026,NSリーグ,1部,専大附属Ａ,専大附属,A,日大鶴ケ丘B,日大鶴ヶ丘,B,4,1,waseda_2026-Tリーグ・ユニティリーグ・NSリーグ星取表20260803.pdf
2026,NSリーグ,1部,専大附属Ａ,専大附属,A,都立鷺宮A,鷺宮,A,1,1,waseda_2026-Tリーグ・ユニティリーグ・NSリーグ星取表20260803.pdf
2026,NSリーグ,1部,専大附属Ａ,専大附属,A,都立保谷B,保谷,B,8,1,waseda_2026-Tリーグ・ユニティリーグ・NSリーグ星取表20260803.pdf
2026,NSリーグ,1部,専大附属Ａ,専大附属,A,文大杉並,文大杉並,,4,1,waseda_2026-Tリーグ・ユニティリーグ・NSリーグ星取表20260803.pdf
2026,NSリーグ,1部,実践学園D,実践学園,D,早大学院Ｂ,早大学院,B,1,1,waseda_2026-Tリーグ・ユニティリーグ・NSリーグ星取表20260803.pdf
2026,NSリーグ,1部,実践学園D,実践学園,D,日大二A,日大二,A,1,2,waseda_2026-Tリーグ・ユニティリーグ・NSリーグ星取表20260803.pdf
2026,NSリーグ,1部,実践学園D,実践学園,D,日大鶴ケ丘B,日大鶴ヶ丘,B,0,4,waseda_2026-Tリーグ・ユニティリーグ・NSリーグ星取表20260803.pdf
2026,NSリーグ,1部,実践学園D,実践学園,D,都立鷺宮A,鷺宮,A,1,2,waseda_2026-Tリーグ・ユニティリーグ・NSリーグ星取表20260803.pdf
2026,NSリーグ,1部,実践学園D,実践学園,D,都立保谷B,保谷,B,4,1,waseda_2026-Tリーグ・ユニティリーグ・NSリーグ星取表20260803.pdf
2026,NSリーグ,1部,実践学園D,実践学園,D,文大杉並,文大杉並,,1,1,waseda_2026-Tリーグ・ユニティリーグ・NSリーグ星取表20260803.pdf
2026,NSリーグ,1部,早大学院Ｂ,早大学院,B,都立石神井B,石神井,B,1,1,waseda_2026-Tリーグ・ユニティリーグ・NSリーグ星取表20260803.pdf
2026,NSリーグ,1部,早大学院Ｂ,早大学院,B,都立豊多摩A,豊多摩,A,0,2,waseda_2026-Tリーグ・ユニティリーグ・NSリーグ星取表20260803.pdf
2026,NSリーグ,1部,早大学院Ｂ,早大学院,B,日大鶴ケ丘B,日大鶴ヶ丘,B,0,2,waseda_2026-Tリーグ・ユニティリーグ・NSリーグ星取表20260803.pdf
2026,NSリーグ,1部,早大学院Ｂ,早大学院,B,都立鷺宮A,鷺宮,A,0,1,waseda_2026-Tリーグ・ユニティリーグ・NSリーグ星取表20260803.pdf
2026,NSリーグ,1部,早大学院Ｂ,早大学院,B,都立保谷B,保谷,B,6,0,waseda_2026-Tリーグ・ユニティリーグ・NSリーグ星取表20260803.pdf
2026,NSリーグ,1部,都立石神井B,石神井,B,日大二A,日大二,A,1,4,waseda_2026-Tリーグ・ユニティリーグ・NSリーグ星取表20260803.pdf
2026,NSリーグ,1部,都立石神井B,石神井,B,都立豊多摩A,豊多摩,A,1,3,waseda_2026-Tリーグ・ユニティリーグ・NSリーグ星取表20260803.pdf
2026,NSリーグ,1部,都立石神井B,石神井,B,日大鶴ケ丘B,日大鶴ヶ丘,B,2,3,waseda_2026-Tリーグ・ユニティリーグ・NSリーグ星取表20260803.pdf
2026,NSリーグ,1部,都立石神井B,石神井,B,都立鷺宮A,鷺宮,A,0,6,waseda_2026-Tリーグ・ユニティリーグ・NSリーグ星取表20260803.pdf
2026,NSリーグ,1部,都立石神井B,石神井,B,文大杉並,文大杉並,,1,2,waseda_2026-Tリーグ・ユニティリーグ・NSリーグ星取表20260803.pdf
2026,NSリーグ,1部,日大二A,日大二,A,都立豊多摩A,豊多摩,A,1,0,waseda_2026-Tリーグ・ユニティリーグ・NSリーグ星取表20260803.pdf
2026,NSリーグ,1部,日大二A,日大二,A,日大鶴ケ丘B,日大鶴ヶ丘,B,3,1,waseda_2026-Tリーグ・ユニティリーグ・NSリーグ星取表20260803.pdf
2026,NSリーグ,1部,日大二A,日大二,A,都立保谷B,保谷,B,2,1,waseda_2026-Tリーグ・ユニティリーグ・NSリーグ星取表20260803.pdf
2026,NSリーグ,1部,都立豊多摩A,豊多摩,A,都立鷺宮A,鷺宮,A,0,3,waseda_2026-Tリーグ・ユニティリーグ・NSリーグ星取表20260803.pdf
2026,NSリーグ,1部,都立豊多摩A,豊多摩,A,文大杉並,文大杉並,,2,0,waseda_2026-Tリーグ・ユニティリーグ・NSリーグ星取表20260803.pdf
2026,NSリーグ,1部,日大鶴ケ丘B,日大鶴ヶ丘,B,都立保谷B,保谷,B,5,0,waseda_2026-Tリーグ・ユニティリーグ・NSリーグ星取表20260803.pdf
2026,NSリーグ,1部,都立鷺宮A,鷺宮,A,文大杉並,文大杉並,,3,0,waseda_2026-Tリーグ・ユニティリーグ・NSリーグ星取表20260803.pdf
2026,NSリーグ,1部,都立保谷B,保谷,B,文大杉並,文大杉並,,2,1,waseda_2026-Tリーグ・ユニティリーグ・NSリーグ星取表20260803.pdf
2026,NSリーグ,2部Aブロック,國學院久我山Ｅ,国学院久我山,E,都立武蔵丘A,武蔵丘,A,2,2,waseda_2026-Tリーグ・ユニティリーグ・NSリーグ星取表20260803.pdf
2026,NSリーグ,2部Aブロック,國學院久我山Ｅ,国学院久我山,E,都立保谷Ｃ,保谷,C,6,1,waseda_2026-Tリーグ・ユニティリーグ・NSリーグ星取表20260803.pdf
2026,NSリーグ,2部Aブロック,國學院久我山Ｅ,国学院久我山,E,東大付属,東大附属,,6,0,waseda_2026-Tリーグ・ユニティリーグ・NSリーグ星取表20260803.pdf
2026,NSリーグ,2部Aブロック,都立武蔵丘A,武蔵丘,A,日大鶴ケ丘C,日大鶴ヶ丘,C,2,0,waseda_2026-Tリーグ・ユニティリーグ・NSリーグ星取表20260803.pdf
2026,NSリーグ,2部Aブロック,都立武蔵丘A,武蔵丘,A,都立保谷Ｃ,保谷,C,1,0,waseda_2026-Tリーグ・ユニティリーグ・NSリーグ星取表20260803.pdf
2026,NSリーグ,2部Aブロック,都立武蔵丘A,武蔵丘,A,東大付属,東大附属,,4,1,waseda_2026-Tリーグ・ユニティリーグ・NSリーグ星取表20260803.pdf
2026,NSリーグ,2部Aブロック,中大杉並,中大杉並,,東大付属,東大附属,,11,0,waseda_2026-Tリーグ・ユニティリーグ・NSリーグ星取表20260803.pdf
2026,NSリーグ,2部Aブロック,早大学院C,早大学院,C,都立保谷Ｃ,保谷,C,1,0,waseda_2026-Tリーグ・ユニティリーグ・NSリーグ星取表20260803.pdf
2026,NSリーグ,2部Aブロック,杉並ソシオＢ,杉並ソシオ,B,都立保谷Ｃ,保谷,C,0,2,waseda_2026-Tリーグ・ユニティリーグ・NSリーグ星取表20260803.pdf
2026,NSリーグ,2部Aブロック,杉並ソシオＢ,杉並ソシオ,B,東大付属,東大附属,,3,1,waseda_2026-Tリーグ・ユニティリーグ・NSリーグ星取表20260803.pdf
2026,NSリーグ,2部Aブロック,日大鶴ケ丘C,日大鶴ヶ丘,C,都立保谷Ｃ,保谷,C,4,1,waseda_2026-Tリーグ・ユニティリーグ・NSリーグ星取表20260803.pdf
2026,NSリーグ,2部Aブロック,日大鶴ケ丘C,日大鶴ヶ丘,C,東大付属,東大附属,,4,0,waseda_2026-Tリーグ・ユニティリーグ・NSリーグ星取表20260803.pdf
