tid,種類,年度,リーグ名,部,URL
246801,index,2026,JA東京カップ 第16ブロック,予選1次・A,https://junior-soccer.jp/kanto/tokyo/league/table/246801
246802,index,2026,JA東京カップ 第16ブロック,予選1次・B,https://junior-soccer.jp/kanto/tokyo/league/table/246802
246803,index,2026,JA東京カップ 第16ブロック,予選1次・C,https://junior-soccer.jp/kanto/tokyo/league/table/246803
246804,index,2026,JA東京カップ 第16ブロック,予選1次・D,https://junior-soccer.jp/kanto/tokyo/league/table/246804
165807,index,,【1部Bブロック】2026東京U-13リーグ前期,,https://junior-soccer.jp/kanto/tokyo/league/table/165807
165808,index,,【1部Cブロック】2026東京U-13リーグ前期,,https://junior-soccer.jp/kanto/tokyo/league/table/165808
165810,index,,【1部Eブロック】2026東京U-13リーグ前期,,https://junior-soccer.jp/kanto/tokyo/league/table/165810
165811,index,,【1部Fブロック】2026東京U-13リーグ前期,,https://junior-soccer.jp/kanto/tokyo/league/table/165811
165812,index,,【1部Gブロック】2026東京U-13リーグ前期,,https://junior-soccer.jp/kanto/tokyo/league/table/165812
165813,index,,【1部Hブロック】2026東京U-13リーグ前期,,https://junior-soccer.jp/kanto/tokyo/league/table/165813
165814,index,,【1部Iブロック】2026東京U-13リーグ前期,,https://junior-soccer.jp/kanto/tokyo/league/table/165814
165815,index,,【1部Jブロック】2026東京U-13リーグ前期,,https://junior-soccer.jp/kanto/tokyo/league/table/165815
165816,index,,【1部Kブロック】2026東京U-13リーグ前期,,https://junior-soccer.jp/kanto/tokyo/league/table/165816
165817,index,,【1部Lブロック】2026東京U-13リーグ前期,,https://junior-soccer.jp/kanto/tokyo/league/table/165817
165818,index,,【1部Mブロック】2026東京U-13リーグ前期,,https://junior-soccer.jp/kanto/tokyo/league/table/165818
165819,index,,【1部Nブロック】2026東京U-13リーグ前期,,https://junior-soccer.jp/kanto/tokyo/league/table/165819
165820,index,,【1部Oブロック】2026東京U-13リーグ前期,,https://junior-soccer.jp/kanto/tokyo/league/table/165820
165821,index,,【1部Pブロック】2026東京U-13リーグ前期,,https://junior-soccer.jp/kanto/tokyo/league/table/165821
164292,index,,【2A】2026東京クラブユースU-14 2次リーグ,,https://junior-soccer.jp/kanto/tokyo/league/table/164292
164298,index,,【2G】2026東京クラブユースU-14 2次リーグ,,https://junior-soccer.jp/kanto/tokyo/league/table/164298
165822,index,,【2部Aブロック】2026東京U-13リーグ前期,,https://junior-soccer.jp/kanto/tokyo/league/table/165822
165823,index,,【2部Bブロック】2026東京U-13リーグ前期,,https://junior-soccer.jp/kanto/tokyo/league/table/165823
164264,index,,【Cブロック】2026フレッシュカップU-14,,https://junior-soccer.jp/kanto/tokyo/league/table/164264
246750,index,,【後期1部】2026東京U-12三井のリハウスリーグ,,https://junior-soccer.jp/kanto/tokyo/league/table/246750
246751,index,,【後期2部A】2026東京U-12三井のリハウスリーグ,,https://junior-soccer.jp/kanto/tokyo/league/table/246751
246752,index,,【後期2部B】2026東京U-12三井のリハウスリーグ,,https://junior-soccer.jp/kanto/tokyo/league/table/246752
246753,index,,【後期2部C】2026東京U-12三井のリハウスリーグ,,https://junior-soccer.jp/kanto/tokyo/league/table/246753
246754,index,,【後期3部A】2026東京U-12三井のリハウスリーグ,,https://junior-soccer.jp/kanto/tokyo/league/table/246754
246755,index,,【後期3部B】2026東京U-12三井のリハウスリーグ,,https://junior-soccer.jp/kanto/tokyo/league/table/246755
10032,index,,全順位,,https://junior-soccer.jp/kanto/tokyo/league/table/10032
10053,index,,全順位,,https://junior-soccer.jp/kanto/tokyo/league/table/10053
10055,index,,全順位,,https://junior-soccer.jp/kanto/tokyo/league/table/10055
10056,index,,全順位,,https://junior-soccer.jp/kanto/tokyo/league/table/10056
10057,index,,全順位,,https://junior-soccer.jp/kanto/tokyo/league/table/10057
10148,index,,全順位,,https://junior-soccer.jp/kanto/tokyo/league/table/10148
10149,index,,全順位,,https://junior-soccer.jp/kanto/tokyo/league/table/10149
10150,index,,全順位,,https://junior-soccer.jp/kanto/tokyo/league/table/10150
10151,index,,全順位,,https://junior-soccer.jp/kanto/tokyo/league/table/10151
102,index,,全順位,,https://junior-soccer.jp/kanto/tokyo/league/table/102
103,index,,全順位,,https://junior-soccer.jp/kanto/tokyo/league/table/103
1038,index,,全順位,,https://junior-soccer.jp/kanto/tokyo/league/table/1038
1039,index,,全順位,,https://junior-soccer.jp/kanto/tokyo/league/table/1039
104,index,,全順位,,https://junior-soccer.jp/kanto/tokyo/league/table/104
1040,index,,全順位,,https://junior-soccer.jp/kanto/tokyo/league/table/1040
1041,index,,全順位,,https://junior-soccer.jp/kanto/tokyo/league/table/1041
1042,index,,全順位,,https://junior-soccer.jp/kanto/tokyo/league/table/1042
1043,index,,全順位,,https://junior-soccer.jp/kanto/tokyo/league/table/1043
1044,index,,全順位,,https://junior-soccer.jp/kanto/tokyo/league/table/1044
1045,index,,全順位,,https://junior-soccer.jp/kanto/tokyo/league/table/1045
105,index,,全順位,,https://junior-soccer.jp/kanto/tokyo/league/table/105
10588,index,,全順位,,https://junior-soccer.jp/kanto/tokyo/league/table/10588
10589,index,,全順位,,https://junior-soccer.jp/kanto/tokyo/league/table/10589
106,index,,全順位,,https://junior-soccer.jp/kanto/tokyo/league/table/106
10634,index,,全順位,,https://junior-soccer.jp/kanto/tokyo/league/table/10634
10635,index,,全順位,,https://junior-soccer.jp/kanto/tokyo/league/table/10635
10636,index,,全順位,,https://junior-soccer.jp/kanto/tokyo/league/table/10636
10637,index,,全順位,,https://junior-soccer.jp/kanto/tokyo/league/table/10637
10638,index,,全順位,,https://junior-soccer.jp/kanto/tokyo/league/table/10638
10639,index,,全順位,,https://junior-soccer.jp/kanto/tokyo/league/table/10639
1065,index,,全順位,,https://junior-soccer.jp/kanto/tokyo/league/table/1065
1066,index,,全順位,,https://junior-soccer.jp/kanto/tokyo/league/table/1066
1067,index,,全順位,,https://junior-soccer.jp/kanto/tokyo/league/table/1067
10679,index,,全順位,,https://junior-soccer.jp/kanto/tokyo/league/table/10679
1068,index,,全順位,,https://junior-soccer.jp/kanto/tokyo/league/table/1068
107,index,,全順位,,https://junior-soccer.jp/kanto/tokyo/league/table/107
108,index,,全順位,,https://junior-soccer.jp/kanto/tokyo/league/table/108
10828,index,,全順位,,https://junior-soccer.jp/kanto/tokyo/league/table/10828
10829,index,,全順位,,https://junior-soccer.jp/kanto/tokyo/league/table/10829
10830,index,,全順位,,https://junior-soccer.jp/kanto/tokyo/league/table/10830
10831,index,,全順位,,https://junior-soccer.jp/kanto/tokyo/league/table/10831
10832,index,,全順位,,https://junior-soccer.jp/kanto/tokyo/league/table/10832
10835,index,,全順位,,https://junior-soccer.jp/kanto/tokyo/league/table/10835
10837,index,,全順位,,https://junior-soccer.jp/kanto/tokyo/league/table/10837
10838,index,,全順位,,https://junior-soccer.jp/kanto/tokyo/league/table/10838
10839,index,,全順位,,https://junior-soccer.jp/kanto/tokyo/league/table/10839
10840,index,,全順位,,https://junior-soccer.jp/kanto/tokyo/league/table/10840
10841,index,,全順位,,https://junior-soccer.jp/kanto/tokyo/league/table/10841
10884,index,,全順位,,https://junior-soccer.jp/kanto/tokyo/league/table/10884
10885,index,,全順位,,https://junior-soccer.jp/kanto/tokyo/league/table/10885
10886,index,,全順位,,https://junior-soccer.jp/kanto/tokyo/league/table/10886
10887,index,,全順位,,https://junior-soccer.jp/kanto/tokyo/league/table/10887
109,index,,全順位,,https://junior-soccer.jp/kanto/tokyo/league/table/109
10937,index,,全順位,,https://junior-soccer.jp/kanto/tokyo/league/table/10937
10938,index,,全順位,,https://junior-soccer.jp/kanto/tokyo/league/table/10938
10939,index,,全順位,,https://junior-soccer.jp/kanto/tokyo/league/table/10939
10940,index,,全順位,,https://junior-soccer.jp/kanto/tokyo/league/table/10940
10944,index,,全順位,,https://junior-soccer.jp/kanto/tokyo/league/table/10944
10945,index,,全順位,,https://junior-soccer.jp/kanto/tokyo/league/table/10945
10946,index,,全順位,,https://junior-soccer.jp/kanto/tokyo/league/table/10946
10947,index,,全順位,,https://junior-soccer.jp/kanto/tokyo/league/table/10947
10948,index,,全順位,,https://junior-soccer.jp/kanto/tokyo/league/table/10948
10949,index,,全順位,,https://junior-soccer.jp/kanto/tokyo/league/table/10949
10955,index,,全順位,,https://junior-soccer.jp/kanto/tokyo/league/table/10955
10956,index,,全順位,,https://junior-soccer.jp/kanto/tokyo/league/table/10956
10957,index,,全順位,,https://junior-soccer.jp/kanto/tokyo/league/table/10957
10958,index,,全順位,,https://junior-soccer.jp/kanto/tokyo/league/table/10958
10959,index,,全順位,,https://junior-soccer.jp/kanto/tokyo/league/table/10959
10960,index,,全順位,,https://junior-soccer.jp/kanto/tokyo/league/table/10960
10961,index,,全順位,,https://junior-soccer.jp/kanto/tokyo/league/table/10961
10962,index,,全順位,,https://junior-soccer.jp/kanto/tokyo/league/table/10962
10963,index,,全順位,,https://junior-soccer.jp/kanto/tokyo/league/table/10963
10964,index,,全順位,,https://junior-soccer.jp/kanto/tokyo/league/table/10964
10965,index,,全順位,,https://junior-soccer.jp/kanto/tokyo/league/table/10965
10966,index,,全順位,,https://junior-soccer.jp/kanto/tokyo/league/table/10966
10967,index,,全順位,,https://junior-soccer.jp/kanto/tokyo/league/table/10967
10968,index,,全順位,,https://junior-soccer.jp/kanto/tokyo/league/table/10968
10969,index,,全順位,,https://junior-soccer.jp/kanto/tokyo/league/table/10969
10970,index,,全順位,,https://junior-soccer.jp/kanto/tokyo/league/table/10970
110,index,,全順位,,https://junior-soccer.jp/kanto/tokyo/league/table/110
11005,index,,全順位,,https://junior-soccer.jp/kanto/tokyo/league/table/11005
11006,index,,全順位,,https://junior-soccer.jp/kanto/tokyo/league/table/11006
11007,index,,全順位,,https://junior-soccer.jp/kanto/tokyo/league/table/11007
11008,index,,全順位,,https://junior-soccer.jp/kanto/tokyo/league/table/11008
11022,index,,全順位,,https://junior-soccer.jp/kanto/tokyo/league/table/11022
11031,index,,全順位,,https://junior-soccer.jp/kanto/tokyo/league/table/11031
11032,index,,全順位,,https://junior-soccer.jp/kanto/tokyo/league/table/11032
11033,index,,全順位,,https://junior-soccer.jp/kanto/tokyo/league/table/11033
11044,index,,全順位,,https://junior-soccer.jp/kanto/tokyo/league/table/11044
11045,index,,全順位,,https://junior-soccer.jp/kanto/tokyo/league/table/11045
11057,index,,全順位,,https://junior-soccer.jp/kanto/tokyo/league/table/11057
11058,index,,全順位,,https://junior-soccer.jp/kanto/tokyo/league/table/11058
11059,index,,全順位,,https://junior-soccer.jp/kanto/tokyo/league/table/11059
11060,index,,全順位,,https://junior-soccer.jp/kanto/tokyo/league/table/11060
11092,index,,全順位,,https://junior-soccer.jp/kanto/tokyo/league/table/11092
11093,index,,全順位,,https://junior-soccer.jp/kanto/tokyo/league/table/11093
11095,index,,全順位,,https://junior-soccer.jp/kanto/tokyo/league/table/11095
11096,index,,全順位,,https://junior-soccer.jp/kanto/tokyo/league/table/11096
11098,index,,全順位,,https://junior-soccer.jp/kanto/tokyo/league/table/11098
11099,index,,全順位,,https://junior-soccer.jp/kanto/tokyo/league/table/11099
111,index,,全順位,,https://junior-soccer.jp/kanto/tokyo/league/table/111
11100,index,,全順位,,https://junior-soccer.jp/kanto/tokyo/league/table/11100
11101,index,,全順位,,https://junior-soccer.jp/kanto/tokyo/league/table/11101
11221,index,,全順位,,https://junior-soccer.jp/kanto/tokyo/league/table/11221
11228,index,,全順位,,https://junior-soccer.jp/kanto/tokyo/league/table/11228
11229,index,,全順位,,https://junior-soccer.jp/kanto/tokyo/league/table/11229
11230,index,,全順位,,https://junior-soccer.jp/kanto/tokyo/league/table/11230
11231,index,,全順位,,https://junior-soccer.jp/kanto/tokyo/league/table/11231
11232,index,,全順位,,https://junior-soccer.jp/kanto/tokyo/league/table/11232
11233,index,,全順位,,https://junior-soccer.jp/kanto/tokyo/league/table/11233
11400,index,,全順位,,https://junior-soccer.jp/kanto/tokyo/league/table/11400
11419,index,,全順位,,https://junior-soccer.jp/kanto/tokyo/league/table/11419
11420,index,,全順位,,https://junior-soccer.jp/kanto/tokyo/league/table/11420
11421,index,,全順位,,https://junior-soccer.jp/kanto/tokyo/league/table/11421
11422,index,,全順位,,https://junior-soccer.jp/kanto/tokyo/league/table/11422
11423,index,,全順位,,https://junior-soccer.jp/kanto/tokyo/league/table/11423
11457,index,,全順位,,https://junior-soccer.jp/kanto/tokyo/league/table/11457
11458,index,,全順位,,https://junior-soccer.jp/kanto/tokyo/league/table/11458
11459,index,,全順位,,https://junior-soccer.jp/kanto/tokyo/league/table/11459
11461,index,,全順位,,https://junior-soccer.jp/kanto/tokyo/league/table/11461
11462,index,,全順位,,https://junior-soccer.jp/kanto/tokyo/league/table/11462
11463,index,,全順位,,https://junior-soccer.jp/kanto/tokyo/league/table/11463
11464,index,,全順位,,https://junior-soccer.jp/kanto/tokyo/league/table/11464
11465,index,,全順位,,https://junior-soccer.jp/kanto/tokyo/league/table/11465
11466,index,,全順位,,https://junior-soccer.jp/kanto/tokyo/league/table/11466
11467,index,,全順位,,https://junior-soccer.jp/kanto/tokyo/league/table/11467
11479,index,,全順位,,https://junior-soccer.jp/kanto/tokyo/league/table/11479
11480,index,,全順位,,https://junior-soccer.jp/kanto/tokyo/league/table/11480
11481,index,,全順位,,https://junior-soccer.jp/kanto/tokyo/league/table/11481
11482,index,,全順位,,https://junior-soccer.jp/kanto/tokyo/league/table/11482
11483,index,,全順位,,https://junior-soccer.jp/kanto/tokyo/league/table/11483
11486,index,,全順位,,https://junior-soccer.jp/kanto/tokyo/league/table/11486
11511,index,,全順位,,https://junior-soccer.jp/kanto/tokyo/league/table/11511
11512,index,,全順位,,https://junior-soccer.jp/kanto/tokyo/league/table/11512
11513,index,,全順位,,https://junior-soccer.jp/kanto/tokyo/league/table/11513
11514,index,,全順位,,https://junior-soccer.jp/kanto/tokyo/league/table/11514
11515,index,,全順位,,https://junior-soccer.jp/kanto/tokyo/league/table/11515
11562,index,,全順位,,https://junior-soccer.jp/kanto/tokyo/league/table/11562
11563,index,,全順位,,https://junior-soccer.jp/kanto/tokyo/league/table/11563
11564,index,,全順位,,https://junior-soccer.jp/kanto/tokyo/league/table/11564
11565,index,,全順位,,https://junior-soccer.jp/kanto/tokyo/league/table/11565
11566,index,,全順位,,https://junior-soccer.jp/kanto/tokyo/league/table/11566
11567,index,,全順位,,https://junior-soccer.jp/kanto/tokyo/league/table/11567
11587,index,,全順位,,https://junior-soccer.jp/kanto/tokyo/league/table/11587
11588,index,,全順位,,https://junior-soccer.jp/kanto/tokyo/league/table/11588
11589,index,,全順位,,https://junior-soccer.jp/kanto/tokyo/league/table/11589
11590,index,,全順位,,https://junior-soccer.jp/kanto/tokyo/league/table/11590
11591,index,,全順位,,https://junior-soccer.jp/kanto/tokyo/league/table/11591
11607,index,,全順位,,https://junior-soccer.jp/kanto/tokyo/league/table/11607
11608,index,,全順位,,https://junior-soccer.jp/kanto/tokyo/league/table/11608
11609,index,,全順位,,https://junior-soccer.jp/kanto/tokyo/league/table/11609
11610,index,,全順位,,https://junior-soccer.jp/kanto/tokyo/league/table/11610
11612,index,,全順位,,https://junior-soccer.jp/kanto/tokyo/league/table/11612
11613,index,,全順位,,https://junior-soccer.jp/kanto/tokyo/league/table/11613
11614,index,,全順位,,https://junior-soccer.jp/kanto/tokyo/league/table/11614
11615,index,,全順位,,https://junior-soccer.jp/kanto/tokyo/league/table/11615
11766,index,,全順位,,https://junior-soccer.jp/kanto/tokyo/league/table/11766
11767,index,,全順位,,https://junior-soccer.jp/kanto/tokyo/league/table/11767
11768,index,,全順位,,https://junior-soccer.jp/kanto/tokyo/league/table/11768
11769,index,,全順位,,https://junior-soccer.jp/kanto/tokyo/league/table/11769
11770,index,,全順位,,https://junior-soccer.jp/kanto/tokyo/league/table/11770
11771,index,,全順位,,https://junior-soccer.jp/kanto/tokyo/league/table/11771
11772,index,,全順位,,https://junior-soccer.jp/kanto/tokyo/league/table/11772
11786,index,,全順位,,https://junior-soccer.jp/kanto/tokyo/league/table/11786
11787,index,,全順位,,https://junior-soccer.jp/kanto/tokyo/league/table/11787
11788,index,,全順位,,https://junior-soccer.jp/kanto/tokyo/league/table/11788
11863,index,,全順位,,https://junior-soccer.jp/kanto/tokyo/league/table/11863
11864,index,,全順位,,https://junior-soccer.jp/kanto/tokyo/league/table/11864
11865,index,,全順位,,https://junior-soccer.jp/kanto/tokyo/league/table/11865
11866,index,,全順位,,https://junior-soccer.jp/kanto/tokyo/league/table/11866
11867,index,,全順位,,https://junior-soccer.jp/kanto/tokyo/league/table/11867
11868,index,,全順位,,https://junior-soccer.jp/kanto/tokyo/league/table/11868
11869,index,,全順位,,https://junior-soccer.jp/kanto/tokyo/league/table/11869
11870,index,,全順位,,https://junior-soccer.jp/kanto/tokyo/league/table/11870
11871,index,,全順位,,https://junior-soccer.jp/kanto/tokyo/league/table/11871
11872,index,,全順位,,https://junior-soccer.jp/kanto/tokyo/league/table/11872
12063,index,,全順位,,https://junior-soccer.jp/kanto/tokyo/league/table/12063
12064,index,,全順位,,https://junior-soccer.jp/kanto/tokyo/league/table/12064
12122,index,,全順位,,https://junior-soccer.jp/kanto/tokyo/league/table/12122
12123,index,,全順位,,https://junior-soccer.jp/kanto/tokyo/league/table/12123
12124,index,,全順位,,https://junior-soccer.jp/kanto/tokyo/league/table/12124
12125,index,,全順位,,https://junior-soccer.jp/kanto/tokyo/league/table/12125
12134,index,,全順位,,https://junior-soccer.jp/kanto/tokyo/league/table/12134
12285,index,,全順位,,https://junior-soccer.jp/kanto/tokyo/league/table/12285
12286,index,,全順位,,https://junior-soccer.jp/kanto/tokyo/league/table/12286
12359,index,,全順位,,https://junior-soccer.jp/kanto/tokyo/league/table/12359
12360,index,,全順位,,https://junior-soccer.jp/kanto/tokyo/league/table/12360
12361,index,,全順位,,https://junior-soccer.jp/kanto/tokyo/league/table/12361
12363,index,,全順位,,https://junior-soccer.jp/kanto/tokyo/league/table/12363
12634,index,,全順位,,https://junior-soccer.jp/kanto/tokyo/league/table/12634
12635,index,,全順位,,https://junior-soccer.jp/kanto/tokyo/league/table/12635
12699,index,,全順位,,https://junior-soccer.jp/kanto/tokyo/league/table/12699
12702,index,,全順位,,https://junior-soccer.jp/kanto/tokyo/league/table/12702
12703,index,,全順位,,https://junior-soccer.jp/kanto/tokyo/league/table/12703
12704,index,,全順位,,https://junior-soccer.jp/kanto/tokyo/league/table/12704
12716,index,,全順位,,https://junior-soccer.jp/kanto/tokyo/league/table/12716
12717,index,,全順位,,https://junior-soccer.jp/kanto/tokyo/league/table/12717
12718,index,,全順位,,https://junior-soccer.jp/kanto/tokyo/league/table/12718
12719,index,,全順位,,https://junior-soccer.jp/kanto/tokyo/league/table/12719
12721,index,,全順位,,https://junior-soccer.jp/kanto/tokyo/league/table/12721
12722,index,,全順位,,https://junior-soccer.jp/kanto/tokyo/league/table/12722
12939,index,,全順位,,https://junior-soccer.jp/kanto/tokyo/league/table/12939
12957,index,,全順位,,https://junior-soccer.jp/kanto/tokyo/league/table/12957
12958,index,,全順位,,https://junior-soccer.jp/kanto/tokyo/league/table/12958
13115,index,,全順位,,https://junior-soccer.jp/kanto/tokyo/league/table/13115
13116,index,,全順位,,https://junior-soccer.jp/kanto/tokyo/league/table/13116
13117,index,,全順位,,https://junior-soccer.jp/kanto/tokyo/league/table/13117
13118,index,,全順位,,https://junior-soccer.jp/kanto/tokyo/league/table/13118
13121,index,,全順位,,https://junior-soccer.jp/kanto/tokyo/league/table/13121
13122,index,,全順位,,https://junior-soccer.jp/kanto/tokyo/league/table/13122
13123,index,,全順位,,https://junior-soccer.jp/kanto/tokyo/league/table/13123
13177,index,,全順位,,https://junior-soccer.jp/kanto/tokyo/league/table/13177
13184,index,,全順位,,https://junior-soccer.jp/kanto/tokyo/league/table/13184
13185,index,,全順位,,https://junior-soccer.jp/kanto/tokyo/league/table/13185
13249,index,,全順位,,https://junior-soccer.jp/kanto/tokyo/league/table/13249
136,index,,全順位,,https://junior-soccer.jp/kanto/tokyo/league/table/136
137,index,,全順位,,https://junior-soccer.jp/kanto/tokyo/league/table/137
13701,index,,全順位,,https://junior-soccer.jp/kanto/tokyo/league/table/13701
13702,index,,全順位,,https://junior-soccer.jp/kanto/tokyo/league/table/13702
13704,index,,全順位,,https://junior-soccer.jp/kanto/tokyo/league/table/13704
13705,index,,全順位,,https://junior-soccer.jp/kanto/tokyo/league/table/13705
13706,index,,全順位,,https://junior-soccer.jp/kanto/tokyo/league/table/13706
13720,index,,全順位,,https://junior-soccer.jp/kanto/tokyo/league/table/13720
13721,index,,全順位,,https://junior-soccer.jp/kanto/tokyo/league/table/13721
13722,index,,全順位,,https://junior-soccer.jp/kanto/tokyo/league/table/13722
13723,index,,全順位,,https://junior-soccer.jp/kanto/tokyo/league/table/13723
13725,index,,全順位,,https://junior-soccer.jp/kanto/tokyo/league/table/13725
13726,index,,全順位,,https://junior-soccer.jp/kanto/tokyo/league/table/13726
13727,index,,全順位,,https://junior-soccer.jp/kanto/tokyo/league/table/13727
13728,index,,全順位,,https://junior-soccer.jp/kanto/tokyo/league/table/13728
13730,index,,全順位,,https://junior-soccer.jp/kanto/tokyo/league/table/13730
13744,index,,全順位,,https://junior-soccer.jp/kanto/tokyo/league/table/13744
13747,index,,全順位,,https://junior-soccer.jp/kanto/tokyo/league/table/13747
13752,index,,全順位,,https://junior-soccer.jp/kanto/tokyo/league/table/13752
13753,index,,全順位,,https://junior-soccer.jp/kanto/tokyo/league/table/13753
13755,index,,全順位,,https://junior-soccer.jp/kanto/tokyo/league/table/13755
13761,index,,全順位,,https://junior-soccer.jp/kanto/tokyo/league/table/13761
138,index,,全順位,,https://junior-soccer.jp/kanto/tokyo/league/table/138
1386,index,,全順位,,https://junior-soccer.jp/kanto/tokyo/league/table/1386
1387,index,,全順位,,https://junior-soccer.jp/kanto/tokyo/league/table/1387
1389,index,,全順位,,https://junior-soccer.jp/kanto/tokyo/league/table/1389
139,index,,全順位,,https://junior-soccer.jp/kanto/tokyo/league/table/139
1390,index,,全順位,,https://junior-soccer.jp/kanto/tokyo/league/table/1390
1391,index,,全順位,,https://junior-soccer.jp/kanto/tokyo/league/table/1391
1392,index,,全順位,,https://junior-soccer.jp/kanto/tokyo/league/table/1392
14065,index,,全順位,,https://junior-soccer.jp/kanto/tokyo/league/table/14065
14067,index,,全順位,,https://junior-soccer.jp/kanto/tokyo/league/table/14067
14068,index,,全順位,,https://junior-soccer.jp/kanto/tokyo/league/table/14068
14069,index,,全順位,,https://junior-soccer.jp/kanto/tokyo/league/table/14069
14155,index,,全順位,,https://junior-soccer.jp/kanto/tokyo/league/table/14155
14156,index,,全順位,,https://junior-soccer.jp/kanto/tokyo/league/table/14156
14157,index,,全順位,,https://junior-soccer.jp/kanto/tokyo/league/table/14157
14202,index,,全順位,,https://junior-soccer.jp/kanto/tokyo/league/table/14202
14203,index,,全順位,,https://junior-soccer.jp/kanto/tokyo/league/table/14203
14204,index,,全順位,,https://junior-soccer.jp/kanto/tokyo/league/table/14204
14205,index,,全順位,,https://junior-soccer.jp/kanto/tokyo/league/table/14205
14206,index,,全順位,,https://junior-soccer.jp/kanto/tokyo/league/table/14206
14207,index,,全順位,,https://junior-soccer.jp/kanto/tokyo/league/table/14207
14208,index,,全順位,,https://junior-soccer.jp/kanto/tokyo/league/table/14208
14209,index,,全順位,,https://junior-soccer.jp/kanto/tokyo/league/table/14209
14210,index,,全順位,,https://junior-soccer.jp/kanto/tokyo/league/table/14210
14211,index,,全順位,,https://junior-soccer.jp/kanto/tokyo/league/table/14211
14212,index,,全順位,,https://junior-soccer.jp/kanto/tokyo/league/table/14212
14213,index,,全順位,,https://junior-soccer.jp/kanto/tokyo/league/table/14213
14214,index,,全順位,,https://junior-soccer.jp/kanto/tokyo/league/table/14214
14215,index,,全順位,,https://junior-soccer.jp/kanto/tokyo/league/table/14215
14216,index,,全順位,,https://junior-soccer.jp/kanto/tokyo/league/table/14216
14217,index,,全順位,,https://junior-soccer.jp/kanto/tokyo/league/table/14217
14226,index,,全順位,,https://junior-soccer.jp/kanto/tokyo/league/table/14226
14227,index,,全順位,,https://junior-soccer.jp/kanto/tokyo/league/table/14227
14228,index,,全順位,,https://junior-soccer.jp/kanto/tokyo/league/table/14228
14229,index,,全順位,,https://junior-soccer.jp/kanto/tokyo/league/table/14229
14230,index,,全順位,,https://junior-soccer.jp/kanto/tokyo/league/table/14230
14231,index,,全順位,,https://junior-soccer.jp/kanto/tokyo/league/table/14231
14232,index,,全順位,,https://junior-soccer.jp/kanto/tokyo/league/table/14232
14233,index,,全順位,,https://junior-soccer.jp/kanto/tokyo/league/table/14233
14234,index,,全順位,,https://junior-soccer.jp/kanto/tokyo/league/table/14234
14235,index,,全順位,,https://junior-soccer.jp/kanto/tokyo/league/table/14235
14236,index,,全順位,,https://junior-soccer.jp/kanto/tokyo/league/table/14236
14237,index,,全順位,,https://junior-soccer.jp/kanto/tokyo/league/table/14237
14238,index,,全順位,,https://junior-soccer.jp/kanto/tokyo/league/table/14238
14239,index,,全順位,,https://junior-soccer.jp/kanto/tokyo/league/table/14239
14240,index,,全順位,,https://junior-soccer.jp/kanto/tokyo/league/table/14240
14241,index,,全順位,,https://junior-soccer.jp/kanto/tokyo/league/table/14241
14242,index,,全順位,,https://junior-soccer.jp/kanto/tokyo/league/table/14242
14245,index,,全順位,,https://junior-soccer.jp/kanto/tokyo/league/table/14245
14246,index,,全順位,,https://junior-soccer.jp/kanto/tokyo/league/table/14246
14247,index,,全順位,,https://junior-soccer.jp/kanto/tokyo/league/table/14247
14248,index,,全順位,,https://junior-soccer.jp/kanto/tokyo/league/table/14248
14249,index,,全順位,,https://junior-soccer.jp/kanto/tokyo/league/table/14249
14254,index,,全順位,,https://junior-soccer.jp/kanto/tokyo/league/table/14254
14256,index,,全順位,,https://junior-soccer.jp/kanto/tokyo/league/table/14256
14257,index,,全順位,,https://junior-soccer.jp/kanto/tokyo/league/table/14257
14263,index,,全順位,,https://junior-soccer.jp/kanto/tokyo/league/table/14263
14332,index,,全順位,,https://junior-soccer.jp/kanto/tokyo/league/table/14332
14333,index,,全順位,,https://junior-soccer.jp/kanto/tokyo/league/table/14333
14334,index,,全順位,,https://junior-soccer.jp/kanto/tokyo/league/table/14334
14335,index,,全順位,,https://junior-soccer.jp/kanto/tokyo/league/table/14335
14336,index,,全順位,,https://junior-soccer.jp/kanto/tokyo/league/table/14336
14337,index,,全順位,,https://junior-soccer.jp/kanto/tokyo/league/table/14337
14338,index,,全順位,,https://junior-soccer.jp/kanto/tokyo/league/table/14338
14339,index,,全順位,,https://junior-soccer.jp/kanto/tokyo/league/table/14339
14366,index,,全順位,,https://junior-soccer.jp/kanto/tokyo/league/table/14366
14367,index,,全順位,,https://junior-soccer.jp/kanto/tokyo/league/table/14367
14368,index,,全順位,,https://junior-soccer.jp/kanto/tokyo/league/table/14368
14369,index,,全順位,,https://junior-soccer.jp/kanto/tokyo/league/table/14369
14371,index,,全順位,,https://junior-soccer.jp/kanto/tokyo/league/table/14371
14434,index,,全順位,,https://junior-soccer.jp/kanto/tokyo/league/table/14434
14474,index,,全順位,,https://junior-soccer.jp/kanto/tokyo/league/table/14474
14475,index,,全順位,,https://junior-soccer.jp/kanto/tokyo/league/table/14475
14476,index,,全順位,,https://junior-soccer.jp/kanto/tokyo/league/table/14476
14477,index,,全順位,,https://junior-soccer.jp/kanto/tokyo/league/table/14477
14478,index,,全順位,,https://junior-soccer.jp/kanto/tokyo/league/table/14478
14479,index,,全順位,,https://junior-soccer.jp/kanto/tokyo/league/table/14479
14480,index,,全順位,,https://junior-soccer.jp/kanto/tokyo/league/table/14480
14481,index,,全順位,,https://junior-soccer.jp/kanto/tokyo/league/table/14481
14482,index,,全順位,,https://junior-soccer.jp/kanto/tokyo/league/table/14482
14483,index,,全順位,,https://junior-soccer.jp/kanto/tokyo/league/table/14483
14484,index,,全順位,,https://junior-soccer.jp/kanto/tokyo/league/table/14484
14485,index,,全順位,,https://junior-soccer.jp/kanto/tokyo/league/table/14485
14487,index,,全順位,,https://junior-soccer.jp/kanto/tokyo/league/table/14487
14502,index,,全順位,,https://junior-soccer.jp/kanto/tokyo/league/table/14502
14508,index,,全順位,,https://junior-soccer.jp/kanto/tokyo/league/table/14508
14509,index,,全順位,,https://junior-soccer.jp/kanto/tokyo/league/table/14509
14510,index,,全順位,,https://junior-soccer.jp/kanto/tokyo/league/table/14510
14511,index,,全順位,,https://junior-soccer.jp/kanto/tokyo/league/table/14511
14512,index,,全順位,,https://junior-soccer.jp/kanto/tokyo/league/table/14512
14513,index,,全順位,,https://junior-soccer.jp/kanto/tokyo/league/table/14513
14514,index,,全順位,,https://junior-soccer.jp/kanto/tokyo/league/table/14514
14515,index,,全順位,,https://junior-soccer.jp/kanto/tokyo/league/table/14515
14516,index,,全順位,,https://junior-soccer.jp/kanto/tokyo/league/table/14516
14532,index,,全順位,,https://junior-soccer.jp/kanto/tokyo/league/table/14532
14533,index,,全順位,,https://junior-soccer.jp/kanto/tokyo/league/table/14533
14534,index,,全順位,,https://junior-soccer.jp/kanto/tokyo/league/table/14534
14571,index,,全順位,,https://junior-soccer.jp/kanto/tokyo/league/table/14571
14572,index,,全順位,,https://junior-soccer.jp/kanto/tokyo/league/table/14572
14573,index,,全順位,,https://junior-soccer.jp/kanto/tokyo/league/table/14573
14574,index,,全順位,,https://junior-soccer.jp/kanto/tokyo/league/table/14574
14596,index,,全順位,,https://junior-soccer.jp/kanto/tokyo/league/table/14596
14597,index,,全順位,,https://junior-soccer.jp/kanto/tokyo/league/table/14597
14598,index,,全順位,,https://junior-soccer.jp/kanto/tokyo/league/table/14598
14599,index,,全順位,,https://junior-soccer.jp/kanto/tokyo/league/table/14599
14608,index,,全順位,,https://junior-soccer.jp/kanto/tokyo/league/table/14608
14609,index,,全順位,,https://junior-soccer.jp/kanto/tokyo/league/table/14609
14610,index,,全順位,,https://junior-soccer.jp/kanto/tokyo/league/table/14610
14611,index,,全順位,,https://junior-soccer.jp/kanto/tokyo/league/table/14611
14612,index,,全順位,,https://junior-soccer.jp/kanto/tokyo/league/table/14612
14613,index,,全順位,,https://junior-soccer.jp/kanto/tokyo/league/table/14613
14645,index,,全順位,,https://junior-soccer.jp/kanto/tokyo/league/table/14645
14646,index,,全順位,,https://junior-soccer.jp/kanto/tokyo/league/table/14646
14648,index,,全順位,,https://junior-soccer.jp/kanto/tokyo/league/table/14648
14650,index,,全順位,,https://junior-soccer.jp/kanto/tokyo/league/table/14650
14651,index,,全順位,,https://junior-soccer.jp/kanto/tokyo/league/table/14651
14652,index,,全順位,,https://junior-soccer.jp/kanto/tokyo/league/table/14652
14653,index,,全順位,,https://junior-soccer.jp/kanto/tokyo/league/table/14653
14654,index,,全順位,,https://junior-soccer.jp/kanto/tokyo/league/table/14654
14655,index,,全順位,,https://junior-soccer.jp/kanto/tokyo/league/table/14655
14657,index,,全順位,,https://junior-soccer.jp/kanto/tokyo/league/table/14657
14703,index,,全順位,,https://junior-soccer.jp/kanto/tokyo/league/table/14703
1480,index,,全順位,,https://junior-soccer.jp/kanto/tokyo/league/table/1480
15285,index,,全順位,,https://junior-soccer.jp/kanto/tokyo/league/table/15285
15286,index,,全順位,,https://junior-soccer.jp/kanto/tokyo/league/table/15286
15287,index,,全順位,,https://junior-soccer.jp/kanto/tokyo/league/table/15287
15288,index,,全順位,,https://junior-soccer.jp/kanto/tokyo/league/table/15288
15315,index,,全順位,,https://junior-soccer.jp/kanto/tokyo/league/table/15315
15316,index,,全順位,,https://junior-soccer.jp/kanto/tokyo/league/table/15316
15317,index,,全順位,,https://junior-soccer.jp/kanto/tokyo/league/table/15317
15318,index,,全順位,,https://junior-soccer.jp/kanto/tokyo/league/table/15318
15319,index,,全順位,,https://junior-soccer.jp/kanto/tokyo/league/table/15319
15367,index,,全順位,,https://junior-soccer.jp/kanto/tokyo/league/table/15367
15368,index,,全順位,,https://junior-soccer.jp/kanto/tokyo/league/table/15368
15369,index,,全順位,,https://junior-soccer.jp/kanto/tokyo/league/table/15369
15370,index,,全順位,,https://junior-soccer.jp/kanto/tokyo/league/table/15370
15371,index,,全順位,,https://junior-soccer.jp/kanto/tokyo/league/table/15371
15372,index,,全順位,,https://junior-soccer.jp/kanto/tokyo/league/table/15372
15492,index,,全順位,,https://junior-soccer.jp/kanto/tokyo/league/table/15492
15716,index,,全順位,,https://junior-soccer.jp/kanto/tokyo/league/table/15716
15717,index,,全順位,,https://junior-soccer.jp/kanto/tokyo/league/table/15717
15719,index,,全順位,,https://junior-soccer.jp/kanto/tokyo/league/table/15719
15720,index,,全順位,,https://junior-soccer.jp/kanto/tokyo/league/table/15720
15721,index,,全順位,,https://junior-soccer.jp/kanto/tokyo/league/table/15721
15730,index,,全順位,,https://junior-soccer.jp/kanto/tokyo/league/table/15730
15828,index,,全順位,,https://junior-soccer.jp/kanto/tokyo/league/table/15828
15830,index,,全順位,,https://junior-soccer.jp/kanto/tokyo/league/table/15830
15831,index,,全順位,,https://junior-soccer.jp/kanto/tokyo/league/table/15831
15832,index,,全順位,,https://junior-soccer.jp/kanto/tokyo/league/table/15832
15833,index,,全順位,,https://junior-soccer.jp/kanto/tokyo/league/table/15833
15834,index,,全順位,,https://junior-soccer.jp/kanto/tokyo/league/table/15834
15835,index,,全順位,,https://junior-soccer.jp/kanto/tokyo/league/table/15835
15836,index,,全順位,,https://junior-soccer.jp/kanto/tokyo/league/table/15836
15891,index,,全順位,,https://junior-soccer.jp/kanto/tokyo/league/table/15891
15892,index,,全順位,,https://junior-soccer.jp/kanto/tokyo/league/table/15892
15893,index,,全順位,,https://junior-soccer.jp/kanto/tokyo/league/table/15893
15894,index,,全順位,,https://junior-soccer.jp/kanto/tokyo/league/table/15894
15895,index,,全順位,,https://junior-soccer.jp/kanto/tokyo/league/table/15895
15896,index,,全順位,,https://junior-soccer.jp/kanto/tokyo/league/table/15896
15897,index,,全順位,,https://junior-soccer.jp/kanto/tokyo/league/table/15897
15898,index,,全順位,,https://junior-soccer.jp/kanto/tokyo/league/table/15898
15925,index,,全順位,,https://junior-soccer.jp/kanto/tokyo/league/table/15925
15926,index,,全順位,,https://junior-soccer.jp/kanto/tokyo/league/table/15926
16010,index,,全順位,,https://junior-soccer.jp/kanto/tokyo/league/table/16010
1611,index,,全順位,,https://junior-soccer.jp/kanto/tokyo/league/table/1611
1612,index,,全順位,,https://junior-soccer.jp/kanto/tokyo/league/table/1612
16127,index,,全順位,,https://junior-soccer.jp/kanto/tokyo/league/table/16127
16128,index,,全順位,,https://junior-soccer.jp/kanto/tokyo/league/table/16128
16129,index,,全順位,,https://junior-soccer.jp/kanto/tokyo/league/table/16129
1613,index,,全順位,,https://junior-soccer.jp/kanto/tokyo/league/table/1613
16130,index,,全順位,,https://junior-soccer.jp/kanto/tokyo/league/table/16130
16131,index,,全順位,,https://junior-soccer.jp/kanto/tokyo/league/table/16131
16132,index,,全順位,,https://junior-soccer.jp/kanto/tokyo/league/table/16132
16133,index,,全順位,,https://junior-soccer.jp/kanto/tokyo/league/table/16133
16134,index,,全順位,,https://junior-soccer.jp/kanto/tokyo/league/table/16134
1614,index,,全順位,,https://junior-soccer.jp/kanto/tokyo/league/table/1614
161421,index,,全順位,,https://junior-soccer.jp/kanto/tokyo/league/table/161421
161422,index,,全順位,,https://junior-soccer.jp/kanto/tokyo/league/table/161422
161423,index,,全順位,,https://junior-soccer.jp/kanto/tokyo/league/table/161423
161962,index,,全順位,,https://junior-soccer.jp/kanto/tokyo/league/table/161962
161963,index,,全順位,,https://junior-soccer.jp/kanto/tokyo/league/table/161963
162072,index,,全順位,,https://junior-soccer.jp/kanto/tokyo/league/table/162072
162073,index,,全順位,,https://junior-soccer.jp/kanto/tokyo/league/table/162073
162074,index,,全順位,,https://junior-soccer.jp/kanto/tokyo/league/table/162074
162075,index,,全順位,,https://junior-soccer.jp/kanto/tokyo/league/table/162075
162076,index,,全順位,,https://junior-soccer.jp/kanto/tokyo/league/table/162076
162078,index,,全順位,,https://junior-soccer.jp/kanto/tokyo/league/table/162078
162079,index,,全順位,,https://junior-soccer.jp/kanto/tokyo/league/table/162079
162080,index,,全順位,,https://junior-soccer.jp/kanto/tokyo/league/table/162080
162081,index,,全順位,,https://junior-soccer.jp/kanto/tokyo/league/table/162081
162082,index,,全順位,,https://junior-soccer.jp/kanto/tokyo/league/table/162082
162083,index,,全順位,,https://junior-soccer.jp/kanto/tokyo/league/table/162083
162085,index,,全順位,,https://junior-soccer.jp/kanto/tokyo/league/table/162085
162086,index,,全順位,,https://junior-soccer.jp/kanto/tokyo/league/table/162086
162087,index,,全順位,,https://junior-soccer.jp/kanto/tokyo/league/table/162087
162099,index,,全順位,,https://junior-soccer.jp/kanto/tokyo/league/table/162099
162189,index,,全順位,,https://junior-soccer.jp/kanto/tokyo/league/table/162189
162303,index,,全順位,,https://junior-soccer.jp/kanto/tokyo/league/table/162303
162304,index,,全順位,,https://junior-soccer.jp/kanto/tokyo/league/table/162304
162318,index,,全順位,,https://junior-soccer.jp/kanto/tokyo/league/table/162318
162319,index,,全順位,,https://junior-soccer.jp/kanto/tokyo/league/table/162319
162320,index,,全順位,,https://junior-soccer.jp/kanto/tokyo/league/table/162320
162321,index,,全順位,,https://junior-soccer.jp/kanto/tokyo/league/table/162321
162322,index,,全順位,,https://junior-soccer.jp/kanto/tokyo/league/table/162322
162323,index,,全順位,,https://junior-soccer.jp/kanto/tokyo/league/table/162323
162479,index,,全順位,,https://junior-soccer.jp/kanto/tokyo/league/table/162479
162480,index,,全順位,,https://junior-soccer.jp/kanto/tokyo/league/table/162480
162492,index,,全順位,,https://junior-soccer.jp/kanto/tokyo/league/table/162492
162493,index,,全順位,,https://junior-soccer.jp/kanto/tokyo/league/table/162493
162494,index,,全順位,,https://junior-soccer.jp/kanto/tokyo/league/table/162494
162495,index,,全順位,,https://junior-soccer.jp/kanto/tokyo/league/table/162495
162496,index,,全順位,,https://junior-soccer.jp/kanto/tokyo/league/table/162496
162497,index,,全順位,,https://junior-soccer.jp/kanto/tokyo/league/table/162497
162504,index,,全順位,,https://junior-soccer.jp/kanto/tokyo/league/table/162504
162505,index,,全順位,,https://junior-soccer.jp/kanto/tokyo/league/table/162505
162506,index,,全順位,,https://junior-soccer.jp/kanto/tokyo/league/table/162506
162507,index,,全順位,,https://junior-soccer.jp/kanto/tokyo/league/table/162507
162508,index,,全順位,,https://junior-soccer.jp/kanto/tokyo/league/table/162508
162509,index,,全順位,,https://junior-soccer.jp/kanto/tokyo/league/table/162509
162510,index,,全順位,,https://junior-soccer.jp/kanto/tokyo/league/table/162510
162511,index,,全順位,,https://junior-soccer.jp/kanto/tokyo/league/table/162511
162512,index,,全順位,,https://junior-soccer.jp/kanto/tokyo/league/table/162512
162513,index,,全順位,,https://junior-soccer.jp/kanto/tokyo/league/table/162513
162514,index,,全順位,,https://junior-soccer.jp/kanto/tokyo/league/table/162514
162515,index,,全順位,,https://junior-soccer.jp/kanto/tokyo/league/table/162515
162517,index,,全順位,,https://junior-soccer.jp/kanto/tokyo/league/table/162517
162518,index,,全順位,,https://junior-soccer.jp/kanto/tokyo/league/table/162518
162747,index,,全順位,,https://junior-soccer.jp/kanto/tokyo/league/table/162747
162748,index,,全順位,,https://junior-soccer.jp/kanto/tokyo/league/table/162748
162849,index,,全順位,,https://junior-soccer.jp/kanto/tokyo/league/table/162849
162878,index,,全順位,,https://junior-soccer.jp/kanto/tokyo/league/table/162878
162879,index,,全順位,,https://junior-soccer.jp/kanto/tokyo/league/table/162879
162880,index,,全順位,,https://junior-soccer.jp/kanto/tokyo/league/table/162880
162960,index,,全順位,,https://junior-soccer.jp/kanto/tokyo/league/table/162960
162961,index,,全順位,,https://junior-soccer.jp/kanto/tokyo/league/table/162961
162962,index,,全順位,,https://junior-soccer.jp/kanto/tokyo/league/table/162962
162963,index,,全順位,,https://junior-soccer.jp/kanto/tokyo/league/table/162963
162970,index,,全順位,,https://junior-soccer.jp/kanto/tokyo/league/table/162970
162971,index,,全順位,,https://junior-soccer.jp/kanto/tokyo/league/table/162971
162972,index,,全順位,,https://junior-soccer.jp/kanto/tokyo/league/table/162972
162973,index,,全順位,,https://junior-soccer.jp/kanto/tokyo/league/table/162973
162974,index,,全順位,,https://junior-soccer.jp/kanto/tokyo/league/table/162974
163122,index,,全順位,,https://junior-soccer.jp/kanto/tokyo/league/table/163122
163123,index,,全順位,,https://junior-soccer.jp/kanto/tokyo/league/table/163123
163124,index,,全順位,,https://junior-soccer.jp/kanto/tokyo/league/table/163124
163125,index,,全順位,,https://junior-soccer.jp/kanto/tokyo/league/table/163125
163126,index,,全順位,,https://junior-soccer.jp/kanto/tokyo/league/table/163126
163127,index,,全順位,,https://junior-soccer.jp/kanto/tokyo/league/table/163127
163128,index,,全順位,,https://junior-soccer.jp/kanto/tokyo/league/table/163128
163129,index,,全順位,,https://junior-soccer.jp/kanto/tokyo/league/table/163129
163130,index,,全順位,,https://junior-soccer.jp/kanto/tokyo/league/table/163130
163131,index,,全順位,,https://junior-soccer.jp/kanto/tokyo/league/table/163131
163132,index,,全順位,,https://junior-soccer.jp/kanto/tokyo/league/table/163132
163133,index,,全順位,,https://junior-soccer.jp/kanto/tokyo/league/table/163133
163134,index,,全順位,,https://junior-soccer.jp/kanto/tokyo/league/table/163134
163135,index,,全順位,,https://junior-soccer.jp/kanto/tokyo/league/table/163135
163136,index,,全順位,,https://junior-soccer.jp/kanto/tokyo/league/table/163136
163137,index,,全順位,,https://junior-soccer.jp/kanto/tokyo/league/table/163137
163138,index,,全順位,,https://junior-soccer.jp/kanto/tokyo/league/table/163138
163142,index,,全順位,,https://junior-soccer.jp/kanto/tokyo/league/table/163142
163370,index,,全順位,,https://junior-soccer.jp/kanto/tokyo/league/table/163370
163371,index,,全順位,,https://junior-soccer.jp/kanto/tokyo/league/table/163371
163372,index,,全順位,,https://junior-soccer.jp/kanto/tokyo/league/table/163372
163373,index,,全順位,,https://junior-soccer.jp/kanto/tokyo/league/table/163373
163374,index,,全順位,,https://junior-soccer.jp/kanto/tokyo/league/table/163374
163375,index,,全順位,,https://junior-soccer.jp/kanto/tokyo/league/table/163375
163377,index,,全順位,,https://junior-soccer.jp/kanto/tokyo/league/table/163377
163379,index,,全順位,,https://junior-soccer.jp/kanto/tokyo/league/table/163379
163740,index,,全順位,,https://junior-soccer.jp/kanto/tokyo/league/table/163740
163741,index,,全順位,,https://junior-soccer.jp/kanto/tokyo/league/table/163741
163742,index,,全順位,,https://junior-soccer.jp/kanto/tokyo/league/table/163742
163743,index,,全順位,,https://junior-soccer.jp/kanto/tokyo/league/table/163743
163744,index,,全順位,,https://junior-soccer.jp/kanto/tokyo/league/table/163744
163745,index,,全順位,,https://junior-soccer.jp/kanto/tokyo/league/table/163745
163867,index,,全順位,,https://junior-soccer.jp/kanto/tokyo/league/table/163867
163868,index,,全順位,,https://junior-soccer.jp/kanto/tokyo/league/table/163868
163869,index,,全順位,,https://junior-soccer.jp/kanto/tokyo/league/table/163869
163870,index,,全順位,,https://junior-soccer.jp/kanto/tokyo/league/table/163870
163871,index,,全順位,,https://junior-soccer.jp/kanto/tokyo/league/table/163871
163942,index,,全順位,,https://junior-soccer.jp/kanto/tokyo/league/table/163942
163943,index,,全順位,,https://junior-soccer.jp/kanto/tokyo/league/table/163943
163944,index,,全順位,,https://junior-soccer.jp/kanto/tokyo/league/table/163944
163960,index,,全順位,,https://junior-soccer.jp/kanto/tokyo/league/table/163960
163961,index,,全順位,,https://junior-soccer.jp/kanto/tokyo/league/table/163961
164263,index,,全順位,,https://junior-soccer.jp/kanto/tokyo/league/table/164263
164293,index,,全順位,,https://junior-soccer.jp/kanto/tokyo/league/table/164293
164294,index,,全順位,,https://junior-soccer.jp/kanto/tokyo/league/table/164294
164295,index,,全順位,,https://junior-soccer.jp/kanto/tokyo/league/table/164295
164296,index,,全順位,,https://junior-soccer.jp/kanto/tokyo/league/table/164296
164297,index,,全順位,,https://junior-soccer.jp/kanto/tokyo/league/table/164297
164299,index,,全順位,,https://junior-soccer.jp/kanto/tokyo/league/table/164299
164301,index,,全順位,,https://junior-soccer.jp/kanto/tokyo/league/table/164301
164302,index,,全順位,,https://junior-soccer.jp/kanto/tokyo/league/table/164302
164303,index,,全順位,,https://junior-soccer.jp/kanto/tokyo/league/table/164303
164497,index,,全順位,,https://junior-soccer.jp/kanto/tokyo/league/table/164497
164507,index,,全順位,,https://junior-soccer.jp/kanto/tokyo/league/table/164507
164517,index,,全順位,,https://junior-soccer.jp/kanto/tokyo/league/table/164517
1651,index,,全順位,,https://junior-soccer.jp/kanto/tokyo/league/table/1651
1652,index,,全順位,,https://junior-soccer.jp/kanto/tokyo/league/table/1652
1653,index,,全順位,,https://junior-soccer.jp/kanto/tokyo/league/table/1653
1654,index,,全順位,,https://junior-soccer.jp/kanto/tokyo/league/table/1654
165661,index,,全順位,,https://junior-soccer.jp/kanto/tokyo/league/table/165661
165662,index,,全順位,,https://junior-soccer.jp/kanto/tokyo/league/table/165662
165663,index,,全順位,,https://junior-soccer.jp/kanto/tokyo/league/table/165663
165779,index,,全順位,,https://junior-soccer.jp/kanto/tokyo/league/table/165779
165780,index,,全順位,,https://junior-soccer.jp/kanto/tokyo/league/table/165780
165781,index,,全順位,,https://junior-soccer.jp/kanto/tokyo/league/table/165781
165782,index,,全順位,,https://junior-soccer.jp/kanto/tokyo/league/table/165782
165795,index,,全順位,,https://junior-soccer.jp/kanto/tokyo/league/table/165795
165797,index,,全順位,,https://junior-soccer.jp/kanto/tokyo/league/table/165797
165806,index,,全順位,,https://junior-soccer.jp/kanto/tokyo/league/table/165806
165809,index,,全順位,,https://junior-soccer.jp/kanto/tokyo/league/table/165809
1665,index,,全順位,,https://junior-soccer.jp/kanto/tokyo/league/table/1665
1666,index,,全順位,,https://junior-soccer.jp/kanto/tokyo/league/table/1666
1667,index,,全順位,,https://junior-soccer.jp/kanto/tokyo/league/table/1667
1668,index,,全順位,,https://junior-soccer.jp/kanto/tokyo/league/table/1668
1669,index,,全順位,,https://junior-soccer.jp/kanto/tokyo/league/table/1669
16693,index,,全順位,,https://junior-soccer.jp/kanto/tokyo/league/table/16693
1670,index,,全順位,,https://junior-soccer.jp/kanto/tokyo/league/table/1670
1671,index,,全順位,,https://junior-soccer.jp/kanto/tokyo/league/table/1671
16777,index,,全順位,,https://junior-soccer.jp/kanto/tokyo/league/table/16777
16779,index,,全順位,,https://junior-soccer.jp/kanto/tokyo/league/table/16779
17207,index,,全順位,,https://junior-soccer.jp/kanto/tokyo/league/table/17207
17208,index,,全順位,,https://junior-soccer.jp/kanto/tokyo/league/table/17208
17209,index,,全順位,,https://junior-soccer.jp/kanto/tokyo/league/table/17209
17210,index,,全順位,,https://junior-soccer.jp/kanto/tokyo/league/table/17210
17212,index,,全順位,,https://junior-soccer.jp/kanto/tokyo/league/table/17212
17213,index,,全順位,,https://junior-soccer.jp/kanto/tokyo/league/table/17213
17214,index,,全順位,,https://junior-soccer.jp/kanto/tokyo/league/table/17214
17216,index,,全順位,,https://junior-soccer.jp/kanto/tokyo/league/table/17216
17217,index,,全順位,,https://junior-soccer.jp/kanto/tokyo/league/table/17217
17218,index,,全順位,,https://junior-soccer.jp/kanto/tokyo/league/table/17218
17231,index,,全順位,,https://junior-soccer.jp/kanto/tokyo/league/table/17231
17232,index,,全順位,,https://junior-soccer.jp/kanto/tokyo/league/table/17232
17233,index,,全順位,,https://junior-soccer.jp/kanto/tokyo/league/table/17233
17234,index,,全順位,,https://junior-soccer.jp/kanto/tokyo/league/table/17234
17235,index,,全順位,,https://junior-soccer.jp/kanto/tokyo/league/table/17235
17236,index,,全順位,,https://junior-soccer.jp/kanto/tokyo/league/table/17236
17237,index,,全順位,,https://junior-soccer.jp/kanto/tokyo/league/table/17237
17238,index,,全順位,,https://junior-soccer.jp/kanto/tokyo/league/table/17238
17244,index,,全順位,,https://junior-soccer.jp/kanto/tokyo/league/table/17244
17245,index,,全順位,,https://junior-soccer.jp/kanto/tokyo/league/table/17245
17246,index,,全順位,,https://junior-soccer.jp/kanto/tokyo/league/table/17246
17247,index,,全順位,,https://junior-soccer.jp/kanto/tokyo/league/table/17247
17248,index,,全順位,,https://junior-soccer.jp/kanto/tokyo/league/table/17248
17249,index,,全順位,,https://junior-soccer.jp/kanto/tokyo/league/table/17249
17250,index,,全順位,,https://junior-soccer.jp/kanto/tokyo/league/table/17250
17251,index,,全順位,,https://junior-soccer.jp/kanto/tokyo/league/table/17251
1729,index,,全順位,,https://junior-soccer.jp/kanto/tokyo/league/table/1729
1730,index,,全順位,,https://junior-soccer.jp/kanto/tokyo/league/table/1730
17554,index,,全順位,,https://junior-soccer.jp/kanto/tokyo/league/table/17554
17555,index,,全順位,,https://junior-soccer.jp/kanto/tokyo/league/table/17555
17556,index,,全順位,,https://junior-soccer.jp/kanto/tokyo/league/table/17556
17578,index,,全順位,,https://junior-soccer.jp/kanto/tokyo/league/table/17578
17579,index,,全順位,,https://junior-soccer.jp/kanto/tokyo/league/table/17579
17608,index,,全順位,,https://junior-soccer.jp/kanto/tokyo/league/table/17608
17609,index,,全順位,,https://junior-soccer.jp/kanto/tokyo/league/table/17609
17610,index,,全順位,,https://junior-soccer.jp/kanto/tokyo/league/table/17610
17618,index,,全順位,,https://junior-soccer.jp/kanto/tokyo/league/table/17618
17866,index,,全順位,,https://junior-soccer.jp/kanto/tokyo/league/table/17866
17867,index,,全順位,,https://junior-soccer.jp/kanto/tokyo/league/table/17867
18247,index,,全順位,,https://junior-soccer.jp/kanto/tokyo/league/table/18247
18248,index,,全順位,,https://junior-soccer.jp/kanto/tokyo/league/table/18248
18249,index,,全順位,,https://junior-soccer.jp/kanto/tokyo/league/table/18249
18250,index,,全順位,,https://junior-soccer.jp/kanto/tokyo/league/table/18250
18254,index,,全順位,,https://junior-soccer.jp/kanto/tokyo/league/table/18254
18255,index,,全順位,,https://junior-soccer.jp/kanto/tokyo/league/table/18255
18256,index,,全順位,,https://junior-soccer.jp/kanto/tokyo/league/table/18256
18257,index,,全順位,,https://junior-soccer.jp/kanto/tokyo/league/table/18257
18258,index,,全順位,,https://junior-soccer.jp/kanto/tokyo/league/table/18258
18259,index,,全順位,,https://junior-soccer.jp/kanto/tokyo/league/table/18259
18260,index,,全順位,,https://junior-soccer.jp/kanto/tokyo/league/table/18260
1830,index,,全順位,,https://junior-soccer.jp/kanto/tokyo/league/table/1830
18748,index,,全順位,,https://junior-soccer.jp/kanto/tokyo/league/table/18748
18749,index,,全順位,,https://junior-soccer.jp/kanto/tokyo/league/table/18749
18750,index,,全順位,,https://junior-soccer.jp/kanto/tokyo/league/table/18750
18751,index,,全順位,,https://junior-soccer.jp/kanto/tokyo/league/table/18751
18806,index,,全順位,,https://junior-soccer.jp/kanto/tokyo/league/table/18806
18807,index,,全順位,,https://junior-soccer.jp/kanto/tokyo/league/table/18807
18808,index,,全順位,,https://junior-soccer.jp/kanto/tokyo/league/table/18808
18979,index,,全順位,,https://junior-soccer.jp/kanto/tokyo/league/table/18979
18980,index,,全順位,,https://junior-soccer.jp/kanto/tokyo/league/table/18980
18981,index,,全順位,,https://junior-soccer.jp/kanto/tokyo/league/table/18981
18982,index,,全順位,,https://junior-soccer.jp/kanto/tokyo/league/table/18982
18983,index,,全順位,,https://junior-soccer.jp/kanto/tokyo/league/table/18983
19013,index,,全順位,,https://junior-soccer.jp/kanto/tokyo/league/table/19013
19014,index,,全順位,,https://junior-soccer.jp/kanto/tokyo/league/table/19014
19015,index,,全順位,,https://junior-soccer.jp/kanto/tokyo/league/table/19015
19016,index,,全順位,,https://junior-soccer.jp/kanto/tokyo/league/table/19016
19017,index,,全順位,,https://junior-soccer.jp/kanto/tokyo/league/table/19017
19236,index,,全順位,,https://junior-soccer.jp/kanto/tokyo/league/table/19236
19237,index,,全順位,,https://junior-soccer.jp/kanto/tokyo/league/table/19237
19238,index,,全順位,,https://junior-soccer.jp/kanto/tokyo/league/table/19238
19239,index,,全順位,,https://junior-soccer.jp/kanto/tokyo/league/table/19239
19240,index,,全順位,,https://junior-soccer.jp/kanto/tokyo/league/table/19240
19241,index,,全順位,,https://junior-soccer.jp/kanto/tokyo/league/table/19241
19242,index,,全順位,,https://junior-soccer.jp/kanto/tokyo/league/table/19242
19243,index,,全順位,,https://junior-soccer.jp/kanto/tokyo/league/table/19243
19244,index,,全順位,,https://junior-soccer.jp/kanto/tokyo/league/table/19244
19245,index,,全順位,,https://junior-soccer.jp/kanto/tokyo/league/table/19245
19246,index,,全順位,,https://junior-soccer.jp/kanto/tokyo/league/table/19246
19247,index,,全順位,,https://junior-soccer.jp/kanto/tokyo/league/table/19247
19248,index,,全順位,,https://junior-soccer.jp/kanto/tokyo/league/table/19248
19249,index,,全順位,,https://junior-soccer.jp/kanto/tokyo/league/table/19249
19250,index,,全順位,,https://junior-soccer.jp/kanto/tokyo/league/table/19250
19332,index,,全順位,,https://junior-soccer.jp/kanto/tokyo/league/table/19332
19333,index,,全順位,,https://junior-soccer.jp/kanto/tokyo/league/table/19333
2000,index,,全順位,,https://junior-soccer.jp/kanto/tokyo/league/table/2000
2001,index,,全順位,,https://junior-soccer.jp/kanto/tokyo/league/table/2001
2002,index,,全順位,,https://junior-soccer.jp/kanto/tokyo/league/table/2002
2003,index,,全順位,,https://junior-soccer.jp/kanto/tokyo/league/table/2003
2004,index,,全順位,,https://junior-soccer.jp/kanto/tokyo/league/table/2004
20196,index,,全順位,,https://junior-soccer.jp/kanto/tokyo/league/table/20196
20197,index,,全順位,,https://junior-soccer.jp/kanto/tokyo/league/table/20197
20554,index,,全順位,,https://junior-soccer.jp/kanto/tokyo/league/table/20554
20555,index,,全順位,,https://junior-soccer.jp/kanto/tokyo/league/table/20555
20556,index,,全順位,,https://junior-soccer.jp/kanto/tokyo/league/table/20556
20557,index,,全順位,,https://junior-soccer.jp/kanto/tokyo/league/table/20557
20558,index,,全順位,,https://junior-soccer.jp/kanto/tokyo/league/table/20558
20733,index,,全順位,,https://junior-soccer.jp/kanto/tokyo/league/table/20733
20735,index,,全順位,,https://junior-soccer.jp/kanto/tokyo/league/table/20735
20736,index,,全順位,,https://junior-soccer.jp/kanto/tokyo/league/table/20736
20737,index,,全順位,,https://junior-soccer.jp/kanto/tokyo/league/table/20737
20850,index,,全順位,,https://junior-soccer.jp/kanto/tokyo/league/table/20850
20851,index,,全順位,,https://junior-soccer.jp/kanto/tokyo/league/table/20851
20852,index,,全順位,,https://junior-soccer.jp/kanto/tokyo/league/table/20852
20853,index,,全順位,,https://junior-soccer.jp/kanto/tokyo/league/table/20853
20873,index,,全順位,,https://junior-soccer.jp/kanto/tokyo/league/table/20873
20874,index,,全順位,,https://junior-soccer.jp/kanto/tokyo/league/table/20874
20875,index,,全順位,,https://junior-soccer.jp/kanto/tokyo/league/table/20875
20876,index,,全順位,,https://junior-soccer.jp/kanto/tokyo/league/table/20876
20877,index,,全順位,,https://junior-soccer.jp/kanto/tokyo/league/table/20877
20878,index,,全順位,,https://junior-soccer.jp/kanto/tokyo/league/table/20878
21235,index,,全順位,,https://junior-soccer.jp/kanto/tokyo/league/table/21235
21313,index,,全順位,,https://junior-soccer.jp/kanto/tokyo/league/table/21313
21314,index,,全順位,,https://junior-soccer.jp/kanto/tokyo/league/table/21314
21315,index,,全順位,,https://junior-soccer.jp/kanto/tokyo/league/table/21315
21316,index,,全順位,,https://junior-soccer.jp/kanto/tokyo/league/table/21316
21317,index,,全順位,,https://junior-soccer.jp/kanto/tokyo/league/table/21317
21320,index,,全順位,,https://junior-soccer.jp/kanto/tokyo/league/table/21320
21321,index,,全順位,,https://junior-soccer.jp/kanto/tokyo/league/table/21321
21322,index,,全順位,,https://junior-soccer.jp/kanto/tokyo/league/table/21322
21323,index,,全順位,,https://junior-soccer.jp/kanto/tokyo/league/table/21323
21324,index,,全順位,,https://junior-soccer.jp/kanto/tokyo/league/table/21324
21326,index,,全順位,,https://junior-soccer.jp/kanto/tokyo/league/table/21326
21788,index,,全順位,,https://junior-soccer.jp/kanto/tokyo/league/table/21788
21789,index,,全順位,,https://junior-soccer.jp/kanto/tokyo/league/table/21789
21826,index,,全順位,,https://junior-soccer.jp/kanto/tokyo/league/table/21826
21827,index,,全順位,,https://junior-soccer.jp/kanto/tokyo/league/table/21827
21922,index,,全順位,,https://junior-soccer.jp/kanto/tokyo/league/table/21922
21923,index,,全順位,,https://junior-soccer.jp/kanto/tokyo/league/table/21923
21924,index,,全順位,,https://junior-soccer.jp/kanto/tokyo/league/table/21924
21925,index,,全順位,,https://junior-soccer.jp/kanto/tokyo/league/table/21925
21926,index,,全順位,,https://junior-soccer.jp/kanto/tokyo/league/table/21926
21927,index,,全順位,,https://junior-soccer.jp/kanto/tokyo/league/table/21927
21928,index,,全順位,,https://junior-soccer.jp/kanto/tokyo/league/table/21928
21929,index,,全順位,,https://junior-soccer.jp/kanto/tokyo/league/table/21929
22048,index,,全順位,,https://junior-soccer.jp/kanto/tokyo/league/table/22048
22049,index,,全順位,,https://junior-soccer.jp/kanto/tokyo/league/table/22049
22050,index,,全順位,,https://junior-soccer.jp/kanto/tokyo/league/table/22050
22051,index,,全順位,,https://junior-soccer.jp/kanto/tokyo/league/table/22051
22052,index,,全順位,,https://junior-soccer.jp/kanto/tokyo/league/table/22052
22053,index,,全順位,,https://junior-soccer.jp/kanto/tokyo/league/table/22053
22054,index,,全順位,,https://junior-soccer.jp/kanto/tokyo/league/table/22054
22055,index,,全順位,,https://junior-soccer.jp/kanto/tokyo/league/table/22055
22056,index,,全順位,,https://junior-soccer.jp/kanto/tokyo/league/table/22056
22057,index,,全順位,,https://junior-soccer.jp/kanto/tokyo/league/table/22057
22139,index,,全順位,,https://junior-soccer.jp/kanto/tokyo/league/table/22139
22140,index,,全順位,,https://junior-soccer.jp/kanto/tokyo/league/table/22140
22141,index,,全順位,,https://junior-soccer.jp/kanto/tokyo/league/table/22141
22143,index,,全順位,,https://junior-soccer.jp/kanto/tokyo/league/table/22143
22144,index,,全順位,,https://junior-soccer.jp/kanto/tokyo/league/table/22144
22145,index,,全順位,,https://junior-soccer.jp/kanto/tokyo/league/table/22145
22146,index,,全順位,,https://junior-soccer.jp/kanto/tokyo/league/table/22146
22399,index,,全順位,,https://junior-soccer.jp/kanto/tokyo/league/table/22399
22400,index,,全順位,,https://junior-soccer.jp/kanto/tokyo/league/table/22400
22401,index,,全順位,,https://junior-soccer.jp/kanto/tokyo/league/table/22401
22402,index,,全順位,,https://junior-soccer.jp/kanto/tokyo/league/table/22402
22403,index,,全順位,,https://junior-soccer.jp/kanto/tokyo/league/table/22403
22404,index,,全順位,,https://junior-soccer.jp/kanto/tokyo/league/table/22404
22405,index,,全順位,,https://junior-soccer.jp/kanto/tokyo/league/table/22405
22753,index,,全順位,,https://junior-soccer.jp/kanto/tokyo/league/table/22753
22754,index,,全順位,,https://junior-soccer.jp/kanto/tokyo/league/table/22754
22755,index,,全順位,,https://junior-soccer.jp/kanto/tokyo/league/table/22755
22756,index,,全順位,,https://junior-soccer.jp/kanto/tokyo/league/table/22756
22757,index,,全順位,,https://junior-soccer.jp/kanto/tokyo/league/table/22757
2282,index,,全順位,,https://junior-soccer.jp/kanto/tokyo/league/table/2282
2283,index,,全順位,,https://junior-soccer.jp/kanto/tokyo/league/table/2283
2284,index,,全順位,,https://junior-soccer.jp/kanto/tokyo/league/table/2284
2292,index,,全順位,,https://junior-soccer.jp/kanto/tokyo/league/table/2292
2293,index,,全順位,,https://junior-soccer.jp/kanto/tokyo/league/table/2293
22981,index,,全順位,,https://junior-soccer.jp/kanto/tokyo/league/table/22981
22982,index,,全順位,,https://junior-soccer.jp/kanto/tokyo/league/table/22982
22983,index,,全順位,,https://junior-soccer.jp/kanto/tokyo/league/table/22983
22984,index,,全順位,,https://junior-soccer.jp/kanto/tokyo/league/table/22984
22985,index,,全順位,,https://junior-soccer.jp/kanto/tokyo/league/table/22985
23072,index,,全順位,,https://junior-soccer.jp/kanto/tokyo/league/table/23072
23073,index,,全順位,,https://junior-soccer.jp/kanto/tokyo/league/table/23073
23074,index,,全順位,,https://junior-soccer.jp/kanto/tokyo/league/table/23074
23075,index,,全順位,,https://junior-soccer.jp/kanto/tokyo/league/table/23075
23076,index,,全順位,,https://junior-soccer.jp/kanto/tokyo/league/table/23076
23077,index,,全順位,,https://junior-soccer.jp/kanto/tokyo/league/table/23077
23078,index,,全順位,,https://junior-soccer.jp/kanto/tokyo/league/table/23078
23165,index,,全順位,,https://junior-soccer.jp/kanto/tokyo/league/table/23165
23166,index,,全順位,,https://junior-soccer.jp/kanto/tokyo/league/table/23166
23167,index,,全順位,,https://junior-soccer.jp/kanto/tokyo/league/table/23167
23168,index,,全順位,,https://junior-soccer.jp/kanto/tokyo/league/table/23168
2343,index,,全順位,,https://junior-soccer.jp/kanto/tokyo/league/table/2343
2344,index,,全順位,,https://junior-soccer.jp/kanto/tokyo/league/table/2344
23494,index,,全順位,,https://junior-soccer.jp/kanto/tokyo/league/table/23494
23495,index,,全順位,,https://junior-soccer.jp/kanto/tokyo/league/table/23495
23496,index,,全順位,,https://junior-soccer.jp/kanto/tokyo/league/table/23496
23497,index,,全順位,,https://junior-soccer.jp/kanto/tokyo/league/table/23497
23607,index,,全順位,,https://junior-soccer.jp/kanto/tokyo/league/table/23607
23647,index,,全順位,,https://junior-soccer.jp/kanto/tokyo/league/table/23647
23648,index,,全順位,,https://junior-soccer.jp/kanto/tokyo/league/table/23648
23649,index,,全順位,,https://junior-soccer.jp/kanto/tokyo/league/table/23649
23650,index,,全順位,,https://junior-soccer.jp/kanto/tokyo/league/table/23650
23774,index,,全順位,,https://junior-soccer.jp/kanto/tokyo/league/table/23774
23775,index,,全順位,,https://junior-soccer.jp/kanto/tokyo/league/table/23775
23933,index,,全順位,,https://junior-soccer.jp/kanto/tokyo/league/table/23933
23934,index,,全順位,,https://junior-soccer.jp/kanto/tokyo/league/table/23934
23935,index,,全順位,,https://junior-soccer.jp/kanto/tokyo/league/table/23935
23937,index,,全順位,,https://junior-soccer.jp/kanto/tokyo/league/table/23937
24119,index,,全順位,,https://junior-soccer.jp/kanto/tokyo/league/table/24119
24120,index,,全順位,,https://junior-soccer.jp/kanto/tokyo/league/table/24120
25020,index,,全順位,,https://junior-soccer.jp/kanto/tokyo/league/table/25020
25021,index,,全順位,,https://junior-soccer.jp/kanto/tokyo/league/table/25021
25022,index,,全順位,,https://junior-soccer.jp/kanto/tokyo/league/table/25022
25023,index,,全順位,,https://junior-soccer.jp/kanto/tokyo/league/table/25023
25035,index,,全順位,,https://junior-soccer.jp/kanto/tokyo/league/table/25035
25036,index,,全順位,,https://junior-soccer.jp/kanto/tokyo/league/table/25036
25037,index,,全順位,,https://junior-soccer.jp/kanto/tokyo/league/table/25037
25038,index,,全順位,,https://junior-soccer.jp/kanto/tokyo/league/table/25038
25040,index,,全順位,,https://junior-soccer.jp/kanto/tokyo/league/table/25040
25041,index,,全順位,,https://junior-soccer.jp/kanto/tokyo/league/table/25041
25042,index,,全順位,,https://junior-soccer.jp/kanto/tokyo/league/table/25042
25043,index,,全順位,,https://junior-soccer.jp/kanto/tokyo/league/table/25043
25044,index,,全順位,,https://junior-soccer.jp/kanto/tokyo/league/table/25044
25045,index,,全順位,,https://junior-soccer.jp/kanto/tokyo/league/table/25045
25046,index,,全順位,,https://junior-soccer.jp/kanto/tokyo/league/table/25046
25047,index,,全順位,,https://junior-soccer.jp/kanto/tokyo/league/table/25047
25048,index,,全順位,,https://junior-soccer.jp/kanto/tokyo/league/table/25048
26081,index,,全順位,,https://junior-soccer.jp/kanto/tokyo/league/table/26081
26082,index,,全順位,,https://junior-soccer.jp/kanto/tokyo/league/table/26082
26083,index,,全順位,,https://junior-soccer.jp/kanto/tokyo/league/table/26083
26084,index,,全順位,,https://junior-soccer.jp/kanto/tokyo/league/table/26084
26108,index,,全順位,,https://junior-soccer.jp/kanto/tokyo/league/table/26108
26109,index,,全順位,,https://junior-soccer.jp/kanto/tokyo/league/table/26109
26112,index,,全順位,,https://junior-soccer.jp/kanto/tokyo/league/table/26112
26113,index,,全順位,,https://junior-soccer.jp/kanto/tokyo/league/table/26113
26116,index,,全順位,,https://junior-soccer.jp/kanto/tokyo/league/table/26116
26117,index,,全順位,,https://junior-soccer.jp/kanto/tokyo/league/table/26117
26137,index,,全順位,,https://junior-soccer.jp/kanto/tokyo/league/table/26137
26138,index,,全順位,,https://junior-soccer.jp/kanto/tokyo/league/table/26138
26139,index,,全順位,,https://junior-soccer.jp/kanto/tokyo/league/table/26139
26140,index,,全順位,,https://junior-soccer.jp/kanto/tokyo/league/table/26140
26141,index,,全順位,,https://junior-soccer.jp/kanto/tokyo/league/table/26141
26143,index,,全順位,,https://junior-soccer.jp/kanto/tokyo/league/table/26143
26144,index,,全順位,,https://junior-soccer.jp/kanto/tokyo/league/table/26144
26145,index,,全順位,,https://junior-soccer.jp/kanto/tokyo/league/table/26145
26147,index,,全順位,,https://junior-soccer.jp/kanto/tokyo/league/table/26147
26148,index,,全順位,,https://junior-soccer.jp/kanto/tokyo/league/table/26148
26149,index,,全順位,,https://junior-soccer.jp/kanto/tokyo/league/table/26149
26159,index,,全順位,,https://junior-soccer.jp/kanto/tokyo/league/table/26159
26160,index,,全順位,,https://junior-soccer.jp/kanto/tokyo/league/table/26160
26161,index,,全順位,,https://junior-soccer.jp/kanto/tokyo/league/table/26161
26162,index,,全順位,,https://junior-soccer.jp/kanto/tokyo/league/table/26162
26163,index,,全順位,,https://junior-soccer.jp/kanto/tokyo/league/table/26163
26164,index,,全順位,,https://junior-soccer.jp/kanto/tokyo/league/table/26164
26165,index,,全順位,,https://junior-soccer.jp/kanto/tokyo/league/table/26165
26166,index,,全順位,,https://junior-soccer.jp/kanto/tokyo/league/table/26166
26167,index,,全順位,,https://junior-soccer.jp/kanto/tokyo/league/table/26167
26168,index,,全順位,,https://junior-soccer.jp/kanto/tokyo/league/table/26168
26306,index,,全順位,,https://junior-soccer.jp/kanto/tokyo/league/table/26306
26433,index,,全順位,,https://junior-soccer.jp/kanto/tokyo/league/table/26433
26434,index,,全順位,,https://junior-soccer.jp/kanto/tokyo/league/table/26434
26493,index,,全順位,,https://junior-soccer.jp/kanto/tokyo/league/table/26493
26494,index,,全順位,,https://junior-soccer.jp/kanto/tokyo/league/table/26494
26495,index,,全順位,,https://junior-soccer.jp/kanto/tokyo/league/table/26495
26584,index,,全順位,,https://junior-soccer.jp/kanto/tokyo/league/table/26584
26586,index,,全順位,,https://junior-soccer.jp/kanto/tokyo/league/table/26586
26587,index,,全順位,,https://junior-soccer.jp/kanto/tokyo/league/table/26587
26624,index,,全順位,,https://junior-soccer.jp/kanto/tokyo/league/table/26624
26625,index,,全順位,,https://junior-soccer.jp/kanto/tokyo/league/table/26625
26626,index,,全順位,,https://junior-soccer.jp/kanto/tokyo/league/table/26626
26627,index,,全順位,,https://junior-soccer.jp/kanto/tokyo/league/table/26627
26628,index,,全順位,,https://junior-soccer.jp/kanto/tokyo/league/table/26628
26687,index,,全順位,,https://junior-soccer.jp/kanto/tokyo/league/table/26687
26727,index,,全順位,,https://junior-soccer.jp/kanto/tokyo/league/table/26727
26728,index,,全順位,,https://junior-soccer.jp/kanto/tokyo/league/table/26728
26729,index,,全順位,,https://junior-soccer.jp/kanto/tokyo/league/table/26729
26730,index,,全順位,,https://junior-soccer.jp/kanto/tokyo/league/table/26730
26731,index,,全順位,,https://junior-soccer.jp/kanto/tokyo/league/table/26731
26733,index,,全順位,,https://junior-soccer.jp/kanto/tokyo/league/table/26733
26734,index,,全順位,,https://junior-soccer.jp/kanto/tokyo/league/table/26734
26751,index,,全順位,,https://junior-soccer.jp/kanto/tokyo/league/table/26751
26752,index,,全順位,,https://junior-soccer.jp/kanto/tokyo/league/table/26752
26753,index,,全順位,,https://junior-soccer.jp/kanto/tokyo/league/table/26753
26754,index,,全順位,,https://junior-soccer.jp/kanto/tokyo/league/table/26754
26755,index,,全順位,,https://junior-soccer.jp/kanto/tokyo/league/table/26755
26845,index,,全順位,,https://junior-soccer.jp/kanto/tokyo/league/table/26845
26846,index,,全順位,,https://junior-soccer.jp/kanto/tokyo/league/table/26846
26847,index,,全順位,,https://junior-soccer.jp/kanto/tokyo/league/table/26847
26876,index,,全順位,,https://junior-soccer.jp/kanto/tokyo/league/table/26876
26877,index,,全順位,,https://junior-soccer.jp/kanto/tokyo/league/table/26877
26878,index,,全順位,,https://junior-soccer.jp/kanto/tokyo/league/table/26878
26895,index,,全順位,,https://junior-soccer.jp/kanto/tokyo/league/table/26895
26896,index,,全順位,,https://junior-soccer.jp/kanto/tokyo/league/table/26896
26897,index,,全順位,,https://junior-soccer.jp/kanto/tokyo/league/table/26897
26898,index,,全順位,,https://junior-soccer.jp/kanto/tokyo/league/table/26898
26899,index,,全順位,,https://junior-soccer.jp/kanto/tokyo/league/table/26899
26900,index,,全順位,,https://junior-soccer.jp/kanto/tokyo/league/table/26900
26901,index,,全順位,,https://junior-soccer.jp/kanto/tokyo/league/table/26901
27156,index,,全順位,,https://junior-soccer.jp/kanto/tokyo/league/table/27156
27157,index,,全順位,,https://junior-soccer.jp/kanto/tokyo/league/table/27157
27158,index,,全順位,,https://junior-soccer.jp/kanto/tokyo/league/table/27158
27159,index,,全順位,,https://junior-soccer.jp/kanto/tokyo/league/table/27159
27160,index,,全順位,,https://junior-soccer.jp/kanto/tokyo/league/table/27160
27161,index,,全順位,,https://junior-soccer.jp/kanto/tokyo/league/table/27161
27162,index,,全順位,,https://junior-soccer.jp/kanto/tokyo/league/table/27162
27163,index,,全順位,,https://junior-soccer.jp/kanto/tokyo/league/table/27163
27164,index,,全順位,,https://junior-soccer.jp/kanto/tokyo/league/table/27164
2769,index,,全順位,,https://junior-soccer.jp/kanto/tokyo/league/table/2769
2770,index,,全順位,,https://junior-soccer.jp/kanto/tokyo/league/table/2770
2771,index,,全順位,,https://junior-soccer.jp/kanto/tokyo/league/table/2771
2772,index,,全順位,,https://junior-soccer.jp/kanto/tokyo/league/table/2772
2773,index,,全順位,,https://junior-soccer.jp/kanto/tokyo/league/table/2773
2774,index,,全順位,,https://junior-soccer.jp/kanto/tokyo/league/table/2774
2775,index,,全順位,,https://junior-soccer.jp/kanto/tokyo/league/table/2775
2776,index,,全順位,,https://junior-soccer.jp/kanto/tokyo/league/table/2776
2777,index,,全順位,,https://junior-soccer.jp/kanto/tokyo/league/table/2777
2778,index,,全順位,,https://junior-soccer.jp/kanto/tokyo/league/table/2778
2779,index,,全順位,,https://junior-soccer.jp/kanto/tokyo/league/table/2779
2781,index,,全順位,,https://junior-soccer.jp/kanto/tokyo/league/table/2781
2783,index,,全順位,,https://junior-soccer.jp/kanto/tokyo/league/table/2783
2784,index,,全順位,,https://junior-soccer.jp/kanto/tokyo/league/table/2784
2785,index,,全順位,,https://junior-soccer.jp/kanto/tokyo/league/table/2785
2786,index,,全順位,,https://junior-soccer.jp/kanto/tokyo/league/table/2786
2787,index,,全順位,,https://junior-soccer.jp/kanto/tokyo/league/table/2787
2788,index,,全順位,,https://junior-soccer.jp/kanto/tokyo/league/table/2788
2789,index,,全順位,,https://junior-soccer.jp/kanto/tokyo/league/table/2789
279,index,,全順位,,https://junior-soccer.jp/kanto/tokyo/league/table/279
2790,index,,全順位,,https://junior-soccer.jp/kanto/tokyo/league/table/2790
2791,index,,全順位,,https://junior-soccer.jp/kanto/tokyo/league/table/2791
2792,index,,全順位,,https://junior-soccer.jp/kanto/tokyo/league/table/2792
2793,index,,全順位,,https://junior-soccer.jp/kanto/tokyo/league/table/2793
2794,index,,全順位,,https://junior-soccer.jp/kanto/tokyo/league/table/2794
2795,index,,全順位,,https://junior-soccer.jp/kanto/tokyo/league/table/2795
2796,index,,全順位,,https://junior-soccer.jp/kanto/tokyo/league/table/2796
2797,index,,全順位,,https://junior-soccer.jp/kanto/tokyo/league/table/2797
2798,index,,全順位,,https://junior-soccer.jp/kanto/tokyo/league/table/2798
2799,index,,全順位,,https://junior-soccer.jp/kanto/tokyo/league/table/2799
2800,index,,全順位,,https://junior-soccer.jp/kanto/tokyo/league/table/2800
2801,index,,全順位,,https://junior-soccer.jp/kanto/tokyo/league/table/2801
28011,index,,全順位,,https://junior-soccer.jp/kanto/tokyo/league/table/28011
28012,index,,全順位,,https://junior-soccer.jp/kanto/tokyo/league/table/28012
28013,index,,全順位,,https://junior-soccer.jp/kanto/tokyo/league/table/28013
28014,index,,全順位,,https://junior-soccer.jp/kanto/tokyo/league/table/28014
28015,index,,全順位,,https://junior-soccer.jp/kanto/tokyo/league/table/28015
28016,index,,全順位,,https://junior-soccer.jp/kanto/tokyo/league/table/28016
2802,index,,全順位,,https://junior-soccer.jp/kanto/tokyo/league/table/2802
28021,index,,全順位,,https://junior-soccer.jp/kanto/tokyo/league/table/28021
28022,index,,全順位,,https://junior-soccer.jp/kanto/tokyo/league/table/28022
28023,index,,全順位,,https://junior-soccer.jp/kanto/tokyo/league/table/28023
28024,index,,全順位,,https://junior-soccer.jp/kanto/tokyo/league/table/28024
28026,index,,全順位,,https://junior-soccer.jp/kanto/tokyo/league/table/28026
28027,index,,全順位,,https://junior-soccer.jp/kanto/tokyo/league/table/28027
28183,index,,全順位,,https://junior-soccer.jp/kanto/tokyo/league/table/28183
28184,index,,全順位,,https://junior-soccer.jp/kanto/tokyo/league/table/28184
28185,index,,全順位,,https://junior-soccer.jp/kanto/tokyo/league/table/28185
28186,index,,全順位,,https://junior-soccer.jp/kanto/tokyo/league/table/28186
28199,index,,全順位,,https://junior-soccer.jp/kanto/tokyo/league/table/28199
28200,index,,全順位,,https://junior-soccer.jp/kanto/tokyo/league/table/28200
28201,index,,全順位,,https://junior-soccer.jp/kanto/tokyo/league/table/28201
28202,index,,全順位,,https://junior-soccer.jp/kanto/tokyo/league/table/28202
28210,index,,全順位,,https://junior-soccer.jp/kanto/tokyo/league/table/28210
28285,index,,全順位,,https://junior-soccer.jp/kanto/tokyo/league/table/28285
28286,index,,全順位,,https://junior-soccer.jp/kanto/tokyo/league/table/28286
28314,index,,全順位,,https://junior-soccer.jp/kanto/tokyo/league/table/28314
28315,index,,全順位,,https://junior-soccer.jp/kanto/tokyo/league/table/28315
28316,index,,全順位,,https://junior-soccer.jp/kanto/tokyo/league/table/28316
28317,index,,全順位,,https://junior-soccer.jp/kanto/tokyo/league/table/28317
28318,index,,全順位,,https://junior-soccer.jp/kanto/tokyo/league/table/28318
28403,index,,全順位,,https://junior-soccer.jp/kanto/tokyo/league/table/28403
28404,index,,全順位,,https://junior-soccer.jp/kanto/tokyo/league/table/28404
28415,index,,全順位,,https://junior-soccer.jp/kanto/tokyo/league/table/28415
2842,index,,全順位,,https://junior-soccer.jp/kanto/tokyo/league/table/2842
2843,index,,全順位,,https://junior-soccer.jp/kanto/tokyo/league/table/2843
2844,index,,全順位,,https://junior-soccer.jp/kanto/tokyo/league/table/2844
2845,index,,全順位,,https://junior-soccer.jp/kanto/tokyo/league/table/2845
2846,index,,全順位,,https://junior-soccer.jp/kanto/tokyo/league/table/2846
28465,index,,全順位,,https://junior-soccer.jp/kanto/tokyo/league/table/28465
28466,index,,全順位,,https://junior-soccer.jp/kanto/tokyo/league/table/28466
28468,index,,全順位,,https://junior-soccer.jp/kanto/tokyo/league/table/28468
28469,index,,全順位,,https://junior-soccer.jp/kanto/tokyo/league/table/28469
2847,index,,全順位,,https://junior-soccer.jp/kanto/tokyo/league/table/2847
28470,index,,全順位,,https://junior-soccer.jp/kanto/tokyo/league/table/28470
28471,index,,全順位,,https://junior-soccer.jp/kanto/tokyo/league/table/28471
28472,index,,全順位,,https://junior-soccer.jp/kanto/tokyo/league/table/28472
28475,index,,全順位,,https://junior-soccer.jp/kanto/tokyo/league/table/28475
28478,index,,全順位,,https://junior-soccer.jp/kanto/tokyo/league/table/28478
2848,index,,全順位,,https://junior-soccer.jp/kanto/tokyo/league/table/2848
2849,index,,全順位,,https://junior-soccer.jp/kanto/tokyo/league/table/2849
28539,index,,全順位,,https://junior-soccer.jp/kanto/tokyo/league/table/28539
28541,index,,全順位,,https://junior-soccer.jp/kanto/tokyo/league/table/28541
28542,index,,全順位,,https://junior-soccer.jp/kanto/tokyo/league/table/28542
28543,index,,全順位,,https://junior-soccer.jp/kanto/tokyo/league/table/28543
28545,index,,全順位,,https://junior-soccer.jp/kanto/tokyo/league/table/28545
28546,index,,全順位,,https://junior-soccer.jp/kanto/tokyo/league/table/28546
28560,index,,全順位,,https://junior-soccer.jp/kanto/tokyo/league/table/28560
28588,index,,全順位,,https://junior-soccer.jp/kanto/tokyo/league/table/28588
28589,index,,全順位,,https://junior-soccer.jp/kanto/tokyo/league/table/28589
28590,index,,全順位,,https://junior-soccer.jp/kanto/tokyo/league/table/28590
28591,index,,全順位,,https://junior-soccer.jp/kanto/tokyo/league/table/28591
28592,index,,全順位,,https://junior-soccer.jp/kanto/tokyo/league/table/28592
28593,index,,全順位,,https://junior-soccer.jp/kanto/tokyo/league/table/28593
28594,index,,全順位,,https://junior-soccer.jp/kanto/tokyo/league/table/28594
28595,index,,全順位,,https://junior-soccer.jp/kanto/tokyo/league/table/28595
28597,index,,全順位,,https://junior-soccer.jp/kanto/tokyo/league/table/28597
28598,index,,全順位,,https://junior-soccer.jp/kanto/tokyo/league/table/28598
28599,index,,全順位,,https://junior-soccer.jp/kanto/tokyo/league/table/28599
28600,index,,全順位,,https://junior-soccer.jp/kanto/tokyo/league/table/28600
28601,index,,全順位,,https://junior-soccer.jp/kanto/tokyo/league/table/28601
28602,index,,全順位,,https://junior-soccer.jp/kanto/tokyo/league/table/28602
28630,index,,全順位,,https://junior-soccer.jp/kanto/tokyo/league/table/28630
28631,index,,全順位,,https://junior-soccer.jp/kanto/tokyo/league/table/28631
28632,index,,全順位,,https://junior-soccer.jp/kanto/tokyo/league/table/28632
28633,index,,全順位,,https://junior-soccer.jp/kanto/tokyo/league/table/28633
28634,index,,全順位,,https://junior-soccer.jp/kanto/tokyo/league/table/28634
28635,index,,全順位,,https://junior-soccer.jp/kanto/tokyo/league/table/28635
28636,index,,全順位,,https://junior-soccer.jp/kanto/tokyo/league/table/28636
28637,index,,全順位,,https://junior-soccer.jp/kanto/tokyo/league/table/28637
28638,index,,全順位,,https://junior-soccer.jp/kanto/tokyo/league/table/28638
28639,index,,全順位,,https://junior-soccer.jp/kanto/tokyo/league/table/28639
28640,index,,全順位,,https://junior-soccer.jp/kanto/tokyo/league/table/28640
28642,index,,全順位,,https://junior-soccer.jp/kanto/tokyo/league/table/28642
28643,index,,全順位,,https://junior-soccer.jp/kanto/tokyo/league/table/28643
28829,index,,全順位,,https://junior-soccer.jp/kanto/tokyo/league/table/28829
28830,index,,全順位,,https://junior-soccer.jp/kanto/tokyo/league/table/28830
28831,index,,全順位,,https://junior-soccer.jp/kanto/tokyo/league/table/28831
28832,index,,全順位,,https://junior-soccer.jp/kanto/tokyo/league/table/28832
28915,index,,全順位,,https://junior-soccer.jp/kanto/tokyo/league/table/28915
28916,index,,全順位,,https://junior-soccer.jp/kanto/tokyo/league/table/28916
28917,index,,全順位,,https://junior-soccer.jp/kanto/tokyo/league/table/28917
28918,index,,全順位,,https://junior-soccer.jp/kanto/tokyo/league/table/28918
29118,index,,全順位,,https://junior-soccer.jp/kanto/tokyo/league/table/29118
29327,index,,全順位,,https://junior-soccer.jp/kanto/tokyo/league/table/29327
29348,index,,全順位,,https://junior-soccer.jp/kanto/tokyo/league/table/29348
29349,index,,全順位,,https://junior-soccer.jp/kanto/tokyo/league/table/29349
29350,index,,全順位,,https://junior-soccer.jp/kanto/tokyo/league/table/29350
29352,index,,全順位,,https://junior-soccer.jp/kanto/tokyo/league/table/29352
29353,index,,全順位,,https://junior-soccer.jp/kanto/tokyo/league/table/29353
29354,index,,全順位,,https://junior-soccer.jp/kanto/tokyo/league/table/29354
29355,index,,全順位,,https://junior-soccer.jp/kanto/tokyo/league/table/29355
29356,index,,全順位,,https://junior-soccer.jp/kanto/tokyo/league/table/29356
29357,index,,全順位,,https://junior-soccer.jp/kanto/tokyo/league/table/29357
29358,index,,全順位,,https://junior-soccer.jp/kanto/tokyo/league/table/29358
29359,index,,全順位,,https://junior-soccer.jp/kanto/tokyo/league/table/29359
29360,index,,全順位,,https://junior-soccer.jp/kanto/tokyo/league/table/29360
29361,index,,全順位,,https://junior-soccer.jp/kanto/tokyo/league/table/29361
29362,index,,全順位,,https://junior-soccer.jp/kanto/tokyo/league/table/29362
2946,index,,全順位,,https://junior-soccer.jp/kanto/tokyo/league/table/2946
2947,index,,全順位,,https://junior-soccer.jp/kanto/tokyo/league/table/2947
2948,index,,全順位,,https://junior-soccer.jp/kanto/tokyo/league/table/2948
2949,index,,全順位,,https://junior-soccer.jp/kanto/tokyo/league/table/2949
29546,index,,全順位,,https://junior-soccer.jp/kanto/tokyo/league/table/29546
29547,index,,全順位,,https://junior-soccer.jp/kanto/tokyo/league/table/29547
29548,index,,全順位,,https://junior-soccer.jp/kanto/tokyo/league/table/29548
29549,index,,全順位,,https://junior-soccer.jp/kanto/tokyo/league/table/29549
29550,index,,全順位,,https://junior-soccer.jp/kanto/tokyo/league/table/29550
29551,index,,全順位,,https://junior-soccer.jp/kanto/tokyo/league/table/29551
29554,index,,全順位,,https://junior-soccer.jp/kanto/tokyo/league/table/29554
29555,index,,全順位,,https://junior-soccer.jp/kanto/tokyo/league/table/29555
29603,index,,全順位,,https://junior-soccer.jp/kanto/tokyo/league/table/29603
29604,index,,全順位,,https://junior-soccer.jp/kanto/tokyo/league/table/29604
29605,index,,全順位,,https://junior-soccer.jp/kanto/tokyo/league/table/29605
29606,index,,全順位,,https://junior-soccer.jp/kanto/tokyo/league/table/29606
29607,index,,全順位,,https://junior-soccer.jp/kanto/tokyo/league/table/29607
29608,index,,全順位,,https://junior-soccer.jp/kanto/tokyo/league/table/29608
29609,index,,全順位,,https://junior-soccer.jp/kanto/tokyo/league/table/29609
29628,index,,全順位,,https://junior-soccer.jp/kanto/tokyo/league/table/29628
29629,index,,全順位,,https://junior-soccer.jp/kanto/tokyo/league/table/29629
29696,index,,全順位,,https://junior-soccer.jp/kanto/tokyo/league/table/29696
2989,index,,全順位,,https://junior-soccer.jp/kanto/tokyo/league/table/2989
29893,index,,全順位,,https://junior-soccer.jp/kanto/tokyo/league/table/29893
29894,index,,全順位,,https://junior-soccer.jp/kanto/tokyo/league/table/29894
29895,index,,全順位,,https://junior-soccer.jp/kanto/tokyo/league/table/29895
29896,index,,全順位,,https://junior-soccer.jp/kanto/tokyo/league/table/29896
29897,index,,全順位,,https://junior-soccer.jp/kanto/tokyo/league/table/29897
29898,index,,全順位,,https://junior-soccer.jp/kanto/tokyo/league/table/29898
29899,index,,全順位,,https://junior-soccer.jp/kanto/tokyo/league/table/29899
2990,index,,全順位,,https://junior-soccer.jp/kanto/tokyo/league/table/2990
29900,index,,全順位,,https://junior-soccer.jp/kanto/tokyo/league/table/29900
29901,index,,全順位,,https://junior-soccer.jp/kanto/tokyo/league/table/29901
29902,index,,全順位,,https://junior-soccer.jp/kanto/tokyo/league/table/29902
29903,index,,全順位,,https://junior-soccer.jp/kanto/tokyo/league/table/29903
29904,index,,全順位,,https://junior-soccer.jp/kanto/tokyo/league/table/29904
2991,index,,全順位,,https://junior-soccer.jp/kanto/tokyo/league/table/2991
2992,index,,全順位,,https://junior-soccer.jp/kanto/tokyo/league/table/2992
2993,index,,全順位,,https://junior-soccer.jp/kanto/tokyo/league/table/2993
29933,index,,全順位,,https://junior-soccer.jp/kanto/tokyo/league/table/29933
3002,index,,全順位,,https://junior-soccer.jp/kanto/tokyo/league/table/3002
3003,index,,全順位,,https://junior-soccer.jp/kanto/tokyo/league/table/3003
30036,index,,全順位,,https://junior-soccer.jp/kanto/tokyo/league/table/30036
30037,index,,全順位,,https://junior-soccer.jp/kanto/tokyo/league/table/30037
30038,index,,全順位,,https://junior-soccer.jp/kanto/tokyo/league/table/30038
30039,index,,全順位,,https://junior-soccer.jp/kanto/tokyo/league/table/30039
30381,index,,全順位,,https://junior-soccer.jp/kanto/tokyo/league/table/30381
30383,index,,全順位,,https://junior-soccer.jp/kanto/tokyo/league/table/30383
30538,index,,全順位,,https://junior-soccer.jp/kanto/tokyo/league/table/30538
30539,index,,全順位,,https://junior-soccer.jp/kanto/tokyo/league/table/30539
30540,index,,全順位,,https://junior-soccer.jp/kanto/tokyo/league/table/30540
30541,index,,全順位,,https://junior-soccer.jp/kanto/tokyo/league/table/30541
30544,index,,全順位,,https://junior-soccer.jp/kanto/tokyo/league/table/30544
30545,index,,全順位,,https://junior-soccer.jp/kanto/tokyo/league/table/30545
30550,index,,全順位,,https://junior-soccer.jp/kanto/tokyo/league/table/30550
30551,index,,全順位,,https://junior-soccer.jp/kanto/tokyo/league/table/30551
30552,index,,全順位,,https://junior-soccer.jp/kanto/tokyo/league/table/30552
30553,index,,全順位,,https://junior-soccer.jp/kanto/tokyo/league/table/30553
30554,index,,全順位,,https://junior-soccer.jp/kanto/tokyo/league/table/30554
30555,index,,全順位,,https://junior-soccer.jp/kanto/tokyo/league/table/30555
30556,index,,全順位,,https://junior-soccer.jp/kanto/tokyo/league/table/30556
30557,index,,全順位,,https://junior-soccer.jp/kanto/tokyo/league/table/30557
30664,index,,全順位,,https://junior-soccer.jp/kanto/tokyo/league/table/30664
30665,index,,全順位,,https://junior-soccer.jp/kanto/tokyo/league/table/30665
3084,index,,全順位,,https://junior-soccer.jp/kanto/tokyo/league/table/3084
3085,index,,全順位,,https://junior-soccer.jp/kanto/tokyo/league/table/3085
3086,index,,全順位,,https://junior-soccer.jp/kanto/tokyo/league/table/3086
3087,index,,全順位,,https://junior-soccer.jp/kanto/tokyo/league/table/3087
3088,index,,全順位,,https://junior-soccer.jp/kanto/tokyo/league/table/3088
3089,index,,全順位,,https://junior-soccer.jp/kanto/tokyo/league/table/3089
3090,index,,全順位,,https://junior-soccer.jp/kanto/tokyo/league/table/3090
3091,index,,全順位,,https://junior-soccer.jp/kanto/tokyo/league/table/3091
30916,index,,全順位,,https://junior-soccer.jp/kanto/tokyo/league/table/30916
30917,index,,全順位,,https://junior-soccer.jp/kanto/tokyo/league/table/30917
30918,index,,全順位,,https://junior-soccer.jp/kanto/tokyo/league/table/30918
30919,index,,全順位,,https://junior-soccer.jp/kanto/tokyo/league/table/30919
3092,index,,全順位,,https://junior-soccer.jp/kanto/tokyo/league/table/3092
30920,index,,全順位,,https://junior-soccer.jp/kanto/tokyo/league/table/30920
30921,index,,全順位,,https://junior-soccer.jp/kanto/tokyo/league/table/30921
30922,index,,全順位,,https://junior-soccer.jp/kanto/tokyo/league/table/30922
30923,index,,全順位,,https://junior-soccer.jp/kanto/tokyo/league/table/30923
30924,index,,全順位,,https://junior-soccer.jp/kanto/tokyo/league/table/30924
30925,index,,全順位,,https://junior-soccer.jp/kanto/tokyo/league/table/30925
3093,index,,全順位,,https://junior-soccer.jp/kanto/tokyo/league/table/3093
3094,index,,全順位,,https://junior-soccer.jp/kanto/tokyo/league/table/3094
3095,index,,全順位,,https://junior-soccer.jp/kanto/tokyo/league/table/3095
3096,index,,全順位,,https://junior-soccer.jp/kanto/tokyo/league/table/3096
3097,index,,全順位,,https://junior-soccer.jp/kanto/tokyo/league/table/3097
3098,index,,全順位,,https://junior-soccer.jp/kanto/tokyo/league/table/3098
3099,index,,全順位,,https://junior-soccer.jp/kanto/tokyo/league/table/3099
31049,index,,全順位,,https://junior-soccer.jp/kanto/tokyo/league/table/31049
31050,index,,全順位,,https://junior-soccer.jp/kanto/tokyo/league/table/31050
31084,index,,全順位,,https://junior-soccer.jp/kanto/tokyo/league/table/31084
31085,index,,全順位,,https://junior-soccer.jp/kanto/tokyo/league/table/31085
31086,index,,全順位,,https://junior-soccer.jp/kanto/tokyo/league/table/31086
31087,index,,全順位,,https://junior-soccer.jp/kanto/tokyo/league/table/31087
31088,index,,全順位,,https://junior-soccer.jp/kanto/tokyo/league/table/31088
31089,index,,全順位,,https://junior-soccer.jp/kanto/tokyo/league/table/31089
31090,index,,全順位,,https://junior-soccer.jp/kanto/tokyo/league/table/31090
31091,index,,全順位,,https://junior-soccer.jp/kanto/tokyo/league/table/31091
3117,index,,全順位,,https://junior-soccer.jp/kanto/tokyo/league/table/3117
3118,index,,全順位,,https://junior-soccer.jp/kanto/tokyo/league/table/3118
31180,index,,全順位,,https://junior-soccer.jp/kanto/tokyo/league/table/31180
31181,index,,全順位,,https://junior-soccer.jp/kanto/tokyo/league/table/31181
3119,index,,全順位,,https://junior-soccer.jp/kanto/tokyo/league/table/3119
3120,index,,全順位,,https://junior-soccer.jp/kanto/tokyo/league/table/3120
31355,index,,全順位,,https://junior-soccer.jp/kanto/tokyo/league/table/31355
31356,index,,全順位,,https://junior-soccer.jp/kanto/tokyo/league/table/31356
31507,index,,全順位,,https://junior-soccer.jp/kanto/tokyo/league/table/31507
31508,index,,全順位,,https://junior-soccer.jp/kanto/tokyo/league/table/31508
31704,index,,全順位,,https://junior-soccer.jp/kanto/tokyo/league/table/31704
31705,index,,全順位,,https://junior-soccer.jp/kanto/tokyo/league/table/31705
31706,index,,全順位,,https://junior-soccer.jp/kanto/tokyo/league/table/31706
31782,index,,全順位,,https://junior-soccer.jp/kanto/tokyo/league/table/31782
31783,index,,全順位,,https://junior-soccer.jp/kanto/tokyo/league/table/31783
31871,index,,全順位,,https://junior-soccer.jp/kanto/tokyo/league/table/31871
31872,index,,全順位,,https://junior-soccer.jp/kanto/tokyo/league/table/31872
31873,index,,全順位,,https://junior-soccer.jp/kanto/tokyo/league/table/31873
31874,index,,全順位,,https://junior-soccer.jp/kanto/tokyo/league/table/31874
31875,index,,全順位,,https://junior-soccer.jp/kanto/tokyo/league/table/31875
31876,index,,全順位,,https://junior-soccer.jp/kanto/tokyo/league/table/31876
32115,index,,全順位,,https://junior-soccer.jp/kanto/tokyo/league/table/32115
32117,index,,全順位,,https://junior-soccer.jp/kanto/tokyo/league/table/32117
32118,index,,全順位,,https://junior-soccer.jp/kanto/tokyo/league/table/32118
32120,index,,全順位,,https://junior-soccer.jp/kanto/tokyo/league/table/32120
32182,index,,全順位,,https://junior-soccer.jp/kanto/tokyo/league/table/32182
32230,index,,全順位,,https://junior-soccer.jp/kanto/tokyo/league/table/32230
32231,index,,全順位,,https://junior-soccer.jp/kanto/tokyo/league/table/32231
32232,index,,全順位,,https://junior-soccer.jp/kanto/tokyo/league/table/32232
32233,index,,全順位,,https://junior-soccer.jp/kanto/tokyo/league/table/32233
32234,index,,全順位,,https://junior-soccer.jp/kanto/tokyo/league/table/32234
32235,index,,全順位,,https://junior-soccer.jp/kanto/tokyo/league/table/32235
32236,index,,全順位,,https://junior-soccer.jp/kanto/tokyo/league/table/32236
32237,index,,全順位,,https://junior-soccer.jp/kanto/tokyo/league/table/32237
32238,index,,全順位,,https://junior-soccer.jp/kanto/tokyo/league/table/32238
32239,index,,全順位,,https://junior-soccer.jp/kanto/tokyo/league/table/32239
32240,index,,全順位,,https://junior-soccer.jp/kanto/tokyo/league/table/32240
32241,index,,全順位,,https://junior-soccer.jp/kanto/tokyo/league/table/32241
32242,index,,全順位,,https://junior-soccer.jp/kanto/tokyo/league/table/32242
32243,index,,全順位,,https://junior-soccer.jp/kanto/tokyo/league/table/32243
32244,index,,全順位,,https://junior-soccer.jp/kanto/tokyo/league/table/32244
32245,index,,全順位,,https://junior-soccer.jp/kanto/tokyo/league/table/32245
32246,index,,全順位,,https://junior-soccer.jp/kanto/tokyo/league/table/32246
32442,index,,全順位,,https://junior-soccer.jp/kanto/tokyo/league/table/32442
32444,index,,全順位,,https://junior-soccer.jp/kanto/tokyo/league/table/32444
32445,index,,全順位,,https://junior-soccer.jp/kanto/tokyo/league/table/32445
32455,index,,全順位,,https://junior-soccer.jp/kanto/tokyo/league/table/32455
32456,index,,全順位,,https://junior-soccer.jp/kanto/tokyo/league/table/32456
32457,index,,全順位,,https://junior-soccer.jp/kanto/tokyo/league/table/32457
32458,index,,全順位,,https://junior-soccer.jp/kanto/tokyo/league/table/32458
32459,index,,全順位,,https://junior-soccer.jp/kanto/tokyo/league/table/32459
32460,index,,全順位,,https://junior-soccer.jp/kanto/tokyo/league/table/32460
32461,index,,全順位,,https://junior-soccer.jp/kanto/tokyo/league/table/32461
32462,index,,全順位,,https://junior-soccer.jp/kanto/tokyo/league/table/32462
32463,index,,全順位,,https://junior-soccer.jp/kanto/tokyo/league/table/32463
32464,index,,全順位,,https://junior-soccer.jp/kanto/tokyo/league/table/32464
32478,index,,全順位,,https://junior-soccer.jp/kanto/tokyo/league/table/32478
32479,index,,全順位,,https://junior-soccer.jp/kanto/tokyo/league/table/32479
32618,index,,全順位,,https://junior-soccer.jp/kanto/tokyo/league/table/32618
32619,index,,全順位,,https://junior-soccer.jp/kanto/tokyo/league/table/32619
32620,index,,全順位,,https://junior-soccer.jp/kanto/tokyo/league/table/32620
32621,index,,全順位,,https://junior-soccer.jp/kanto/tokyo/league/table/32621
32705,index,,全順位,,https://junior-soccer.jp/kanto/tokyo/league/table/32705
32848,index,,全順位,,https://junior-soccer.jp/kanto/tokyo/league/table/32848
32849,index,,全順位,,https://junior-soccer.jp/kanto/tokyo/league/table/32849
32850,index,,全順位,,https://junior-soccer.jp/kanto/tokyo/league/table/32850
32851,index,,全順位,,https://junior-soccer.jp/kanto/tokyo/league/table/32851
32852,index,,全順位,,https://junior-soccer.jp/kanto/tokyo/league/table/32852
32853,index,,全順位,,https://junior-soccer.jp/kanto/tokyo/league/table/32853
32992,index,,全順位,,https://junior-soccer.jp/kanto/tokyo/league/table/32992
32993,index,,全順位,,https://junior-soccer.jp/kanto/tokyo/league/table/32993
32994,index,,全順位,,https://junior-soccer.jp/kanto/tokyo/league/table/32994
32995,index,,全順位,,https://junior-soccer.jp/kanto/tokyo/league/table/32995
33042,index,,全順位,,https://junior-soccer.jp/kanto/tokyo/league/table/33042
33043,index,,全順位,,https://junior-soccer.jp/kanto/tokyo/league/table/33043
33044,index,,全順位,,https://junior-soccer.jp/kanto/tokyo/league/table/33044
33045,index,,全順位,,https://junior-soccer.jp/kanto/tokyo/league/table/33045
33046,index,,全順位,,https://junior-soccer.jp/kanto/tokyo/league/table/33046
33112,index,,全順位,,https://junior-soccer.jp/kanto/tokyo/league/table/33112
33113,index,,全順位,,https://junior-soccer.jp/kanto/tokyo/league/table/33113
33141,index,,全順位,,https://junior-soccer.jp/kanto/tokyo/league/table/33141
33142,index,,全順位,,https://junior-soccer.jp/kanto/tokyo/league/table/33142
33143,index,,全順位,,https://junior-soccer.jp/kanto/tokyo/league/table/33143
33144,index,,全順位,,https://junior-soccer.jp/kanto/tokyo/league/table/33144
33145,index,,全順位,,https://junior-soccer.jp/kanto/tokyo/league/table/33145
33152,index,,全順位,,https://junior-soccer.jp/kanto/tokyo/league/table/33152
33153,index,,全順位,,https://junior-soccer.jp/kanto/tokyo/league/table/33153
33160,index,,全順位,,https://junior-soccer.jp/kanto/tokyo/league/table/33160
33187,index,,全順位,,https://junior-soccer.jp/kanto/tokyo/league/table/33187
33188,index,,全順位,,https://junior-soccer.jp/kanto/tokyo/league/table/33188
33189,index,,全順位,,https://junior-soccer.jp/kanto/tokyo/league/table/33189
33190,index,,全順位,,https://junior-soccer.jp/kanto/tokyo/league/table/33190
33191,index,,全順位,,https://junior-soccer.jp/kanto/tokyo/league/table/33191
33195,index,,全順位,,https://junior-soccer.jp/kanto/tokyo/league/table/33195
33196,index,,全順位,,https://junior-soccer.jp/kanto/tokyo/league/table/33196
33197,index,,全順位,,https://junior-soccer.jp/kanto/tokyo/league/table/33197
33198,index,,全順位,,https://junior-soccer.jp/kanto/tokyo/league/table/33198
33201,index,,全順位,,https://junior-soccer.jp/kanto/tokyo/league/table/33201
33202,index,,全順位,,https://junior-soccer.jp/kanto/tokyo/league/table/33202
33203,index,,全順位,,https://junior-soccer.jp/kanto/tokyo/league/table/33203
33209,index,,全順位,,https://junior-soccer.jp/kanto/tokyo/league/table/33209
33210,index,,全順位,,https://junior-soccer.jp/kanto/tokyo/league/table/33210
33211,index,,全順位,,https://junior-soccer.jp/kanto/tokyo/league/table/33211
33265,index,,全順位,,https://junior-soccer.jp/kanto/tokyo/league/table/33265
33266,index,,全順位,,https://junior-soccer.jp/kanto/tokyo/league/table/33266
33267,index,,全順位,,https://junior-soccer.jp/kanto/tokyo/league/table/33267
33269,index,,全順位,,https://junior-soccer.jp/kanto/tokyo/league/table/33269
33317,index,,全順位,,https://junior-soccer.jp/kanto/tokyo/league/table/33317
33355,index,,全順位,,https://junior-soccer.jp/kanto/tokyo/league/table/33355
33356,index,,全順位,,https://junior-soccer.jp/kanto/tokyo/league/table/33356
33478,index,,全順位,,https://junior-soccer.jp/kanto/tokyo/league/table/33478
33480,index,,全順位,,https://junior-soccer.jp/kanto/tokyo/league/table/33480
33481,index,,全順位,,https://junior-soccer.jp/kanto/tokyo/league/table/33481
33482,index,,全順位,,https://junior-soccer.jp/kanto/tokyo/league/table/33482
33483,index,,全順位,,https://junior-soccer.jp/kanto/tokyo/league/table/33483
33484,index,,全順位,,https://junior-soccer.jp/kanto/tokyo/league/table/33484
33485,index,,全順位,,https://junior-soccer.jp/kanto/tokyo/league/table/33485
33539,index,,全順位,,https://junior-soccer.jp/kanto/tokyo/league/table/33539
33540,index,,全順位,,https://junior-soccer.jp/kanto/tokyo/league/table/33540
33541,index,,全順位,,https://junior-soccer.jp/kanto/tokyo/league/table/33541
33542,index,,全順位,,https://junior-soccer.jp/kanto/tokyo/league/table/33542
33543,index,,全順位,,https://junior-soccer.jp/kanto/tokyo/league/table/33543
33544,index,,全順位,,https://junior-soccer.jp/kanto/tokyo/league/table/33544
33546,index,,全順位,,https://junior-soccer.jp/kanto/tokyo/league/table/33546
33548,index,,全順位,,https://junior-soccer.jp/kanto/tokyo/league/table/33548
33549,index,,全順位,,https://junior-soccer.jp/kanto/tokyo/league/table/33549
33551,index,,全順位,,https://junior-soccer.jp/kanto/tokyo/league/table/33551
33954,index,,全順位,,https://junior-soccer.jp/kanto/tokyo/league/table/33954
33955,index,,全順位,,https://junior-soccer.jp/kanto/tokyo/league/table/33955
33956,index,,全順位,,https://junior-soccer.jp/kanto/tokyo/league/table/33956
33957,index,,全順位,,https://junior-soccer.jp/kanto/tokyo/league/table/33957
33958,index,,全順位,,https://junior-soccer.jp/kanto/tokyo/league/table/33958
33977,index,,全順位,,https://junior-soccer.jp/kanto/tokyo/league/table/33977
33978,index,,全順位,,https://junior-soccer.jp/kanto/tokyo/league/table/33978
33979,index,,全順位,,https://junior-soccer.jp/kanto/tokyo/league/table/33979
33980,index,,全順位,,https://junior-soccer.jp/kanto/tokyo/league/table/33980
33981,index,,全順位,,https://junior-soccer.jp/kanto/tokyo/league/table/33981
33991,index,,全順位,,https://junior-soccer.jp/kanto/tokyo/league/table/33991
33992,index,,全順位,,https://junior-soccer.jp/kanto/tokyo/league/table/33992
33993,index,,全順位,,https://junior-soccer.jp/kanto/tokyo/league/table/33993
33994,index,,全順位,,https://junior-soccer.jp/kanto/tokyo/league/table/33994
33995,index,,全順位,,https://junior-soccer.jp/kanto/tokyo/league/table/33995
33996,index,,全順位,,https://junior-soccer.jp/kanto/tokyo/league/table/33996
33997,index,,全順位,,https://junior-soccer.jp/kanto/tokyo/league/table/33997
33998,index,,全順位,,https://junior-soccer.jp/kanto/tokyo/league/table/33998
34078,index,,全順位,,https://junior-soccer.jp/kanto/tokyo/league/table/34078
34079,index,,全順位,,https://junior-soccer.jp/kanto/tokyo/league/table/34079
34080,index,,全順位,,https://junior-soccer.jp/kanto/tokyo/league/table/34080
34081,index,,全順位,,https://junior-soccer.jp/kanto/tokyo/league/table/34081
34090,index,,全順位,,https://junior-soccer.jp/kanto/tokyo/league/table/34090
34091,index,,全順位,,https://junior-soccer.jp/kanto/tokyo/league/table/34091
34138,index,,全順位,,https://junior-soccer.jp/kanto/tokyo/league/table/34138
34139,index,,全順位,,https://junior-soccer.jp/kanto/tokyo/league/table/34139
34140,index,,全順位,,https://junior-soccer.jp/kanto/tokyo/league/table/34140
34218,index,,全順位,,https://junior-soccer.jp/kanto/tokyo/league/table/34218
34425,index,,全順位,,https://junior-soccer.jp/kanto/tokyo/league/table/34425
34426,index,,全順位,,https://junior-soccer.jp/kanto/tokyo/league/table/34426
34427,index,,全順位,,https://junior-soccer.jp/kanto/tokyo/league/table/34427
34464,index,,全順位,,https://junior-soccer.jp/kanto/tokyo/league/table/34464
34549,index,,全順位,,https://junior-soccer.jp/kanto/tokyo/league/table/34549
34550,index,,全順位,,https://junior-soccer.jp/kanto/tokyo/league/table/34550
34551,index,,全順位,,https://junior-soccer.jp/kanto/tokyo/league/table/34551
34552,index,,全順位,,https://junior-soccer.jp/kanto/tokyo/league/table/34552
34553,index,,全順位,,https://junior-soccer.jp/kanto/tokyo/league/table/34553
34889,index,,全順位,,https://junior-soccer.jp/kanto/tokyo/league/table/34889
34940,index,,全順位,,https://junior-soccer.jp/kanto/tokyo/league/table/34940
34941,index,,全順位,,https://junior-soccer.jp/kanto/tokyo/league/table/34941
34942,index,,全順位,,https://junior-soccer.jp/kanto/tokyo/league/table/34942
34943,index,,全順位,,https://junior-soccer.jp/kanto/tokyo/league/table/34943
34944,index,,全順位,,https://junior-soccer.jp/kanto/tokyo/league/table/34944
34945,index,,全順位,,https://junior-soccer.jp/kanto/tokyo/league/table/34945
34946,index,,全順位,,https://junior-soccer.jp/kanto/tokyo/league/table/34946
34947,index,,全順位,,https://junior-soccer.jp/kanto/tokyo/league/table/34947
34948,index,,全順位,,https://junior-soccer.jp/kanto/tokyo/league/table/34948
34949,index,,全順位,,https://junior-soccer.jp/kanto/tokyo/league/table/34949
34950,index,,全順位,,https://junior-soccer.jp/kanto/tokyo/league/table/34950
34951,index,,全順位,,https://junior-soccer.jp/kanto/tokyo/league/table/34951
34974,index,,全順位,,https://junior-soccer.jp/kanto/tokyo/league/table/34974
34975,index,,全順位,,https://junior-soccer.jp/kanto/tokyo/league/table/34975
34976,index,,全順位,,https://junior-soccer.jp/kanto/tokyo/league/table/34976
34977,index,,全順位,,https://junior-soccer.jp/kanto/tokyo/league/table/34977
34978,index,,全順位,,https://junior-soccer.jp/kanto/tokyo/league/table/34978
34979,index,,全順位,,https://junior-soccer.jp/kanto/tokyo/league/table/34979
34980,index,,全順位,,https://junior-soccer.jp/kanto/tokyo/league/table/34980
34981,index,,全順位,,https://junior-soccer.jp/kanto/tokyo/league/table/34981
35024,index,,全順位,,https://junior-soccer.jp/kanto/tokyo/league/table/35024
35025,index,,全順位,,https://junior-soccer.jp/kanto/tokyo/league/table/35025
35026,index,,全順位,,https://junior-soccer.jp/kanto/tokyo/league/table/35026
35027,index,,全順位,,https://junior-soccer.jp/kanto/tokyo/league/table/35027
35043,index,,全順位,,https://junior-soccer.jp/kanto/tokyo/league/table/35043
35044,index,,全順位,,https://junior-soccer.jp/kanto/tokyo/league/table/35044
35045,index,,全順位,,https://junior-soccer.jp/kanto/tokyo/league/table/35045
35133,index,,全順位,,https://junior-soccer.jp/kanto/tokyo/league/table/35133
35134,index,,全順位,,https://junior-soccer.jp/kanto/tokyo/league/table/35134
35135,index,,全順位,,https://junior-soccer.jp/kanto/tokyo/league/table/35135
35136,index,,全順位,,https://junior-soccer.jp/kanto/tokyo/league/table/35136
35141,index,,全順位,,https://junior-soccer.jp/kanto/tokyo/league/table/35141
35142,index,,全順位,,https://junior-soccer.jp/kanto/tokyo/league/table/35142
35228,index,,全順位,,https://junior-soccer.jp/kanto/tokyo/league/table/35228
35229,index,,全順位,,https://junior-soccer.jp/kanto/tokyo/league/table/35229
35256,index,,全順位,,https://junior-soccer.jp/kanto/tokyo/league/table/35256
35257,index,,全順位,,https://junior-soccer.jp/kanto/tokyo/league/table/35257
35346,index,,全順位,,https://junior-soccer.jp/kanto/tokyo/league/table/35346
35381,index,,全順位,,https://junior-soccer.jp/kanto/tokyo/league/table/35381
35382,index,,全順位,,https://junior-soccer.jp/kanto/tokyo/league/table/35382
35383,index,,全順位,,https://junior-soccer.jp/kanto/tokyo/league/table/35383
35386,index,,全順位,,https://junior-soccer.jp/kanto/tokyo/league/table/35386
35387,index,,全順位,,https://junior-soccer.jp/kanto/tokyo/league/table/35387
35388,index,,全順位,,https://junior-soccer.jp/kanto/tokyo/league/table/35388
35389,index,,全順位,,https://junior-soccer.jp/kanto/tokyo/league/table/35389
35390,index,,全順位,,https://junior-soccer.jp/kanto/tokyo/league/table/35390
35391,index,,全順位,,https://junior-soccer.jp/kanto/tokyo/league/table/35391
35392,index,,全順位,,https://junior-soccer.jp/kanto/tokyo/league/table/35392
35393,index,,全順位,,https://junior-soccer.jp/kanto/tokyo/league/table/35393
35394,index,,全順位,,https://junior-soccer.jp/kanto/tokyo/league/table/35394
35395,index,,全順位,,https://junior-soccer.jp/kanto/tokyo/league/table/35395
35396,index,,全順位,,https://junior-soccer.jp/kanto/tokyo/league/table/35396
35397,index,,全順位,,https://junior-soccer.jp/kanto/tokyo/league/table/35397
35398,index,,全順位,,https://junior-soccer.jp/kanto/tokyo/league/table/35398
35399,index,,全順位,,https://junior-soccer.jp/kanto/tokyo/league/table/35399
35400,index,,全順位,,https://junior-soccer.jp/kanto/tokyo/league/table/35400
35401,index,,全順位,,https://junior-soccer.jp/kanto/tokyo/league/table/35401
35625,index,,全順位,,https://junior-soccer.jp/kanto/tokyo/league/table/35625
35626,index,,全順位,,https://junior-soccer.jp/kanto/tokyo/league/table/35626
35627,index,,全順位,,https://junior-soccer.jp/kanto/tokyo/league/table/35627
35798,index,,全順位,,https://junior-soccer.jp/kanto/tokyo/league/table/35798
35799,index,,全順位,,https://junior-soccer.jp/kanto/tokyo/league/table/35799
35823,index,,全順位,,https://junior-soccer.jp/kanto/tokyo/league/table/35823
35824,index,,全順位,,https://junior-soccer.jp/kanto/tokyo/league/table/35824
35825,index,,全順位,,https://junior-soccer.jp/kanto/tokyo/league/table/35825
35826,index,,全順位,,https://junior-soccer.jp/kanto/tokyo/league/table/35826
35832,index,,全順位,,https://junior-soccer.jp/kanto/tokyo/league/table/35832
35833,index,,全順位,,https://junior-soccer.jp/kanto/tokyo/league/table/35833
35834,index,,全順位,,https://junior-soccer.jp/kanto/tokyo/league/table/35834
35835,index,,全順位,,https://junior-soccer.jp/kanto/tokyo/league/table/35835
35836,index,,全順位,,https://junior-soccer.jp/kanto/tokyo/league/table/35836
35837,index,,全順位,,https://junior-soccer.jp/kanto/tokyo/league/table/35837
35838,index,,全順位,,https://junior-soccer.jp/kanto/tokyo/league/table/35838
35839,index,,全順位,,https://junior-soccer.jp/kanto/tokyo/league/table/35839
35840,index,,全順位,,https://junior-soccer.jp/kanto/tokyo/league/table/35840
35841,index,,全順位,,https://junior-soccer.jp/kanto/tokyo/league/table/35841
35842,index,,全順位,,https://junior-soccer.jp/kanto/tokyo/league/table/35842
35843,index,,全順位,,https://junior-soccer.jp/kanto/tokyo/league/table/35843
35844,index,,全順位,,https://junior-soccer.jp/kanto/tokyo/league/table/35844
35845,index,,全順位,,https://junior-soccer.jp/kanto/tokyo/league/table/35845
35846,index,,全順位,,https://junior-soccer.jp/kanto/tokyo/league/table/35846
35847,index,,全順位,,https://junior-soccer.jp/kanto/tokyo/league/table/35847
35856,index,,全順位,,https://junior-soccer.jp/kanto/tokyo/league/table/35856
35857,index,,全順位,,https://junior-soccer.jp/kanto/tokyo/league/table/35857
35858,index,,全順位,,https://junior-soccer.jp/kanto/tokyo/league/table/35858
35859,index,,全順位,,https://junior-soccer.jp/kanto/tokyo/league/table/35859
35860,index,,全順位,,https://junior-soccer.jp/kanto/tokyo/league/table/35860
35861,index,,全順位,,https://junior-soccer.jp/kanto/tokyo/league/table/35861
35862,index,,全順位,,https://junior-soccer.jp/kanto/tokyo/league/table/35862
35863,index,,全順位,,https://junior-soccer.jp/kanto/tokyo/league/table/35863
35864,index,,全順位,,https://junior-soccer.jp/kanto/tokyo/league/table/35864
35865,index,,全順位,,https://junior-soccer.jp/kanto/tokyo/league/table/35865
35866,index,,全順位,,https://junior-soccer.jp/kanto/tokyo/league/table/35866
35867,index,,全順位,,https://junior-soccer.jp/kanto/tokyo/league/table/35867
35868,index,,全順位,,https://junior-soccer.jp/kanto/tokyo/league/table/35868
35869,index,,全順位,,https://junior-soccer.jp/kanto/tokyo/league/table/35869
3592,index,,全順位,,https://junior-soccer.jp/kanto/tokyo/league/table/3592
36007,index,,全順位,,https://junior-soccer.jp/kanto/tokyo/league/table/36007
36009,index,,全順位,,https://junior-soccer.jp/kanto/tokyo/league/table/36009
36010,index,,全順位,,https://junior-soccer.jp/kanto/tokyo/league/table/36010
36011,index,,全順位,,https://junior-soccer.jp/kanto/tokyo/league/table/36011
36109,index,,全順位,,https://junior-soccer.jp/kanto/tokyo/league/table/36109
36110,index,,全順位,,https://junior-soccer.jp/kanto/tokyo/league/table/36110
36114,index,,全順位,,https://junior-soccer.jp/kanto/tokyo/league/table/36114
36115,index,,全順位,,https://junior-soccer.jp/kanto/tokyo/league/table/36115
36116,index,,全順位,,https://junior-soccer.jp/kanto/tokyo/league/table/36116
36118,index,,全順位,,https://junior-soccer.jp/kanto/tokyo/league/table/36118
36119,index,,全順位,,https://junior-soccer.jp/kanto/tokyo/league/table/36119
36120,index,,全順位,,https://junior-soccer.jp/kanto/tokyo/league/table/36120
36121,index,,全順位,,https://junior-soccer.jp/kanto/tokyo/league/table/36121
36141,index,,全順位,,https://junior-soccer.jp/kanto/tokyo/league/table/36141
36142,index,,全順位,,https://junior-soccer.jp/kanto/tokyo/league/table/36142
36143,index,,全順位,,https://junior-soccer.jp/kanto/tokyo/league/table/36143
36144,index,,全順位,,https://junior-soccer.jp/kanto/tokyo/league/table/36144
36145,index,,全順位,,https://junior-soccer.jp/kanto/tokyo/league/table/36145
36146,index,,全順位,,https://junior-soccer.jp/kanto/tokyo/league/table/36146
36147,index,,全順位,,https://junior-soccer.jp/kanto/tokyo/league/table/36147
36148,index,,全順位,,https://junior-soccer.jp/kanto/tokyo/league/table/36148
36149,index,,全順位,,https://junior-soccer.jp/kanto/tokyo/league/table/36149
36150,index,,全順位,,https://junior-soccer.jp/kanto/tokyo/league/table/36150
36207,index,,全順位,,https://junior-soccer.jp/kanto/tokyo/league/table/36207
36209,index,,全順位,,https://junior-soccer.jp/kanto/tokyo/league/table/36209
36210,index,,全順位,,https://junior-soccer.jp/kanto/tokyo/league/table/36210
36211,index,,全順位,,https://junior-soccer.jp/kanto/tokyo/league/table/36211
36212,index,,全順位,,https://junior-soccer.jp/kanto/tokyo/league/table/36212
36213,index,,全順位,,https://junior-soccer.jp/kanto/tokyo/league/table/36213
36352,index,,全順位,,https://junior-soccer.jp/kanto/tokyo/league/table/36352
36353,index,,全順位,,https://junior-soccer.jp/kanto/tokyo/league/table/36353
36354,index,,全順位,,https://junior-soccer.jp/kanto/tokyo/league/table/36354
36355,index,,全順位,,https://junior-soccer.jp/kanto/tokyo/league/table/36355
36356,index,,全順位,,https://junior-soccer.jp/kanto/tokyo/league/table/36356
36418,index,,全順位,,https://junior-soccer.jp/kanto/tokyo/league/table/36418
36419,index,,全順位,,https://junior-soccer.jp/kanto/tokyo/league/table/36419
36420,index,,全順位,,https://junior-soccer.jp/kanto/tokyo/league/table/36420
36421,index,,全順位,,https://junior-soccer.jp/kanto/tokyo/league/table/36421
36463,index,,全順位,,https://junior-soccer.jp/kanto/tokyo/league/table/36463
36464,index,,全順位,,https://junior-soccer.jp/kanto/tokyo/league/table/36464
36465,index,,全順位,,https://junior-soccer.jp/kanto/tokyo/league/table/36465
36466,index,,全順位,,https://junior-soccer.jp/kanto/tokyo/league/table/36466
36467,index,,全順位,,https://junior-soccer.jp/kanto/tokyo/league/table/36467
36599,index,,全順位,,https://junior-soccer.jp/kanto/tokyo/league/table/36599
36614,index,,全順位,,https://junior-soccer.jp/kanto/tokyo/league/table/36614
36615,index,,全順位,,https://junior-soccer.jp/kanto/tokyo/league/table/36615
36616,index,,全順位,,https://junior-soccer.jp/kanto/tokyo/league/table/36616
36618,index,,全順位,,https://junior-soccer.jp/kanto/tokyo/league/table/36618
36771,index,,全順位,,https://junior-soccer.jp/kanto/tokyo/league/table/36771
36772,index,,全順位,,https://junior-soccer.jp/kanto/tokyo/league/table/36772
36773,index,,全順位,,https://junior-soccer.jp/kanto/tokyo/league/table/36773
36774,index,,全順位,,https://junior-soccer.jp/kanto/tokyo/league/table/36774
36868,index,,全順位,,https://junior-soccer.jp/kanto/tokyo/league/table/36868
36869,index,,全順位,,https://junior-soccer.jp/kanto/tokyo/league/table/36869
36870,index,,全順位,,https://junior-soccer.jp/kanto/tokyo/league/table/36870
36891,index,,全順位,,https://junior-soccer.jp/kanto/tokyo/league/table/36891
36892,index,,全順位,,https://junior-soccer.jp/kanto/tokyo/league/table/36892
36893,index,,全順位,,https://junior-soccer.jp/kanto/tokyo/league/table/36893
36894,index,,全順位,,https://junior-soccer.jp/kanto/tokyo/league/table/36894
36897,index,,全順位,,https://junior-soccer.jp/kanto/tokyo/league/table/36897
36898,index,,全順位,,https://junior-soccer.jp/kanto/tokyo/league/table/36898
36899,index,,全順位,,https://junior-soccer.jp/kanto/tokyo/league/table/36899
369,index,,全順位,,https://junior-soccer.jp/kanto/tokyo/league/table/369
36900,index,,全順位,,https://junior-soccer.jp/kanto/tokyo/league/table/36900
36901,index,,全順位,,https://junior-soccer.jp/kanto/tokyo/league/table/36901
36970,index,,全順位,,https://junior-soccer.jp/kanto/tokyo/league/table/36970
36971,index,,全順位,,https://junior-soccer.jp/kanto/tokyo/league/table/36971
36972,index,,全順位,,https://junior-soccer.jp/kanto/tokyo/league/table/36972
370,index,,全順位,,https://junior-soccer.jp/kanto/tokyo/league/table/370
37027,index,,全順位,,https://junior-soccer.jp/kanto/tokyo/league/table/37027
37028,index,,全順位,,https://junior-soccer.jp/kanto/tokyo/league/table/37028
37029,index,,全順位,,https://junior-soccer.jp/kanto/tokyo/league/table/37029
37030,index,,全順位,,https://junior-soccer.jp/kanto/tokyo/league/table/37030
37069,index,,全順位,,https://junior-soccer.jp/kanto/tokyo/league/table/37069
37071,index,,全順位,,https://junior-soccer.jp/kanto/tokyo/league/table/37071
37072,index,,全順位,,https://junior-soccer.jp/kanto/tokyo/league/table/37072
37073,index,,全順位,,https://junior-soccer.jp/kanto/tokyo/league/table/37073
37074,index,,全順位,,https://junior-soccer.jp/kanto/tokyo/league/table/37074
371,index,,全順位,,https://junior-soccer.jp/kanto/tokyo/league/table/371
37199,index,,全順位,,https://junior-soccer.jp/kanto/tokyo/league/table/37199
372,index,,全順位,,https://junior-soccer.jp/kanto/tokyo/league/table/372
37200,index,,全順位,,https://junior-soccer.jp/kanto/tokyo/league/table/37200
37201,index,,全順位,,https://junior-soccer.jp/kanto/tokyo/league/table/37201
37202,index,,全順位,,https://junior-soccer.jp/kanto/tokyo/league/table/37202
37243,index,,全順位,,https://junior-soccer.jp/kanto/tokyo/league/table/37243
37244,index,,全順位,,https://junior-soccer.jp/kanto/tokyo/league/table/37244
37245,index,,全順位,,https://junior-soccer.jp/kanto/tokyo/league/table/37245
37246,index,,全順位,,https://junior-soccer.jp/kanto/tokyo/league/table/37246
37247,index,,全順位,,https://junior-soccer.jp/kanto/tokyo/league/table/37247
37248,index,,全順位,,https://junior-soccer.jp/kanto/tokyo/league/table/37248
37249,index,,全順位,,https://junior-soccer.jp/kanto/tokyo/league/table/37249
37250,index,,全順位,,https://junior-soccer.jp/kanto/tokyo/league/table/37250
37251,index,,全順位,,https://junior-soccer.jp/kanto/tokyo/league/table/37251
37252,index,,全順位,,https://junior-soccer.jp/kanto/tokyo/league/table/37252
37254,index,,全順位,,https://junior-soccer.jp/kanto/tokyo/league/table/37254
37255,index,,全順位,,https://junior-soccer.jp/kanto/tokyo/league/table/37255
37256,index,,全順位,,https://junior-soccer.jp/kanto/tokyo/league/table/37256
37257,index,,全順位,,https://junior-soccer.jp/kanto/tokyo/league/table/37257
37258,index,,全順位,,https://junior-soccer.jp/kanto/tokyo/league/table/37258
37259,index,,全順位,,https://junior-soccer.jp/kanto/tokyo/league/table/37259
37260,index,,全順位,,https://junior-soccer.jp/kanto/tokyo/league/table/37260
37261,index,,全順位,,https://junior-soccer.jp/kanto/tokyo/league/table/37261
37262,index,,全順位,,https://junior-soccer.jp/kanto/tokyo/league/table/37262
37263,index,,全順位,,https://junior-soccer.jp/kanto/tokyo/league/table/37263
37264,index,,全順位,,https://junior-soccer.jp/kanto/tokyo/league/table/37264
373,index,,全順位,,https://junior-soccer.jp/kanto/tokyo/league/table/373
37302,index,,全順位,,https://junior-soccer.jp/kanto/tokyo/league/table/37302
37303,index,,全順位,,https://junior-soccer.jp/kanto/tokyo/league/table/37303
374,index,,全順位,,https://junior-soccer.jp/kanto/tokyo/league/table/374
375,index,,全順位,,https://junior-soccer.jp/kanto/tokyo/league/table/375
37565,index,,全順位,,https://junior-soccer.jp/kanto/tokyo/league/table/37565
37566,index,,全順位,,https://junior-soccer.jp/kanto/tokyo/league/table/37566
37567,index,,全順位,,https://junior-soccer.jp/kanto/tokyo/league/table/37567
37568,index,,全順位,,https://junior-soccer.jp/kanto/tokyo/league/table/37568
376,index,,全順位,,https://junior-soccer.jp/kanto/tokyo/league/table/376
37665,index,,全順位,,https://junior-soccer.jp/kanto/tokyo/league/table/37665
37666,index,,全順位,,https://junior-soccer.jp/kanto/tokyo/league/table/37666
37667,index,,全順位,,https://junior-soccer.jp/kanto/tokyo/league/table/37667
37668,index,,全順位,,https://junior-soccer.jp/kanto/tokyo/league/table/37668
37669,index,,全順位,,https://junior-soccer.jp/kanto/tokyo/league/table/37669
37670,index,,全順位,,https://junior-soccer.jp/kanto/tokyo/league/table/37670
37671,index,,全順位,,https://junior-soccer.jp/kanto/tokyo/league/table/37671
37672,index,,全順位,,https://junior-soccer.jp/kanto/tokyo/league/table/37672
37673,index,,全順位,,https://junior-soccer.jp/kanto/tokyo/league/table/37673
37674,index,,全順位,,https://junior-soccer.jp/kanto/tokyo/league/table/37674
37778,index,,全順位,,https://junior-soccer.jp/kanto/tokyo/league/table/37778
37779,index,,全順位,,https://junior-soccer.jp/kanto/tokyo/league/table/37779
37780,index,,全順位,,https://junior-soccer.jp/kanto/tokyo/league/table/37780
37781,index,,全順位,,https://junior-soccer.jp/kanto/tokyo/league/table/37781
378,index,,全順位,,https://junior-soccer.jp/kanto/tokyo/league/table/378
37810,index,,全順位,,https://junior-soccer.jp/kanto/tokyo/league/table/37810
37811,index,,全順位,,https://junior-soccer.jp/kanto/tokyo/league/table/37811
37812,index,,全順位,,https://junior-soccer.jp/kanto/tokyo/league/table/37812
37813,index,,全順位,,https://junior-soccer.jp/kanto/tokyo/league/table/37813
37814,index,,全順位,,https://junior-soccer.jp/kanto/tokyo/league/table/37814
37815,index,,全順位,,https://junior-soccer.jp/kanto/tokyo/league/table/37815
37816,index,,全順位,,https://junior-soccer.jp/kanto/tokyo/league/table/37816
37817,index,,全順位,,https://junior-soccer.jp/kanto/tokyo/league/table/37817
37818,index,,全順位,,https://junior-soccer.jp/kanto/tokyo/league/table/37818
37819,index,,全順位,,https://junior-soccer.jp/kanto/tokyo/league/table/37819
37820,index,,全順位,,https://junior-soccer.jp/kanto/tokyo/league/table/37820
37821,index,,全順位,,https://junior-soccer.jp/kanto/tokyo/league/table/37821
37822,index,,全順位,,https://junior-soccer.jp/kanto/tokyo/league/table/37822
379,index,,全順位,,https://junior-soccer.jp/kanto/tokyo/league/table/379
37916,index,,全順位,,https://junior-soccer.jp/kanto/tokyo/league/table/37916
37917,index,,全順位,,https://junior-soccer.jp/kanto/tokyo/league/table/37917
37918,index,,全順位,,https://junior-soccer.jp/kanto/tokyo/league/table/37918
37919,index,,全順位,,https://junior-soccer.jp/kanto/tokyo/league/table/37919
37922,index,,全順位,,https://junior-soccer.jp/kanto/tokyo/league/table/37922
37923,index,,全順位,,https://junior-soccer.jp/kanto/tokyo/league/table/37923
37924,index,,全順位,,https://junior-soccer.jp/kanto/tokyo/league/table/37924
37929,index,,全順位,,https://junior-soccer.jp/kanto/tokyo/league/table/37929
37930,index,,全順位,,https://junior-soccer.jp/kanto/tokyo/league/table/37930
37931,index,,全順位,,https://junior-soccer.jp/kanto/tokyo/league/table/37931
37932,index,,全順位,,https://junior-soccer.jp/kanto/tokyo/league/table/37932
37981,index,,全順位,,https://junior-soccer.jp/kanto/tokyo/league/table/37981
37982,index,,全順位,,https://junior-soccer.jp/kanto/tokyo/league/table/37982
37983,index,,全順位,,https://junior-soccer.jp/kanto/tokyo/league/table/37983
37984,index,,全順位,,https://junior-soccer.jp/kanto/tokyo/league/table/37984
37993,index,,全順位,,https://junior-soccer.jp/kanto/tokyo/league/table/37993
37994,index,,全順位,,https://junior-soccer.jp/kanto/tokyo/league/table/37994
37995,index,,全順位,,https://junior-soccer.jp/kanto/tokyo/league/table/37995
380,index,,全順位,,https://junior-soccer.jp/kanto/tokyo/league/table/380
381,index,,全順位,,https://junior-soccer.jp/kanto/tokyo/league/table/381
38123,index,,全順位,,https://junior-soccer.jp/kanto/tokyo/league/table/38123
38124,index,,全順位,,https://junior-soccer.jp/kanto/tokyo/league/table/38124
38125,index,,全順位,,https://junior-soccer.jp/kanto/tokyo/league/table/38125
38128,index,,全順位,,https://junior-soccer.jp/kanto/tokyo/league/table/38128
38129,index,,全順位,,https://junior-soccer.jp/kanto/tokyo/league/table/38129
38130,index,,全順位,,https://junior-soccer.jp/kanto/tokyo/league/table/38130
38137,index,,全順位,,https://junior-soccer.jp/kanto/tokyo/league/table/38137
38164,index,,全順位,,https://junior-soccer.jp/kanto/tokyo/league/table/38164
38185,index,,全順位,,https://junior-soccer.jp/kanto/tokyo/league/table/38185
38186,index,,全順位,,https://junior-soccer.jp/kanto/tokyo/league/table/38186
38187,index,,全順位,,https://junior-soccer.jp/kanto/tokyo/league/table/38187
38188,index,,全順位,,https://junior-soccer.jp/kanto/tokyo/league/table/38188
38189,index,,全順位,,https://junior-soccer.jp/kanto/tokyo/league/table/38189
38190,index,,全順位,,https://junior-soccer.jp/kanto/tokyo/league/table/38190
38191,index,,全順位,,https://junior-soccer.jp/kanto/tokyo/league/table/38191
38192,index,,全順位,,https://junior-soccer.jp/kanto/tokyo/league/table/38192
38193,index,,全順位,,https://junior-soccer.jp/kanto/tokyo/league/table/38193
38194,index,,全順位,,https://junior-soccer.jp/kanto/tokyo/league/table/38194
38195,index,,全順位,,https://junior-soccer.jp/kanto/tokyo/league/table/38195
38196,index,,全順位,,https://junior-soccer.jp/kanto/tokyo/league/table/38196
38197,index,,全順位,,https://junior-soccer.jp/kanto/tokyo/league/table/38197
38198,index,,全順位,,https://junior-soccer.jp/kanto/tokyo/league/table/38198
38199,index,,全順位,,https://junior-soccer.jp/kanto/tokyo/league/table/38199
38200,index,,全順位,,https://junior-soccer.jp/kanto/tokyo/league/table/38200
38536,index,,全順位,,https://junior-soccer.jp/kanto/tokyo/league/table/38536
38566,index,,全順位,,https://junior-soccer.jp/kanto/tokyo/league/table/38566
38567,index,,全順位,,https://junior-soccer.jp/kanto/tokyo/league/table/38567
38568,index,,全順位,,https://junior-soccer.jp/kanto/tokyo/league/table/38568
38569,index,,全順位,,https://junior-soccer.jp/kanto/tokyo/league/table/38569
38570,index,,全順位,,https://junior-soccer.jp/kanto/tokyo/league/table/38570
38571,index,,全順位,,https://junior-soccer.jp/kanto/tokyo/league/table/38571
38572,index,,全順位,,https://junior-soccer.jp/kanto/tokyo/league/table/38572
38573,index,,全順位,,https://junior-soccer.jp/kanto/tokyo/league/table/38573
38880,index,,全順位,,https://junior-soccer.jp/kanto/tokyo/league/table/38880
38881,index,,全順位,,https://junior-soccer.jp/kanto/tokyo/league/table/38881
38882,index,,全順位,,https://junior-soccer.jp/kanto/tokyo/league/table/38882
38883,index,,全順位,,https://junior-soccer.jp/kanto/tokyo/league/table/38883
38884,index,,全順位,,https://junior-soccer.jp/kanto/tokyo/league/table/38884
38885,index,,全順位,,https://junior-soccer.jp/kanto/tokyo/league/table/38885
38886,index,,全順位,,https://junior-soccer.jp/kanto/tokyo/league/table/38886
39099,index,,全順位,,https://junior-soccer.jp/kanto/tokyo/league/table/39099
39100,index,,全順位,,https://junior-soccer.jp/kanto/tokyo/league/table/39100
39370,index,,全順位,,https://junior-soccer.jp/kanto/tokyo/league/table/39370
39371,index,,全順位,,https://junior-soccer.jp/kanto/tokyo/league/table/39371
39372,index,,全順位,,https://junior-soccer.jp/kanto/tokyo/league/table/39372
39373,index,,全順位,,https://junior-soccer.jp/kanto/tokyo/league/table/39373
39374,index,,全順位,,https://junior-soccer.jp/kanto/tokyo/league/table/39374
39375,index,,全順位,,https://junior-soccer.jp/kanto/tokyo/league/table/39375
39376,index,,全順位,,https://junior-soccer.jp/kanto/tokyo/league/table/39376
39377,index,,全順位,,https://junior-soccer.jp/kanto/tokyo/league/table/39377
39378,index,,全順位,,https://junior-soccer.jp/kanto/tokyo/league/table/39378
39379,index,,全順位,,https://junior-soccer.jp/kanto/tokyo/league/table/39379
39380,index,,全順位,,https://junior-soccer.jp/kanto/tokyo/league/table/39380
39381,index,,全順位,,https://junior-soccer.jp/kanto/tokyo/league/table/39381
39382,index,,全順位,,https://junior-soccer.jp/kanto/tokyo/league/table/39382
39383,index,,全順位,,https://junior-soccer.jp/kanto/tokyo/league/table/39383
39384,index,,全順位,,https://junior-soccer.jp/kanto/tokyo/league/table/39384
39385,index,,全順位,,https://junior-soccer.jp/kanto/tokyo/league/table/39385
39386,index,,全順位,,https://junior-soccer.jp/kanto/tokyo/league/table/39386
39388,index,,全順位,,https://junior-soccer.jp/kanto/tokyo/league/table/39388
39389,index,,全順位,,https://junior-soccer.jp/kanto/tokyo/league/table/39389
39390,index,,全順位,,https://junior-soccer.jp/kanto/tokyo/league/table/39390
39391,index,,全順位,,https://junior-soccer.jp/kanto/tokyo/league/table/39391
39392,index,,全順位,,https://junior-soccer.jp/kanto/tokyo/league/table/39392
39393,index,,全順位,,https://junior-soccer.jp/kanto/tokyo/league/table/39393
39394,index,,全順位,,https://junior-soccer.jp/kanto/tokyo/league/table/39394
39403,index,,全順位,,https://junior-soccer.jp/kanto/tokyo/league/table/39403
39404,index,,全順位,,https://junior-soccer.jp/kanto/tokyo/league/table/39404
39405,index,,全順位,,https://junior-soccer.jp/kanto/tokyo/league/table/39405
39406,index,,全順位,,https://junior-soccer.jp/kanto/tokyo/league/table/39406
39591,index,,全順位,,https://junior-soccer.jp/kanto/tokyo/league/table/39591
39592,index,,全順位,,https://junior-soccer.jp/kanto/tokyo/league/table/39592
39593,index,,全順位,,https://junior-soccer.jp/kanto/tokyo/league/table/39593
39666,index,,全順位,,https://junior-soccer.jp/kanto/tokyo/league/table/39666
39667,index,,全順位,,https://junior-soccer.jp/kanto/tokyo/league/table/39667
39668,index,,全順位,,https://junior-soccer.jp/kanto/tokyo/league/table/39668
39669,index,,全順位,,https://junior-soccer.jp/kanto/tokyo/league/table/39669
39670,index,,全順位,,https://junior-soccer.jp/kanto/tokyo/league/table/39670
39977,index,,全順位,,https://junior-soccer.jp/kanto/tokyo/league/table/39977
39982,index,,全順位,,https://junior-soccer.jp/kanto/tokyo/league/table/39982
40001,index,,全順位,,https://junior-soccer.jp/kanto/tokyo/league/table/40001
40002,index,,全順位,,https://junior-soccer.jp/kanto/tokyo/league/table/40002
40003,index,,全順位,,https://junior-soccer.jp/kanto/tokyo/league/table/40003
40009,index,,全順位,,https://junior-soccer.jp/kanto/tokyo/league/table/40009
40010,index,,全順位,,https://junior-soccer.jp/kanto/tokyo/league/table/40010
40011,index,,全順位,,https://junior-soccer.jp/kanto/tokyo/league/table/40011
40012,index,,全順位,,https://junior-soccer.jp/kanto/tokyo/league/table/40012
40013,index,,全順位,,https://junior-soccer.jp/kanto/tokyo/league/table/40013
40014,index,,全順位,,https://junior-soccer.jp/kanto/tokyo/league/table/40014
40015,index,,全順位,,https://junior-soccer.jp/kanto/tokyo/league/table/40015
40016,index,,全順位,,https://junior-soccer.jp/kanto/tokyo/league/table/40016
40024,index,,全順位,,https://junior-soccer.jp/kanto/tokyo/league/table/40024
40025,index,,全順位,,https://junior-soccer.jp/kanto/tokyo/league/table/40025
40035,index,,全順位,,https://junior-soccer.jp/kanto/tokyo/league/table/40035
40036,index,,全順位,,https://junior-soccer.jp/kanto/tokyo/league/table/40036
40037,index,,全順位,,https://junior-soccer.jp/kanto/tokyo/league/table/40037
40038,index,,全順位,,https://junior-soccer.jp/kanto/tokyo/league/table/40038
40039,index,,全順位,,https://junior-soccer.jp/kanto/tokyo/league/table/40039
40040,index,,全順位,,https://junior-soccer.jp/kanto/tokyo/league/table/40040
40041,index,,全順位,,https://junior-soccer.jp/kanto/tokyo/league/table/40041
40042,index,,全順位,,https://junior-soccer.jp/kanto/tokyo/league/table/40042
40043,index,,全順位,,https://junior-soccer.jp/kanto/tokyo/league/table/40043
40044,index,,全順位,,https://junior-soccer.jp/kanto/tokyo/league/table/40044
40049,index,,全順位,,https://junior-soccer.jp/kanto/tokyo/league/table/40049
40050,index,,全順位,,https://junior-soccer.jp/kanto/tokyo/league/table/40050
40051,index,,全順位,,https://junior-soccer.jp/kanto/tokyo/league/table/40051
40052,index,,全順位,,https://junior-soccer.jp/kanto/tokyo/league/table/40052
40062,index,,全順位,,https://junior-soccer.jp/kanto/tokyo/league/table/40062
40084,index,,全順位,,https://junior-soccer.jp/kanto/tokyo/league/table/40084
40316,index,,全順位,,https://junior-soccer.jp/kanto/tokyo/league/table/40316
40318,index,,全順位,,https://junior-soccer.jp/kanto/tokyo/league/table/40318
40319,index,,全順位,,https://junior-soccer.jp/kanto/tokyo/league/table/40319
40320,index,,全順位,,https://junior-soccer.jp/kanto/tokyo/league/table/40320
40998,index,,全順位,,https://junior-soccer.jp/kanto/tokyo/league/table/40998
40999,index,,全順位,,https://junior-soccer.jp/kanto/tokyo/league/table/40999
41000,index,,全順位,,https://junior-soccer.jp/kanto/tokyo/league/table/41000
41001,index,,全順位,,https://junior-soccer.jp/kanto/tokyo/league/table/41001
41036,index,,全順位,,https://junior-soccer.jp/kanto/tokyo/league/table/41036
41037,index,,全順位,,https://junior-soccer.jp/kanto/tokyo/league/table/41037
41038,index,,全順位,,https://junior-soccer.jp/kanto/tokyo/league/table/41038
41039,index,,全順位,,https://junior-soccer.jp/kanto/tokyo/league/table/41039
41040,index,,全順位,,https://junior-soccer.jp/kanto/tokyo/league/table/41040
41041,index,,全順位,,https://junior-soccer.jp/kanto/tokyo/league/table/41041
411,index,,全順位,,https://junior-soccer.jp/kanto/tokyo/league/table/411
412,index,,全順位,,https://junior-soccer.jp/kanto/tokyo/league/table/412
41284,index,,全順位,,https://junior-soccer.jp/kanto/tokyo/league/table/41284
41285,index,,全順位,,https://junior-soccer.jp/kanto/tokyo/league/table/41285
41286,index,,全順位,,https://junior-soccer.jp/kanto/tokyo/league/table/41286
41287,index,,全順位,,https://junior-soccer.jp/kanto/tokyo/league/table/41287
413,index,,全順位,,https://junior-soccer.jp/kanto/tokyo/league/table/413
4150,index,,全順位,,https://junior-soccer.jp/kanto/tokyo/league/table/4150
41626,index,,全順位,,https://junior-soccer.jp/kanto/tokyo/league/table/41626
41628,index,,全順位,,https://junior-soccer.jp/kanto/tokyo/league/table/41628
41630,index,,全順位,,https://junior-soccer.jp/kanto/tokyo/league/table/41630
41631,index,,全順位,,https://junior-soccer.jp/kanto/tokyo/league/table/41631
41633,index,,全順位,,https://junior-soccer.jp/kanto/tokyo/league/table/41633
42231,index,,全順位,,https://junior-soccer.jp/kanto/tokyo/league/table/42231
42232,index,,全順位,,https://junior-soccer.jp/kanto/tokyo/league/table/42232
42233,index,,全順位,,https://junior-soccer.jp/kanto/tokyo/league/table/42233
42234,index,,全順位,,https://junior-soccer.jp/kanto/tokyo/league/table/42234
42235,index,,全順位,,https://junior-soccer.jp/kanto/tokyo/league/table/42235
42236,index,,全順位,,https://junior-soccer.jp/kanto/tokyo/league/table/42236
42237,index,,全順位,,https://junior-soccer.jp/kanto/tokyo/league/table/42237
42536,index,,全順位,,https://junior-soccer.jp/kanto/tokyo/league/table/42536
42838,index,,全順位,,https://junior-soccer.jp/kanto/tokyo/league/table/42838
42839,index,,全順位,,https://junior-soccer.jp/kanto/tokyo/league/table/42839
42840,index,,全順位,,https://junior-soccer.jp/kanto/tokyo/league/table/42840
42841,index,,全順位,,https://junior-soccer.jp/kanto/tokyo/league/table/42841
42842,index,,全順位,,https://junior-soccer.jp/kanto/tokyo/league/table/42842
42844,index,,全順位,,https://junior-soccer.jp/kanto/tokyo/league/table/42844
42845,index,,全順位,,https://junior-soccer.jp/kanto/tokyo/league/table/42845
42856,index,,全順位,,https://junior-soccer.jp/kanto/tokyo/league/table/42856
42857,index,,全順位,,https://junior-soccer.jp/kanto/tokyo/league/table/42857
42858,index,,全順位,,https://junior-soccer.jp/kanto/tokyo/league/table/42858
43027,index,,全順位,,https://junior-soccer.jp/kanto/tokyo/league/table/43027
43028,index,,全順位,,https://junior-soccer.jp/kanto/tokyo/league/table/43028
43029,index,,全順位,,https://junior-soccer.jp/kanto/tokyo/league/table/43029
43030,index,,全順位,,https://junior-soccer.jp/kanto/tokyo/league/table/43030
43031,index,,全順位,,https://junior-soccer.jp/kanto/tokyo/league/table/43031
43032,index,,全順位,,https://junior-soccer.jp/kanto/tokyo/league/table/43032
43033,index,,全順位,,https://junior-soccer.jp/kanto/tokyo/league/table/43033
43034,index,,全順位,,https://junior-soccer.jp/kanto/tokyo/league/table/43034
43035,index,,全順位,,https://junior-soccer.jp/kanto/tokyo/league/table/43035
43036,index,,全順位,,https://junior-soccer.jp/kanto/tokyo/league/table/43036
43037,index,,全順位,,https://junior-soccer.jp/kanto/tokyo/league/table/43037
43038,index,,全順位,,https://junior-soccer.jp/kanto/tokyo/league/table/43038
43233,index,,全順位,,https://junior-soccer.jp/kanto/tokyo/league/table/43233
43234,index,,全順位,,https://junior-soccer.jp/kanto/tokyo/league/table/43234
43235,index,,全順位,,https://junior-soccer.jp/kanto/tokyo/league/table/43235
43236,index,,全順位,,https://junior-soccer.jp/kanto/tokyo/league/table/43236
43237,index,,全順位,,https://junior-soccer.jp/kanto/tokyo/league/table/43237
43238,index,,全順位,,https://junior-soccer.jp/kanto/tokyo/league/table/43238
43239,index,,全順位,,https://junior-soccer.jp/kanto/tokyo/league/table/43239
43240,index,,全順位,,https://junior-soccer.jp/kanto/tokyo/league/table/43240
43260,index,,全順位,,https://junior-soccer.jp/kanto/tokyo/league/table/43260
43262,index,,全順位,,https://junior-soccer.jp/kanto/tokyo/league/table/43262
43268,index,,全順位,,https://junior-soccer.jp/kanto/tokyo/league/table/43268
43269,index,,全順位,,https://junior-soccer.jp/kanto/tokyo/league/table/43269
43270,index,,全順位,,https://junior-soccer.jp/kanto/tokyo/league/table/43270
43418,index,,全順位,,https://junior-soccer.jp/kanto/tokyo/league/table/43418
43419,index,,全順位,,https://junior-soccer.jp/kanto/tokyo/league/table/43419
43799,index,,全順位,,https://junior-soccer.jp/kanto/tokyo/league/table/43799
43800,index,,全順位,,https://junior-soccer.jp/kanto/tokyo/league/table/43800
43801,index,,全順位,,https://junior-soccer.jp/kanto/tokyo/league/table/43801
43802,index,,全順位,,https://junior-soccer.jp/kanto/tokyo/league/table/43802
43803,index,,全順位,,https://junior-soccer.jp/kanto/tokyo/league/table/43803
43804,index,,全順位,,https://junior-soccer.jp/kanto/tokyo/league/table/43804
43805,index,,全順位,,https://junior-soccer.jp/kanto/tokyo/league/table/43805
43807,index,,全順位,,https://junior-soccer.jp/kanto/tokyo/league/table/43807
43808,index,,全順位,,https://junior-soccer.jp/kanto/tokyo/league/table/43808
43875,index,,全順位,,https://junior-soccer.jp/kanto/tokyo/league/table/43875
43876,index,,全順位,,https://junior-soccer.jp/kanto/tokyo/league/table/43876
43877,index,,全順位,,https://junior-soccer.jp/kanto/tokyo/league/table/43877
43878,index,,全順位,,https://junior-soccer.jp/kanto/tokyo/league/table/43878
43894,index,,全順位,,https://junior-soccer.jp/kanto/tokyo/league/table/43894
43896,index,,全順位,,https://junior-soccer.jp/kanto/tokyo/league/table/43896
43965,index,,全順位,,https://junior-soccer.jp/kanto/tokyo/league/table/43965
43966,index,,全順位,,https://junior-soccer.jp/kanto/tokyo/league/table/43966
43967,index,,全順位,,https://junior-soccer.jp/kanto/tokyo/league/table/43967
43968,index,,全順位,,https://junior-soccer.jp/kanto/tokyo/league/table/43968
43969,index,,全順位,,https://junior-soccer.jp/kanto/tokyo/league/table/43969
43970,index,,全順位,,https://junior-soccer.jp/kanto/tokyo/league/table/43970
43971,index,,全順位,,https://junior-soccer.jp/kanto/tokyo/league/table/43971
43972,index,,全順位,,https://junior-soccer.jp/kanto/tokyo/league/table/43972
43973,index,,全順位,,https://junior-soccer.jp/kanto/tokyo/league/table/43973
43974,index,,全順位,,https://junior-soccer.jp/kanto/tokyo/league/table/43974
43976,index,,全順位,,https://junior-soccer.jp/kanto/tokyo/league/table/43976
43977,index,,全順位,,https://junior-soccer.jp/kanto/tokyo/league/table/43977
44055,index,,全順位,,https://junior-soccer.jp/kanto/tokyo/league/table/44055
44073,index,,全順位,,https://junior-soccer.jp/kanto/tokyo/league/table/44073
44204,index,,全順位,,https://junior-soccer.jp/kanto/tokyo/league/table/44204
44205,index,,全順位,,https://junior-soccer.jp/kanto/tokyo/league/table/44205
44206,index,,全順位,,https://junior-soccer.jp/kanto/tokyo/league/table/44206
44207,index,,全順位,,https://junior-soccer.jp/kanto/tokyo/league/table/44207
44208,index,,全順位,,https://junior-soccer.jp/kanto/tokyo/league/table/44208
44209,index,,全順位,,https://junior-soccer.jp/kanto/tokyo/league/table/44209
44210,index,,全順位,,https://junior-soccer.jp/kanto/tokyo/league/table/44210
44211,index,,全順位,,https://junior-soccer.jp/kanto/tokyo/league/table/44211
44212,index,,全順位,,https://junior-soccer.jp/kanto/tokyo/league/table/44212
44213,index,,全順位,,https://junior-soccer.jp/kanto/tokyo/league/table/44213
44214,index,,全順位,,https://junior-soccer.jp/kanto/tokyo/league/table/44214
44215,index,,全順位,,https://junior-soccer.jp/kanto/tokyo/league/table/44215
44216,index,,全順位,,https://junior-soccer.jp/kanto/tokyo/league/table/44216
44217,index,,全順位,,https://junior-soccer.jp/kanto/tokyo/league/table/44217
44218,index,,全順位,,https://junior-soccer.jp/kanto/tokyo/league/table/44218
44219,index,,全順位,,https://junior-soccer.jp/kanto/tokyo/league/table/44219
445,index,,全順位,,https://junior-soccer.jp/kanto/tokyo/league/table/445
446,index,,全順位,,https://junior-soccer.jp/kanto/tokyo/league/table/446
44687,index,,全順位,,https://junior-soccer.jp/kanto/tokyo/league/table/44687
44688,index,,全順位,,https://junior-soccer.jp/kanto/tokyo/league/table/44688
44689,index,,全順位,,https://junior-soccer.jp/kanto/tokyo/league/table/44689
448,index,,全順位,,https://junior-soccer.jp/kanto/tokyo/league/table/448
45600,index,,全順位,,https://junior-soccer.jp/kanto/tokyo/league/table/45600
45601,index,,全順位,,https://junior-soccer.jp/kanto/tokyo/league/table/45601
45632,index,,全順位,,https://junior-soccer.jp/kanto/tokyo/league/table/45632
45633,index,,全順位,,https://junior-soccer.jp/kanto/tokyo/league/table/45633
45634,index,,全順位,,https://junior-soccer.jp/kanto/tokyo/league/table/45634
45635,index,,全順位,,https://junior-soccer.jp/kanto/tokyo/league/table/45635
45636,index,,全順位,,https://junior-soccer.jp/kanto/tokyo/league/table/45636
45637,index,,全順位,,https://junior-soccer.jp/kanto/tokyo/league/table/45637
45638,index,,全順位,,https://junior-soccer.jp/kanto/tokyo/league/table/45638
45639,index,,全順位,,https://junior-soccer.jp/kanto/tokyo/league/table/45639
45640,index,,全順位,,https://junior-soccer.jp/kanto/tokyo/league/table/45640
45641,index,,全順位,,https://junior-soccer.jp/kanto/tokyo/league/table/45641
45642,index,,全順位,,https://junior-soccer.jp/kanto/tokyo/league/table/45642
45643,index,,全順位,,https://junior-soccer.jp/kanto/tokyo/league/table/45643
45644,index,,全順位,,https://junior-soccer.jp/kanto/tokyo/league/table/45644
45839,index,,全順位,,https://junior-soccer.jp/kanto/tokyo/league/table/45839
45840,index,,全順位,,https://junior-soccer.jp/kanto/tokyo/league/table/45840
45841,index,,全順位,,https://junior-soccer.jp/kanto/tokyo/league/table/45841
45842,index,,全順位,,https://junior-soccer.jp/kanto/tokyo/league/table/45842
45843,index,,全順位,,https://junior-soccer.jp/kanto/tokyo/league/table/45843
45844,index,,全順位,,https://junior-soccer.jp/kanto/tokyo/league/table/45844
45845,index,,全順位,,https://junior-soccer.jp/kanto/tokyo/league/table/45845
45846,index,,全順位,,https://junior-soccer.jp/kanto/tokyo/league/table/45846
45857,index,,全順位,,https://junior-soccer.jp/kanto/tokyo/league/table/45857
45858,index,,全順位,,https://junior-soccer.jp/kanto/tokyo/league/table/45858
45859,index,,全順位,,https://junior-soccer.jp/kanto/tokyo/league/table/45859
45860,index,,全順位,,https://junior-soccer.jp/kanto/tokyo/league/table/45860
45861,index,,全順位,,https://junior-soccer.jp/kanto/tokyo/league/table/45861
45862,index,,全順位,,https://junior-soccer.jp/kanto/tokyo/league/table/45862
45863,index,,全順位,,https://junior-soccer.jp/kanto/tokyo/league/table/45863
45880,index,,全順位,,https://junior-soccer.jp/kanto/tokyo/league/table/45880
45963,index,,全順位,,https://junior-soccer.jp/kanto/tokyo/league/table/45963
45964,index,,全順位,,https://junior-soccer.jp/kanto/tokyo/league/table/45964
45965,index,,全順位,,https://junior-soccer.jp/kanto/tokyo/league/table/45965
45966,index,,全順位,,https://junior-soccer.jp/kanto/tokyo/league/table/45966
45967,index,,全順位,,https://junior-soccer.jp/kanto/tokyo/league/table/45967
45968,index,,全順位,,https://junior-soccer.jp/kanto/tokyo/league/table/45968
45969,index,,全順位,,https://junior-soccer.jp/kanto/tokyo/league/table/45969
45970,index,,全順位,,https://junior-soccer.jp/kanto/tokyo/league/table/45970
45971,index,,全順位,,https://junior-soccer.jp/kanto/tokyo/league/table/45971
45972,index,,全順位,,https://junior-soccer.jp/kanto/tokyo/league/table/45972
46468,index,,全順位,,https://junior-soccer.jp/kanto/tokyo/league/table/46468
46469,index,,全順位,,https://junior-soccer.jp/kanto/tokyo/league/table/46469
46470,index,,全順位,,https://junior-soccer.jp/kanto/tokyo/league/table/46470
46471,index,,全順位,,https://junior-soccer.jp/kanto/tokyo/league/table/46471
46472,index,,全順位,,https://junior-soccer.jp/kanto/tokyo/league/table/46472
46473,index,,全順位,,https://junior-soccer.jp/kanto/tokyo/league/table/46473
46474,index,,全順位,,https://junior-soccer.jp/kanto/tokyo/league/table/46474
46476,index,,全順位,,https://junior-soccer.jp/kanto/tokyo/league/table/46476
466,index,,全順位,,https://junior-soccer.jp/kanto/tokyo/league/table/466
467,index,,全順位,,https://junior-soccer.jp/kanto/tokyo/league/table/467
46950,index,,全順位,,https://junior-soccer.jp/kanto/tokyo/league/table/46950
46951,index,,全順位,,https://junior-soccer.jp/kanto/tokyo/league/table/46951
46952,index,,全順位,,https://junior-soccer.jp/kanto/tokyo/league/table/46952
46953,index,,全順位,,https://junior-soccer.jp/kanto/tokyo/league/table/46953
46954,index,,全順位,,https://junior-soccer.jp/kanto/tokyo/league/table/46954
46955,index,,全順位,,https://junior-soccer.jp/kanto/tokyo/league/table/46955
46956,index,,全順位,,https://junior-soccer.jp/kanto/tokyo/league/table/46956
46957,index,,全順位,,https://junior-soccer.jp/kanto/tokyo/league/table/46957
4717,index,,全順位,,https://junior-soccer.jp/kanto/tokyo/league/table/4717
4718,index,,全順位,,https://junior-soccer.jp/kanto/tokyo/league/table/4718
4719,index,,全順位,,https://junior-soccer.jp/kanto/tokyo/league/table/4719
4720,index,,全順位,,https://junior-soccer.jp/kanto/tokyo/league/table/4720
47219,index,,全順位,,https://junior-soccer.jp/kanto/tokyo/league/table/47219
47220,index,,全順位,,https://junior-soccer.jp/kanto/tokyo/league/table/47220
47221,index,,全順位,,https://junior-soccer.jp/kanto/tokyo/league/table/47221
47222,index,,全順位,,https://junior-soccer.jp/kanto/tokyo/league/table/47222
47223,index,,全順位,,https://junior-soccer.jp/kanto/tokyo/league/table/47223
47224,index,,全順位,,https://junior-soccer.jp/kanto/tokyo/league/table/47224
47225,index,,全順位,,https://junior-soccer.jp/kanto/tokyo/league/table/47225
47226,index,,全順位,,https://junior-soccer.jp/kanto/tokyo/league/table/47226
4723,index,,全順位,,https://junior-soccer.jp/kanto/tokyo/league/table/4723
4725,index,,全順位,,https://junior-soccer.jp/kanto/tokyo/league/table/4725
4726,index,,全順位,,https://junior-soccer.jp/kanto/tokyo/league/table/4726
4727,index,,全順位,,https://junior-soccer.jp/kanto/tokyo/league/table/4727
4728,index,,全順位,,https://junior-soccer.jp/kanto/tokyo/league/table/4728
4729,index,,全順位,,https://junior-soccer.jp/kanto/tokyo/league/table/4729
4730,index,,全順位,,https://junior-soccer.jp/kanto/tokyo/league/table/4730
47364,index,,全順位,,https://junior-soccer.jp/kanto/tokyo/league/table/47364
47461,index,,全順位,,https://junior-soccer.jp/kanto/tokyo/league/table/47461
47462,index,,全順位,,https://junior-soccer.jp/kanto/tokyo/league/table/47462
47463,index,,全順位,,https://junior-soccer.jp/kanto/tokyo/league/table/47463
47464,index,,全順位,,https://junior-soccer.jp/kanto/tokyo/league/table/47464
47465,index,,全順位,,https://junior-soccer.jp/kanto/tokyo/league/table/47465
47491,index,,全順位,,https://junior-soccer.jp/kanto/tokyo/league/table/47491
47492,index,,全順位,,https://junior-soccer.jp/kanto/tokyo/league/table/47492
47493,index,,全順位,,https://junior-soccer.jp/kanto/tokyo/league/table/47493
47494,index,,全順位,,https://junior-soccer.jp/kanto/tokyo/league/table/47494
47495,index,,全順位,,https://junior-soccer.jp/kanto/tokyo/league/table/47495
47496,index,,全順位,,https://junior-soccer.jp/kanto/tokyo/league/table/47496
47580,index,,全順位,,https://junior-soccer.jp/kanto/tokyo/league/table/47580
47581,index,,全順位,,https://junior-soccer.jp/kanto/tokyo/league/table/47581
4759,index,,全順位,,https://junior-soccer.jp/kanto/tokyo/league/table/4759
47615,index,,全順位,,https://junior-soccer.jp/kanto/tokyo/league/table/47615
47616,index,,全順位,,https://junior-soccer.jp/kanto/tokyo/league/table/47616
47664,index,,全順位,,https://junior-soccer.jp/kanto/tokyo/league/table/47664
4767,index,,全順位,,https://junior-soccer.jp/kanto/tokyo/league/table/4767
4768,index,,全順位,,https://junior-soccer.jp/kanto/tokyo/league/table/4768
478,index,,全順位,,https://junior-soccer.jp/kanto/tokyo/league/table/478
47829,index,,全順位,,https://junior-soccer.jp/kanto/tokyo/league/table/47829
47830,index,,全順位,,https://junior-soccer.jp/kanto/tokyo/league/table/47830
47831,index,,全順位,,https://junior-soccer.jp/kanto/tokyo/league/table/47831
47832,index,,全順位,,https://junior-soccer.jp/kanto/tokyo/league/table/47832
47838,index,,全順位,,https://junior-soccer.jp/kanto/tokyo/league/table/47838
47874,index,,全順位,,https://junior-soccer.jp/kanto/tokyo/league/table/47874
47875,index,,全順位,,https://junior-soccer.jp/kanto/tokyo/league/table/47875
47876,index,,全順位,,https://junior-soccer.jp/kanto/tokyo/league/table/47876
47882,index,,全順位,,https://junior-soccer.jp/kanto/tokyo/league/table/47882
47883,index,,全順位,,https://junior-soccer.jp/kanto/tokyo/league/table/47883
47884,index,,全順位,,https://junior-soccer.jp/kanto/tokyo/league/table/47884
47885,index,,全順位,,https://junior-soccer.jp/kanto/tokyo/league/table/47885
47886,index,,全順位,,https://junior-soccer.jp/kanto/tokyo/league/table/47886
47887,index,,全順位,,https://junior-soccer.jp/kanto/tokyo/league/table/47887
47888,index,,全順位,,https://junior-soccer.jp/kanto/tokyo/league/table/47888
47889,index,,全順位,,https://junior-soccer.jp/kanto/tokyo/league/table/47889
4789,index,,全順位,,https://junior-soccer.jp/kanto/tokyo/league/table/4789
47890,index,,全順位,,https://junior-soccer.jp/kanto/tokyo/league/table/47890
479,index,,全順位,,https://junior-soccer.jp/kanto/tokyo/league/table/479
47905,index,,全順位,,https://junior-soccer.jp/kanto/tokyo/league/table/47905
47906,index,,全順位,,https://junior-soccer.jp/kanto/tokyo/league/table/47906
47907,index,,全順位,,https://junior-soccer.jp/kanto/tokyo/league/table/47907
47908,index,,全順位,,https://junior-soccer.jp/kanto/tokyo/league/table/47908
4793,index,,全順位,,https://junior-soccer.jp/kanto/tokyo/league/table/4793
4794,index,,全順位,,https://junior-soccer.jp/kanto/tokyo/league/table/4794
4795,index,,全順位,,https://junior-soccer.jp/kanto/tokyo/league/table/4795
4796,index,,全順位,,https://junior-soccer.jp/kanto/tokyo/league/table/4796
480,index,,全順位,,https://junior-soccer.jp/kanto/tokyo/league/table/480
48100,index,,全順位,,https://junior-soccer.jp/kanto/tokyo/league/table/48100
48101,index,,全順位,,https://junior-soccer.jp/kanto/tokyo/league/table/48101
48145,index,,全順位,,https://junior-soccer.jp/kanto/tokyo/league/table/48145
48146,index,,全順位,,https://junior-soccer.jp/kanto/tokyo/league/table/48146
48147,index,,全順位,,https://junior-soccer.jp/kanto/tokyo/league/table/48147
48148,index,,全順位,,https://junior-soccer.jp/kanto/tokyo/league/table/48148
48149,index,,全順位,,https://junior-soccer.jp/kanto/tokyo/league/table/48149
4827,index,,全順位,,https://junior-soccer.jp/kanto/tokyo/league/table/4827
4828,index,,全順位,,https://junior-soccer.jp/kanto/tokyo/league/table/4828
4829,index,,全順位,,https://junior-soccer.jp/kanto/tokyo/league/table/4829
4830,index,,全順位,,https://junior-soccer.jp/kanto/tokyo/league/table/4830
4833,index,,全順位,,https://junior-soccer.jp/kanto/tokyo/league/table/4833
4837,index,,全順位,,https://junior-soccer.jp/kanto/tokyo/league/table/4837
4838,index,,全順位,,https://junior-soccer.jp/kanto/tokyo/league/table/4838
4839,index,,全順位,,https://junior-soccer.jp/kanto/tokyo/league/table/4839
48508,index,,全順位,,https://junior-soccer.jp/kanto/tokyo/league/table/48508
48509,index,,全順位,,https://junior-soccer.jp/kanto/tokyo/league/table/48509
48510,index,,全順位,,https://junior-soccer.jp/kanto/tokyo/league/table/48510
48511,index,,全順位,,https://junior-soccer.jp/kanto/tokyo/league/table/48511
48512,index,,全順位,,https://junior-soccer.jp/kanto/tokyo/league/table/48512
48513,index,,全順位,,https://junior-soccer.jp/kanto/tokyo/league/table/48513
48581,index,,全順位,,https://junior-soccer.jp/kanto/tokyo/league/table/48581
48582,index,,全順位,,https://junior-soccer.jp/kanto/tokyo/league/table/48582
48583,index,,全順位,,https://junior-soccer.jp/kanto/tokyo/league/table/48583
48584,index,,全順位,,https://junior-soccer.jp/kanto/tokyo/league/table/48584
4862,index,,全順位,,https://junior-soccer.jp/kanto/tokyo/league/table/4862
4863,index,,全順位,,https://junior-soccer.jp/kanto/tokyo/league/table/4863
4864,index,,全順位,,https://junior-soccer.jp/kanto/tokyo/league/table/4864
4865,index,,全順位,,https://junior-soccer.jp/kanto/tokyo/league/table/4865
4873,index,,全順位,,https://junior-soccer.jp/kanto/tokyo/league/table/4873
4874,index,,全順位,,https://junior-soccer.jp/kanto/tokyo/league/table/4874
4875,index,,全順位,,https://junior-soccer.jp/kanto/tokyo/league/table/4875
4876,index,,全順位,,https://junior-soccer.jp/kanto/tokyo/league/table/4876
48765,index,,全順位,,https://junior-soccer.jp/kanto/tokyo/league/table/48765
48767,index,,全順位,,https://junior-soccer.jp/kanto/tokyo/league/table/48767
48768,index,,全順位,,https://junior-soccer.jp/kanto/tokyo/league/table/48768
48769,index,,全順位,,https://junior-soccer.jp/kanto/tokyo/league/table/48769
48771,index,,全順位,,https://junior-soccer.jp/kanto/tokyo/league/table/48771
48772,index,,全順位,,https://junior-soccer.jp/kanto/tokyo/league/table/48772
49170,index,,全順位,,https://junior-soccer.jp/kanto/tokyo/league/table/49170
49171,index,,全順位,,https://junior-soccer.jp/kanto/tokyo/league/table/49171
49172,index,,全順位,,https://junior-soccer.jp/kanto/tokyo/league/table/49172
4927,index,,全順位,,https://junior-soccer.jp/kanto/tokyo/league/table/4927
4928,index,,全順位,,https://junior-soccer.jp/kanto/tokyo/league/table/4928
4929,index,,全順位,,https://junior-soccer.jp/kanto/tokyo/league/table/4929
49334,index,,全順位,,https://junior-soccer.jp/kanto/tokyo/league/table/49334
49335,index,,全順位,,https://junior-soccer.jp/kanto/tokyo/league/table/49335
49336,index,,全順位,,https://junior-soccer.jp/kanto/tokyo/league/table/49336
49887,index,,全順位,,https://junior-soccer.jp/kanto/tokyo/league/table/49887
49889,index,,全順位,,https://junior-soccer.jp/kanto/tokyo/league/table/49889
49900,index,,全順位,,https://junior-soccer.jp/kanto/tokyo/league/table/49900
49901,index,,全順位,,https://junior-soccer.jp/kanto/tokyo/league/table/49901
50,index,,全順位,,https://junior-soccer.jp/kanto/tokyo/league/table/50
50057,index,,全順位,,https://junior-soccer.jp/kanto/tokyo/league/table/50057
50126,index,,全順位,,https://junior-soccer.jp/kanto/tokyo/league/table/50126
50127,index,,全順位,,https://junior-soccer.jp/kanto/tokyo/league/table/50127
50128,index,,全順位,,https://junior-soccer.jp/kanto/tokyo/league/table/50128
50129,index,,全順位,,https://junior-soccer.jp/kanto/tokyo/league/table/50129
50130,index,,全順位,,https://junior-soccer.jp/kanto/tokyo/league/table/50130
50131,index,,全順位,,https://junior-soccer.jp/kanto/tokyo/league/table/50131
50132,index,,全順位,,https://junior-soccer.jp/kanto/tokyo/league/table/50132
50133,index,,全順位,,https://junior-soccer.jp/kanto/tokyo/league/table/50133
50134,index,,全順位,,https://junior-soccer.jp/kanto/tokyo/league/table/50134
50135,index,,全順位,,https://junior-soccer.jp/kanto/tokyo/league/table/50135
50136,index,,全順位,,https://junior-soccer.jp/kanto/tokyo/league/table/50136
50137,index,,全順位,,https://junior-soccer.jp/kanto/tokyo/league/table/50137
50138,index,,全順位,,https://junior-soccer.jp/kanto/tokyo/league/table/50138
50139,index,,全順位,,https://junior-soccer.jp/kanto/tokyo/league/table/50139
50140,index,,全順位,,https://junior-soccer.jp/kanto/tokyo/league/table/50140
50141,index,,全順位,,https://junior-soccer.jp/kanto/tokyo/league/table/50141
50142,index,,全順位,,https://junior-soccer.jp/kanto/tokyo/league/table/50142
50143,index,,全順位,,https://junior-soccer.jp/kanto/tokyo/league/table/50143
50145,index,,全順位,,https://junior-soccer.jp/kanto/tokyo/league/table/50145
50146,index,,全順位,,https://junior-soccer.jp/kanto/tokyo/league/table/50146
50147,index,,全順位,,https://junior-soccer.jp/kanto/tokyo/league/table/50147
50148,index,,全順位,,https://junior-soccer.jp/kanto/tokyo/league/table/50148
50149,index,,全順位,,https://junior-soccer.jp/kanto/tokyo/league/table/50149
50150,index,,全順位,,https://junior-soccer.jp/kanto/tokyo/league/table/50150
50151,index,,全順位,,https://junior-soccer.jp/kanto/tokyo/league/table/50151
50152,index,,全順位,,https://junior-soccer.jp/kanto/tokyo/league/table/50152
50153,index,,全順位,,https://junior-soccer.jp/kanto/tokyo/league/table/50153
50154,index,,全順位,,https://junior-soccer.jp/kanto/tokyo/league/table/50154
50155,index,,全順位,,https://junior-soccer.jp/kanto/tokyo/league/table/50155
50156,index,,全順位,,https://junior-soccer.jp/kanto/tokyo/league/table/50156
50157,index,,全順位,,https://junior-soccer.jp/kanto/tokyo/league/table/50157
50158,index,,全順位,,https://junior-soccer.jp/kanto/tokyo/league/table/50158
50159,index,,全順位,,https://junior-soccer.jp/kanto/tokyo/league/table/50159
50160,index,,全順位,,https://junior-soccer.jp/kanto/tokyo/league/table/50160
50161,index,,全順位,,https://junior-soccer.jp/kanto/tokyo/league/table/50161
50162,index,,全順位,,https://junior-soccer.jp/kanto/tokyo/league/table/50162
50392,index,,全順位,,https://junior-soccer.jp/kanto/tokyo/league/table/50392
50393,index,,全順位,,https://junior-soccer.jp/kanto/tokyo/league/table/50393
50394,index,,全順位,,https://junior-soccer.jp/kanto/tokyo/league/table/50394
50568,index,,全順位,,https://junior-soccer.jp/kanto/tokyo/league/table/50568
50570,index,,全順位,,https://junior-soccer.jp/kanto/tokyo/league/table/50570
50571,index,,全順位,,https://junior-soccer.jp/kanto/tokyo/league/table/50571
50572,index,,全順位,,https://junior-soccer.jp/kanto/tokyo/league/table/50572
50573,index,,全順位,,https://junior-soccer.jp/kanto/tokyo/league/table/50573
50574,index,,全順位,,https://junior-soccer.jp/kanto/tokyo/league/table/50574
50575,index,,全順位,,https://junior-soccer.jp/kanto/tokyo/league/table/50575
50576,index,,全順位,,https://junior-soccer.jp/kanto/tokyo/league/table/50576
50779,index,,全順位,,https://junior-soccer.jp/kanto/tokyo/league/table/50779
51,index,,全順位,,https://junior-soccer.jp/kanto/tokyo/league/table/51
5100,index,,全順位,,https://junior-soccer.jp/kanto/tokyo/league/table/5100
5104,index,,全順位,,https://junior-soccer.jp/kanto/tokyo/league/table/5104
5105,index,,全順位,,https://junior-soccer.jp/kanto/tokyo/league/table/5105
5106,index,,全順位,,https://junior-soccer.jp/kanto/tokyo/league/table/5106
5109,index,,全順位,,https://junior-soccer.jp/kanto/tokyo/league/table/5109
5124,index,,全順位,,https://junior-soccer.jp/kanto/tokyo/league/table/5124
5125,index,,全順位,,https://junior-soccer.jp/kanto/tokyo/league/table/5125
5126,index,,全順位,,https://junior-soccer.jp/kanto/tokyo/league/table/5126
5128,index,,全順位,,https://junior-soccer.jp/kanto/tokyo/league/table/5128
51482,index,,全順位,,https://junior-soccer.jp/kanto/tokyo/league/table/51482
51483,index,,全順位,,https://junior-soccer.jp/kanto/tokyo/league/table/51483
51485,index,,全順位,,https://junior-soccer.jp/kanto/tokyo/league/table/51485
51487,index,,全順位,,https://junior-soccer.jp/kanto/tokyo/league/table/51487
51488,index,,全順位,,https://junior-soccer.jp/kanto/tokyo/league/table/51488
51489,index,,全順位,,https://junior-soccer.jp/kanto/tokyo/league/table/51489
51490,index,,全順位,,https://junior-soccer.jp/kanto/tokyo/league/table/51490
51491,index,,全順位,,https://junior-soccer.jp/kanto/tokyo/league/table/51491
51492,index,,全順位,,https://junior-soccer.jp/kanto/tokyo/league/table/51492
51493,index,,全順位,,https://junior-soccer.jp/kanto/tokyo/league/table/51493
51494,index,,全順位,,https://junior-soccer.jp/kanto/tokyo/league/table/51494
51495,index,,全順位,,https://junior-soccer.jp/kanto/tokyo/league/table/51495
51497,index,,全順位,,https://junior-soccer.jp/kanto/tokyo/league/table/51497
51498,index,,全順位,,https://junior-soccer.jp/kanto/tokyo/league/table/51498
51500,index,,全順位,,https://junior-soccer.jp/kanto/tokyo/league/table/51500
51501,index,,全順位,,https://junior-soccer.jp/kanto/tokyo/league/table/51501
51502,index,,全順位,,https://junior-soccer.jp/kanto/tokyo/league/table/51502
51503,index,,全順位,,https://junior-soccer.jp/kanto/tokyo/league/table/51503
51504,index,,全順位,,https://junior-soccer.jp/kanto/tokyo/league/table/51504
51505,index,,全順位,,https://junior-soccer.jp/kanto/tokyo/league/table/51505
51506,index,,全順位,,https://junior-soccer.jp/kanto/tokyo/league/table/51506
51507,index,,全順位,,https://junior-soccer.jp/kanto/tokyo/league/table/51507
51508,index,,全順位,,https://junior-soccer.jp/kanto/tokyo/league/table/51508
51509,index,,全順位,,https://junior-soccer.jp/kanto/tokyo/league/table/51509
51510,index,,全順位,,https://junior-soccer.jp/kanto/tokyo/league/table/51510
51511,index,,全順位,,https://junior-soccer.jp/kanto/tokyo/league/table/51511
51512,index,,全順位,,https://junior-soccer.jp/kanto/tokyo/league/table/51512
51568,index,,全順位,,https://junior-soccer.jp/kanto/tokyo/league/table/51568
51569,index,,全順位,,https://junior-soccer.jp/kanto/tokyo/league/table/51569
51570,index,,全順位,,https://junior-soccer.jp/kanto/tokyo/league/table/51570
51598,index,,全順位,,https://junior-soccer.jp/kanto/tokyo/league/table/51598
51599,index,,全順位,,https://junior-soccer.jp/kanto/tokyo/league/table/51599
51600,index,,全順位,,https://junior-soccer.jp/kanto/tokyo/league/table/51600
51718,index,,全順位,,https://junior-soccer.jp/kanto/tokyo/league/table/51718
5172,index,,全順位,,https://junior-soccer.jp/kanto/tokyo/league/table/5172
5173,index,,全順位,,https://junior-soccer.jp/kanto/tokyo/league/table/5173
5174,index,,全順位,,https://junior-soccer.jp/kanto/tokyo/league/table/5174
5175,index,,全順位,,https://junior-soccer.jp/kanto/tokyo/league/table/5175
5179,index,,全順位,,https://junior-soccer.jp/kanto/tokyo/league/table/5179
5180,index,,全順位,,https://junior-soccer.jp/kanto/tokyo/league/table/5180
51806,index,,全順位,,https://junior-soccer.jp/kanto/tokyo/league/table/51806
51807,index,,全順位,,https://junior-soccer.jp/kanto/tokyo/league/table/51807
51808,index,,全順位,,https://junior-soccer.jp/kanto/tokyo/league/table/51808
51809,index,,全順位,,https://junior-soccer.jp/kanto/tokyo/league/table/51809
5181,index,,全順位,,https://junior-soccer.jp/kanto/tokyo/league/table/5181
51810,index,,全順位,,https://junior-soccer.jp/kanto/tokyo/league/table/51810
51811,index,,全順位,,https://junior-soccer.jp/kanto/tokyo/league/table/51811
51812,index,,全順位,,https://junior-soccer.jp/kanto/tokyo/league/table/51812
51813,index,,全順位,,https://junior-soccer.jp/kanto/tokyo/league/table/51813
51814,index,,全順位,,https://junior-soccer.jp/kanto/tokyo/league/table/51814
51815,index,,全順位,,https://junior-soccer.jp/kanto/tokyo/league/table/51815
5182,index,,全順位,,https://junior-soccer.jp/kanto/tokyo/league/table/5182
5183,index,,全順位,,https://junior-soccer.jp/kanto/tokyo/league/table/5183
51836,index,,全順位,,https://junior-soccer.jp/kanto/tokyo/league/table/51836
5184,index,,全順位,,https://junior-soccer.jp/kanto/tokyo/league/table/5184
5185,index,,全順位,,https://junior-soccer.jp/kanto/tokyo/league/table/5185
5186,index,,全順位,,https://junior-soccer.jp/kanto/tokyo/league/table/5186
5187,index,,全順位,,https://junior-soccer.jp/kanto/tokyo/league/table/5187
5188,index,,全順位,,https://junior-soccer.jp/kanto/tokyo/league/table/5188
51997,index,,全順位,,https://junior-soccer.jp/kanto/tokyo/league/table/51997
51998,index,,全順位,,https://junior-soccer.jp/kanto/tokyo/league/table/51998
52052,index,,全順位,,https://junior-soccer.jp/kanto/tokyo/league/table/52052
52053,index,,全順位,,https://junior-soccer.jp/kanto/tokyo/league/table/52053
52054,index,,全順位,,https://junior-soccer.jp/kanto/tokyo/league/table/52054
52055,index,,全順位,,https://junior-soccer.jp/kanto/tokyo/league/table/52055
52056,index,,全順位,,https://junior-soccer.jp/kanto/tokyo/league/table/52056
52057,index,,全順位,,https://junior-soccer.jp/kanto/tokyo/league/table/52057
52058,index,,全順位,,https://junior-soccer.jp/kanto/tokyo/league/table/52058
52059,index,,全順位,,https://junior-soccer.jp/kanto/tokyo/league/table/52059
52274,index,,全順位,,https://junior-soccer.jp/kanto/tokyo/league/table/52274
52315,index,,全順位,,https://junior-soccer.jp/kanto/tokyo/league/table/52315
52316,index,,全順位,,https://junior-soccer.jp/kanto/tokyo/league/table/52316
52317,index,,全順位,,https://junior-soccer.jp/kanto/tokyo/league/table/52317
52318,index,,全順位,,https://junior-soccer.jp/kanto/tokyo/league/table/52318
52319,index,,全順位,,https://junior-soccer.jp/kanto/tokyo/league/table/52319
52320,index,,全順位,,https://junior-soccer.jp/kanto/tokyo/league/table/52320
52321,index,,全順位,,https://junior-soccer.jp/kanto/tokyo/league/table/52321
52322,index,,全順位,,https://junior-soccer.jp/kanto/tokyo/league/table/52322
52323,index,,全順位,,https://junior-soccer.jp/kanto/tokyo/league/table/52323
52324,index,,全順位,,https://junior-soccer.jp/kanto/tokyo/league/table/52324
52405,index,,全順位,,https://junior-soccer.jp/kanto/tokyo/league/table/52405
52406,index,,全順位,,https://junior-soccer.jp/kanto/tokyo/league/table/52406
52407,index,,全順位,,https://junior-soccer.jp/kanto/tokyo/league/table/52407
52408,index,,全順位,,https://junior-soccer.jp/kanto/tokyo/league/table/52408
52409,index,,全順位,,https://junior-soccer.jp/kanto/tokyo/league/table/52409
52452,index,,全順位,,https://junior-soccer.jp/kanto/tokyo/league/table/52452
52466,index,,全順位,,https://junior-soccer.jp/kanto/tokyo/league/table/52466
52467,index,,全順位,,https://junior-soccer.jp/kanto/tokyo/league/table/52467
52641,index,,全順位,,https://junior-soccer.jp/kanto/tokyo/league/table/52641
52642,index,,全順位,,https://junior-soccer.jp/kanto/tokyo/league/table/52642
52643,index,,全順位,,https://junior-soccer.jp/kanto/tokyo/league/table/52643
52645,index,,全順位,,https://junior-soccer.jp/kanto/tokyo/league/table/52645
52646,index,,全順位,,https://junior-soccer.jp/kanto/tokyo/league/table/52646
52647,index,,全順位,,https://junior-soccer.jp/kanto/tokyo/league/table/52647
52648,index,,全順位,,https://junior-soccer.jp/kanto/tokyo/league/table/52648
52649,index,,全順位,,https://junior-soccer.jp/kanto/tokyo/league/table/52649
52650,index,,全順位,,https://junior-soccer.jp/kanto/tokyo/league/table/52650
52651,index,,全順位,,https://junior-soccer.jp/kanto/tokyo/league/table/52651
52652,index,,全順位,,https://junior-soccer.jp/kanto/tokyo/league/table/52652
52653,index,,全順位,,https://junior-soccer.jp/kanto/tokyo/league/table/52653
52654,index,,全順位,,https://junior-soccer.jp/kanto/tokyo/league/table/52654
52655,index,,全順位,,https://junior-soccer.jp/kanto/tokyo/league/table/52655
52656,index,,全順位,,https://junior-soccer.jp/kanto/tokyo/league/table/52656
52657,index,,全順位,,https://junior-soccer.jp/kanto/tokyo/league/table/52657
52658,index,,全順位,,https://junior-soccer.jp/kanto/tokyo/league/table/52658
52659,index,,全順位,,https://junior-soccer.jp/kanto/tokyo/league/table/52659
52660,index,,全順位,,https://junior-soccer.jp/kanto/tokyo/league/table/52660
52956,index,,全順位,,https://junior-soccer.jp/kanto/tokyo/league/table/52956
52957,index,,全順位,,https://junior-soccer.jp/kanto/tokyo/league/table/52957
52958,index,,全順位,,https://junior-soccer.jp/kanto/tokyo/league/table/52958
52959,index,,全順位,,https://junior-soccer.jp/kanto/tokyo/league/table/52959
52960,index,,全順位,,https://junior-soccer.jp/kanto/tokyo/league/table/52960
52961,index,,全順位,,https://junior-soccer.jp/kanto/tokyo/league/table/52961
52967,index,,全順位,,https://junior-soccer.jp/kanto/tokyo/league/table/52967
52968,index,,全順位,,https://junior-soccer.jp/kanto/tokyo/league/table/52968
52969,index,,全順位,,https://junior-soccer.jp/kanto/tokyo/league/table/52969
52970,index,,全順位,,https://junior-soccer.jp/kanto/tokyo/league/table/52970
5315,index,,全順位,,https://junior-soccer.jp/kanto/tokyo/league/table/5315
5321,index,,全順位,,https://junior-soccer.jp/kanto/tokyo/league/table/5321
5327,index,,全順位,,https://junior-soccer.jp/kanto/tokyo/league/table/5327
5328,index,,全順位,,https://junior-soccer.jp/kanto/tokyo/league/table/5328
53429,index,,全順位,,https://junior-soccer.jp/kanto/tokyo/league/table/53429
53430,index,,全順位,,https://junior-soccer.jp/kanto/tokyo/league/table/53430
53431,index,,全順位,,https://junior-soccer.jp/kanto/tokyo/league/table/53431
53432,index,,全順位,,https://junior-soccer.jp/kanto/tokyo/league/table/53432
53433,index,,全順位,,https://junior-soccer.jp/kanto/tokyo/league/table/53433
53434,index,,全順位,,https://junior-soccer.jp/kanto/tokyo/league/table/53434
535,index,,全順位,,https://junior-soccer.jp/kanto/tokyo/league/table/535
536,index,,全順位,,https://junior-soccer.jp/kanto/tokyo/league/table/536
53728,index,,全順位,,https://junior-soccer.jp/kanto/tokyo/league/table/53728
53729,index,,全順位,,https://junior-soccer.jp/kanto/tokyo/league/table/53729
53730,index,,全順位,,https://junior-soccer.jp/kanto/tokyo/league/table/53730
54091,index,,全順位,,https://junior-soccer.jp/kanto/tokyo/league/table/54091
54092,index,,全順位,,https://junior-soccer.jp/kanto/tokyo/league/table/54092
54208,index,,全順位,,https://junior-soccer.jp/kanto/tokyo/league/table/54208
54209,index,,全順位,,https://junior-soccer.jp/kanto/tokyo/league/table/54209
54343,index,,全順位,,https://junior-soccer.jp/kanto/tokyo/league/table/54343
54344,index,,全順位,,https://junior-soccer.jp/kanto/tokyo/league/table/54344
54345,index,,全順位,,https://junior-soccer.jp/kanto/tokyo/league/table/54345
54346,index,,全順位,,https://junior-soccer.jp/kanto/tokyo/league/table/54346
54347,index,,全順位,,https://junior-soccer.jp/kanto/tokyo/league/table/54347
54348,index,,全順位,,https://junior-soccer.jp/kanto/tokyo/league/table/54348
54349,index,,全順位,,https://junior-soccer.jp/kanto/tokyo/league/table/54349
54350,index,,全順位,,https://junior-soccer.jp/kanto/tokyo/league/table/54350
54351,index,,全順位,,https://junior-soccer.jp/kanto/tokyo/league/table/54351
54352,index,,全順位,,https://junior-soccer.jp/kanto/tokyo/league/table/54352
54353,index,,全順位,,https://junior-soccer.jp/kanto/tokyo/league/table/54353
54354,index,,全順位,,https://junior-soccer.jp/kanto/tokyo/league/table/54354
54355,index,,全順位,,https://junior-soccer.jp/kanto/tokyo/league/table/54355
54356,index,,全順位,,https://junior-soccer.jp/kanto/tokyo/league/table/54356
54357,index,,全順位,,https://junior-soccer.jp/kanto/tokyo/league/table/54357
54358,index,,全順位,,https://junior-soccer.jp/kanto/tokyo/league/table/54358
54359,index,,全順位,,https://junior-soccer.jp/kanto/tokyo/league/table/54359
54360,index,,全順位,,https://junior-soccer.jp/kanto/tokyo/league/table/54360
54361,index,,全順位,,https://junior-soccer.jp/kanto/tokyo/league/table/54361
54362,index,,全順位,,https://junior-soccer.jp/kanto/tokyo/league/table/54362
54363,index,,全順位,,https://junior-soccer.jp/kanto/tokyo/league/table/54363
54364,index,,全順位,,https://junior-soccer.jp/kanto/tokyo/league/table/54364
54365,index,,全順位,,https://junior-soccer.jp/kanto/tokyo/league/table/54365
54366,index,,全順位,,https://junior-soccer.jp/kanto/tokyo/league/table/54366
54367,index,,全順位,,https://junior-soccer.jp/kanto/tokyo/league/table/54367
54368,index,,全順位,,https://junior-soccer.jp/kanto/tokyo/league/table/54368
54369,index,,全順位,,https://junior-soccer.jp/kanto/tokyo/league/table/54369
54370,index,,全順位,,https://junior-soccer.jp/kanto/tokyo/league/table/54370
54371,index,,全順位,,https://junior-soccer.jp/kanto/tokyo/league/table/54371
54372,index,,全順位,,https://junior-soccer.jp/kanto/tokyo/league/table/54372
54373,index,,全順位,,https://junior-soccer.jp/kanto/tokyo/league/table/54373
54374,index,,全順位,,https://junior-soccer.jp/kanto/tokyo/league/table/54374
54375,index,,全順位,,https://junior-soccer.jp/kanto/tokyo/league/table/54375
54376,index,,全順位,,https://junior-soccer.jp/kanto/tokyo/league/table/54376
54377,index,,全順位,,https://junior-soccer.jp/kanto/tokyo/league/table/54377
54378,index,,全順位,,https://junior-soccer.jp/kanto/tokyo/league/table/54378
54379,index,,全順位,,https://junior-soccer.jp/kanto/tokyo/league/table/54379
54399,index,,全順位,,https://junior-soccer.jp/kanto/tokyo/league/table/54399
54504,index,,全順位,,https://junior-soccer.jp/kanto/tokyo/league/table/54504
54505,index,,全順位,,https://junior-soccer.jp/kanto/tokyo/league/table/54505
54506,index,,全順位,,https://junior-soccer.jp/kanto/tokyo/league/table/54506
54507,index,,全順位,,https://junior-soccer.jp/kanto/tokyo/league/table/54507
5486,index,,全順位,,https://junior-soccer.jp/kanto/tokyo/league/table/5486
5487,index,,全順位,,https://junior-soccer.jp/kanto/tokyo/league/table/5487
5488,index,,全順位,,https://junior-soccer.jp/kanto/tokyo/league/table/5488
5490,index,,全順位,,https://junior-soccer.jp/kanto/tokyo/league/table/5490
5491,index,,全順位,,https://junior-soccer.jp/kanto/tokyo/league/table/5491
5492,index,,全順位,,https://junior-soccer.jp/kanto/tokyo/league/table/5492
5493,index,,全順位,,https://junior-soccer.jp/kanto/tokyo/league/table/5493
5494,index,,全順位,,https://junior-soccer.jp/kanto/tokyo/league/table/5494
5495,index,,全順位,,https://junior-soccer.jp/kanto/tokyo/league/table/5495
5496,index,,全順位,,https://junior-soccer.jp/kanto/tokyo/league/table/5496
5497,index,,全順位,,https://junior-soccer.jp/kanto/tokyo/league/table/5497
5548,index,,全順位,,https://junior-soccer.jp/kanto/tokyo/league/table/5548
5550,index,,全順位,,https://junior-soccer.jp/kanto/tokyo/league/table/5550
5551,index,,全順位,,https://junior-soccer.jp/kanto/tokyo/league/table/5551
5552,index,,全順位,,https://junior-soccer.jp/kanto/tokyo/league/table/5552
5553,index,,全順位,,https://junior-soccer.jp/kanto/tokyo/league/table/5553
5632,index,,全順位,,https://junior-soccer.jp/kanto/tokyo/league/table/5632
5638,index,,全順位,,https://junior-soccer.jp/kanto/tokyo/league/table/5638
5649,index,,全順位,,https://junior-soccer.jp/kanto/tokyo/league/table/5649
5656,index,,全順位,,https://junior-soccer.jp/kanto/tokyo/league/table/5656
5659,index,,全順位,,https://junior-soccer.jp/kanto/tokyo/league/table/5659
5666,index,,全順位,,https://junior-soccer.jp/kanto/tokyo/league/table/5666
57,index,,全順位,,https://junior-soccer.jp/kanto/tokyo/league/table/57
5789,index,,全順位,,https://junior-soccer.jp/kanto/tokyo/league/table/5789
5790,index,,全順位,,https://junior-soccer.jp/kanto/tokyo/league/table/5790
5791,index,,全順位,,https://junior-soccer.jp/kanto/tokyo/league/table/5791
5792,index,,全順位,,https://junior-soccer.jp/kanto/tokyo/league/table/5792
5793,index,,全順位,,https://junior-soccer.jp/kanto/tokyo/league/table/5793
5794,index,,全順位,,https://junior-soccer.jp/kanto/tokyo/league/table/5794
5795,index,,全順位,,https://junior-soccer.jp/kanto/tokyo/league/table/5795
5796,index,,全順位,,https://junior-soccer.jp/kanto/tokyo/league/table/5796
5797,index,,全順位,,https://junior-soccer.jp/kanto/tokyo/league/table/5797
58,index,,全順位,,https://junior-soccer.jp/kanto/tokyo/league/table/58
5807,index,,全順位,,https://junior-soccer.jp/kanto/tokyo/league/table/5807
5808,index,,全順位,,https://junior-soccer.jp/kanto/tokyo/league/table/5808
5831,index,,全順位,,https://junior-soccer.jp/kanto/tokyo/league/table/5831
5832,index,,全順位,,https://junior-soccer.jp/kanto/tokyo/league/table/5832
5833,index,,全順位,,https://junior-soccer.jp/kanto/tokyo/league/table/5833
5834,index,,全順位,,https://junior-soccer.jp/kanto/tokyo/league/table/5834
5835,index,,全順位,,https://junior-soccer.jp/kanto/tokyo/league/table/5835
5836,index,,全順位,,https://junior-soccer.jp/kanto/tokyo/league/table/5836
5837,index,,全順位,,https://junior-soccer.jp/kanto/tokyo/league/table/5837
5838,index,,全順位,,https://junior-soccer.jp/kanto/tokyo/league/table/5838
5839,index,,全順位,,https://junior-soccer.jp/kanto/tokyo/league/table/5839
5840,index,,全順位,,https://junior-soccer.jp/kanto/tokyo/league/table/5840
5841,index,,全順位,,https://junior-soccer.jp/kanto/tokyo/league/table/5841
5842,index,,全順位,,https://junior-soccer.jp/kanto/tokyo/league/table/5842
5843,index,,全順位,,https://junior-soccer.jp/kanto/tokyo/league/table/5843
5844,index,,全順位,,https://junior-soccer.jp/kanto/tokyo/league/table/5844
5845,index,,全順位,,https://junior-soccer.jp/kanto/tokyo/league/table/5845
5846,index,,全順位,,https://junior-soccer.jp/kanto/tokyo/league/table/5846
59,index,,全順位,,https://junior-soccer.jp/kanto/tokyo/league/table/59
60,index,,全順位,,https://junior-soccer.jp/kanto/tokyo/league/table/60
6005,index,,全順位,,https://junior-soccer.jp/kanto/tokyo/league/table/6005
6075,index,,全順位,,https://junior-soccer.jp/kanto/tokyo/league/table/6075
6076,index,,全順位,,https://junior-soccer.jp/kanto/tokyo/league/table/6076
6078,index,,全順位,,https://junior-soccer.jp/kanto/tokyo/league/table/6078
6079,index,,全順位,,https://junior-soccer.jp/kanto/tokyo/league/table/6079
6161,index,,全順位,,https://junior-soccer.jp/kanto/tokyo/league/table/6161
6162,index,,全順位,,https://junior-soccer.jp/kanto/tokyo/league/table/6162
6164,index,,全順位,,https://junior-soccer.jp/kanto/tokyo/league/table/6164
6165,index,,全順位,,https://junior-soccer.jp/kanto/tokyo/league/table/6165
622,index,,全順位,,https://junior-soccer.jp/kanto/tokyo/league/table/622
623,index,,全順位,,https://junior-soccer.jp/kanto/tokyo/league/table/623
624,index,,全順位,,https://junior-soccer.jp/kanto/tokyo/league/table/624
625,index,,全順位,,https://junior-soccer.jp/kanto/tokyo/league/table/625
626,index,,全順位,,https://junior-soccer.jp/kanto/tokyo/league/table/626
627,index,,全順位,,https://junior-soccer.jp/kanto/tokyo/league/table/627
628,index,,全順位,,https://junior-soccer.jp/kanto/tokyo/league/table/628
629,index,,全順位,,https://junior-soccer.jp/kanto/tokyo/league/table/629
630,index,,全順位,,https://junior-soccer.jp/kanto/tokyo/league/table/630
631,index,,全順位,,https://junior-soccer.jp/kanto/tokyo/league/table/631
632,index,,全順位,,https://junior-soccer.jp/kanto/tokyo/league/table/632
633,index,,全順位,,https://junior-soccer.jp/kanto/tokyo/league/table/633
6332,index,,全順位,,https://junior-soccer.jp/kanto/tokyo/league/table/6332
634,index,,全順位,,https://junior-soccer.jp/kanto/tokyo/league/table/634
635,index,,全順位,,https://junior-soccer.jp/kanto/tokyo/league/table/635
636,index,,全順位,,https://junior-soccer.jp/kanto/tokyo/league/table/636
637,index,,全順位,,https://junior-soccer.jp/kanto/tokyo/league/table/637
638,index,,全順位,,https://junior-soccer.jp/kanto/tokyo/league/table/638
6392,index,,全順位,,https://junior-soccer.jp/kanto/tokyo/league/table/6392
6393,index,,全順位,,https://junior-soccer.jp/kanto/tokyo/league/table/6393
6394,index,,全順位,,https://junior-soccer.jp/kanto/tokyo/league/table/6394
642,index,,全順位,,https://junior-soccer.jp/kanto/tokyo/league/table/642
646,index,,全順位,,https://junior-soccer.jp/kanto/tokyo/league/table/646
6463,index,,全順位,,https://junior-soccer.jp/kanto/tokyo/league/table/6463
6464,index,,全順位,,https://junior-soccer.jp/kanto/tokyo/league/table/6464
647,index,,全順位,,https://junior-soccer.jp/kanto/tokyo/league/table/647
663,index,,全順位,,https://junior-soccer.jp/kanto/tokyo/league/table/663
665,index,,全順位,,https://junior-soccer.jp/kanto/tokyo/league/table/665
671,index,,全順位,,https://junior-soccer.jp/kanto/tokyo/league/table/671
672,index,,全順位,,https://junior-soccer.jp/kanto/tokyo/league/table/672
680,index,,全順位,,https://junior-soccer.jp/kanto/tokyo/league/table/680
683,index,,全順位,,https://junior-soccer.jp/kanto/tokyo/league/table/683
689,index,,全順位,,https://junior-soccer.jp/kanto/tokyo/league/table/689
690,index,,全順位,,https://junior-soccer.jp/kanto/tokyo/league/table/690
692,index,,全順位,,https://junior-soccer.jp/kanto/tokyo/league/table/692
7053,index,,全順位,,https://junior-soccer.jp/kanto/tokyo/league/table/7053
7054,index,,全順位,,https://junior-soccer.jp/kanto/tokyo/league/table/7054
7055,index,,全順位,,https://junior-soccer.jp/kanto/tokyo/league/table/7055
7056,index,,全順位,,https://junior-soccer.jp/kanto/tokyo/league/table/7056
7057,index,,全順位,,https://junior-soccer.jp/kanto/tokyo/league/table/7057
7058,index,,全順位,,https://junior-soccer.jp/kanto/tokyo/league/table/7058
7059,index,,全順位,,https://junior-soccer.jp/kanto/tokyo/league/table/7059
7060,index,,全順位,,https://junior-soccer.jp/kanto/tokyo/league/table/7060
7061,index,,全順位,,https://junior-soccer.jp/kanto/tokyo/league/table/7061
7062,index,,全順位,,https://junior-soccer.jp/kanto/tokyo/league/table/7062
7063,index,,全順位,,https://junior-soccer.jp/kanto/tokyo/league/table/7063
7064,index,,全順位,,https://junior-soccer.jp/kanto/tokyo/league/table/7064
7065,index,,全順位,,https://junior-soccer.jp/kanto/tokyo/league/table/7065
7066,index,,全順位,,https://junior-soccer.jp/kanto/tokyo/league/table/7066
7067,index,,全順位,,https://junior-soccer.jp/kanto/tokyo/league/table/7067
7068,index,,全順位,,https://junior-soccer.jp/kanto/tokyo/league/table/7068
7069,index,,全順位,,https://junior-soccer.jp/kanto/tokyo/league/table/7069
7070,index,,全順位,,https://junior-soccer.jp/kanto/tokyo/league/table/7070
7197,index,,全順位,,https://junior-soccer.jp/kanto/tokyo/league/table/7197
7198,index,,全順位,,https://junior-soccer.jp/kanto/tokyo/league/table/7198
7200,index,,全順位,,https://junior-soccer.jp/kanto/tokyo/league/table/7200
7201,index,,全順位,,https://junior-soccer.jp/kanto/tokyo/league/table/7201
7266,index,,全順位,,https://junior-soccer.jp/kanto/tokyo/league/table/7266
7267,index,,全順位,,https://junior-soccer.jp/kanto/tokyo/league/table/7267
7268,index,,全順位,,https://junior-soccer.jp/kanto/tokyo/league/table/7268
7269,index,,全順位,,https://junior-soccer.jp/kanto/tokyo/league/table/7269
7270,index,,全順位,,https://junior-soccer.jp/kanto/tokyo/league/table/7270
7271,index,,全順位,,https://junior-soccer.jp/kanto/tokyo/league/table/7271
7272,index,,全順位,,https://junior-soccer.jp/kanto/tokyo/league/table/7272
7273,index,,全順位,,https://junior-soccer.jp/kanto/tokyo/league/table/7273
7274,index,,全順位,,https://junior-soccer.jp/kanto/tokyo/league/table/7274
7275,index,,全順位,,https://junior-soccer.jp/kanto/tokyo/league/table/7275
7277,index,,全順位,,https://junior-soccer.jp/kanto/tokyo/league/table/7277
7278,index,,全順位,,https://junior-soccer.jp/kanto/tokyo/league/table/7278
7279,index,,全順位,,https://junior-soccer.jp/kanto/tokyo/league/table/7279
7435,index,,全順位,,https://junior-soccer.jp/kanto/tokyo/league/table/7435
7529,index,,全順位,,https://junior-soccer.jp/kanto/tokyo/league/table/7529
7539,index,,全順位,,https://junior-soccer.jp/kanto/tokyo/league/table/7539
7541,index,,全順位,,https://junior-soccer.jp/kanto/tokyo/league/table/7541
7542,index,,全順位,,https://junior-soccer.jp/kanto/tokyo/league/table/7542
7543,index,,全順位,,https://junior-soccer.jp/kanto/tokyo/league/table/7543
7544,index,,全順位,,https://junior-soccer.jp/kanto/tokyo/league/table/7544
7545,index,,全順位,,https://junior-soccer.jp/kanto/tokyo/league/table/7545
7546,index,,全順位,,https://junior-soccer.jp/kanto/tokyo/league/table/7546
7547,index,,全順位,,https://junior-soccer.jp/kanto/tokyo/league/table/7547
7548,index,,全順位,,https://junior-soccer.jp/kanto/tokyo/league/table/7548
7557,index,,全順位,,https://junior-soccer.jp/kanto/tokyo/league/table/7557
7558,index,,全順位,,https://junior-soccer.jp/kanto/tokyo/league/table/7558
7563,index,,全順位,,https://junior-soccer.jp/kanto/tokyo/league/table/7563
7564,index,,全順位,,https://junior-soccer.jp/kanto/tokyo/league/table/7564
7565,index,,全順位,,https://junior-soccer.jp/kanto/tokyo/league/table/7565
7566,index,,全順位,,https://junior-soccer.jp/kanto/tokyo/league/table/7566
7567,index,,全順位,,https://junior-soccer.jp/kanto/tokyo/league/table/7567
7570,index,,全順位,,https://junior-soccer.jp/kanto/tokyo/league/table/7570
7571,index,,全順位,,https://junior-soccer.jp/kanto/tokyo/league/table/7571
7572,index,,全順位,,https://junior-soccer.jp/kanto/tokyo/league/table/7572
7573,index,,全順位,,https://junior-soccer.jp/kanto/tokyo/league/table/7573
7574,index,,全順位,,https://junior-soccer.jp/kanto/tokyo/league/table/7574
7579,index,,全順位,,https://junior-soccer.jp/kanto/tokyo/league/table/7579
7580,index,,全順位,,https://junior-soccer.jp/kanto/tokyo/league/table/7580
7581,index,,全順位,,https://junior-soccer.jp/kanto/tokyo/league/table/7581
7583,index,,全順位,,https://junior-soccer.jp/kanto/tokyo/league/table/7583
7584,index,,全順位,,https://junior-soccer.jp/kanto/tokyo/league/table/7584
7585,index,,全順位,,https://junior-soccer.jp/kanto/tokyo/league/table/7585
7586,index,,全順位,,https://junior-soccer.jp/kanto/tokyo/league/table/7586
7587,index,,全順位,,https://junior-soccer.jp/kanto/tokyo/league/table/7587
7588,index,,全順位,,https://junior-soccer.jp/kanto/tokyo/league/table/7588
7589,index,,全順位,,https://junior-soccer.jp/kanto/tokyo/league/table/7589
7590,index,,全順位,,https://junior-soccer.jp/kanto/tokyo/league/table/7590
7591,index,,全順位,,https://junior-soccer.jp/kanto/tokyo/league/table/7591
7592,index,,全順位,,https://junior-soccer.jp/kanto/tokyo/league/table/7592
7593,index,,全順位,,https://junior-soccer.jp/kanto/tokyo/league/table/7593
7594,index,,全順位,,https://junior-soccer.jp/kanto/tokyo/league/table/7594
7597,index,,全順位,,https://junior-soccer.jp/kanto/tokyo/league/table/7597
7598,index,,全順位,,https://junior-soccer.jp/kanto/tokyo/league/table/7598
7599,index,,全順位,,https://junior-soccer.jp/kanto/tokyo/league/table/7599
7600,index,,全順位,,https://junior-soccer.jp/kanto/tokyo/league/table/7600
765,index,,全順位,,https://junior-soccer.jp/kanto/tokyo/league/table/765
7656,index,,全順位,,https://junior-soccer.jp/kanto/tokyo/league/table/7656
7657,index,,全順位,,https://junior-soccer.jp/kanto/tokyo/league/table/7657
7658,index,,全順位,,https://junior-soccer.jp/kanto/tokyo/league/table/7658
7659,index,,全順位,,https://junior-soccer.jp/kanto/tokyo/league/table/7659
766,index,,全順位,,https://junior-soccer.jp/kanto/tokyo/league/table/766
7660,index,,全順位,,https://junior-soccer.jp/kanto/tokyo/league/table/7660
7661,index,,全順位,,https://junior-soccer.jp/kanto/tokyo/league/table/7661
7662,index,,全順位,,https://junior-soccer.jp/kanto/tokyo/league/table/7662
7663,index,,全順位,,https://junior-soccer.jp/kanto/tokyo/league/table/7663
7664,index,,全順位,,https://junior-soccer.jp/kanto/tokyo/league/table/7664
7665,index,,全順位,,https://junior-soccer.jp/kanto/tokyo/league/table/7665
7666,index,,全順位,,https://junior-soccer.jp/kanto/tokyo/league/table/7666
7667,index,,全順位,,https://junior-soccer.jp/kanto/tokyo/league/table/7667
7669,index,,全順位,,https://junior-soccer.jp/kanto/tokyo/league/table/7669
767,index,,全順位,,https://junior-soccer.jp/kanto/tokyo/league/table/767
7670,index,,全順位,,https://junior-soccer.jp/kanto/tokyo/league/table/7670
7671,index,,全順位,,https://junior-soccer.jp/kanto/tokyo/league/table/7671
7672,index,,全順位,,https://junior-soccer.jp/kanto/tokyo/league/table/7672
7673,index,,全順位,,https://junior-soccer.jp/kanto/tokyo/league/table/7673
7674,index,,全順位,,https://junior-soccer.jp/kanto/tokyo/league/table/7674
7675,index,,全順位,,https://junior-soccer.jp/kanto/tokyo/league/table/7675
7676,index,,全順位,,https://junior-soccer.jp/kanto/tokyo/league/table/7676
7677,index,,全順位,,https://junior-soccer.jp/kanto/tokyo/league/table/7677
7678,index,,全順位,,https://junior-soccer.jp/kanto/tokyo/league/table/7678
768,index,,全順位,,https://junior-soccer.jp/kanto/tokyo/league/table/768
769,index,,全順位,,https://junior-soccer.jp/kanto/tokyo/league/table/769
7695,index,,全順位,,https://junior-soccer.jp/kanto/tokyo/league/table/7695
7696,index,,全順位,,https://junior-soccer.jp/kanto/tokyo/league/table/7696
7697,index,,全順位,,https://junior-soccer.jp/kanto/tokyo/league/table/7697
7698,index,,全順位,,https://junior-soccer.jp/kanto/tokyo/league/table/7698
7780,index,,全順位,,https://junior-soccer.jp/kanto/tokyo/league/table/7780
7781,index,,全順位,,https://junior-soccer.jp/kanto/tokyo/league/table/7781
7782,index,,全順位,,https://junior-soccer.jp/kanto/tokyo/league/table/7782
7784,index,,全順位,,https://junior-soccer.jp/kanto/tokyo/league/table/7784
7785,index,,全順位,,https://junior-soccer.jp/kanto/tokyo/league/table/7785
7929,index,,全順位,,https://junior-soccer.jp/kanto/tokyo/league/table/7929
7930,index,,全順位,,https://junior-soccer.jp/kanto/tokyo/league/table/7930
7931,index,,全順位,,https://junior-soccer.jp/kanto/tokyo/league/table/7931
7932,index,,全順位,,https://junior-soccer.jp/kanto/tokyo/league/table/7932
7933,index,,全順位,,https://junior-soccer.jp/kanto/tokyo/league/table/7933
7934,index,,全順位,,https://junior-soccer.jp/kanto/tokyo/league/table/7934
824,index,,全順位,,https://junior-soccer.jp/kanto/tokyo/league/table/824
825,index,,全順位,,https://junior-soccer.jp/kanto/tokyo/league/table/825
826,index,,全順位,,https://junior-soccer.jp/kanto/tokyo/league/table/826
827,index,,全順位,,https://junior-soccer.jp/kanto/tokyo/league/table/827
828,index,,全順位,,https://junior-soccer.jp/kanto/tokyo/league/table/828
8526,index,,全順位,,https://junior-soccer.jp/kanto/tokyo/league/table/8526
8605,index,,全順位,,https://junior-soccer.jp/kanto/tokyo/league/table/8605
8606,index,,全順位,,https://junior-soccer.jp/kanto/tokyo/league/table/8606
8607,index,,全順位,,https://junior-soccer.jp/kanto/tokyo/league/table/8607
8634,index,,全順位,,https://junior-soccer.jp/kanto/tokyo/league/table/8634
8635,index,,全順位,,https://junior-soccer.jp/kanto/tokyo/league/table/8635
8829,index,,全順位,,https://junior-soccer.jp/kanto/tokyo/league/table/8829
886,index,,全順位,,https://junior-soccer.jp/kanto/tokyo/league/table/886
8927,index,,全順位,,https://junior-soccer.jp/kanto/tokyo/league/table/8927
8929,index,,全順位,,https://junior-soccer.jp/kanto/tokyo/league/table/8929
8930,index,,全順位,,https://junior-soccer.jp/kanto/tokyo/league/table/8930
8994,index,,全順位,,https://junior-soccer.jp/kanto/tokyo/league/table/8994
8997,index,,全順位,,https://junior-soccer.jp/kanto/tokyo/league/table/8997
8998,index,,全順位,,https://junior-soccer.jp/kanto/tokyo/league/table/8998
8999,index,,全順位,,https://junior-soccer.jp/kanto/tokyo/league/table/8999
900,index,,全順位,,https://junior-soccer.jp/kanto/tokyo/league/table/900
9001,index,,全順位,,https://junior-soccer.jp/kanto/tokyo/league/table/9001
9002,index,,全順位,,https://junior-soccer.jp/kanto/tokyo/league/table/9002
9003,index,,全順位,,https://junior-soccer.jp/kanto/tokyo/league/table/9003
9004,index,,全順位,,https://junior-soccer.jp/kanto/tokyo/league/table/9004
901,index,,全順位,,https://junior-soccer.jp/kanto/tokyo/league/table/901
902,index,,全順位,,https://junior-soccer.jp/kanto/tokyo/league/table/902
903,index,,全順位,,https://junior-soccer.jp/kanto/tokyo/league/table/903
905,index,,全順位,,https://junior-soccer.jp/kanto/tokyo/league/table/905
906,index,,全順位,,https://junior-soccer.jp/kanto/tokyo/league/table/906
907,index,,全順位,,https://junior-soccer.jp/kanto/tokyo/league/table/907
908,index,,全順位,,https://junior-soccer.jp/kanto/tokyo/league/table/908
9090,index,,全順位,,https://junior-soccer.jp/kanto/tokyo/league/table/9090
9091,index,,全順位,,https://junior-soccer.jp/kanto/tokyo/league/table/9091
9093,index,,全順位,,https://junior-soccer.jp/kanto/tokyo/league/table/9093
9094,index,,全順位,,https://junior-soccer.jp/kanto/tokyo/league/table/9094
9095,index,,全順位,,https://junior-soccer.jp/kanto/tokyo/league/table/9095
9096,index,,全順位,,https://junior-soccer.jp/kanto/tokyo/league/table/9096
9098,index,,全順位,,https://junior-soccer.jp/kanto/tokyo/league/table/9098
9099,index,,全順位,,https://junior-soccer.jp/kanto/tokyo/league/table/9099
9121,index,,全順位,,https://junior-soccer.jp/kanto/tokyo/league/table/9121
9122,index,,全順位,,https://junior-soccer.jp/kanto/tokyo/league/table/9122
9174,index,,全順位,,https://junior-soccer.jp/kanto/tokyo/league/table/9174
9175,index,,全順位,,https://junior-soccer.jp/kanto/tokyo/league/table/9175
9176,index,,全順位,,https://junior-soccer.jp/kanto/tokyo/league/table/9176
9177,index,,全順位,,https://junior-soccer.jp/kanto/tokyo/league/table/9177
9181,index,,全順位,,https://junior-soccer.jp/kanto/tokyo/league/table/9181
9216,index,,全順位,,https://junior-soccer.jp/kanto/tokyo/league/table/9216
9257,index,,全順位,,https://junior-soccer.jp/kanto/tokyo/league/table/9257
9258,index,,全順位,,https://junior-soccer.jp/kanto/tokyo/league/table/9258
9259,index,,全順位,,https://junior-soccer.jp/kanto/tokyo/league/table/9259
9260,index,,全順位,,https://junior-soccer.jp/kanto/tokyo/league/table/9260
9261,index,,全順位,,https://junior-soccer.jp/kanto/tokyo/league/table/9261
9262,index,,全順位,,https://junior-soccer.jp/kanto/tokyo/league/table/9262
9263,index,,全順位,,https://junior-soccer.jp/kanto/tokyo/league/table/9263
9264,index,,全順位,,https://junior-soccer.jp/kanto/tokyo/league/table/9264
9417,index,,全順位,,https://junior-soccer.jp/kanto/tokyo/league/table/9417
9418,index,,全順位,,https://junior-soccer.jp/kanto/tokyo/league/table/9418
9419,index,,全順位,,https://junior-soccer.jp/kanto/tokyo/league/table/9419
9420,index,,全順位,,https://junior-soccer.jp/kanto/tokyo/league/table/9420
9421,index,,全順位,,https://junior-soccer.jp/kanto/tokyo/league/table/9421
9423,index,,全順位,,https://junior-soccer.jp/kanto/tokyo/league/table/9423
9424,index,,全順位,,https://junior-soccer.jp/kanto/tokyo/league/table/9424
9425,index,,全順位,,https://junior-soccer.jp/kanto/tokyo/league/table/9425
9519,index,,全順位,,https://junior-soccer.jp/kanto/tokyo/league/table/9519
9520,index,,全順位,,https://junior-soccer.jp/kanto/tokyo/league/table/9520
953,index,,全順位,,https://junior-soccer.jp/kanto/tokyo/league/table/953
954,index,,全順位,,https://junior-soccer.jp/kanto/tokyo/league/table/954
955,index,,全順位,,https://junior-soccer.jp/kanto/tokyo/league/table/955
956,index,,全順位,,https://junior-soccer.jp/kanto/tokyo/league/table/956
9749,index,,全順位,,https://junior-soccer.jp/kanto/tokyo/league/table/9749
9750,index,,全順位,,https://junior-soccer.jp/kanto/tokyo/league/table/9750
9751,index,,全順位,,https://junior-soccer.jp/kanto/tokyo/league/table/9751
9752,index,,全順位,,https://junior-soccer.jp/kanto/tokyo/league/table/9752
9753,index,,全順位,,https://junior-soccer.jp/kanto/tokyo/league/table/9753
9754,index,,全順位,,https://junior-soccer.jp/kanto/tokyo/league/table/9754
9755,index,,全順位,,https://junior-soccer.jp/kanto/tokyo/league/table/9755
9756,index,,全順位,,https://junior-soccer.jp/kanto/tokyo/league/table/9756
9825,index,,全順位,,https://junior-soccer.jp/kanto/tokyo/league/table/9825
9826,index,,全順位,,https://junior-soccer.jp/kanto/tokyo/league/table/9826
9827,index,,全順位,,https://junior-soccer.jp/kanto/tokyo/league/table/9827
9828,index,,全順位,,https://junior-soccer.jp/kanto/tokyo/league/table/9828
9829,index,,全順位,,https://junior-soccer.jp/kanto/tokyo/league/table/9829
9830,index,,全順位,,https://junior-soccer.jp/kanto/tokyo/league/table/9830
9831,index,,全順位,,https://junior-soccer.jp/kanto/tokyo/league/table/9831
9832,index,,全順位,,https://junior-soccer.jp/kanto/tokyo/league/table/9832
9833,index,,全順位,,https://junior-soccer.jp/kanto/tokyo/league/table/9833
9834,index,,全順位,,https://junior-soccer.jp/kanto/tokyo/league/table/9834
9838,index,,全順位,,https://junior-soccer.jp/kanto/tokyo/league/table/9838
9839,index,,全順位,,https://junior-soccer.jp/kanto/tokyo/league/table/9839
9840,index,,全順位,,https://junior-soccer.jp/kanto/tokyo/league/table/9840
9841,index,,全順位,,https://junior-soccer.jp/kanto/tokyo/league/table/9841
9842,index,,全順位,,https://junior-soccer.jp/kanto/tokyo/league/table/9842
9843,index,,全順位,,https://junior-soccer.jp/kanto/tokyo/league/table/9843
9844,index,,全順位,,https://junior-soccer.jp/kanto/tokyo/league/table/9844
9845,index,,全順位,,https://junior-soccer.jp/kanto/tokyo/league/table/9845
9846,index,,全順位,,https://junior-soccer.jp/kanto/tokyo/league/table/9846
9848,index,,全順位,,https://junior-soccer.jp/kanto/tokyo/league/table/9848
9849,index,,全順位,,https://junior-soccer.jp/kanto/tokyo/league/table/9849
9850,index,,全順位,,https://junior-soccer.jp/kanto/tokyo/league/table/9850
9851,index,,全順位,,https://junior-soccer.jp/kanto/tokyo/league/table/9851
9852,index,,全順位,,https://junior-soccer.jp/kanto/tokyo/league/table/9852
9853,index,,全順位,,https://junior-soccer.jp/kanto/tokyo/league/table/9853
9854,index,,全順位,,https://junior-soccer.jp/kanto/tokyo/league/table/9854
9855,index,,全順位,,https://junior-soccer.jp/kanto/tokyo/league/table/9855
9856,index,,全順位,,https://junior-soccer.jp/kanto/tokyo/league/table/9856
9937,index,,全順位,,https://junior-soccer.jp/kanto/tokyo/league/table/9937
9938,index,,全順位,,https://junior-soccer.jp/kanto/tokyo/league/table/9938
9939,index,,全順位,,https://junior-soccer.jp/kanto/tokyo/league/table/9939
9940,index,,全順位,,https://junior-soccer.jp/kanto/tokyo/league/table/9940
9942,index,,全順位,,https://junior-soccer.jp/kanto/tokyo/league/table/9942
9943,index,,全順位,,https://junior-soccer.jp/kanto/tokyo/league/table/9943
9944,index,,全順位,,https://junior-soccer.jp/kanto/tokyo/league/table/9944
9945,index,,全順位,,https://junior-soccer.jp/kanto/tokyo/league/table/9945
9946,index,,全順位,,https://junior-soccer.jp/kanto/tokyo/league/table/9946
9947,index,,全順位,,https://junior-soccer.jp/kanto/tokyo/league/table/9947
9948,index,,全順位,,https://junior-soccer.jp/kanto/tokyo/league/table/9948
9949,index,,全順位,,https://junior-soccer.jp/kanto/tokyo/league/table/9949
9950,index,,全順位,,https://junior-soccer.jp/kanto/tokyo/league/table/9950
9951,index,,全順位,,https://junior-soccer.jp/kanto/tokyo/league/table/9951
9952,index,,全順位,,https://junior-soccer.jp/kanto/tokyo/league/table/9952
163376,index,2026,東京U-18リーグ,T5A,https://junior-soccer.jp/kanto/tokyo/league/table/163376
163378,index,2026,東京U-18リーグ,T5C,https://junior-soccer.jp/kanto/tokyo/league/table/163378
246694,index,,東京都U12東京都リーグ,,https://junior-soccer.jp/kanto/tokyo/league/table/246694
47960,match,2023,第34回関東選抜U-12サッカー大会,1組,https://junior-soccer.jp/sp/kanto/tokyo/league/match/47960
47954,match,2023,第34回関東選抜U-12サッカー大会,A組,https://junior-soccer.jp/sp/kanto/tokyo/league/match/47954
47955,match,2023,第34回関東選抜U-12サッカー大会,B組,https://junior-soccer.jp/sp/kanto/tokyo/league/match/47955
47956,match,2023,第34回関東選抜U-12サッカー大会,C組,https://junior-soccer.jp/sp/kanto/tokyo/league/match/47956
47957,match,2023,第34回関東選抜U-12サッカー大会,D組,https://junior-soccer.jp/sp/kanto/tokyo/league/match/47957
47958,match,2023,第34回関東選抜U-12サッカー大会,E組,https://junior-soccer.jp/sp/kanto/tokyo/league/match/47958
47959,match,2023,第34回関東選抜U-12サッカー大会,F組,https://junior-soccer.jp/sp/kanto/tokyo/league/match/47959
47947,match,2024,第3地区リーグ ユースリーグ,1部,https://junior-soccer.jp/sp/kanto/tokyo/league/match/47947
47948,match,2024,第3地区リーグ ユースリーグ,2部A,https://junior-soccer.jp/sp/kanto/tokyo/league/match/47948
47949,match,2024,第3地区リーグ ユースリーグ,2部B,https://junior-soccer.jp/sp/kanto/tokyo/league/match/47949
47950,match,2024,第3地区リーグ ユースリーグ,3部A,https://junior-soccer.jp/sp/kanto/tokyo/league/match/47950
47951,match,2024,第3地区リーグ ユースリーグ,3部B,https://junior-soccer.jp/sp/kanto/tokyo/league/match/47951
47953,match,2024,第3地区リーグ ユースリーグ,3部D,https://junior-soccer.jp/sp/kanto/tokyo/league/match/47953
163140,index,2026,高円宮杯U-15リーグ東京T4,T4Eリーグ,https://junior-soccer.jp/kanto/tokyo/league/table/163140
163141,index,2026,高円宮杯U-15リーグ東京T4,T4Fリーグ,https://junior-soccer.jp/kanto/tokyo/league/table/163141
