年度,リーグ,ブロック,節,日付,時刻,ホーム,アウェイ,ホーム得点,アウェイ得点,会場,実施,ホーム学校,ホーム区分,アウェイ学校,アウェイ区分,出典
2025,T1,,1,2025-04-01,10:00,成立,国士舘,2,2,成立鷲宮グラウンド,済,成立学園,A,国士舘,A,https://www.tleague-u18.com/schedule.php?dy=2025&dt=1
2025,T1,,1,2025-04-01,14:00,FC東京B,実践学園,1,3,東京ガス武蔵野苑多目的グランド,済,FC東京,B,実践学園,A,https://www.tleague-u18.com/schedule.php?dy=2025&dt=1
2025,T1,,1,2025-04-01,16:00,多摩大目黒,駒大,2,1,東戸塚フットボールパーク,済,多摩大学目黒,A,駒澤大高,A,https://www.tleague-u18.com/schedule.php?dy=2025&dt=1
2025,T1,,1,2025-04-02,10:00,堀越,東海大高輪台,2,3,堀越学園総合グラウンド,済,堀越,A,東海大高輪台,A,https://www.tleague-u18.com/schedule.php?dy=2025&dt=1
2025,T1,,1,2025-04-02,18:30,町田Y,大成,1,1,NICHIBUN SAKURA FIELD,済,町田Y,A,大成,A,https://www.tleague-u18.com/schedule.php?dy=2025&dt=1
2025,T1,,2,2025-04-06,10:00,成立,町田Y,0,4,成立鷲宮グラウンド,済,成立学園,A,町田Y,A,https://www.tleague-u18.com/schedule.php?dy=2025&dt=1
2025,T1,,2,2025-04-06,13:00,東海大高輪台,FC東京B,1,1,東海大高輪台総合グラウンド,済,東海大高輪台,A,FC東京,B,https://www.tleague-u18.com/schedule.php?dy=2025&dt=1
2025,T1,,2,2025-04-06,13:00,国士舘,駒大,1,0,国士舘町田,済,国士舘,A,駒澤大高,A,https://www.tleague-u18.com/schedule.php?dy=2025&dt=1
2025,T1,,2,2025-04-06,14:00,実践学園,多摩大目黒,1,2,実践学園高尾グラウンド,済,実践学園,A,多摩大学目黒,A,https://www.tleague-u18.com/schedule.php?dy=2025&dt=1
2025,T1,,2,2025-04-07,17:00,堀越,大成,0,1,堀越学園総合グラウンド,済,堀越,A,大成,A,https://www.tleague-u18.com/schedule.php?dy=2025&dt=1
2025,T1,,3,2025-07-05,18:00,国士舘,実践学園,2,1,国士舘町田,済,国士舘,A,実践学園,A,https://www.tleague-u18.com/schedule.php?dy=2025&dt=1
2025,T1,,3,2025-07-05,18:45,大成,東海大高輪台,0,0,東京朝鮮G/大沢Ｇ(7/7),済,大成,A,東海大高輪台,A,https://www.tleague-u18.com/schedule.php?dy=2025&dt=1
2025,T1,,3,2025-07-12,18:00,多摩大目黒,FC東京B,2,0,東戸塚フットボールパーク,済,多摩大学目黒,A,FC東京,B,https://www.tleague-u18.com/schedule.php?dy=2025&dt=1
2025,T1,,3,2025-07-12,18:00,堀越,成立,4,3,堀越学園総合グラウンド,済,堀越,A,成立学園,A,https://www.tleague-u18.com/schedule.php?dy=2025&dt=1
2025,T1,,3,2025-07-13,18:30,町田Y,駒大,2,1,NICHIBUN SAKURA FIELD,済,町田Y,A,駒澤大高,A,https://www.tleague-u18.com/schedule.php?dy=2025&dt=1
2025,T1,,4,2025-05-03,14:00,FC東京B,国士舘,5,2,東京ガス武蔵野苑多目的グランド,済,FC東京,B,国士舘,A,https://www.tleague-u18.com/schedule.php?dy=2025&dt=1
2025,T1,,4,2025-05-03,14:30,大成,成立,1,1,NICHIBUN SAKURA FIELD,済,大成,A,成立学園,A,https://www.tleague-u18.com/schedule.php?dy=2025&dt=1
2025,T1,,4,2025-05-03,17:00,実践学園,町田Y,0,1,実践学園高尾グラウンド,済,実践学園,A,町田Y,A,https://www.tleague-u18.com/schedule.php?dy=2025&dt=1
2025,T1,,4,2025-05-11,16:00,東海大高輪台,多摩大目黒,0,1,東海大高輪台総合グラウンド,済,東海大高輪台,A,多摩大学目黒,A,https://www.tleague-u18.com/schedule.php?dy=2025&dt=1
2025,T1,,4,2025-07-19,18:00,駒大,堀越,0,1,堀越学園総合グラウンド,済,駒澤大高,A,堀越,A,https://www.tleague-u18.com/schedule.php?dy=2025&dt=1
2025,T1,,5,2025-05-06,13:30,駒大,大成,1,0,日大三高,済,駒澤大高,A,大成,A,https://www.tleague-u18.com/schedule.php?dy=2025&dt=1
2025,T1,,5,2025-05-06,18:00,国士舘,多摩大目黒,0,1,国士舘楓の杜,済,国士舘,A,多摩大学目黒,A,https://www.tleague-u18.com/schedule.php?dy=2025&dt=1
2025,T1,,5,2025-05-10,18:00,堀越,実践学園,1,0,堀越学園総合グラウンド,済,堀越,A,実践学園,A,https://www.tleague-u18.com/schedule.php?dy=2025&dt=1
2025,T1,,5,2025-05-11,18:00,町田Y,FC東京B,2,2,NICHIBUN SAKURA FIELD,済,町田Y,A,FC東京,B,https://www.tleague-u18.com/schedule.php?dy=2025&dt=1
2025,T1,,5,2025-06-25,16:00,成立,東海大高輪台,1,0,成立鷲宮グラウンド,済,成立学園,A,東海大高輪台,A,https://www.tleague-u18.com/schedule.php?dy=2025&dt=1
2025,T1,,6,2025-05-18,10:00,東海大高輪台,国士舘,2,3,東海大高輪台総合グラウンド,済,東海大高輪台,A,国士舘,A,https://www.tleague-u18.com/schedule.php?dy=2025&dt=1
2025,T1,,6,2025-05-18,16:00,FC東京B,堀越,2,1,東京ガス武蔵野苑多目的グランド,済,FC東京,B,堀越,A,https://www.tleague-u18.com/schedule.php?dy=2025&dt=1
2025,T1,,6,2025-06-08,14:30,大成,実践学園,1,1,NICHIBUN SAKURA FIELD,済,大成,A,実践学園,A,https://www.tleague-u18.com/schedule.php?dy=2025&dt=1
2025,T1,,6,2025-07-06,18:00,成立,駒大,0,3,成立鷲宮グラウンド,済,成立学園,A,駒澤大高,A,https://www.tleague-u18.com/schedule.php?dy=2025&dt=1
2025,T1,,6,2025-07-20,19:00,多摩大目黒,町田Y,0,1,東戸塚フットボールパーク,済,多摩大学目黒,A,町田Y,A,https://www.tleague-u18.com/schedule.php?dy=2025&dt=1
2025,T1,,7,2025-06-14,17:00,東海大高輪台,駒大,0,2,東海大高輪台総合グラウンド,済,東海大高輪台,A,駒澤大高,A,https://www.tleague-u18.com/schedule.php?dy=2025&dt=1
2025,T1,,7,2025-06-15,10:00,堀越,多摩大目黒,3,2,堀越学園総合グラウンド,済,堀越,A,多摩大学目黒,A,https://www.tleague-u18.com/schedule.php?dy=2025&dt=1
2025,T1,,7,2025-06-15,17:00,FC東京B,大成,4,2,東京ガス武蔵野苑多目的グランド,済,FC東京,B,大成,A,https://www.tleague-u18.com/schedule.php?dy=2025&dt=1
2025,T1,,7,2025-06-15,17:00,実践学園,成立,3,1,実践学園高尾グラウンド,済,実践学園,A,成立学園,A,https://www.tleague-u18.com/schedule.php?dy=2025&dt=1
2025,T1,,7,2025-06-15,18:00,町田Y,国士舘,2,0,NICHIBUN SAKURA FIELD,済,町田Y,A,国士舘,A,https://www.tleague-u18.com/schedule.php?dy=2025&dt=1
2025,T1,,8,2025-06-18,18:30,東海大高輪台,町田Y,1,3,NICHIBUN SAKURA FIELD,済,東海大高輪台,A,町田Y,A,https://www.tleague-u18.com/schedule.php?dy=2025&dt=1
2025,T1,,8,2025-06-19,18:30,FC東京B,成立,3,1,東京ガス武蔵野苑多目的グランド,済,FC東京,B,成立学園,A,https://www.tleague-u18.com/schedule.php?dy=2025&dt=1
2025,T1,,8,2025-06-22,09:30,大成,多摩大目黒,5,1,駒沢第２球技場,済,大成,A,多摩大学目黒,A,https://www.tleague-u18.com/schedule.php?dy=2025&dt=1
2025,T1,,8,2025-06-22,10:00,国士舘,堀越,3,0,国士舘楓の杜,済,国士舘,A,堀越,A,https://www.tleague-u18.com/schedule.php?dy=2025&dt=1
2025,T1,,8,2025-06-22,18:30,駒大,実践学園,3,0,駒沢第２球技場,済,駒澤大高,A,実践学園,A,https://www.tleague-u18.com/schedule.php?dy=2025&dt=1
2025,T1,,9,2025-06-28,17:00,国士舘,大成,1,1,国士舘町田,済,国士舘,A,大成,A,https://www.tleague-u18.com/schedule.php?dy=2025&dt=1
2025,T1,,9,2025-06-29,10:00,堀越,町田Y,2,1,堀越学園総合グラウンド,済,堀越,A,町田Y,A,https://www.tleague-u18.com/schedule.php?dy=2025&dt=1
2025,T1,,9,2025-06-29,17:00,実践学園,東海大高輪台,3,0,実践学園高尾グラウンド,済,実践学園,A,東海大高輪台,A,https://www.tleague-u18.com/schedule.php?dy=2025&dt=1
2025,T1,,9,2025-06-29,17:00,FC東京B,駒大,0,3,東京ガス武蔵野苑多目的グランド,済,FC東京,B,駒澤大高,A,https://www.tleague-u18.com/schedule.php?dy=2025&dt=1
2025,T1,,9,2025-06-29,18:00,多摩大目黒,成立,1,2,東戸塚フットボールパーク,済,多摩大学目黒,A,成立学園,A,https://www.tleague-u18.com/schedule.php?dy=2025&dt=1
2025,T1,,10,2025-09-06,18:00,駒大,多摩大目黒,0,1,東戸塚フットボールパーク,済,駒澤大高,A,多摩大学目黒,A,https://www.tleague-u18.com/schedule.php?dy=2025&dt=1
2025,T1,,10,2025-09-07,16:00,東海大高輪台,堀越,3,3,東海大高輪台総合グラウンド,済,東海大高輪台,A,堀越,A,https://www.tleague-u18.com/schedule.php?dy=2025&dt=1
2025,T1,,10,2025-09-07,17:00,国士舘,成立,2,0,国士舘町田,済,国士舘,A,成立学園,A,https://www.tleague-u18.com/schedule.php?dy=2025&dt=1
2025,T1,,10,2025-09-07,17:00,実践学園,FC東京B,2,5,実践学園高尾グラウンド,済,実践学園,A,FC東京,B,https://www.tleague-u18.com/schedule.php?dy=2025&dt=1
2025,T1,,10,2025-09-07,18:00,大成,町田Y,2,1,NICHIBUN SAKURA FIELD,済,大成,A,町田Y,A,https://www.tleague-u18.com/schedule.php?dy=2025&dt=1
2025,T1,,11,2025-09-12,18:00,駒大,国士舘,3,1,駒沢第２球技場,済,駒澤大高,A,国士舘,A,https://www.tleague-u18.com/schedule.php?dy=2025&dt=1
2025,T1,,11,2025-09-14,14:30,大成,堀越,1,0,NICHIBUN SAKURA FIELD,済,大成,A,堀越,A,https://www.tleague-u18.com/schedule.php?dy=2025&dt=1
2025,T1,,11,2025-09-14,17:00,FC東京B,東海大高輪台,1,0,東京ガス武蔵野苑多目的グランド,済,FC東京,B,東海大高輪台,A,https://www.tleague-u18.com/schedule.php?dy=2025&dt=1
2025,T1,,11,2025-09-14,18:00,町田Y,成立,5,0,NICHIBUN SAKURA FIELD,済,町田Y,A,成立学園,A,https://www.tleague-u18.com/schedule.php?dy=2025&dt=1
2025,T1,,11,2025-09-15,18:00,多摩大目黒,実践学園,0,1,東戸塚フットボールパーク,済,多摩大学目黒,A,実践学園,A,https://www.tleague-u18.com/schedule.php?dy=2025&dt=1
2025,T1,,12,2025-09-19,18:00,実践学園,国士舘,0,1,実践学園高尾グラウンド,済,実践学園,A,国士舘,A,https://www.tleague-u18.com/schedule.php?dy=2025&dt=1
2025,T1,,12,2025-09-20,10:00,成立,堀越,1,3,成立鷲宮グラウンド,済,成立学園,A,堀越,A,https://www.tleague-u18.com/schedule.php?dy=2025&dt=1
2025,T1,,12,2025-09-20,16:00,東海大高輪台,大成,1,2,東海大高輪台総合グラウンド,済,東海大高輪台,A,大成,A,https://www.tleague-u18.com/schedule.php?dy=2025&dt=1
2025,T1,,12,2025-09-20,17:30,FC東京B,多摩大目黒,1,2,東京ガス武蔵野苑多目的グランド,済,FC東京,B,多摩大学目黒,A,https://www.tleague-u18.com/schedule.php?dy=2025&dt=1
2025,T1,,12,2025-09-20,18:00,駒大,町田Y,0,1,NICHIBUN SAKURA FIELD,済,駒澤大高,A,町田Y,A,https://www.tleague-u18.com/schedule.php?dy=2025&dt=1
2025,T1,,13,2025-09-23,10:00,成立,大成,2,3,成立鷲宮グラウンド,済,成立学園,A,大成,A,https://www.tleague-u18.com/schedule.php?dy=2025&dt=1
2025,T1,,13,2025-09-23,17:00,国士舘,FC東京B,2,3,国士舘楓の杜,済,国士舘,A,FC東京,B,https://www.tleague-u18.com/schedule.php?dy=2025&dt=1
2025,T1,,13,2025-09-23,17:30,堀越,駒大,4,1,堀越学園総合グランド,済,堀越,A,駒澤大高,A,https://www.tleague-u18.com/schedule.php?dy=2025&dt=1
2025,T1,,13,2025-09-23,18:00,町田Y,実践学園,2,1,NICHIBUN SAKURA FIELD,済,町田Y,A,実践学園,A,https://www.tleague-u18.com/schedule.php?dy=2025&dt=1
2025,T1,,13,2025-09-23,19:00,多摩大目黒,東海大高輪台,1,0,東戸塚フットボールパーク,済,多摩大学目黒,A,東海大高輪台,A,https://www.tleague-u18.com/schedule.php?dy=2025&dt=1
2025,T1,,14,2025-09-28,10:00,東海大高輪台,成立,0,1,東海大高輪台総合グラウンド,済,東海大高輪台,A,成立学園,A,https://www.tleague-u18.com/schedule.php?dy=2025&dt=1
2025,T1,,14,2025-09-28,16:00,FC東京B,町田Y,0,3,東京ガス武蔵野苑多目的グランド,済,FC東京,B,町田Y,A,https://www.tleague-u18.com/schedule.php?dy=2025&dt=1
2025,T1,,14,2025-09-28,17:00,実践学園,堀越,1,1,実践学園高尾グラウンド,済,実践学園,A,堀越,A,https://www.tleague-u18.com/schedule.php?dy=2025&dt=1
2025,T1,,14,2025-09-28,18:00,多摩大目黒,国士舘,1,0,東戸塚フットボールパーク,済,多摩大学目黒,A,国士舘,A,https://www.tleague-u18.com/schedule.php?dy=2025&dt=1
2025,T1,,14,2025-09-29,17:00,大成,駒大,2,0,日大三高,済,大成,A,駒澤大高,A,https://www.tleague-u18.com/schedule.php?dy=2025&dt=1
2025,T1,,15,2025-10-05,10:00,駒大,成立,0,5,成立鷲宮グラウンド,済,駒澤大高,A,成立学園,A,https://www.tleague-u18.com/schedule.php?dy=2025&dt=1
2025,T1,,15,2025-10-05,16:30,実践学園,大成,2,1,実践学園高尾グラウンド,済,実践学園,A,大成,A,https://www.tleague-u18.com/schedule.php?dy=2025&dt=1
2025,T1,,15,2025-10-05,18:00,町田Y,多摩大目黒,2,0,NICHIBUN SAKURA FIELD,済,町田Y,A,多摩大学目黒,A,https://www.tleague-u18.com/schedule.php?dy=2025&dt=1
2025,T1,,15,2025-10-05,18:00,国士舘,東海大高輪台,0,1,国士舘楓の杜,済,国士舘,A,東海大高輪台,A,https://www.tleague-u18.com/schedule.php?dy=2025&dt=1
2025,T1,,15,2025-11-02,11:00,堀越,FC東京B,6,2,堀越学園総合グラウンド,済,堀越,A,FC東京,B,https://www.tleague-u18.com/schedule.php?dy=2025&dt=1
2025,T1,,16,2025-11-14,18:00,駒大,東海大高輪台,1,0,駒沢第２球技場,済,駒澤大高,A,東海大高輪台,A,https://www.tleague-u18.com/schedule.php?dy=2025&dt=1
2025,T1,,16,2025-11-16,10:00,成立,実践学園,0,1,成立鷲宮グラウンド,済,成立学園,A,実践学園,A,https://www.tleague-u18.com/schedule.php?dy=2025&dt=1
2025,T1,,16,2025-11-16,13:00,国士舘,町田Y,0,2,国士舘楓の杜,済,国士舘,A,町田Y,A,https://www.tleague-u18.com/schedule.php?dy=2025&dt=1
2025,T1,,16,2025-11-16,14:30,大成,FC東京B,1,0,NICHIBUN SAKURA FIELD,済,大成,A,FC東京,B,https://www.tleague-u18.com/schedule.php?dy=2025&dt=1
2025,T1,,16,2025-11-29,18:00,多摩大目黒,堀越,1,1,東戸塚フットボールパーク,済,多摩大学目黒,A,堀越,A,https://www.tleague-u18.com/schedule.php?dy=2025&dt=1
2025,T1,,17,2025-11-22,11:00,堀越,国士舘,2,3,堀越学園総合グラウンド,済,堀越,A,国士舘,A,https://www.tleague-u18.com/schedule.php?dy=2025&dt=1
2025,T1,,17,2025-11-23,10:00,成立,FC東京B,0,0,成立鷲宮グラウンド,済,成立学園,A,FC東京,B,https://www.tleague-u18.com/schedule.php?dy=2025&dt=1
2025,T1,,17,2025-11-23,17:00,実践学園,駒大,4,0,実践学園高尾グランド,済,実践学園,A,駒澤大高,A,https://www.tleague-u18.com/schedule.php?dy=2025&dt=1
2025,T1,,17,2025-11-23,18:00,町田Y,東海大高輪台,6,2,NICHIBUN SAKURA FIELD,済,町田Y,A,東海大高輪台,A,https://www.tleague-u18.com/schedule.php?dy=2025&dt=1
2025,T1,,17,2025-11-23,18:00,多摩大目黒,大成,2,1,東戸塚フットボールパーク,済,多摩大学目黒,A,大成,A,https://www.tleague-u18.com/schedule.php?dy=2025&dt=1
2025,T1,,18,2025-11-29,17:00,大成,国士舘,1,2,国士舘町田,済,大成,A,国士舘,A,https://www.tleague-u18.com/schedule.php?dy=2025&dt=1
2025,T1,,18,2025-12-06,17:30,駒大,FC東京B,2,3,東京ガス武蔵野苑多目的グランド,済,駒澤大高,A,FC東京,B,https://www.tleague-u18.com/schedule.php?dy=2025&dt=1
2025,T1,,18,2025-12-07,10:00,成立,多摩大目黒,1,1,成立鷲宮グラウンド,済,成立学園,A,多摩大学目黒,A,https://www.tleague-u18.com/schedule.php?dy=2025&dt=1
2025,T1,,18,2025-12-07,10:00,東海大高輪台,実践学園,1,3,東海大高輪台総合グラウンド,済,東海大高輪台,A,実践学園,A,https://www.tleague-u18.com/schedule.php?dy=2025&dt=1
2025,T1,,18,2025-12-07,18:00,町田Y,堀越,3,1,NICHIBUN SAKURA FIELD,済,町田Y,A,堀越,A,https://www.tleague-u18.com/schedule.php?dy=2025&dt=1
2025,T2,,1,2025-04-01,10:00,修徳,東久留米,1,3,東久留米総合高校,済,修徳,A,東久留米総合,A,https://www.tleague-u18.com/schedule.php?dy=2025&dt=2
2025,T2,,1,2025-04-01,14:00,関東第一,早稲田実業,1,0,駒沢補助競技場,済,関東第一,A,早稲田実業,A,https://www.tleague-u18.com/schedule.php?dy=2025&dt=2
2025,T2,,1,2025-04-01,16:00,養和SC・B,駿台学園,1,4,(公財)三菱養和会　巣鴨スポーツセンターグラウンド,済,養和SC,B,駿台学園,A,https://www.tleague-u18.com/schedule.php?dy=2025&dt=2
2025,T2,,1,2025-04-02,15:30,横河武蔵野,日大三,1,2,横河電機グランド,済,横河武蔵野,A,日大三,A,https://www.tleague-u18.com/schedule.php?dy=2025&dt=2
2025,T2,,1,2025-04-02,16:15,帝京B,駒大B,0,0,駒沢第２球技場,済,帝京,B,駒澤大高,B,https://www.tleague-u18.com/schedule.php?dy=2025&dt=2
2025,T2,,2,2025-04-05,17:00,駒大B,養和SC・B,1,1,(公財)三菱養和会　巣鴨スポーツセンターグラウンド,済,駒澤大高,B,養和SC,B,https://www.tleague-u18.com/schedule.php?dy=2025&dt=2
2025,T2,,2,2025-04-06,10:00,東久留米,関東第一,0,1,東久留米総合高校,済,東久留米総合,A,関東第一,A,https://www.tleague-u18.com/schedule.php?dy=2025&dt=2
2025,T2,,2,2025-04-06,18:30,早稲田実業,帝京B,2,1,早稲田大学東伏見グラウンド,済,早稲田実業,A,帝京,B,https://www.tleague-u18.com/schedule.php?dy=2025&dt=2
2025,T2,,2,2025-04-07,15:30,日大三,修徳,2,1,日大三高,済,日大三,A,修徳,A,https://www.tleague-u18.com/schedule.php?dy=2025&dt=2
2025,T2,,2,2025-04-07,18:30,駿台学園,横河武蔵野,1,1,赤羽スポーツの森公園競技場,済,駿台学園,A,横河武蔵野,A,https://www.tleague-u18.com/schedule.php?dy=2025&dt=2
2025,T2,,3,2025-04-24,18:30,駿台学園,日大三,2,0,赤羽スポーツの森公園競技場,済,駿台学園,A,日大三,A,https://www.tleague-u18.com/schedule.php?dy=2025&dt=2
2025,T2,,3,2025-04-27,10:00,帝京B,東久留米,1,2,東久留米総合高校,済,帝京,B,東久留米総合,A,https://www.tleague-u18.com/schedule.php?dy=2025&dt=2
2025,T2,,3,2025-04-27,17:00,養和SC・B,早稲田実業,0,5,(公財)三菱養和会　巣鴨スポーツセンターグラウンド,済,養和SC,B,早稲田実業,A,https://www.tleague-u18.com/schedule.php?dy=2025&dt=2
2025,T2,,3,2025-05-13,16:00,関東第一,修徳,0,2,新砂サッカー場,済,関東第一,A,修徳,A,https://www.tleague-u18.com/schedule.php?dy=2025&dt=2
2025,T2,,3,2025-07-06,18:45,横河武蔵野,駒大B,0,2,横河電機グランド,済,横河武蔵野,A,駒澤大高,B,https://www.tleague-u18.com/schedule.php?dy=2025&dt=2
2025,T2,,4,2025-04-29,16:00,東久留米,養和SC・B,1,0,東久留米総合高校,済,東久留米総合,A,養和SC,B,https://www.tleague-u18.com/schedule.php?dy=2025&dt=2
2025,T2,,4,2025-05-01,18:30,駿台学園,駒大B,0,1,赤羽スポーツの森公園競技場,済,駿台学園,A,駒澤大高,B,https://www.tleague-u18.com/schedule.php?dy=2025&dt=2
2025,T2,,4,2025-05-03,18:30,早稲田実業,横河武蔵野,1,0,早稲田大学東伏見グラウンド,済,早稲田実業,A,横河武蔵野,A,https://www.tleague-u18.com/schedule.php?dy=2025&dt=2
2025,T2,,4,2025-07-12,17:30,日大三,関東第一,0,4,日大三高,済,日大三,A,関東第一,A,https://www.tleague-u18.com/schedule.php?dy=2025&dt=2
2025,T2,,4,2025-08-29,17:00,修徳,帝京B,3,5,帝京科学大学千住総合グラウンド,済,修徳,A,帝京,B,https://www.tleague-u18.com/schedule.php?dy=2025&dt=2
2025,T2,,5,2025-05-05,14:00,早稲田実業,駿台学園,3,1,早稲田実業学校グラウンド,済,早稲田実業,A,駿台学園,A,https://www.tleague-u18.com/schedule.php?dy=2025&dt=2
2025,T2,,5,2025-05-05,17:00,養和SC・B,修徳,0,0,(公財)三菱養和会　巣鴨スポーツセンターグラウンド,済,養和SC,B,修徳,A,https://www.tleague-u18.com/schedule.php?dy=2025&dt=2
2025,T2,,5,2025-05-06,15:00,帝京B,関東第一,0,1,新砂サッカー場,済,帝京,B,関東第一,A,https://www.tleague-u18.com/schedule.php?dy=2025&dt=2
2025,T2,,5,2025-05-06,15:30,駒大B,日大三,0,2,日大三高,済,駒澤大高,B,日大三,A,https://www.tleague-u18.com/schedule.php?dy=2025&dt=2
2025,T2,,5,2025-05-06,18:45,横河武蔵野,東久留米,1,1,横河電機グラウンド,済,横河武蔵野,A,東久留米総合,A,https://www.tleague-u18.com/schedule.php?dy=2025&dt=2
2025,T2,,6,2025-06-08,13:30,日大三,帝京B,2,2,日大三高,済,日大三,A,帝京,B,https://www.tleague-u18.com/schedule.php?dy=2025&dt=2
2025,T2,,6,2025-06-09,18:30,駿台学園,東久留米,0,0,赤羽スポーツの森公園競技場,済,駿台学園,A,東久留米総合,A,https://www.tleague-u18.com/schedule.php?dy=2025&dt=2
2025,T2,,6,2025-07-05,17:00,関東第一,養和SC・B,0,1,(公財)三菱養和会　巣鴨スポーツセンターグラウンド,済,関東第一,A,養和SC,B,https://www.tleague-u18.com/schedule.php?dy=2025&dt=2
2025,T2,,6,2025-07-13,18:45,修徳,横河武蔵野,3,0,横河電機グランド,済,修徳,A,横河武蔵野,A,https://www.tleague-u18.com/schedule.php?dy=2025&dt=2
2025,T2,,6,2025-08-30,18:30,駒大B,早稲田実業,1,2,早稲田大学東伏見グラウンド,済,駒澤大高,B,早稲田実業,A,https://www.tleague-u18.com/schedule.php?dy=2025&dt=2
2025,T2,,7,2025-06-14,19:00,横河武蔵野,関東第一,1,1,横河電機グランド,済,横河武蔵野,A,関東第一,A,https://www.tleague-u18.com/schedule.php?dy=2025&dt=2
2025,T2,,7,2025-06-15,16:00,東久留米,駒大B,0,3,東久留米総合高校,済,東久留米総合,A,駒澤大高,B,https://www.tleague-u18.com/schedule.php?dy=2025&dt=2
2025,T2,,7,2025-07-12,17:00,養和SC・B,帝京B,3,1,(公財)三菱養和会　巣鴨スポーツセンターグラウンド,済,養和SC,B,帝京,B,https://www.tleague-u18.com/schedule.php?dy=2025&dt=2
2025,T2,,7,2025-07-17,18:45,修徳,駿台学園,4,3,赤羽スポーツの森公園競技場,済,修徳,A,駿台学園,A,https://www.tleague-u18.com/schedule.php?dy=2025&dt=2
2025,T2,,7,2025-07-20,18:30,早稲田実業,日大三,2,3,早稲田大学東伏見グラウンド,済,早稲田実業,A,日大三,A,https://www.tleague-u18.com/schedule.php?dy=2025&dt=2
2025,T2,,8,2025-06-21,18:30,早稲田実業,東久留米,1,0,早稲田大学東伏見グラウンド,済,早稲田実業,A,東久留米総合,A,https://www.tleague-u18.com/schedule.php?dy=2025&dt=2
2025,T2,,8,2025-06-22,11:45,駿台学園,関東第一,0,3,駒沢第２球技場,済,駿台学園,A,関東第一,A,https://www.tleague-u18.com/schedule.php?dy=2025&dt=2
2025,T2,,8,2025-06-22,13:30,日大三,養和SC・B,1,1,日大三高,済,日大三,A,養和SC,B,https://www.tleague-u18.com/schedule.php?dy=2025&dt=2
2025,T2,,8,2025-06-22,16:15,駒大B,修徳,3,4,駒沢第２球技場,済,駒澤大高,B,修徳,A,https://www.tleague-u18.com/schedule.php?dy=2025&dt=2
2025,T2,,8,2025-06-22,16:30,帝京B,横河武蔵野,3,0,帝京科学大学千住総合グラウンド,済,帝京,B,横河武蔵野,A,https://www.tleague-u18.com/schedule.php?dy=2025&dt=2
2025,T2,,9,2025-06-27,18:00,関東第一,駒大B,2,3,駒沢第２球技場,済,関東第一,A,駒澤大高,B,https://www.tleague-u18.com/schedule.php?dy=2025&dt=2
2025,T2,,9,2025-06-28,16:00,東久留米,日大三,0,1,東久留米総合高校,済,東久留米総合,A,日大三,A,https://www.tleague-u18.com/schedule.php?dy=2025&dt=2
2025,T2,,9,2025-06-28,18:30,修徳,早稲田実業,1,1,早稲田大学東伏見グラウンド,済,修徳,A,早稲田実業,A,https://www.tleague-u18.com/schedule.php?dy=2025&dt=2
2025,T2,,9,2025-06-28,18:45,横河武蔵野,養和SC・B,0,1,横河電機グランド,済,横河武蔵野,A,養和SC,B,https://www.tleague-u18.com/schedule.php?dy=2025&dt=2
2025,T2,,9,2025-06-29,16:00,帝京B,駿台学園,6,1,帝京科学大学千住総合グラウンド,済,帝京,B,駿台学園,A,https://www.tleague-u18.com/schedule.php?dy=2025&dt=2
2025,T2,,10,2025-09-06,18:30,早稲田実業,関東第一,3,1,早稲田大学東伏見グラウンド,済,早稲田実業,A,関東第一,A,https://www.tleague-u18.com/schedule.php?dy=2025&dt=2
2025,T2,,10,2025-09-07,11:00,駒大B,帝京B,1,1,帝京科学大学千住総合グラウンド,済,駒澤大高,B,帝京,B,https://www.tleague-u18.com/schedule.php?dy=2025&dt=2
2025,T2,,10,2025-09-07,13:30,日大三,横河武蔵野,3,1,日大三高,済,日大三,A,横河武蔵野,A,https://www.tleague-u18.com/schedule.php?dy=2025&dt=2
2025,T2,,10,2025-09-07,16:00,東久留米,修徳,1,0,東久留米総合高校,済,東久留米総合,A,修徳,A,https://www.tleague-u18.com/schedule.php?dy=2025&dt=2
2025,T2,,10,2025-11-08,17:00,駿台学園,養和SC・B,0,4,(公財)三菱養和会　巣鴨スポーツセンターグラウンド,済,駿台学園,A,養和SC,B,https://www.tleague-u18.com/schedule.php?dy=2025&dt=2
2025,T2,,11,2025-09-12,18:00,関東第一,東久留米,0,1,清瀬内山サッカー場Ｂ面,済,関東第一,A,東久留米総合,A,https://www.tleague-u18.com/schedule.php?dy=2025&dt=2
2025,T2,,11,2025-09-13,17:00,養和SC・B,駒大B,5,2,(公財)三菱養和会　巣鴨スポーツセンターグラウンド,済,養和SC,B,駒澤大高,B,https://www.tleague-u18.com/schedule.php?dy=2025&dt=2
2025,T2,,11,2025-09-14,13:30,修徳,日大三,2,1,日大三高グランド,済,修徳,A,日大三,A,https://www.tleague-u18.com/schedule.php?dy=2025&dt=2
2025,T2,,11,2025-09-14,16:00,帝京B,早稲田実業,1,0,帝京科学大学千住総合グラウンド,済,帝京,B,早稲田実業,A,https://www.tleague-u18.com/schedule.php?dy=2025&dt=2
2025,T2,,11,2025-09-14,18:45,横河武蔵野,駿台学園,2,1,横河電機グランド,済,横河武蔵野,A,駿台学園,A,https://www.tleague-u18.com/schedule.php?dy=2025&dt=2
2025,T2,,12,2025-09-17,18:30,駒大B,横河武蔵野,1,1,駒沢第２球技場,済,駒澤大高,B,横河武蔵野,A,https://www.tleague-u18.com/schedule.php?dy=2025&dt=2
2025,T2,,12,2025-09-18,18:00,修徳,関東第一,0,2,清瀬内山サッカー場Ｂ面,済,修徳,A,関東第一,A,https://www.tleague-u18.com/schedule.php?dy=2025&dt=2
2025,T2,,12,2025-09-19,18:00,日大三,駿台学園,1,0,清瀬内山サッカー場A面,済,日大三,A,駿台学園,A,https://www.tleague-u18.com/schedule.php?dy=2025&dt=2
2025,T2,,12,2025-09-20,10:00,東久留米,帝京B,1,2,東久留米総合高校,済,東久留米総合,A,帝京,B,https://www.tleague-u18.com/schedule.php?dy=2025&dt=2
2025,T2,,12,2025-09-20,18:30,早稲田実業,養和SC・B,2,1,早稲田大学東伏見グラウンド,済,早稲田実業,A,養和SC,B,https://www.tleague-u18.com/schedule.php?dy=2025&dt=2
2025,T2,,13,2025-09-23,09:30,駒大B,駿台学園,1,2,NICHIBUN SAKURA FIELD,済,駒澤大高,B,駿台学園,A,https://www.tleague-u18.com/schedule.php?dy=2025&dt=2
2025,T2,,13,2025-09-23,13:30,関東第一,日大三,4,0,日大三高,済,関東第一,A,日大三,A,https://www.tleague-u18.com/schedule.php?dy=2025&dt=2
2025,T2,,13,2025-09-23,16:00,帝京B,修徳,2,2,帝京科学大学千住総合グラウンド,済,帝京,B,修徳,A,https://www.tleague-u18.com/schedule.php?dy=2025&dt=2
2025,T2,,13,2025-09-23,17:00,養和SC・B,東久留米,2,0,(公財)三菱養和会　巣鴨スポーツセンターグラウンド,済,養和SC,B,東久留米総合,A,https://www.tleague-u18.com/schedule.php?dy=2025&dt=2
2025,T2,,13,2025-09-23,18:45,横河武蔵野,早稲田実業,0,1,横河電機グランド,済,横河武蔵野,A,早稲田実業,A,https://www.tleague-u18.com/schedule.php?dy=2025&dt=2
2025,T2,,14,2025-09-27,17:00,修徳,養和SC・B,2,0,(公財)三菱養和会　巣鴨スポーツセンターグラウンド,済,修徳,A,養和SC,B,https://www.tleague-u18.com/schedule.php?dy=2025&dt=2
2025,T2,,14,2025-09-28,10:00,東久留米,横河武蔵野,2,1,東久留米総合高校,済,東久留米総合,A,横河武蔵野,A,https://www.tleague-u18.com/schedule.php?dy=2025&dt=2
2025,T2,,14,2025-09-28,17:00,関東第一,帝京B,2,2,帝京科学大学千住総合グラウンド,済,関東第一,A,帝京,B,https://www.tleague-u18.com/schedule.php?dy=2025&dt=2
2025,T2,,14,2025-09-28,18:30,駿台学園,早稲田実業,2,4,赤羽スポーツの森公園競技場,済,駿台学園,A,早稲田実業,A,https://www.tleague-u18.com/schedule.php?dy=2025&dt=2
2025,T2,,14,2025-09-29,14:30,日大三,駒大B,0,1,日大三高,済,日大三,A,駒澤大高,B,https://www.tleague-u18.com/schedule.php?dy=2025&dt=2
2025,T2,,15,2025-10-05,10:00,東久留米,駿台学園,1,0,東久留米総合高校,済,東久留米総合,A,駿台学園,A,https://www.tleague-u18.com/schedule.php?dy=2025&dt=2
2025,T2,,15,2025-10-05,16:00,帝京B,日大三,6,1,帝京科学大学千住総合グラウンド,済,帝京,B,日大三,A,https://www.tleague-u18.com/schedule.php?dy=2025&dt=2
2025,T2,,15,2025-10-05,18:30,早稲田実業,駒大B,2,0,早稲田大学東伏見グランド,済,早稲田実業,A,駒澤大高,B,https://www.tleague-u18.com/schedule.php?dy=2025&dt=2
2025,T2,,15,2025-10-05,18:45,横河武蔵野,修徳,5,4,横河電機グランド,済,横河武蔵野,A,修徳,A,https://www.tleague-u18.com/schedule.php?dy=2025&dt=2
2025,T2,,15,2025-10-05,19:00,養和SC・B,関東第一,1,0,(公財)三菱養和会　調布グラウンド,済,養和SC,B,関東第一,A,https://www.tleague-u18.com/schedule.php?dy=2025&dt=2
2025,T2,,16,2025-11-15,19:00,関東第一,横河武蔵野,1,3,横河電機グランド,済,関東第一,A,横河武蔵野,A,https://www.tleague-u18.com/schedule.php?dy=2025&dt=2
2025,T2,,16,2025-11-16,10:00,駒大B,東久留米,0,0,東久留米総合高校,済,駒澤大高,B,東久留米総合,A,https://www.tleague-u18.com/schedule.php?dy=2025&dt=2
2025,T2,,16,2025-11-16,16:00,帝京B,養和SC・B,3,1,帝京科学大学千住総合グラウンド,済,帝京,B,養和SC,B,https://www.tleague-u18.com/schedule.php?dy=2025&dt=2
2025,T2,,16,2025-11-17,18:45,駿台学園,修徳,1,3,赤羽スポーツの森公園競技場,済,駿台学園,A,修徳,A,https://www.tleague-u18.com/schedule.php?dy=2025&dt=2
2025,T2,,16,2025-11-30,13:30,日大三,早稲田実業,6,0,日大三高,済,日大三,A,早稲田実業,A,https://www.tleague-u18.com/schedule.php?dy=2025&dt=2
2025,T2,,17,2025-11-21,18:00,関東第一,駿台学園,7,0,駒沢第２球技場,済,関東第一,A,駿台学園,A,https://www.tleague-u18.com/schedule.php?dy=2025&dt=2
2025,T2,,17,2025-11-23,09:30,東久留米,早稲田実業,3,0,東久留米総合高校,済,東久留米総合,A,早稲田実業,A,https://www.tleague-u18.com/schedule.php?dy=2025&dt=2
2025,T2,,17,2025-11-23,18:45,横河武蔵野,帝京B,2,2,横河電機グランド,済,横河武蔵野,A,帝京,B,https://www.tleague-u18.com/schedule.php?dy=2025&dt=2
2025,T2,,17,2025-11-24,17:00,養和SC・B,日大三,4,1,(公財)三菱養和会　巣鴨スポーツセンターグラウンド,済,養和SC,B,日大三,A,https://www.tleague-u18.com/schedule.php?dy=2025&dt=2
2025,T2,,17,2025-11-24,18:00,修徳,駒大B,0,3,清瀬内山サッカー場　Ａ面,済,修徳,A,駒澤大高,B,https://www.tleague-u18.com/schedule.php?dy=2025&dt=2
2025,T2,,18,2025-12-05,18:30,駒大B,関東第一,2,4,駒沢第２球技場,済,駒澤大高,B,関東第一,A,https://www.tleague-u18.com/schedule.php?dy=2025&dt=2
2025,T2,,18,2025-12-05,18:30,駿台学園,帝京B,2,8,赤羽スポーツの森公園競技場,済,駿台学園,A,帝京,B,https://www.tleague-u18.com/schedule.php?dy=2025&dt=2
2025,T2,,18,2025-12-06,16:00,日大三,東久留米,0,1,日大三高,済,日大三,A,東久留米総合,A,https://www.tleague-u18.com/schedule.php?dy=2025&dt=2
2025,T2,,18,2025-12-06,17:00,養和SC・B,横河武蔵野,2,4,(公財)三菱養和会　巣鴨スポーツセンターグラウンド,済,養和SC,B,横河武蔵野,A,https://www.tleague-u18.com/schedule.php?dy=2025&dt=2
2025,T2,,18,2025-12-07,18:30,早稲田実業,修徳,1,4,早稲田大学東伏見グラウンド,済,早稲田実業,A,修徳,A,https://www.tleague-u18.com/schedule.php?dy=2025&dt=2
2025,T3,Aブロック,1,2025-04-01,09:30,石神井,暁星,2,1,駒沢第二球技場,済,石神井,A,暁星,A,https://www.tleague-u18.com/schedule.php?dy=2025&dt=3&ltno=5
2025,T3,Aブロック,1,2025-04-01,13:30,実践学園B,横河武蔵野B,1,1,実践高尾G,済,実践学園,B,横河武蔵野,B,https://www.tleague-u18.com/schedule.php?dy=2025&dt=3&ltno=5
2025,T3,Aブロック,1,2025-04-01,16:40,久我山B,東京実業,1,0,フロンタウンアンカーF,済,国学院久我山,B,東京実業,A,https://www.tleague-u18.com/schedule.php?dy=2025&dt=3&ltno=5
2025,T3,Aブロック,1,2025-04-02,14:00,東海大菅生,早大学院,2,0,菅生学びの城G,済,東海大菅生,A,早大学院,A,https://www.tleague-u18.com/schedule.php?dy=2025&dt=3&ltno=5
2025,T3,Aブロック,1,2025-04-02,16:00,多摩大目黒B,町田Y・B,1,1,東戸塚F・P,済,多摩大学目黒,B,町田Y,B,https://www.tleague-u18.com/schedule.php?dy=2025&dt=3&ltno=5
2025,T3,Aブロック,2,2025-04-06,14:00,暁星,東海大菅生,0,1,菅生学びの城G,済,暁星,A,東海大菅生,A,https://www.tleague-u18.com/schedule.php?dy=2025&dt=3&ltno=5
2025,T3,Aブロック,2,2025-04-06,18:30,町田Y・B,石神井,3,2,NICHIBUN SAKURA FIELD,済,町田Y,B,石神井,A,https://www.tleague-u18.com/schedule.php?dy=2025&dt=3&ltno=5
2025,T3,Aブロック,2,2025-04-06,18:45,横河武蔵野B,久我山B,1,0,横河G,済,横河武蔵野,B,国学院久我山,B,https://www.tleague-u18.com/schedule.php?dy=2025&dt=3&ltno=5
2025,T3,Aブロック,2,2025-04-06,18:45,東京実業,多摩大目黒B,1,0,東戸塚F・P,済,東京実業,A,多摩大学目黒,B,https://www.tleague-u18.com/schedule.php?dy=2025&dt=3&ltno=5
2025,T3,Aブロック,2,2025-04-13,10:00,早大学院,実践学園B,0,6,早大学院G,済,早大学院,A,実践学園,B,https://www.tleague-u18.com/schedule.php?dy=2025&dt=3&ltno=5
2025,T3,Aブロック,3,2025-04-20,14:00,東海大菅生,町田Y・B,0,1,菅生学びの城G,済,東海大菅生,A,町田Y,B,https://www.tleague-u18.com/schedule.php?dy=2025&dt=3&ltno=5
2025,T3,Aブロック,3,2025-04-20,18:00,石神井,多摩大目黒B,1,2,東戸塚F・P,済,石神井,A,多摩大学目黒,B,https://www.tleague-u18.com/schedule.php?dy=2025&dt=3&ltno=5
2025,T3,Aブロック,3,2025-04-20,18:30,久我山B,早大学院,1,0,早大東伏見G,済,国学院久我山,B,早大学院,A,https://www.tleague-u18.com/schedule.php?dy=2025&dt=3&ltno=5
2025,T3,Aブロック,3,2025-04-20,18:45,東京実業,横河武蔵野B,1,0,横河G,済,東京実業,A,横河武蔵野,B,https://www.tleague-u18.com/schedule.php?dy=2025&dt=3&ltno=5
2025,T3,Aブロック,3,2025-05-06,13:30,実践学園B,暁星,3,1,実践学園高尾グラウンド,済,実践学園,B,暁星,A,https://www.tleague-u18.com/schedule.php?dy=2025&dt=3&ltno=5
2025,T3,Aブロック,4,2025-05-18,18:30,早大学院,横河武蔵野B,2,3,早稲田東伏見サッカー場,済,早大学院,A,横河武蔵野,B,https://www.tleague-u18.com/schedule.php?dy=2025&dt=3&ltno=5
2025,T3,Aブロック,4,2025-05-24,03:20,石神井,東京実業,1,1,流通経済大学サッカー場,済,石神井,A,東京実業,A,https://www.tleague-u18.com/schedule.php?dy=2025&dt=3&ltno=5
2025,T3,Aブロック,4,2025-05-25,18:00,多摩大目黒B,東海大菅生,2,0,東戸塚F・P,済,多摩大学目黒,B,東海大菅生,A,https://www.tleague-u18.com/schedule.php?dy=2025&dt=3&ltno=5
2025,T3,Aブロック,4,2025-05-25,18:00,暁星,久我山B,0,3,國學院大學たまプラーザG,済,暁星,A,国学院久我山,B,https://www.tleague-u18.com/schedule.php?dy=2025&dt=3&ltno=5
2025,T3,Aブロック,4,2025-06-28,18:30,町田Y・B,実践学園B,1,0,NICHIBUN SAKURA FIELD,済,町田Y,B,実践学園,B,https://www.tleague-u18.com/schedule.php?dy=2025&dt=3&ltno=5
2025,T3,Aブロック,5,2025-06-01,11:40,東京実業,早大学院,5,0,尚美学園大学G,済,東京実業,A,早大学院,A,https://www.tleague-u18.com/schedule.php?dy=2025&dt=3&ltno=5
2025,T3,Aブロック,5,2025-06-01,14:00,東海大菅生,石神井,0,4,菅生学びの城G,済,東海大菅生,A,石神井,A,https://www.tleague-u18.com/schedule.php?dy=2025&dt=3&ltno=5
2025,T3,Aブロック,5,2025-06-01,18:30,久我山B,町田Y・B,1,1,NICHIBUN SAKURA FIELD,済,国学院久我山,B,町田Y,B,https://www.tleague-u18.com/schedule.php?dy=2025&dt=3&ltno=5
2025,T3,Aブロック,5,2025-06-21,18:00,実践学園B,多摩大目黒B,0,1,実践学園高尾グラウンド,済,実践学園,B,多摩大学目黒,B,https://www.tleague-u18.com/schedule.php?dy=2025&dt=3&ltno=5
2025,T3,Aブロック,5,2025-06-29,18:45,横河武蔵野B,暁星,2,2,横河G,済,横河武蔵野,B,暁星,A,https://www.tleague-u18.com/schedule.php?dy=2025&dt=3&ltno=5
2025,T3,Aブロック,6,2025-06-07,18:45,多摩大目黒B,久我山B,0,3,東戸塚F・P,済,多摩大学目黒,B,国学院久我山,B,https://www.tleague-u18.com/schedule.php?dy=2025&dt=3&ltno=5
2025,T3,Aブロック,6,2025-06-08,13:30,早大学院,暁星,1,0,早大学院G,済,早大学院,A,暁星,A,https://www.tleague-u18.com/schedule.php?dy=2025&dt=3&ltno=5
2025,T3,Aブロック,6,2025-06-08,13:30,石神井,実践学園B,2,4,実践学園高尾グラウンド,済,石神井,A,実践学園,B,https://www.tleague-u18.com/schedule.php?dy=2025&dt=3&ltno=5
2025,T3,Aブロック,6,2025-06-08,14:00,東京実業,東海大菅生,1,1,菅生学びの城G,済,東京実業,A,東海大菅生,A,https://www.tleague-u18.com/schedule.php?dy=2025&dt=3&ltno=5
2025,T3,Aブロック,6,2025-06-21,18:00,町田Y・B,横河武蔵野B,2,1,NICHIBUN SAKURA FIELD,済,町田Y,B,横河武蔵野,B,https://www.tleague-u18.com/schedule.php?dy=2025&dt=3&ltno=5
2025,T3,Aブロック,7,2025-06-14,18:30,久我山B,石神井,1,3,駒沢第二球技場,済,国学院久我山,B,石神井,A,https://www.tleague-u18.com/schedule.php?dy=2025&dt=3&ltno=5
2025,T3,Aブロック,7,2025-06-14,18:30,早大学院,町田Y・B,1,2,早大東伏見G,済,早大学院,A,町田Y,B,https://www.tleague-u18.com/schedule.php?dy=2025&dt=3&ltno=5
2025,T3,Aブロック,7,2025-06-15,14:00,暁星,東京実業,1,2,東京成徳八千代グランド,済,暁星,A,東京実業,A,https://www.tleague-u18.com/schedule.php?dy=2025&dt=3&ltno=5
2025,T3,Aブロック,7,2025-06-15,16:00,東海大菅生,実践学園B,0,2,菅生学びの城G,済,東海大菅生,A,実践学園,B,https://www.tleague-u18.com/schedule.php?dy=2025&dt=3&ltno=5
2025,T3,Aブロック,7,2025-06-15,18:45,横河武蔵野B,多摩大目黒B,0,0,横河G,済,横河武蔵野,B,多摩大学目黒,B,https://www.tleague-u18.com/schedule.php?dy=2025&dt=3&ltno=5
2025,T3,Aブロック,8,2025-09-06,18:45,町田Y・B,暁星,6,0,NICHIBUN SAKURA FIELD,済,町田Y,B,暁星,A,https://www.tleague-u18.com/schedule.php?dy=2025&dt=3&ltno=5
2025,T3,Aブロック,8,2025-09-06,19:00,石神井,横河武蔵野B,1,1,横河G,済,石神井,A,横河武蔵野,B,https://www.tleague-u18.com/schedule.php?dy=2025&dt=3&ltno=5
2025,T3,Aブロック,8,2025-09-07,13:30,多摩大目黒B,早大学院,0,1,早大学院G,済,多摩大学目黒,B,早大学院,A,https://www.tleague-u18.com/schedule.php?dy=2025&dt=3&ltno=5
2025,T3,Aブロック,8,2025-09-07,13:30,実践学園B,東京実業,1,5,実践高尾G,済,実践学園,B,東京実業,A,https://www.tleague-u18.com/schedule.php?dy=2025&dt=3&ltno=5
2025,T3,Aブロック,8,2025-09-07,16:00,東海大菅生,久我山B,0,1,菅生学びの城G,済,東海大菅生,A,国学院久我山,B,https://www.tleague-u18.com/schedule.php?dy=2025&dt=3&ltno=5
2025,T3,Aブロック,9,2025-09-25,18:00,久我山B,実践学園B,1,4,駒沢第二球技場,済,国学院久我山,B,実践学園,B,https://www.tleague-u18.com/schedule.php?dy=2025&dt=3&ltno=5
2025,T3,Aブロック,9,2025-09-27,18:00,暁星,多摩大目黒B,1,3,東戸塚F・P,済,暁星,A,多摩大学目黒,B,https://www.tleague-u18.com/schedule.php?dy=2025&dt=3&ltno=5
2025,T3,Aブロック,9,2025-09-27,18:45,東京実業,町田Y・B,1,0,NICHIBUN SAKURA FIELD,済,東京実業,A,町田Y,B,https://www.tleague-u18.com/schedule.php?dy=2025&dt=3&ltno=5
2025,T3,Aブロック,9,2025-09-28,09:30,早大学院,石神井,0,2,早大学院G,済,早大学院,A,石神井,A,https://www.tleague-u18.com/schedule.php?dy=2025&dt=3&ltno=5
2025,T3,Aブロック,9,2025-09-28,18:45,横河武蔵野B,東海大菅生,4,5,横河G,済,横河武蔵野,B,東海大菅生,A,https://www.tleague-u18.com/schedule.php?dy=2025&dt=3&ltno=5
2025,T3,Bブロック,1,2025-04-01,15:00,東京朝鮮,狛江,3,2,東京朝鮮G,済,東京朝鮮,A,狛江,A,https://www.tleague-u18.com/schedule.php?dy=2025&dt=3&ltno=6
2025,T3,Bブロック,1,2025-04-01,16:15,関東第一Ｂ,成立Ｂ,2,2,駒沢第二球技場,済,関東第一,B,成立学園,B,https://www.tleague-u18.com/schedule.php?dy=2025&dt=3&ltno=6
2025,T3,Bブロック,1,2025-04-01,17:00,帝京C,目白研心,1,0,帝京科学大学千住総合G,済,帝京,C,目白研心,A,https://www.tleague-u18.com/schedule.php?dy=2025&dt=3&ltno=6
2025,T3,Bブロック,1,2025-04-02,14:00,FC TRP,日大豊山,0,0,日大豊山中台G,済,FCTRP,A,日大豊山,A,https://www.tleague-u18.com/schedule.php?dy=2025&dt=3&ltno=6
2025,T3,Bブロック,1,2025-04-02,18:00,創価,東京,3,0,駒沢補助競技場,済,創価,A,東京,A,https://www.tleague-u18.com/schedule.php?dy=2025&dt=3&ltno=6
2025,T3,Bブロック,2,2025-04-05,14:00,狛江,関東第一Ｂ,1,3,駒沢第二球技場,済,狛江,A,関東第一,B,https://www.tleague-u18.com/schedule.php?dy=2025&dt=3&ltno=6
2025,T3,Bブロック,2,2025-04-06,10:00,目白研心,東京朝鮮,0,3,東京朝鮮G,済,目白研心,A,東京朝鮮,A,https://www.tleague-u18.com/schedule.php?dy=2025&dt=3&ltno=6
2025,T3,Bブロック,2,2025-04-06,16:00,日大豊山,帝京C,0,7,帝京科学大学千住総合G,済,日大豊山,A,帝京,C,https://www.tleague-u18.com/schedule.php?dy=2025&dt=3&ltno=6
2025,T3,Bブロック,2,2025-04-09,18:00,東京,FC TRP,1,3,駒沢第二球技場,済,東京,A,FCTRP,A,https://www.tleague-u18.com/schedule.php?dy=2025&dt=3&ltno=6
2025,T3,Bブロック,2,2025-04-13,10:00,成立Ｂ,創価,1,2,成立学園鷲宮G,済,成立学園,B,創価,A,https://www.tleague-u18.com/schedule.php?dy=2025&dt=3&ltno=6
2025,T3,Bブロック,3,2025-04-20,10:00,FC TRP,成立Ｂ,0,6,成立学園鷲宮G,済,FCTRP,A,成立学園,B,https://www.tleague-u18.com/schedule.php?dy=2025&dt=3&ltno=6
2025,T3,Bブロック,3,2025-04-20,14:30,創価,関東第一Ｂ,0,1,NICHIBUN SAKURA FIELD,済,創価,A,関東第一,B,https://www.tleague-u18.com/schedule.php?dy=2025&dt=3&ltno=6
2025,T3,Bブロック,3,2025-04-20,19:00,狛江,目白研心,2,1,東京朝鮮G,済,狛江,A,目白研心,A,https://www.tleague-u18.com/schedule.php?dy=2025&dt=3&ltno=6
2025,T3,Bブロック,3,2025-06-22,16:00,東京朝鮮,日大豊山,2,1,東京朝鮮G,済,東京朝鮮,A,日大豊山,A,https://www.tleague-u18.com/schedule.php?dy=2025&dt=3&ltno=6
2025,T3,Bブロック,3,2025-06-26,18:00,帝京C,東京,2,1,駒沢第二球技場,済,帝京,C,東京,A,https://www.tleague-u18.com/schedule.php?dy=2025&dt=3&ltno=6
2025,T3,Bブロック,4,2025-05-11,14:30,関東第一Ｂ,FC TRP,2,0,NICHIBUN SAKURA FILED,済,関東第一,B,FCTRP,A,https://www.tleague-u18.com/schedule.php?dy=2025&dt=3&ltno=6
2025,T3,Bブロック,4,2025-05-25,10:00,成立Ｂ,帝京C,0,2,成立学園鷲宮G,済,成立学園,B,帝京,C,https://www.tleague-u18.com/schedule.php?dy=2025&dt=3&ltno=6
2025,T3,Bブロック,4,2025-05-25,17:00,東京,東京朝鮮,0,2,東京朝鮮G,済,東京,A,東京朝鮮,A,https://www.tleague-u18.com/schedule.php?dy=2025&dt=3&ltno=6
2025,T3,Bブロック,4,2025-06-25,18:00,創価,狛江,5,2,清瀬内山B面,済,創価,A,狛江,A,https://www.tleague-u18.com/schedule.php?dy=2025&dt=3&ltno=6
2025,T3,Bブロック,4,2025-06-27,18:45,日大豊山,目白研心,0,0,赤羽スポーツの森公園競技場,済,日大豊山,A,目白研心,A,https://www.tleague-u18.com/schedule.php?dy=2025&dt=3&ltno=6
2025,T3,Bブロック,5,2025-05-29,18:30,目白研心,東京,0,0,駒沢第二球技場,済,目白研心,A,東京,A,https://www.tleague-u18.com/schedule.php?dy=2025&dt=3&ltno=6
2025,T3,Bブロック,5,2025-05-31,16:00,帝京C,関東第一Ｂ,1,1,帝京科学大学千住総合G,済,帝京,C,関東第一,B,https://www.tleague-u18.com/schedule.php?dy=2025&dt=3&ltno=6
2025,T3,Bブロック,5,2025-06-01,16:30,東京朝鮮,成立Ｂ,1,2,東京朝鮮G,済,東京朝鮮,A,成立学園,B,https://www.tleague-u18.com/schedule.php?dy=2025&dt=3&ltno=6
2025,T3,Bブロック,5,2025-06-22,14:30,FC TRP,創価,0,4,NICHIBUN SAKURA FILED,済,FCTRP,A,創価,A,https://www.tleague-u18.com/schedule.php?dy=2025&dt=3&ltno=6
2025,T3,Bブロック,5,2025-09-23,16:00,狛江,日大豊山,4,0,日大豊山中台G,済,狛江,A,日大豊山,A,https://www.tleague-u18.com/schedule.php?dy=2025&dt=3&ltno=6
2025,T3,Bブロック,6,2025-06-08,13:00,成立Ｂ,目白研心,1,1,成立学園鷲宮G,済,成立学園,B,目白研心,A,https://www.tleague-u18.com/schedule.php?dy=2025&dt=3&ltno=6
2025,T3,Bブロック,6,2025-06-08,14:00,日大豊山,東京,0,0,日大豊山中台G,済,日大豊山,A,東京,A,https://www.tleague-u18.com/schedule.php?dy=2025&dt=3&ltno=6
2025,T3,Bブロック,6,2025-06-08,16:00,関東第一Ｂ,東京朝鮮,1,0,東京朝鮮G,済,関東第一,B,東京朝鮮,A,https://www.tleague-u18.com/schedule.php?dy=2025&dt=3&ltno=6
2025,T3,Bブロック,6,2025-06-08,16:00,創価,帝京C,2,3,帝京科学大学千住総合G,済,創価,A,帝京,C,https://www.tleague-u18.com/schedule.php?dy=2025&dt=3&ltno=6
2025,T3,Bブロック,6,2025-06-29,11:30,狛江,FC TRP,0,1,NICHIBUN SAKURA FILED,済,狛江,A,FCTRP,A,https://www.tleague-u18.com/schedule.php?dy=2025&dt=3&ltno=6
2025,T3,Bブロック,7,2025-06-11,18:30,目白研心,関東第一Ｂ,0,0,清瀬内山A面,済,目白研心,A,関東第一,B,https://www.tleague-u18.com/schedule.php?dy=2025&dt=3&ltno=6
2025,T3,Bブロック,7,2025-06-14,14:00,東京,狛江,3,0,駒沢第二球技場,済,東京,A,狛江,A,https://www.tleague-u18.com/schedule.php?dy=2025&dt=3&ltno=6
2025,T3,Bブロック,7,2025-06-14,16:30,東京朝鮮,創価,2,1,東京朝鮮G,済,東京朝鮮,A,創価,A,https://www.tleague-u18.com/schedule.php?dy=2025&dt=3&ltno=6
2025,T3,Bブロック,7,2025-06-15,10:00,日大豊山,成立Ｂ,2,2,成立学園鷲宮G,済,日大豊山,A,成立学園,B,https://www.tleague-u18.com/schedule.php?dy=2025&dt=3&ltno=6
2025,T3,Bブロック,7,2025-06-15,16:00,FC TRP,帝京C,0,7,帝京科学大学千住総合G,済,FCTRP,A,帝京,C,https://www.tleague-u18.com/schedule.php?dy=2025&dt=3&ltno=6
2025,T3,Bブロック,8,2025-09-06,18:00,創価,目白研心,1,0,清瀬内山C面,済,創価,A,目白研心,A,https://www.tleague-u18.com/schedule.php?dy=2025&dt=3&ltno=6
2025,T3,Bブロック,8,2025-09-07,10:00,成立Ｂ,東京,0,1,成立学園鷲宮G,済,成立学園,B,東京,A,https://www.tleague-u18.com/schedule.php?dy=2025&dt=3&ltno=6
2025,T3,Bブロック,8,2025-09-07,14:00,帝京C,狛江,2,0,帝京科学大学千住総合G,済,帝京,C,狛江,A,https://www.tleague-u18.com/schedule.php?dy=2025&dt=3&ltno=6
2025,T3,Bブロック,8,2025-09-07,14:00,関東第一Ｂ,日大豊山,2,0,日大豊山中台G,済,関東第一,B,日大豊山,A,https://www.tleague-u18.com/schedule.php?dy=2025&dt=3&ltno=6
2025,T3,Bブロック,8,2025-09-07,17:00,FC TRP,東京朝鮮,2,3,東京朝鮮G,済,FCTRP,A,東京朝鮮,A,https://www.tleague-u18.com/schedule.php?dy=2025&dt=3&ltno=6
2025,T3,Bブロック,9,2025-09-26,18:30,東京,関東第一Ｂ,2,3,駒沢第二球技場,済,東京,A,関東第一,B,https://www.tleague-u18.com/schedule.php?dy=2025&dt=3&ltno=6
2025,T3,Bブロック,9,2025-09-27,16:00,目白研心,FC TRP,0,2,清瀬内山A面,済,目白研心,A,FCTRP,A,https://www.tleague-u18.com/schedule.php?dy=2025&dt=3&ltno=6
2025,T3,Bブロック,9,2025-09-28,10:00,狛江,成立Ｂ,1,2,成立学園鷲宮G,済,狛江,A,成立学園,B,https://www.tleague-u18.com/schedule.php?dy=2025&dt=3&ltno=6
2025,T3,Bブロック,9,2025-09-28,14:00,日大豊山,創価,1,0,日大豊山中台G,済,日大豊山,A,創価,A,https://www.tleague-u18.com/schedule.php?dy=2025&dt=3&ltno=6
2025,T3,Bブロック,9,2025-09-28,17:00,東京朝鮮,帝京C,3,5,東京朝鮮G,済,東京朝鮮,A,帝京,C,https://www.tleague-u18.com/schedule.php?dy=2025&dt=3&ltno=6
2025,T4,Aブロック,1,2025-04-01,14:00,駒場,東大和,4,1,駒沢第二球技場,済,駒場,A,東大和,A,https://www.tleague-u18.com/schedule.php?dy=2025&dt=4&ltno=7
2025,T4,Aブロック,1,2025-04-01,18:30,久我山C,葛飾野,1,0,駒沢第二球技場,済,国学院久我山,C,葛飾野,A,https://www.tleague-u18.com/schedule.php?dy=2025&dt=4&ltno=7
2025,T4,Aブロック,1,2025-04-02,11:00,東京成徳,大成B,1,1,東京成徳八千代グラウンド,済,東京成徳大高,A,大成,B,https://www.tleague-u18.com/schedule.php?dy=2025&dt=4&ltno=7
2025,T4,Aブロック,1,2025-04-02,12:30,駒大C,堀越B,2,4,堀越学園総合グラウンド,済,駒澤大高,C,堀越,B,https://www.tleague-u18.com/schedule.php?dy=2025&dt=4&ltno=7
2025,T4,Aブロック,1,2025-04-03,14:00,明大世田谷,大森学園,0,6,富士通スタジアム,済,明大世田谷,A,大森学園,A,https://www.tleague-u18.com/schedule.php?dy=2025&dt=4&ltno=7
2025,T4,Aブロック,2,2025-04-05,09:30,大成B,久我山C,3,0,駒沢第二球技場,済,大成,B,国学院久我山,C,https://www.tleague-u18.com/schedule.php?dy=2025&dt=4&ltno=7
2025,T4,Aブロック,2,2025-04-06,09:00,葛飾野,明大世田谷,1,5,NICHIBUN SAKURA FIELD,済,葛飾野,A,明大世田谷,A,https://www.tleague-u18.com/schedule.php?dy=2025&dt=4&ltno=7
2025,T4,Aブロック,2,2025-04-06,11:00,東大和,東京成徳,0,0,東京成徳八千代グラウンド,済,東大和,A,東京成徳大高,A,https://www.tleague-u18.com/schedule.php?dy=2025&dt=4&ltno=7
2025,T4,Aブロック,2,2025-04-06,11:00,堀越B,駒場,6,2,堀越学園総合グラウンド,済,堀越,B,駒場,A,https://www.tleague-u18.com/schedule.php?dy=2025&dt=4&ltno=7
2025,T4,Aブロック,2,2025-04-07,19:10,大森学園,駒大C,1,1,富士通スタジアム,済,大森学園,A,駒澤大高,C,https://www.tleague-u18.com/schedule.php?dy=2025&dt=4&ltno=7
2025,T4,Aブロック,3,2025-04-19,14:00,大成B,葛飾野,4,0,日本工学院総合グラウンド,済,大成,B,葛飾野,A,https://www.tleague-u18.com/schedule.php?dy=2025&dt=4&ltno=7
2025,T4,Aブロック,3,2025-04-20,09:10,久我山C,東大和,1,1,高井戸公園グラウンド,済,国学院久我山,C,東大和,A,https://www.tleague-u18.com/schedule.php?dy=2025&dt=4&ltno=7
2025,T4,Aブロック,3,2025-04-20,10:00,駒大C,明大世田谷,6,0,駒澤大学玉川キャンパス,済,駒澤大高,C,明大世田谷,A,https://www.tleague-u18.com/schedule.php?dy=2025&dt=4&ltno=7
2025,T4,Aブロック,3,2025-04-27,11:00,東京成徳,堀越B,2,3,東京成徳八千代グラウンド,済,東京成徳大高,A,堀越,B,https://www.tleague-u18.com/schedule.php?dy=2025&dt=4&ltno=7
2025,T4,Aブロック,3,2025-05-06,11:45,駒場,大森学園,1,2,森ケ崎公園サッカー場,済,駒場,A,大森学園,A,https://www.tleague-u18.com/schedule.php?dy=2025&dt=4&ltno=7
2025,T4,Aブロック,4,2025-05-25,10:00,堀越B,久我山C,6,0,堀越学園総合グラウンド,済,堀越,B,国学院久我山,C,https://www.tleague-u18.com/schedule.php?dy=2025&dt=4&ltno=7
2025,T4,Aブロック,4,2025-05-25,18:00,葛飾野,駒大C,3,1,奥戸総合スポーツセンター,済,葛飾野,A,駒澤大高,C,https://www.tleague-u18.com/schedule.php?dy=2025&dt=4&ltno=7
2025,T4,Aブロック,4,2025-06-21,16:00,明大世田谷,駒場,1,1,日本工学院八王子専門学校,済,明大世田谷,A,駒場,A,https://www.tleague-u18.com/schedule.php?dy=2025&dt=4&ltno=7
2025,T4,Aブロック,4,2025-06-27,18:30,大成B,東大和,3,1,清瀬内山B,済,大成,B,東大和,A,https://www.tleague-u18.com/schedule.php?dy=2025&dt=4&ltno=7
2025,T4,Aブロック,4,2025-06-29,11:00,大森学園,東京成徳,1,1,東京成徳大八千代グラウンド,済,大森学園,A,東京成徳大高,A,https://www.tleague-u18.com/schedule.php?dy=2025&dt=4&ltno=7
2025,T4,Aブロック,5,2025-06-01,11:00,東京成徳,明大世田谷,1,1,東京成徳八千代グラウンド,済,東京成徳大高,A,明大世田谷,A,https://www.tleague-u18.com/schedule.php?dy=2025&dt=4&ltno=7
2025,T4,Aブロック,5,2025-06-02,19:10,駒場,駒大C,1,2,稲城ヴェルディフィールド,済,駒場,A,駒澤大高,C,https://www.tleague-u18.com/schedule.php?dy=2025&dt=4&ltno=7
2025,T4,Aブロック,5,2025-06-20,18:30,久我山C,大森学園,1,1,清瀬内山A,済,国学院久我山,C,大森学園,A,https://www.tleague-u18.com/schedule.php?dy=2025&dt=4&ltno=7
2025,T4,Aブロック,5,2025-06-22,14:00,東大和,葛飾野,1,0,駒沢第2球技場,済,東大和,A,葛飾野,A,https://www.tleague-u18.com/schedule.php?dy=2025&dt=4&ltno=7
2025,T4,Aブロック,5,2025-09-14,09:30,堀越B,大成B,2,2,堀越学園八王子総合体育施設・学習センター,済,堀越,B,大成,B,https://www.tleague-u18.com/schedule.php?dy=2025&dt=4&ltno=7
2025,T4,Aブロック,6,2025-06-08,09:00,大成B,大森学園,0,3,NICHIBUN　SAKURA　FIELD,済,大成,B,大森学園,A,https://www.tleague-u18.com/schedule.php?dy=2025&dt=4&ltno=7
2025,T4,Aブロック,6,2025-06-08,10:00,東大和,堀越B,1,2,堀越学園総合グラウンド,済,東大和,A,堀越,B,https://www.tleague-u18.com/schedule.php?dy=2025&dt=4&ltno=7
2025,T4,Aブロック,6,2025-06-08,11:00,駒大C,東京成徳,1,1,東京成徳八千代グラウンド,済,駒澤大高,C,東京成徳大高,A,https://www.tleague-u18.com/schedule.php?dy=2025&dt=4&ltno=7
2025,T4,Aブロック,6,2025-06-08,11:00,葛飾野,駒場,0,3,新小岩陸上競技場,済,葛飾野,A,駒場,A,https://www.tleague-u18.com/schedule.php?dy=2025&dt=4&ltno=7
2025,T4,Aブロック,6,2025-06-08,18:00,明大世田谷,久我山C,1,3,國學院大学たまプラーザG,済,明大世田谷,A,国学院久我山,C,https://www.tleague-u18.com/schedule.php?dy=2025&dt=4&ltno=7
2025,T4,Aブロック,7,2025-06-13,18:00,久我山C,駒大C,2,1,駒沢第二球技場,済,国学院久我山,C,駒澤大高,C,https://www.tleague-u18.com/schedule.php?dy=2025&dt=4&ltno=7
2025,T4,Aブロック,7,2025-06-14,15:30,大森学園,東大和,5,1,亜細亜大学日の出キャンパス,済,大森学園,A,東大和,A,https://www.tleague-u18.com/schedule.php?dy=2025&dt=4&ltno=7
2025,T4,Aブロック,7,2025-06-15,11:00,東京成徳,駒場,0,2,東京成徳八千代グラウンド,済,東京成徳大高,A,駒場,A,https://www.tleague-u18.com/schedule.php?dy=2025&dt=4&ltno=7
2025,T4,Aブロック,7,2025-06-15,12:30,堀越B,葛飾野,7,0,堀越学園総合グラウンド,済,堀越,B,葛飾野,A,https://www.tleague-u18.com/schedule.php?dy=2025&dt=4&ltno=7
2025,T4,Aブロック,7,2025-06-18,18:00,明大世田谷,大成B,0,4,清瀬内山B面,済,明大世田谷,A,大成,B,https://www.tleague-u18.com/schedule.php?dy=2025&dt=4&ltno=7
2025,T4,Aブロック,8,2025-09-06,19:15,大成B,駒大C,1,0,朝鮮大学校敷地内　フットボールパーク小平立川,済,大成,B,駒澤大高,C,https://www.tleague-u18.com/schedule.php?dy=2025&dt=4&ltno=7
2025,T4,Aブロック,8,2025-09-07,10:00,堀越B,大森学園,1,2,堀越学園総合グラウンド,済,堀越,B,大森学園,A,https://www.tleague-u18.com/schedule.php?dy=2025&dt=4&ltno=7
2025,T4,Aブロック,8,2025-09-07,11:00,葛飾野,東京成徳,1,2,東京成徳八千代グラウンド,済,葛飾野,A,東京成徳大高,A,https://www.tleague-u18.com/schedule.php?dy=2025&dt=4&ltno=7
2025,T4,Aブロック,8,2025-09-15,10:00,駒場,久我山C,1,2,國學院大學相模原グラウンド,済,駒場,A,国学院久我山,C,https://www.tleague-u18.com/schedule.php?dy=2025&dt=4&ltno=7
2025,T4,Aブロック,8,2025-09-25,19:00,東大和,明大世田谷,1,1,福生市営競技場,済,東大和,A,明大世田谷,A,https://www.tleague-u18.com/schedule.php?dy=2025&dt=4&ltno=7
2025,T4,Aブロック,9,2025-09-27,16:00,大森学園,葛飾野,2,1,尚美学園大学グラウンド,済,大森学園,A,葛飾野,A,https://www.tleague-u18.com/schedule.php?dy=2025&dt=4&ltno=7
2025,T4,Aブロック,9,2025-09-27,18:00,久我山C,東京成徳,1,2,清瀬内山A面,済,国学院久我山,C,東京成徳大高,A,https://www.tleague-u18.com/schedule.php?dy=2025&dt=4&ltno=7
2025,T4,Aブロック,9,2025-09-27,18:05,駒大C,東大和,2,0,レッズランド人工芝グラウンド,済,駒澤大高,C,東大和,A,https://www.tleague-u18.com/schedule.php?dy=2025&dt=4&ltno=7
2025,T4,Aブロック,9,2025-09-27,19:10,駒場,大成B,1,2,小さな森の家フィールド,済,駒場,A,大成,B,https://www.tleague-u18.com/schedule.php?dy=2025&dt=4&ltno=7
2025,T4,Aブロック,9,2025-09-28,10:00,明大世田谷,堀越B,1,4,堀越学園総合グラウンド,済,明大世田谷,A,堀越,B,https://www.tleague-u18.com/schedule.php?dy=2025&dt=4&ltno=7
2025,T4,Bブロック,1,2025-04-01,09:30,国士舘B,明星学園,4,0,駒沢公園補助競技場,済,国士舘,B,明星学園,A,https://www.tleague-u18.com/schedule.php?dy=2025&dt=4&ltno=8
2025,T4,Bブロック,1,2025-04-01,11:45,昭和第一学園,日大鶴ヶ丘,7,1,駒沢公園補助競技場,済,昭和第一学園,A,日大鶴ヶ丘,A,https://www.tleague-u18.com/schedule.php?dy=2025&dt=4&ltno=8
2025,T4,Bブロック,1,2025-04-01,11:45,修徳B,東大和南,1,2,駒沢公園第二球技場,済,修徳,B,東大和南,A,https://www.tleague-u18.com/schedule.php?dy=2025&dt=4&ltno=8
2025,T4,Bブロック,1,2025-04-01,13:00,保善,東海大高輪台B,0,3,東海大高輪台総合グラウンド,済,保善,A,東海大高輪台,B,https://www.tleague-u18.com/schedule.php?dy=2025&dt=4&ltno=8
2025,T4,Bブロック,1,2025-04-02,15:00,国分寺,明大明治,3,0,明治大学付属明治高等学校グラウンド,済,国分寺,A,明大明治,A,https://www.tleague-u18.com/schedule.php?dy=2025&dt=4&ltno=8
2025,T4,Bブロック,2,2025-04-05,11:45,明星学園,昭和第一学園,1,1,駒沢公園第二球技場,済,明星学園,A,昭和第一学園,A,https://www.tleague-u18.com/schedule.php?dy=2025&dt=4&ltno=8
2025,T4,Bブロック,2,2025-04-05,16:15,東大和南,国士舘B,1,0,駒沢公園第二球技場,済,東大和南,A,国士舘,B,https://www.tleague-u18.com/schedule.php?dy=2025&dt=4&ltno=8
2025,T4,Bブロック,2,2025-04-06,11:00,日大鶴ヶ丘,国分寺,0,2,NICHIBUN SAKURA FIELD,済,日大鶴ヶ丘,A,国分寺,A,https://www.tleague-u18.com/schedule.php?dy=2025&dt=4&ltno=8
2025,T4,Bブロック,2,2025-04-06,16:00,東海大高輪台B,修徳B,1,1,東海大高輪台総合グラウンド,済,東海大高輪台,B,修徳,B,https://www.tleague-u18.com/schedule.php?dy=2025&dt=4&ltno=8
2025,T4,Bブロック,2,2025-04-07,15:00,明大明治,保善,2,2,明治大学付属明治高等学校グラウンド,済,明大明治,A,保善,A,https://www.tleague-u18.com/schedule.php?dy=2025&dt=4&ltno=8
2025,T4,Bブロック,3,2025-04-19,17:45,修徳B,保善,2,3,つくば学院大学Ｔフィールド,済,修徳,B,保善,A,https://www.tleague-u18.com/schedule.php?dy=2025&dt=4&ltno=8
2025,T4,Bブロック,3,2025-04-20,16:00,昭和第一学園,東大和南,2,1,昭和第一学園G,済,昭和第一学園,A,東大和南,A,https://www.tleague-u18.com/schedule.php?dy=2025&dt=4&ltno=8
2025,T4,Bブロック,3,2025-04-21,18:00,国士舘B,東海大高輪台B,2,3,国士舘楓の杜グラウンド,済,国士舘,B,東海大高輪台,B,https://www.tleague-u18.com/schedule.php?dy=2025&dt=4&ltno=8
2025,T4,Bブロック,3,2025-05-05,13:30,日大鶴ヶ丘,明大明治,2,0,明治大学付属明治高等学校グラウンド,済,日大鶴ヶ丘,A,明大明治,A,https://www.tleague-u18.com/schedule.php?dy=2025&dt=4&ltno=8
2025,T4,Bブロック,3,2025-05-07,16:15,国分寺,明星学園,0,3,東大和市清原中央公園運動広場,済,国分寺,A,明星学園,A,https://www.tleague-u18.com/schedule.php?dy=2025&dt=4&ltno=8
2025,T4,Bブロック,4,2025-05-24,14:05,東大和南,国分寺,2,1,東大和市清原中央公園運動広場,済,東大和南,A,国分寺,A,https://www.tleague-u18.com/schedule.php?dy=2025&dt=4&ltno=8
2025,T4,Bブロック,4,2025-05-25,13:30,明大明治,修徳B,2,4,明治大学付属明治高等学校グラウンド,済,明大明治,A,修徳,B,https://www.tleague-u18.com/schedule.php?dy=2025&dt=4&ltno=8
2025,T4,Bブロック,4,2025-05-25,14:30,保善,国士舘B,1,2,NICHIBUN SAKURA FIELD,済,保善,A,国士舘,B,https://www.tleague-u18.com/schedule.php?dy=2025&dt=4&ltno=8
2025,T4,Bブロック,4,2025-06-22,16:30,日大鶴ヶ丘,明星学園,0,2,朝鮮大学グラウンド,済,日大鶴ヶ丘,A,明星学園,A,https://www.tleague-u18.com/schedule.php?dy=2025&dt=4&ltno=8
2025,T4,Bブロック,4,2025-09-23,12:30,東海大高輪台B,昭和第一学園,2,2,東海大高輪台総合グラウンド,済,東海大高輪台,B,昭和第一学園,A,https://www.tleague-u18.com/schedule.php?dy=2025&dt=4&ltno=8
2025,T4,Bブロック,5,2025-05-30,18:00,国分寺,東海大高輪台B,3,1,清瀬内山公園　A面,済,国分寺,A,東海大高輪台,B,https://www.tleague-u18.com/schedule.php?dy=2025&dt=4&ltno=8
2025,T4,Bブロック,5,2025-06-01,13:30,明星学園,明大明治,4,1,明治大学付属明治高等学校グラウンド,済,明星学園,A,明大明治,A,https://www.tleague-u18.com/schedule.php?dy=2025&dt=4&ltno=8
2025,T4,Bブロック,5,2025-06-01,14:05,東大和南,日大鶴ヶ丘,4,0,朝鮮大学グラウンド,済,東大和南,A,日大鶴ヶ丘,A,https://www.tleague-u18.com/schedule.php?dy=2025&dt=4&ltno=8
2025,T4,Bブロック,5,2025-06-01,14:30,国士舘B,修徳B,1,1,NICHIBUN SAKURA FIELD,済,国士舘,B,修徳,B,https://www.tleague-u18.com/schedule.php?dy=2025&dt=4&ltno=8
2025,T4,Bブロック,5,2025-06-01,15:30,昭和第一学園,保善,3,1,昭和第一学園G,済,昭和第一学園,A,保善,A,https://www.tleague-u18.com/schedule.php?dy=2025&dt=4&ltno=8
2025,T4,Bブロック,6,2025-06-08,13:30,明大明治,国士舘B,0,1,明治大学付属明治高等学校グラウンド,済,明大明治,A,国士舘,B,https://www.tleague-u18.com/schedule.php?dy=2025&dt=4&ltno=8
2025,T4,Bブロック,6,2025-06-08,16:00,修徳B,昭和第一学園,1,1,昭和第一学園G,済,修徳,B,昭和第一学園,A,https://www.tleague-u18.com/schedule.php?dy=2025&dt=4&ltno=8
2025,T4,Bブロック,6,2025-06-08,16:00,保善,国分寺,2,2,菅生学びの城G,済,保善,A,国分寺,A,https://www.tleague-u18.com/schedule.php?dy=2025&dt=4&ltno=8
2025,T4,Bブロック,6,2025-06-09,18:30,明星学園,東大和南,0,2,朝鮮大学グラウンド,済,明星学園,A,東大和南,A,https://www.tleague-u18.com/schedule.php?dy=2025&dt=4&ltno=8
2025,T4,Bブロック,6,2025-06-29,10:00,日大鶴ヶ丘,東海大高輪台B,3,3,東海大高輪台総合グラウンド,済,日大鶴ヶ丘,A,東海大高輪台,B,https://www.tleague-u18.com/schedule.php?dy=2025&dt=4&ltno=8
2025,T4,Bブロック,7,2025-06-12,18:00,保善,日大鶴ヶ丘,4,2,駒沢公園第二球技場,済,保善,A,日大鶴ヶ丘,A,https://www.tleague-u18.com/schedule.php?dy=2025&dt=4&ltno=8
2025,T4,Bブロック,7,2025-06-13,18:00,国分寺,修徳B,2,2,清瀬内山A面,済,国分寺,A,修徳,B,https://www.tleague-u18.com/schedule.php?dy=2025&dt=4&ltno=8
2025,T4,Bブロック,7,2025-06-14,16:15,昭和第一学園,国士舘B,2,1,駒沢公園第二球技場,済,昭和第一学園,A,国士舘,B,https://www.tleague-u18.com/schedule.php?dy=2025&dt=4&ltno=8
2025,T4,Bブロック,7,2025-06-15,10:00,東海大高輪台B,明星学園,1,0,東海大高輪台総合グラウンド,済,東海大高輪台,B,明星学園,A,https://www.tleague-u18.com/schedule.php?dy=2025&dt=4&ltno=8
2025,T4,Bブロック,7,2025-06-15,13:30,東大和南,明大明治,10,0,明治大学付属明治高等学校グラウンド,済,東大和南,A,明大明治,A,https://www.tleague-u18.com/schedule.php?dy=2025&dt=4&ltno=8
2025,T4,Bブロック,8,2025-09-04,18:00,東大和南,東海大高輪台B,5,0,清瀬内山公園　Ｂ面,済,東大和南,A,東海大高輪台,B,https://www.tleague-u18.com/schedule.php?dy=2025&dt=4&ltno=8
2025,T4,Bブロック,8,2025-09-07,14:30,国士舘B,国分寺,1,1,NICHIBUN SAKURA FIELD,済,国士舘,B,国分寺,A,https://www.tleague-u18.com/schedule.php?dy=2025&dt=4&ltno=8
2025,T4,Bブロック,8,2025-09-07,16:00,明大明治,昭和第一学園,1,3,明治大学付属明治高等学校グラウンド,済,明大明治,A,昭和第一学園,A,https://www.tleague-u18.com/schedule.php?dy=2025&dt=4&ltno=8
2025,T4,Bブロック,8,2025-09-10,18:00,日大鶴ヶ丘,修徳B,3,1,清瀬内山公園　A面,済,日大鶴ヶ丘,A,修徳,B,https://www.tleague-u18.com/schedule.php?dy=2025&dt=4&ltno=8
2025,T4,Bブロック,8,2025-10-01,09:45,明星学園,保善,2,2,南豊ヶ丘フィールド,済,明星学園,A,保善,A,https://www.tleague-u18.com/schedule.php?dy=2025&dt=4&ltno=8
2025,T4,Bブロック,9,2025-09-26,18:00,保善,東大和南,0,2,清瀬内山公園　A面,済,保善,A,東大和南,A,https://www.tleague-u18.com/schedule.php?dy=2025&dt=4&ltno=8
2025,T4,Bブロック,9,2025-09-27,14:00,国分寺,昭和第一学園,0,3,清瀬内山公園　A面,済,国分寺,A,昭和第一学園,A,https://www.tleague-u18.com/schedule.php?dy=2025&dt=4&ltno=8
2025,T4,Bブロック,9,2025-09-28,13:00,国士舘B,日大鶴ヶ丘,1,0,日本大学生物資源科学部グラウンド,済,国士舘,B,日大鶴ヶ丘,A,https://www.tleague-u18.com/schedule.php?dy=2025&dt=4&ltno=8
2025,T4,Bブロック,9,2025-09-28,14:00,東海大高輪台B,明大明治,3,1,東海大高輪台総合グラウンド,済,東海大高輪台,B,明大明治,A,https://www.tleague-u18.com/schedule.php?dy=2025&dt=4&ltno=8
2025,T4,Bブロック,9,2025-09-28,14:30,修徳B,明星学園,0,3,NICHIBUN SAKURA FIELD,済,修徳,B,明星学園,A,https://www.tleague-u18.com/schedule.php?dy=2025&dt=4&ltno=8
2025,T5,Aブロック,1,2025-04-01,09:30,保谷,本郷,2,0,NICHIBUN SAKURA FIELD,済,保谷,A,本郷,A,https://www.tleague-u18.com/schedule.php?dy=2025&dt=5&ltno=9
2025,T5,Aブロック,1,2025-04-01,11:30,駒大高D,国分寺B,5,2,NICHIBUN SAKURA FIELD,済,駒澤大高,D,国分寺,B,https://www.tleague-u18.com/schedule.php?dy=2025&dt=5&ltno=9
2025,T5,Aブロック,1,2025-04-02,16:40,東京実業B,拓大一,1,1,フロンタウン生田,済,東京実業,B,拓大一,A,https://www.tleague-u18.com/schedule.php?dy=2025&dt=5&ltno=9
2025,T5,Aブロック,1,2025-04-02,18:30,明法,国士舘C,6,0,駒沢第二球技場,済,明法,A,国士舘,C,https://www.tleague-u18.com/schedule.php?dy=2025&dt=5&ltno=9
2025,T5,Aブロック,1,2025-04-03,11:00,農大一,多摩大目黒C,1,2,東戸塚フットボールパーク,済,農大一,A,多摩大学目黒,C,https://www.tleague-u18.com/schedule.php?dy=2025&dt=5&ltno=9
2025,T5,Aブロック,2,2025-04-05,18:30,国分寺B,保谷,0,0,駒沢第二球技場,済,国分寺,B,保谷,A,https://www.tleague-u18.com/schedule.php?dy=2025&dt=5&ltno=9
2025,T5,Aブロック,2,2025-04-06,13:15,本郷,明法,2,2,本郷高等学校,済,本郷,A,明法,A,https://www.tleague-u18.com/schedule.php?dy=2025&dt=5&ltno=9
2025,T5,Aブロック,2,2025-04-13,16:00,拓大一,農大一,2,0,拓殖大学第一高等学校,済,拓大一,A,農大一,A,https://www.tleague-u18.com/schedule.php?dy=2025&dt=5&ltno=9
2025,T5,Aブロック,2,2025-04-27,09:00,多摩大目黒C,駒大高D,2,1,多摩大目黒あざみ野セミナーハウス,済,多摩大学目黒,C,駒澤大高,D,https://www.tleague-u18.com/schedule.php?dy=2025&dt=5&ltno=9
2025,T5,Aブロック,2,2025-05-07,18:00,国士舘C,東京実業B,1,2,清瀬内山A面,済,国士舘,C,東京実業,B,https://www.tleague-u18.com/schedule.php?dy=2025&dt=5&ltno=9
2025,T5,Aブロック,3,2025-04-20,12:00,保谷,駒大高D,1,2,駒澤大学玉川校舎グラウンド,済,保谷,A,駒澤大高,D,https://www.tleague-u18.com/schedule.php?dy=2025&dt=5&ltno=9
2025,T5,Aブロック,3,2025-04-20,13:15,東京実業B,本郷,2,1,本郷高等学校,済,東京実業,B,本郷,A,https://www.tleague-u18.com/schedule.php?dy=2025&dt=5&ltno=9
2025,T5,Aブロック,3,2025-04-20,13:15,農大一,国士舘C,0,0,府中の森公園,済,農大一,A,国士舘,C,https://www.tleague-u18.com/schedule.php?dy=2025&dt=5&ltno=9
2025,T5,Aブロック,3,2025-04-20,13:30,明法,国分寺B,3,0,明法高等学校,済,明法,A,国分寺,B,https://www.tleague-u18.com/schedule.php?dy=2025&dt=5&ltno=9
2025,T5,Aブロック,3,2025-06-22,15:30,拓大一,多摩大目黒C,2,0,拓殖大学第一高等学校,済,拓大一,A,多摩大学目黒,C,https://www.tleague-u18.com/schedule.php?dy=2025&dt=5&ltno=9
2025,T5,Aブロック,4,2025-05-19,19:10,国分寺B,東京実業B,0,7,稲城長峰ヴェルディフィールド,済,国分寺,B,東京実業,B,https://www.tleague-u18.com/schedule.php?dy=2025&dt=5&ltno=9
2025,T5,Aブロック,4,2025-05-24,18:00,多摩大目黒C,保谷,1,2,東戸塚フットボールパーク,済,多摩大学目黒,C,保谷,A,https://www.tleague-u18.com/schedule.php?dy=2025&dt=5&ltno=9
2025,T5,Aブロック,4,2025-05-25,13:15,本郷,農大一,5,3,本郷高等学校,済,本郷,A,農大一,A,https://www.tleague-u18.com/schedule.php?dy=2025&dt=5&ltno=9
2025,T5,Aブロック,4,2025-05-25,16:00,拓大一,国士舘C,5,1,拓殖大学第一高等学校,済,拓大一,A,国士舘,C,https://www.tleague-u18.com/schedule.php?dy=2025&dt=5&ltno=9
2025,T5,Aブロック,4,2025-05-25,17:30,駒大高D,明法,1,4,駒澤大学玉川校舎グラウンド,済,駒澤大高,D,明法,A,https://www.tleague-u18.com/schedule.php?dy=2025&dt=5&ltno=9
2025,T5,Aブロック,5,2025-05-29,18:00,東京実業B,駒大高D,1,0,清瀬内山B面,済,東京実業,B,駒澤大高,D,https://www.tleague-u18.com/schedule.php?dy=2025&dt=5&ltno=9
2025,T5,Aブロック,5,2025-06-01,09:00,国士舘C,多摩大目黒C,1,2,多摩大目黒あざみ野セミナーハウス,済,国士舘,C,多摩大学目黒,C,https://www.tleague-u18.com/schedule.php?dy=2025&dt=5&ltno=9
2025,T5,Aブロック,5,2025-06-01,13:15,本郷,拓大一,2,1,本郷高等学校,済,本郷,A,拓大一,A,https://www.tleague-u18.com/schedule.php?dy=2025&dt=5&ltno=9
2025,T5,Aブロック,5,2025-06-01,13:30,明法,保谷,3,0,明法高等学校,済,明法,A,保谷,A,https://www.tleague-u18.com/schedule.php?dy=2025&dt=5&ltno=9
2025,T5,Aブロック,5,2025-06-22,17:15,農大一,国分寺B,0,3,国分寺高等学校,済,農大一,A,国分寺,B,https://www.tleague-u18.com/schedule.php?dy=2025&dt=5&ltno=9
2025,T5,Aブロック,6,2025-06-04,18:00,駒大高D,農大一,4,2,駒沢補助競技場,済,駒澤大高,D,農大一,A,https://www.tleague-u18.com/schedule.php?dy=2025&dt=5&ltno=9
2025,T5,Aブロック,6,2025-06-05,15:00,保谷,東京実業B,0,3,清瀬内山A面,済,保谷,A,東京実業,B,https://www.tleague-u18.com/schedule.php?dy=2025&dt=5&ltno=9
2025,T5,Aブロック,6,2025-06-08,09:00,多摩大目黒C,明法,0,2,多摩大学目黒 あざみ野セミナーハウス,済,多摩大学目黒,C,明法,A,https://www.tleague-u18.com/schedule.php?dy=2025&dt=5&ltno=9
2025,T5,Aブロック,6,2025-06-08,13:15,国士舘C,本郷,1,2,本郷高等学校,済,国士舘,C,本郷,A,https://www.tleague-u18.com/schedule.php?dy=2025&dt=5&ltno=9
2025,T5,Aブロック,6,2025-06-08,15:15,拓大一,国分寺B,2,1,拓殖大学第一高等学校,済,拓大一,A,国分寺,B,https://www.tleague-u18.com/schedule.php?dy=2025&dt=5&ltno=9
2025,T5,Aブロック,7,2025-06-12,18:20,東京実業B,明法,3,0,清瀬内山B面,済,東京実業,B,明法,A,https://www.tleague-u18.com/schedule.php?dy=2025&dt=5&ltno=9
2025,T5,Aブロック,7,2025-06-14,18:00,本郷,多摩大目黒C,1,0,東戸塚フットボールパーク,済,本郷,A,多摩大学目黒,C,https://www.tleague-u18.com/schedule.php?dy=2025&dt=5&ltno=9
2025,T5,Aブロック,7,2025-06-15,16:00,駒大高D,拓大一,0,0,拓殖大学第一高等学校,済,駒澤大高,D,拓大一,A,https://www.tleague-u18.com/schedule.php?dy=2025&dt=5&ltno=9
2025,T5,Aブロック,7,2025-06-15,17:10,農大一,保谷,4,1,代々木公園サッカーラグビー場,済,農大一,A,保谷,A,https://www.tleague-u18.com/schedule.php?dy=2025&dt=5&ltno=9
2025,T5,Aブロック,7,2025-06-16,18:10,国分寺B,国士舘C,1,0,国士舘大学楓の杜グラウンド,済,国分寺,B,国士舘,C,https://www.tleague-u18.com/schedule.php?dy=2025&dt=5&ltno=9
2025,T5,Aブロック,8,2025-09-07,09:40,明法,農大一,0,3,府中の森公園サッカー場,済,明法,A,農大一,A,https://www.tleague-u18.com/schedule.php?dy=2025&dt=5&ltno=9
2025,T5,Aブロック,8,2025-09-07,16:00,拓大一,保谷,1,2,拓殖大学第一高等学校,済,拓大一,A,保谷,A,https://www.tleague-u18.com/schedule.php?dy=2025&dt=5&ltno=9
2025,T5,Aブロック,8,2025-09-07,18:45,多摩大目黒C,東京実業B,0,1,東戸塚フットボールパーク,済,多摩大学目黒,C,東京実業,B,https://www.tleague-u18.com/schedule.php?dy=2025&dt=5&ltno=9
2025,T5,Aブロック,8,2025-09-17,18:30,国士舘C,駒大高D,0,1,清瀬内山B面,済,国士舘,C,駒澤大高,D,https://www.tleague-u18.com/schedule.php?dy=2025&dt=5&ltno=9
2025,T5,Aブロック,8,2025-10-05,14:00,本郷,国分寺B,2,1,東久留米総合高校,済,本郷,A,国分寺,B,https://www.tleague-u18.com/schedule.php?dy=2025&dt=5&ltno=9
2025,T5,Aブロック,9,2025-09-28,09:00,保谷,国士舘C,4,0,保谷高等学校,済,保谷,A,国士舘,C,https://www.tleague-u18.com/schedule.php?dy=2025&dt=5&ltno=9
2025,T5,Aブロック,9,2025-09-30,17:15,明法,拓大一,3,2,拓殖大学第一高等学校,済,明法,A,拓大一,A,https://www.tleague-u18.com/schedule.php?dy=2025&dt=5&ltno=9
2025,T5,Aブロック,9,2025-10-01,09:30,農大一,東京実業B,3,3,清瀬内山A面,済,農大一,A,東京実業,B,https://www.tleague-u18.com/schedule.php?dy=2025&dt=5&ltno=9
2025,T5,Aブロック,9,2025-10-01,11:45,国分寺B,多摩大目黒C,1,0,清瀬内山A面,済,国分寺,B,多摩大学目黒,C,https://www.tleague-u18.com/schedule.php?dy=2025&dt=5&ltno=9
2025,T5,Aブロック,9,2025-10-01,13:15,駒大高D,本郷,0,1,本郷高等学校,済,駒澤大高,D,本郷,A,https://www.tleague-u18.com/schedule.php?dy=2025&dt=5&ltno=9
2025,T5,Bブロック,1,2025-04-01,17:00,実践C,成立C,1,0,実践学園高尾グランド,済,実践学園,C,成立学園,C,https://www.tleague-u18.com/schedule.php?dy=2025&dt=5&ltno=10
2025,T5,Bブロック,1,2025-04-02,09:30,正則学園,久我山D,1,1,駒沢公園第二球技場,済,正則学園,A,国学院久我山,D,https://www.tleague-u18.com/schedule.php?dy=2025&dt=5&ltno=10
2025,T5,Bブロック,1,2025-04-02,11:45,日野台,駒込,4,1,駒沢公園第二球技場,済,日野台,A,駒込,A,https://www.tleague-u18.com/schedule.php?dy=2025&dt=5&ltno=10
2025,T5,Bブロック,1,2025-04-02,13:30,東久留米B,学習院,0,1,学習院中高等科第１グラウンド,済,東久留米総合,B,学習院,A,https://www.tleague-u18.com/schedule.php?dy=2025&dt=5&ltno=10
2025,T5,Bブロック,1,2025-04-02,16:30,日大豊山B,明大中野,6,0,日本大学豊山高校中台総合G,済,日大豊山,B,明大中野,A,https://www.tleague-u18.com/schedule.php?dy=2025&dt=5&ltno=10
2025,T5,Bブロック,2,2025-04-05,11:00,成立C,日野台,2,1,成立学園鷲宮グラウンド,済,成立学園,C,日野台,A,https://www.tleague-u18.com/schedule.php?dy=2025&dt=5&ltno=10
2025,T5,Bブロック,2,2025-04-06,14:00,駒込,日大豊山B,1,3,日本大学豊山高校中台総合G,済,駒込,A,日大豊山,B,https://www.tleague-u18.com/schedule.php?dy=2025&dt=5&ltno=10
2025,T5,Bブロック,2,2025-04-06,15:00,久我山D,東久留米B,1,4,東久留米総合高校,済,国学院久我山,D,東久留米総合,B,https://www.tleague-u18.com/schedule.php?dy=2025&dt=5&ltno=10
2025,T5,Bブロック,2,2025-04-06,17:00,学習院,実践C,0,5,実践学園高尾グラウンド,済,学習院,A,実践学園,C,https://www.tleague-u18.com/schedule.php?dy=2025&dt=5&ltno=10
2025,T5,Bブロック,2,2025-04-07,10:00,明大中野,正則学園,2,1,南豊ヶ丘フィールド,済,明大中野,A,正則学園,A,https://www.tleague-u18.com/schedule.php?dy=2025&dt=5&ltno=10
2025,T5,Bブロック,3,2025-04-19,17:15,実践C,久我山D,5,2,実践学園高尾グラウンド,済,実践学園,C,国学院久我山,D,https://www.tleague-u18.com/schedule.php?dy=2025&dt=5&ltno=10
2025,T5,Bブロック,3,2025-04-20,14:00,日大豊山B,日野台,2,1,日大豊山中台グラウンド,済,日大豊山,B,日野台,A,https://www.tleague-u18.com/schedule.php?dy=2025&dt=5&ltno=10
2025,T5,Bブロック,3,2025-04-20,15:00,学習院,成立C,1,2,学習院中高等科第１グラウンド,済,学習院,A,成立学園,C,https://www.tleague-u18.com/schedule.php?dy=2025&dt=5&ltno=10
2025,T5,Bブロック,3,2025-04-23,18:00,正則学園,駒込,0,4,駒沢公園第二球技場,済,正則学園,A,駒込,A,https://www.tleague-u18.com/schedule.php?dy=2025&dt=5&ltno=10
2025,T5,Bブロック,3,2025-05-06,10:00,東久留米B,明大中野,3,0,東久留米総合高校グラウンド,済,東久留米総合,B,明大中野,A,https://www.tleague-u18.com/schedule.php?dy=2025&dt=5&ltno=10
2025,T5,Bブロック,4,2025-05-17,15:30,明大中野,実践C,0,2,実践学園高尾グランド,済,明大中野,A,実践学園,C,https://www.tleague-u18.com/schedule.php?dy=2025&dt=5&ltno=10
2025,T5,Bブロック,4,2025-05-23,18:30,日野台,正則学園,1,3,赤羽スポーツの森グラウンド,済,日野台,A,正則学園,A,https://www.tleague-u18.com/schedule.php?dy=2025&dt=5&ltno=10
2025,T5,Bブロック,4,2025-05-25,10:00,駒込,東久留米B,0,3,東久留米総合高校,済,駒込,A,東久留米総合,B,https://www.tleague-u18.com/schedule.php?dy=2025&dt=5&ltno=10
2025,T5,Bブロック,4,2025-06-21,16:00,成立C,日大豊山B,7,1,成立学園鷲宮グラウンド,済,成立学園,C,日大豊山,B,https://www.tleague-u18.com/schedule.php?dy=2025&dt=5&ltno=10
2025,T5,Bブロック,4,2025-06-29,10:00,学習院,久我山D,0,2,学習院中高第1グラウンド,済,学習院,A,国学院久我山,D,https://www.tleague-u18.com/schedule.php?dy=2025&dt=5&ltno=10
2025,T5,Bブロック,5,2025-06-01,09:00,東久留米B,日野台,4,1,東久留米総合高校グラウンド,済,東久留米総合,B,日野台,A,https://www.tleague-u18.com/schedule.php?dy=2025&dt=5&ltno=10
2025,T5,Bブロック,5,2025-06-01,15:30,明大中野,学習院,2,3,学習院中高等科第１グラウンド,済,明大中野,A,学習院,A,https://www.tleague-u18.com/schedule.php?dy=2025&dt=5&ltno=10
2025,T5,Bブロック,5,2025-06-01,16:00,久我山D,成立C,0,6,成立学園鷲宮グラウンド,済,国学院久我山,D,成立学園,C,https://www.tleague-u18.com/schedule.php?dy=2025&dt=5&ltno=10
2025,T5,Bブロック,5,2025-06-22,14:00,実践C,駒込,3,1,実践学園高尾グランド,済,実践学園,C,駒込,A,https://www.tleague-u18.com/schedule.php?dy=2025&dt=5&ltno=10
2025,T5,Bブロック,5,2025-06-29,14:00,正則学園,日大豊山B,1,3,日大豊山中台グラウンド,済,正則学園,A,日大豊山,B,https://www.tleague-u18.com/schedule.php?dy=2025&dt=5&ltno=10
2025,T5,Bブロック,6,2025-06-06,17:10,久我山D,明大中野,0,3,高井戸公園グラウンド,済,国学院久我山,D,明大中野,A,https://www.tleague-u18.com/schedule.php?dy=2025&dt=5&ltno=10
2025,T5,Bブロック,6,2025-06-07,11:00,成立C,正則学園,4,1,成立学園鷲宮グラウンド,済,成立学園,C,正則学園,A,https://www.tleague-u18.com/schedule.php?dy=2025&dt=5&ltno=10
2025,T5,Bブロック,6,2025-06-08,10:00,日大豊山B,東久留米B,0,4,東久留米総合高校,済,日大豊山,B,東久留米総合,B,https://www.tleague-u18.com/schedule.php?dy=2025&dt=5&ltno=10
2025,T5,Bブロック,6,2025-06-08,16:00,学習院,駒込,2,1,学習院中高等科第１グラウンド,済,学習院,A,駒込,A,https://www.tleague-u18.com/schedule.php?dy=2025&dt=5&ltno=10
2025,T5,Bブロック,6,2025-06-08,17:00,日野台,実践C,0,0,実践学園高尾グランド,済,日野台,A,実践学園,C,https://www.tleague-u18.com/schedule.php?dy=2025&dt=5&ltno=10
2025,T5,Bブロック,7,2025-06-15,09:30,東久留米B,正則学園,6,2,東久留米総合高校,済,東久留米総合,B,正則学園,A,https://www.tleague-u18.com/schedule.php?dy=2025&dt=5&ltno=10
2025,T5,Bブロック,7,2025-06-15,10:00,日野台,学習院,4,2,学習院中高等科第１グラウンド,済,日野台,A,学習院,A,https://www.tleague-u18.com/schedule.php?dy=2025&dt=5&ltno=10
2025,T5,Bブロック,7,2025-06-15,13:00,明大中野,成立C,2,2,成立学園鷲宮グラウンド,済,明大中野,A,成立学園,C,https://www.tleague-u18.com/schedule.php?dy=2025&dt=5&ltno=10
2025,T5,Bブロック,7,2025-06-15,13:30,実践C,日大豊山B,1,2,実践学園高尾G,済,実践学園,C,日大豊山,B,https://www.tleague-u18.com/schedule.php?dy=2025&dt=5&ltno=10
2025,T5,Bブロック,7,2025-06-15,18:00,駒込,久我山D,1,2,國學院大學たまプラーザグラウンド,済,駒込,A,国学院久我山,D,https://www.tleague-u18.com/schedule.php?dy=2025&dt=5&ltno=10
2025,T5,Bブロック,8,2025-09-06,11:00,成立C,東久留米B,0,2,成立学園鷲宮グラウンド,済,成立学園,C,東久留米総合,B,https://www.tleague-u18.com/schedule.php?dy=2025&dt=5&ltno=10
2025,T5,Bブロック,8,2025-09-06,18:00,正則学園,実践C,3,1,実践学園高尾グラウンド,済,正則学園,A,実践学園,C,https://www.tleague-u18.com/schedule.php?dy=2025&dt=5&ltno=10
2025,T5,Bブロック,8,2025-09-06,19:00,明大中野,駒込,0,0,東京朝鮮高校グラウンド,済,明大中野,A,駒込,A,https://www.tleague-u18.com/schedule.php?dy=2025&dt=5&ltno=10
2025,T5,Bブロック,8,2025-09-07,17:00,学習院,日大豊山B,2,3,学習院中高等科第1グラウンド,済,学習院,A,日大豊山,B,https://www.tleague-u18.com/schedule.php?dy=2025&dt=5&ltno=10
2025,T5,Bブロック,8,2025-09-23,09:15,久我山D,日野台,1,4,國學院久我山高校グラウンド,済,国学院久我山,D,日野台,A,https://www.tleague-u18.com/schedule.php?dy=2025&dt=5&ltno=10
2025,T5,Bブロック,9,2025-09-28,10:00,日野台,明大中野,0,1,日野台高校グラウンド,済,日野台,A,明大中野,A,https://www.tleague-u18.com/schedule.php?dy=2025&dt=5&ltno=10
2025,T5,Bブロック,9,2025-09-28,13:00,正則学園,学習院,1,3,学習院中高等科第１グラウンド,済,正則学園,A,学習院,A,https://www.tleague-u18.com/schedule.php?dy=2025&dt=5&ltno=10
2025,T5,Bブロック,9,2025-09-28,13:00,駒込,成立C,2,3,成立学園鷲宮グラウンド,済,駒込,A,成立学園,C,https://www.tleague-u18.com/schedule.php?dy=2025&dt=5&ltno=10
2025,T5,Bブロック,9,2025-09-28,13:30,実践C,東久留米B,2,1,実践学園高尾グラウンド,済,実践学園,C,東久留米総合,B,https://www.tleague-u18.com/schedule.php?dy=2025&dt=5&ltno=10
2025,T5,Bブロック,9,2025-09-28,16:30,日大豊山B,久我山D,4,4,日本大学豊山高校中台総合G,済,日大豊山,B,国学院久我山,D,https://www.tleague-u18.com/schedule.php?dy=2025&dt=5&ltno=10
2025,T5,Cブロック,1,2025-04-01,09:00,城北,大東文化第一,0,2,城北高校,済,城北,A,大東文化一,A,https://www.tleague-u18.com/schedule.php?dy=2025&dt=5&ltno=11
2025,T5,Cブロック,1,2025-04-01,09:30,大森FC,専大附,2,0,清瀬A面,済,大森FC,A,専修大附,A,https://www.tleague-u18.com/schedule.php?dy=2025&dt=5&ltno=11
2025,T5,Cブロック,1,2025-04-01,16:15,豊島学院,かえつ有明,1,1,補助競技場,済,豊島学院,A,かえつ有明,A,https://www.tleague-u18.com/schedule.php?dy=2025&dt=5&ltno=11
2025,T5,Cブロック,1,2025-04-01,17:00,青稜,修徳C,2,0,南豊ヶ丘フィールド,済,青稜,A,修徳,C,https://www.tleague-u18.com/schedule.php?dy=2025&dt=5&ltno=11
2025,T5,Cブロック,1,2025-04-02,18:00,関東第一C,南葛飾,7,0,新砂サッカー場,済,関東第一,C,南葛飾,A,https://www.tleague-u18.com/schedule.php?dy=2025&dt=5&ltno=11
2025,T5,Cブロック,2,2025-04-04,10:00,青稜,専大附,0,1,南豊ヶ丘フィールド,済,青稜,A,専修大附,A,https://www.tleague-u18.com/schedule.php?dy=2025&dt=5&ltno=11
2025,T5,Cブロック,2,2025-04-05,09:00,城北,修徳C,1,2,城北高校,済,城北,A,修徳,C,https://www.tleague-u18.com/schedule.php?dy=2025&dt=5&ltno=11
2025,T5,Cブロック,2,2025-04-06,09:30,南葛飾,大森FC,1,0,南葛飾高校,済,南葛飾,A,大森FC,A,https://www.tleague-u18.com/schedule.php?dy=2025&dt=5&ltno=11
2025,T5,Cブロック,2,2025-04-12,17:00,大東文化第一,豊島学院,0,1,所沢航空公園サッカー場,済,大東文化一,A,豊島学院,A,https://www.tleague-u18.com/schedule.php?dy=2025&dt=5&ltno=11
2025,T5,Cブロック,2,2025-06-20,18:00,かえつ有明,関東第一C,2,2,駒沢第二グラウンド,済,かえつ有明,A,関東第一,C,https://www.tleague-u18.com/schedule.php?dy=2025&dt=5&ltno=11
2025,T5,Cブロック,3,2025-04-20,09:00,城北,青稜,2,3,城北高校,済,城北,A,青稜,A,https://www.tleague-u18.com/schedule.php?dy=2025&dt=5&ltno=11
2025,T5,Cブロック,3,2025-04-20,09:30,南葛飾,専大附,4,0,南葛飾高校,済,南葛飾,A,専修大附,A,https://www.tleague-u18.com/schedule.php?dy=2025&dt=5&ltno=11
2025,T5,Cブロック,3,2025-04-20,11:00,大森FC,かえつ有明,1,6,かえつ有明高校,済,大森FC,A,かえつ有明,A,https://www.tleague-u18.com/schedule.php?dy=2025&dt=5&ltno=11
2025,T5,Cブロック,3,2025-04-21,16:05,豊島学院,修徳C,0,3,新砂サッカー場,済,豊島学院,A,修徳,C,https://www.tleague-u18.com/schedule.php?dy=2025&dt=5&ltno=11
2025,T5,Cブロック,3,2025-04-23,18:00,関東第一C,大東文化第一,2,1,清瀬B面,済,関東第一,C,大東文化一,A,https://www.tleague-u18.com/schedule.php?dy=2025&dt=5&ltno=11
2025,T5,Cブロック,4,2025-05-17,18:05,大東文化第一,大森FC,2,2,レッズランド,済,大東文化一,A,大森FC,A,https://www.tleague-u18.com/schedule.php?dy=2025&dt=5&ltno=11
2025,T5,Cブロック,4,2025-05-22,15:45,青稜,豊島学院,1,0,未定,済,青稜,A,豊島学院,A,https://www.tleague-u18.com/schedule.php?dy=2025&dt=5&ltno=11
2025,T5,Cブロック,4,2025-05-24,14:45,修徳C,関東第一C,0,4,新砂サッカー場,済,修徳,C,関東第一,C,https://www.tleague-u18.com/schedule.php?dy=2025&dt=5&ltno=11
2025,T5,Cブロック,4,2025-05-25,09:00,専大附,城北,1,5,城北高校,済,専修大附,A,城北,A,https://www.tleague-u18.com/schedule.php?dy=2025&dt=5&ltno=11
2025,T5,Cブロック,4,2025-06-30,18:00,南葛飾,かえつ有明,3,2,駒沢第二,済,南葛飾,A,かえつ有明,A,https://www.tleague-u18.com/schedule.php?dy=2025&dt=5&ltno=11
2025,T5,Cブロック,5,2025-05-28,18:00,大森FC,修徳C,1,0,清瀬A面,済,大森FC,A,修徳,C,https://www.tleague-u18.com/schedule.php?dy=2025&dt=5&ltno=11
2025,T5,Cブロック,5,2025-05-30,18:05,関東第一C,青稜,2,0,東新小岩運動場,済,関東第一,C,青稜,A,https://www.tleague-u18.com/schedule.php?dy=2025&dt=5&ltno=11
2025,T5,Cブロック,5,2025-06-01,09:00,かえつ有明,専大附,4,1,かえつ有明高校,済,かえつ有明,A,専修大附,A,https://www.tleague-u18.com/schedule.php?dy=2025&dt=5&ltno=11
2025,T5,Cブロック,5,2025-06-01,09:00,豊島学院,城北,1,3,城北高校,済,豊島学院,A,城北,A,https://www.tleague-u18.com/schedule.php?dy=2025&dt=5&ltno=11
2025,T5,Cブロック,5,2025-06-01,18:05,大東文化第一,南葛飾,4,1,レッズランド,済,大東文化一,A,南葛飾,A,https://www.tleague-u18.com/schedule.php?dy=2025&dt=5&ltno=11
2025,T5,Cブロック,6,2025-06-07,18:05,かえつ有明,大東文化第一,0,6,レッズランド,済,かえつ有明,A,大東文化一,A,https://www.tleague-u18.com/schedule.php?dy=2025&dt=5&ltno=11
2025,T5,Cブロック,6,2025-06-08,08:30,専大附,豊島学院,3,0,都立武蔵丘高校,済,専修大附,A,豊島学院,A,https://www.tleague-u18.com/schedule.php?dy=2025&dt=5&ltno=11
2025,T5,Cブロック,6,2025-06-08,09:00,城北,関東第一C,2,1,城北高校,済,城北,A,関東第一,C,https://www.tleague-u18.com/schedule.php?dy=2025&dt=5&ltno=11
2025,T5,Cブロック,6,2025-06-09,17:30,南葛飾,修徳C,0,2,東小岩グラウンド,済,南葛飾,A,修徳,C,https://www.tleague-u18.com/schedule.php?dy=2025&dt=5&ltno=11
2025,T5,Cブロック,6,2025-06-22,18:05,青稜,大森FC,1,1,レッズランド,済,青稜,A,大森FC,A,https://www.tleague-u18.com/schedule.php?dy=2025&dt=5&ltno=11
2025,T5,Cブロック,7,2025-06-11,17:30,修徳C,かえつ有明,4,2,新砂サッカー場,済,修徳,C,かえつ有明,A,https://www.tleague-u18.com/schedule.php?dy=2025&dt=5&ltno=11
2025,T5,Cブロック,7,2025-06-15,09:00,大森FC,城北,0,1,城北高校,済,大森FC,A,城北,A,https://www.tleague-u18.com/schedule.php?dy=2025&dt=5&ltno=11
2025,T5,Cブロック,7,2025-06-15,15:00,青稜,南葛飾,1,1,南葛飾高校,済,青稜,A,南葛飾,A,https://www.tleague-u18.com/schedule.php?dy=2025&dt=5&ltno=11
2025,T5,Cブロック,7,2025-06-16,19:00,関東第一C,豊島学院,10,0,新砂サッカー場,済,関東第一,C,豊島学院,A,https://www.tleague-u18.com/schedule.php?dy=2025&dt=5&ltno=11
2025,T5,Cブロック,7,2025-06-19,18:00,大東文化第一,専大附,3,2,清瀬B面,済,大東文化一,A,専修大附,A,https://www.tleague-u18.com/schedule.php?dy=2025&dt=5&ltno=11
2025,T5,Cブロック,8,2025-09-06,18:05,豊島学院,大森FC,1,2,レッズランド,済,豊島学院,A,大森FC,A,https://www.tleague-u18.com/schedule.php?dy=2025&dt=5&ltno=11
2025,T5,Cブロック,8,2025-09-07,09:00,南葛飾,城北,0,0,城北高校,済,南葛飾,A,城北,A,https://www.tleague-u18.com/schedule.php?dy=2025&dt=5&ltno=11
2025,T5,Cブロック,8,2025-09-07,09:00,かえつ有明,青稜,6,1,かえつ有明高校,済,かえつ有明,A,青稜,A,https://www.tleague-u18.com/schedule.php?dy=2025&dt=5&ltno=11
2025,T5,Cブロック,8,2025-09-10,17:45,専大附,関東第一C,0,3,和光大学第１グラウンド,済,専修大附,A,関東第一,C,https://www.tleague-u18.com/schedule.php?dy=2025&dt=5&ltno=11
2025,T5,Cブロック,8,2025-09-11,18:00,大東文化第一,修徳C,0,2,清瀬A面,済,大東文化一,A,修徳,C,https://www.tleague-u18.com/schedule.php?dy=2025&dt=5&ltno=11
2025,T5,Cブロック,9,2025-09-28,09:30,豊島学院,南葛飾,0,0,南葛飾高校,済,豊島学院,A,南葛飾,A,https://www.tleague-u18.com/schedule.php?dy=2025&dt=5&ltno=11
2025,T5,Cブロック,9,2025-10-01,09:00,城北,かえつ有明,1,3,城北高校,済,城北,A,かえつ有明,A,https://www.tleague-u18.com/schedule.php?dy=2025&dt=5&ltno=11
2025,T5,Cブロック,9,2025-10-01,14:00,青稜,大東文化第一,2,1,清瀬A面,済,青稜,A,大東文化一,A,https://www.tleague-u18.com/schedule.php?dy=2025&dt=5&ltno=11
2025,T5,Cブロック,9,2025-10-01,16:15,修徳C,専大附,0,0,清瀬A面,済,修徳,C,専修大附,A,https://www.tleague-u18.com/schedule.php?dy=2025&dt=5&ltno=11
2025,T5,Cブロック,9,2025-10-01,18:30,大森FC,関東第一C,0,2,清瀬A面,済,大森FC,A,関東第一,C,https://www.tleague-u18.com/schedule.php?dy=2025&dt=5&ltno=11
2025,T5,Dブロック,1,2025-04-01,13:00,明大八王子,片倉,5,0,明治大学付属八王子高等学校,済,明大八王子,A,片倉,A,https://www.tleague-u18.com/schedule.php?dy=2025&dt=5&ltno=12
2025,T5,Dブロック,1,2025-04-01,16:00,東海大高輪台C,Raiz Chofu,14,0,東海大高輪台総合グラウンド,済,東海大高輪台,C,RaizChofu,A,https://www.tleague-u18.com/schedule.php?dy=2025&dt=5&ltno=12
2025,T5,Dブロック,1,2025-04-01,18:30,城東,国立,0,0,補助競技場,済,城東,A,国立,A,https://www.tleague-u18.com/schedule.php?dy=2025&dt=5&ltno=12
2025,T5,Dブロック,1,2025-04-02,09:00,武蔵,大森学園B,1,0,未定,済,武蔵,A,大森学園,B,https://www.tleague-u18.com/schedule.php?dy=2025&dt=5&ltno=12
2025,T5,Dブロック,1,2025-04-02,14:00,日体大荏原,東,3,1,第二球技場,済,日体大荏原,A,東,A,https://www.tleague-u18.com/schedule.php?dy=2025&dt=5&ltno=12
2025,T5,Dブロック,2,2025-04-05,10:00,国立,日体大荏原,0,3,NICHIBUN SAKURA FIELD,済,国立,A,日体大荏原,A,https://www.tleague-u18.com/schedule.php?dy=2025&dt=5&ltno=12
2025,T5,Dブロック,2,2025-04-05,12:00,大森学園B,城東,1,2,NICHIBUN SAKURA FIELD,済,大森学園,B,城東,A,https://www.tleague-u18.com/schedule.php?dy=2025&dt=5&ltno=12
2025,T5,Dブロック,2,2025-04-06,13:00,東,明大八王子,3,2,明治大学付属八王子高等学校,済,東,A,明大八王子,A,https://www.tleague-u18.com/schedule.php?dy=2025&dt=5&ltno=12
2025,T5,Dブロック,2,2025-04-06,14:30,片倉,東海大高輪台C,2,4,片倉高校グラウンド,済,片倉,A,東海大高輪台,C,https://www.tleague-u18.com/schedule.php?dy=2025&dt=5&ltno=12
2025,T5,Dブロック,2,2025-04-06,17:30,Raiz Chofu,武蔵,0,2,調布西町サッカー場,済,RaizChofu,A,武蔵,A,https://www.tleague-u18.com/schedule.php?dy=2025&dt=5&ltno=12
2025,T5,Dブロック,3,2025-04-19,17:00,日体大荏原,城東,5,0,岩倉高等学校グラウンド,済,日体大荏原,A,城東,A,https://www.tleague-u18.com/schedule.php?dy=2025&dt=5&ltno=12
2025,T5,Dブロック,3,2025-04-20,09:30,武蔵,片倉,1,1,武蔵高等学校グラウンド,済,武蔵,A,片倉,A,https://www.tleague-u18.com/schedule.php?dy=2025&dt=5&ltno=12
2025,T5,Dブロック,3,2025-04-20,13:00,東海大高輪台C,東,1,1,東海大高輪台総合グラウンド,済,東海大高輪台,C,東,A,https://www.tleague-u18.com/schedule.php?dy=2025&dt=5&ltno=12
2025,T5,Dブロック,3,2025-04-20,15:00,明大八王子,国立,1,0,明治大学付属八王子高等学校,済,明大八王子,A,国立,A,https://www.tleague-u18.com/schedule.php?dy=2025&dt=5&ltno=12
2025,T5,Dブロック,3,2025-04-20,17:30,Raiz Chofu,大森学園B,0,5,調布西町サッカー場,済,RaizChofu,A,大森学園,B,https://www.tleague-u18.com/schedule.php?dy=2025&dt=5&ltno=12
2025,T5,Dブロック,4,2025-05-18,09:00,東,武蔵,1,3,武蔵高等学校グラウンド,済,東,A,武蔵,A,https://www.tleague-u18.com/schedule.php?dy=2025&dt=5&ltno=12
2025,T5,Dブロック,4,2025-05-25,13:00,城東,明大八王子,1,2,明治大学付属八王子高等学校,済,城東,A,明大八王子,A,https://www.tleague-u18.com/schedule.php?dy=2025&dt=5&ltno=12
2025,T5,Dブロック,4,2025-05-25,17:30,Raiz Chofu,片倉,2,5,調布西町サッカー場,済,RaizChofu,A,片倉,A,https://www.tleague-u18.com/schedule.php?dy=2025&dt=5&ltno=12
2025,T5,Dブロック,4,2025-06-26,18:30,大森学園B,日体大荏原,0,2,清瀬内山運動公園A,済,大森学園,B,日体大荏原,A,https://www.tleague-u18.com/schedule.php?dy=2025&dt=5&ltno=12
2025,T5,Dブロック,4,2025-06-28,17:00,国立,東海大高輪台C,2,3,東海大高輪台総合グラウンド,済,国立,A,東海大高輪台,C,https://www.tleague-u18.com/schedule.php?dy=2025&dt=5&ltno=12
2025,T5,Dブロック,5,2025-06-01,09:00,武蔵,国立,1,2,武蔵高等学校グラウンド,済,武蔵,A,国立,A,https://www.tleague-u18.com/schedule.php?dy=2025&dt=5&ltno=12
2025,T5,Dブロック,5,2025-06-01,10:00,東海大高輪台C,城東,4,0,東海大高輪台総合グラウンド,済,東海大高輪台,C,城東,A,https://www.tleague-u18.com/schedule.php?dy=2025&dt=5&ltno=12
2025,T5,Dブロック,5,2025-06-01,13:00,明大八王子,日体大荏原,1,1,明治大学付属八王子高等学校,済,明大八王子,A,日体大荏原,A,https://www.tleague-u18.com/schedule.php?dy=2025&dt=5&ltno=12
2025,T5,Dブロック,5,2025-06-01,17:30,東,Raiz Chofu,2,2,調布西町サッカー場,済,東,A,RaizChofu,A,https://www.tleague-u18.com/schedule.php?dy=2025&dt=5&ltno=12
2025,T5,Dブロック,5,2025-06-29,16:05,片倉,大森学園B,0,0,亜細亜大学日の出グランド,済,片倉,A,大森学園,B,https://www.tleague-u18.com/schedule.php?dy=2025&dt=5&ltno=12
2025,T5,Dブロック,6,2025-06-08,09:00,城東,武蔵,1,2,武蔵G,済,城東,A,武蔵,A,https://www.tleague-u18.com/schedule.php?dy=2025&dt=5&ltno=12
2025,T5,Dブロック,6,2025-06-08,13:00,大森学園B,明大八王子,2,1,明治大学付属八王子高等学校,済,大森学園,B,明大八王子,A,https://www.tleague-u18.com/schedule.php?dy=2025&dt=5&ltno=12
2025,T5,Dブロック,6,2025-06-08,15:00,片倉,東,0,1,片倉高校グランド,済,片倉,A,東,A,https://www.tleague-u18.com/schedule.php?dy=2025&dt=5&ltno=12
2025,T5,Dブロック,6,2025-06-08,15:15,日体大荏原,東海大高輪台C,1,3,日本工学院八王子専門学校,済,日体大荏原,A,東海大高輪台,C,https://www.tleague-u18.com/schedule.php?dy=2025&dt=5&ltno=12
2025,T5,Dブロック,6,2025-06-08,17:30,Raiz Chofu,国立,0,3,調布西町サッカー場,済,RaizChofu,A,国立,A,https://www.tleague-u18.com/schedule.php?dy=2025&dt=5&ltno=12
2025,T5,Dブロック,7,2025-06-15,13:00,東海大高輪台C,明大八王子,4,0,明治大学付属八王子高等学校,済,東海大高輪台,C,明大八王子,A,https://www.tleague-u18.com/schedule.php?dy=2025&dt=5&ltno=12
2025,T5,Dブロック,7,2025-06-15,15:00,武蔵,日体大荏原,1,1,武蔵高等学校グラウンド,済,武蔵,A,日体大荏原,A,https://www.tleague-u18.com/schedule.php?dy=2025&dt=5&ltno=12
2025,T5,Dブロック,7,2025-06-15,16:05,東,大森学園B,0,0,新砂サッカー場,済,東,A,大森学園,B,https://www.tleague-u18.com/schedule.php?dy=2025&dt=5&ltno=12
2025,T5,Dブロック,7,2025-06-15,17:30,城東,Raiz Chofu,5,0,調布西町サッカー場,済,城東,A,RaizChofu,A,https://www.tleague-u18.com/schedule.php?dy=2025&dt=5&ltno=12
2025,T5,Dブロック,7,2025-09-02,17:00,国立,片倉,3,6,片倉高校グランド,済,国立,A,片倉,A,https://www.tleague-u18.com/schedule.php?dy=2025&dt=5&ltno=12
2025,T5,Dブロック,8,2025-09-06,17:00,大森学園B,東海大高輪台C,1,2,東海大高輪台総合グラウンド,済,大森学園,B,東海大高輪台,C,https://www.tleague-u18.com/schedule.php?dy=2025&dt=5&ltno=12
2025,T5,Dブロック,8,2025-09-07,13:00,明大八王子,武蔵,2,0,明治大学付属八王子高等学校,済,明大八王子,A,武蔵,A,https://www.tleague-u18.com/schedule.php?dy=2025&dt=5&ltno=12
2025,T5,Dブロック,8,2025-09-07,16:05,片倉,城東,0,0,新砂サッカー場,済,片倉,A,城東,A,https://www.tleague-u18.com/schedule.php?dy=2025&dt=5&ltno=12
2025,T5,Dブロック,8,2025-09-14,17:30,Raiz Chofu,日体大荏原,1,5,調布西町サッカー場,済,RaizChofu,A,日体大荏原,A,https://www.tleague-u18.com/schedule.php?dy=2025&dt=5&ltno=12
2025,T5,Dブロック,8,2025-10-01,15:00,東,国立,0,0,新砂サッカー場,済,東,A,国立,A,https://www.tleague-u18.com/schedule.php?dy=2025&dt=5&ltno=12
2025,T5,Dブロック,9,2025-09-21,14:30,日体大荏原,片倉,4,0,NICHIBUN SAKURA FIELD,済,日体大荏原,A,片倉,A,https://www.tleague-u18.com/schedule.php?dy=2025&dt=5&ltno=12
2025,T5,Dブロック,9,2025-09-28,08:45,城東,東,3,1,新砂サッカー場,済,城東,A,東,A,https://www.tleague-u18.com/schedule.php?dy=2025&dt=5&ltno=12
2025,T5,Dブロック,9,2025-09-28,09:00,武蔵,東海大高輪台C,0,3,武蔵高等学校グランド,済,武蔵,A,東海大高輪台,C,https://www.tleague-u18.com/schedule.php?dy=2025&dt=5&ltno=12
2025,T5,Dブロック,9,2025-09-28,13:00,明大八王子,Raiz Chofu,1,1,明治大学付属八王子高等学校,済,明大八王子,A,RaizChofu,A,https://www.tleague-u18.com/schedule.php?dy=2025&dt=5&ltno=12
2025,T5,Dブロック,9,2025-09-28,14:00,国立,大森学園B,0,0,国立高校グランド,済,国立,A,大森学園,B,https://www.tleague-u18.com/schedule.php?dy=2025&dt=5&ltno=12
2026,T1,,1,2026-04-01,11:00,堀越,FC東京B,2,2,堀越学園総合G,済,堀越,A,FC東京,B,https://www.tleague-u18.com/schedule.php?dy=2026&dt=1
2026,T1,,1,2026-04-01,13:00,大成,実践学園,0,2,NICHIBUN SAKURA FILED,済,大成,A,実践学園,A,https://www.tleague-u18.com/schedule.php?dy=2026&dt=1
2026,T1,,1,2026-04-01,16:00,多摩大目黒,国士舘,0,0,東戸塚FP,済,多摩大学目黒,A,国士舘,A,https://www.tleague-u18.com/schedule.php?dy=2026&dt=1
2026,T1,,1,2026-04-02,10:00,久我山,早稲田実業,1,0,國學院大學相模原キャンパスＧ,済,国学院久我山,A,早稲田実業,A,https://www.tleague-u18.com/schedule.php?dy=2026&dt=1
2026,T1,,1,2026-04-02,17:00,三菱養和,帝京B,2,0,(公財)三菱養和会 巣鴨スポーツセンターG,済,三菱養和,A,帝京,B,https://www.tleague-u18.com/schedule.php?dy=2026&dt=1
2026,T1,,2,2026-04-04,15:00,国士舘,久我山,2,1,国士館楓の杜キャンパス,済,国士舘,A,国学院久我山,A,https://www.tleague-u18.com/schedule.php?dy=2026&dt=1
2026,T1,,2,2026-04-05,18:30,早稲田実業,三菱養和,2,3,早稲田大学東伏見G,済,早稲田実業,A,三菱養和,A,https://www.tleague-u18.com/schedule.php?dy=2026&dt=1
2026,T1,,2,2026-04-29,11:00,堀越,帝京B,3,3,堀越学園総合G,済,堀越,A,帝京,B,https://www.tleague-u18.com/schedule.php?dy=2026&dt=1
2026,T1,,2,2026-04-29,14:00,FC東京B,大成,1,1,東京ガス武蔵野苑多目的G,済,FC東京,B,大成,A,https://www.tleague-u18.com/schedule.php?dy=2026&dt=1
2026,T1,,2,2026-04-29,17:00,実践学園,多摩大目黒,2,0,実践学園高尾G,済,実践学園,A,多摩大学目黒,A,https://www.tleague-u18.com/schedule.php?dy=2026&dt=1
2026,T1,,3,2026-04-11,16:45,三菱養和,国士舘,2,0,(公財)三菱養和会 巣鴨スポーツセンターG,済,三菱養和,A,国士舘,A,https://www.tleague-u18.com/schedule.php?dy=2026&dt=1
2026,T1,,3,2026-04-11,18:30,早稲田実業,帝京B,2,3,早稲田大学東伏見G,済,早稲田実業,A,帝京,B,https://www.tleague-u18.com/schedule.php?dy=2026&dt=1
2026,T1,,3,2026-04-12,15:00,大成,堀越,1,1,NICHIBUN SAKURA FILED,済,大成,A,堀越,A,https://www.tleague-u18.com/schedule.php?dy=2026&dt=1
2026,T1,,3,2026-04-12,17:00,実践学園,久我山,0,1,実践学園高尾Ｇ,済,実践学園,A,国学院久我山,A,https://www.tleague-u18.com/schedule.php?dy=2026&dt=1
2026,T1,,3,2026-04-12,18:00,多摩大目黒,FC東京B,1,0,東戸塚FP,済,多摩大学目黒,A,FC東京,B,https://www.tleague-u18.com/schedule.php?dy=2026&dt=1
2026,T1,,4,2026-04-18,17:30,FC東京B,久我山,1,2,東京ガス武蔵野苑多目的G,済,FC東京,B,国学院久我山,A,https://www.tleague-u18.com/schedule.php?dy=2026&dt=1
2026,T1,,4,2026-04-18,18:00,堀越,多摩大目黒,0,0,堀越学園総合G,済,堀越,A,多摩大学目黒,A,https://www.tleague-u18.com/schedule.php?dy=2026&dt=1
2026,T1,,4,2026-04-18,18:30,早稲田実業,国士舘,1,0,早稲田大学東伏見G,済,早稲田実業,A,国士舘,A,https://www.tleague-u18.com/schedule.php?dy=2026&dt=1
2026,T1,,4,2026-04-19,13:00,帝京B,大成,2,3,帝京科学大学千住総合G,済,帝京,B,大成,A,https://www.tleague-u18.com/schedule.php?dy=2026&dt=1
2026,T1,,4,2026-04-19,17:00,実践学園,三菱養和,0,1,実践学園高尾Ｇ,済,実践学園,A,三菱養和,A,https://www.tleague-u18.com/schedule.php?dy=2026&dt=1
2026,T1,,5,2026-04-26,10:00,久我山,堀越,1,2,國學院大學相模原キャンパスＧ,済,国学院久我山,A,堀越,A,https://www.tleague-u18.com/schedule.php?dy=2026&dt=1
2026,T1,,5,2026-04-26,13:00,多摩大目黒,大成,0,1,東戸塚FP,済,多摩大学目黒,A,大成,A,https://www.tleague-u18.com/schedule.php?dy=2026&dt=1
2026,T1,,5,2026-04-26,13:00,国士舘,帝京B,3,1,帝京科学大学千住総合G,済,国士舘,A,帝京,B,https://www.tleague-u18.com/schedule.php?dy=2026&dt=1
2026,T1,,5,2026-04-26,16:45,三菱養和,FC東京B,6,0,(公財)三菱養和会 巣鴨スポーツセンターG,済,三菱養和,A,FC東京,B,https://www.tleague-u18.com/schedule.php?dy=2026&dt=1
2026,T1,,5,2026-04-26,17:00,実践学園,早稲田実業,4,0,実践学園高尾Ｇ,済,実践学園,A,早稲田実業,A,https://www.tleague-u18.com/schedule.php?dy=2026&dt=1
2026,T1,,6,2026-05-02,17:00,国士舘,実践学園,0,2,国士館楓の杜キャンパス,済,国士舘,A,実践学園,A,https://www.tleague-u18.com/schedule.php?dy=2026&dt=1
2026,T1,,6,2026-05-03,13:00,帝京B,多摩大目黒,0,1,帝京科学大学千住総合G,済,帝京,B,多摩大学目黒,A,https://www.tleague-u18.com/schedule.php?dy=2026&dt=1
2026,T1,,6,2026-05-03,18:30,早稲田実業,FC東京B,0,3,早稲田大学東伏見G,済,早稲田実業,A,FC東京,B,https://www.tleague-u18.com/schedule.php?dy=2026&dt=1
2026,T1,,6,2026-05-04,11:00,堀越,三菱養和,1,0,堀越学園総合G,済,堀越,A,三菱養和,A,https://www.tleague-u18.com/schedule.php?dy=2026&dt=1
2026,T1,,6,2026-05-04,16:00,大成,久我山,0,1,國學院大學たまプラーザキャンパスG,済,大成,A,国学院久我山,A,https://www.tleague-u18.com/schedule.php?dy=2026&dt=1
2026,T1,,7,2026-05-09,17:30,FC東京B,国士舘,0,2,東京ガス武蔵野苑多目的G,済,FC東京,B,国士舘,A,https://www.tleague-u18.com/schedule.php?dy=2026&dt=1
2026,T1,,7,2026-05-10,11:00,堀越,早稲田実業,0,2,堀越学園総合G,済,堀越,A,早稲田実業,A,https://www.tleague-u18.com/schedule.php?dy=2026&dt=1
2026,T1,,7,2026-05-10,13:00,帝京B,実践学園,0,1,帝京科学大学千住総合G,済,帝京,B,実践学園,A,https://www.tleague-u18.com/schedule.php?dy=2026&dt=1
2026,T1,,7,2026-05-10,17:30,三菱養和,大成,3,2,(公財)三菱養和会 調布G,済,三菱養和,A,大成,A,https://www.tleague-u18.com/schedule.php?dy=2026&dt=1
2026,T1,,7,2026-05-10,18:00,久我山,多摩大目黒,2,2,國學院大學たまプラーザキャンパスG,済,国学院久我山,A,多摩大学目黒,A,https://www.tleague-u18.com/schedule.php?dy=2026&dt=1
2026,T1,,8,2026-06-13,18:00,多摩大目黒,三菱養和,0,1,東戸塚FP,済,多摩大学目黒,A,三菱養和,A,https://www.tleague-u18.com/schedule.php?dy=2026&dt=1
2026,T1,,8,2026-06-13,18:30,早稲田実業,大成,0,1,早稲田大学東伏見G,済,早稲田実業,A,大成,A,https://www.tleague-u18.com/schedule.php?dy=2026&dt=1
2026,T1,,8,2026-06-14,15:00,帝京B,久我山,0,0,帝京科学大学千住総合G,済,帝京,B,国学院久我山,A,https://www.tleague-u18.com/schedule.php?dy=2026&dt=1
2026,T1,,8,2026-09-23,17:00,実践学園,FC東京B,,,実践学園高尾G,未,実践学園,A,FC東京,B,https://www.tleague-u18.com/schedule.php?dy=2026&dt=1
2026,T1,,8,2026-09-23,17:00,国士舘,堀越,,,,未,国士舘,A,堀越,A,https://www.tleague-u18.com/schedule.php?dy=2026&dt=1
2026,T1,,9,2026-06-20,19:15,大成,国士舘,0,0,東京朝鮮大学Ｇ,済,大成,A,国士舘,A,https://www.tleague-u18.com/schedule.php?dy=2026&dt=1
2026,T1,,9,2026-06-21,10:30,堀越,実践学園,2,1,堀越学園総合G,済,堀越,A,実践学園,A,https://www.tleague-u18.com/schedule.php?dy=2026&dt=1
2026,T1,,9,2026-06-21,17:00,FC東京B,帝京B,5,1,東京ガス武蔵野苑多目的G,済,FC東京,B,帝京,B,https://www.tleague-u18.com/schedule.php?dy=2026&dt=1
2026,T1,,9,2026-06-21,17:00,三菱養和,久我山,3,0,(公財）三菱養和会巣鴨スポーツセンターグラウンド,済,三菱養和,A,国学院久我山,A,https://www.tleague-u18.com/schedule.php?dy=2026&dt=1
2026,T1,,9,2026-06-21,18:00,多摩大目黒,早稲田実業,2,0,東戸塚FP,済,多摩大学目黒,A,早稲田実業,A,https://www.tleague-u18.com/schedule.php?dy=2026&dt=1
2026,T1,,10,2026-06-24,18:45,FC東京B,堀越,1,4,東京ガス武蔵野苑多目的G,済,FC東京,B,堀越,A,https://www.tleague-u18.com/schedule.php?dy=2026&dt=1
2026,T1,,10,2026-06-28,17:00,実践学園,大成,1,1,実践学園高尾Ｇ,済,実践学園,A,大成,A,https://www.tleague-u18.com/schedule.php?dy=2026&dt=1
2026,T1,,10,2026-06-28,17:00,国士舘,多摩大目黒,1,1,国士舘町田or楓の杜,済,国士舘,A,多摩大学目黒,A,https://www.tleague-u18.com/schedule.php?dy=2026&dt=1
2026,T1,,10,2026-09-23,18:30,早稲田実業,久我山,,,早稲田大学東伏見G,未,早稲田実業,A,国学院久我山,A,https://www.tleague-u18.com/schedule.php?dy=2026&dt=1
2026,T1,,10,2026-10-10,13:00,帝京B,三菱養和,,,帝京科学大学千住総合グラウンド,未,帝京,B,三菱養和,A,https://www.tleague-u18.com/schedule.php?dy=2026&dt=1
2026,T1,,11,2026-09-05,16:45,三菱養和,早稲田実業,1,0,(公財)三菱養和会 巣鴨スポーツセンターG,済,三菱養和,A,早稲田実業,A,https://www.tleague-u18.com/schedule.php?dy=2026&dt=1
2026,T1,,11,2026-09-05,18:00,多摩大目黒,実践学園,0,1,東戸塚FP,済,多摩大学目黒,A,実践学園,A,https://www.tleague-u18.com/schedule.php?dy=2026&dt=1
2026,T1,,11,2026-09-05,19:15,大成,FC東京B,2,2,朝鮮大学G,済,大成,A,FC東京,B,https://www.tleague-u18.com/schedule.php?dy=2026&dt=1
2026,T1,,11,2026-09-06,13:00,堀越,帝京B,3,0,帝京科学大学千住総合G,済,堀越,A,帝京,B,https://www.tleague-u18.com/schedule.php?dy=2026&dt=1
2026,T1,,11,2026-09-06,19:00,久我山,国士舘,,,國學院大學たまプラーザキャンパスG,未,国学院久我山,A,国士舘,A,https://www.tleague-u18.com/schedule.php?dy=2026&dt=1
2026,T1,,12,2026-09-12,18:00,FC東京B,多摩大目黒,,,東京ガス武蔵野苑多目的G,未,FC東京,B,多摩大学目黒,A,https://www.tleague-u18.com/schedule.php?dy=2026&dt=1
2026,T1,,12,2026-09-13,10:00,国士舘,三菱養和,,,国士舘大学町田キャンパス,未,国士舘,A,三菱養和,A,https://www.tleague-u18.com/schedule.php?dy=2026&dt=1
2026,T1,,12,2026-09-13,11:00,堀越,大成,,,堀越学園総合G,未,堀越,A,大成,A,https://www.tleague-u18.com/schedule.php?dy=2026&dt=1
2026,T1,,12,2026-09-13,13:00,帝京B,早稲田実業,,,帝京科学大学千住総合G,未,帝京,B,早稲田実業,A,https://www.tleague-u18.com/schedule.php?dy=2026&dt=1
2026,T1,,12,2026-09-13,18:00,久我山,実践学園,,,國學院大學たまプラーザキャンパスG,未,国学院久我山,A,実践学園,A,https://www.tleague-u18.com/schedule.php?dy=2026&dt=1
2026,T1,,13,2026-09-20,18:00,久我山,FC東京B,,,國學院大學たまプラーザキャンパスG,未,国学院久我山,A,FC東京,B,https://www.tleague-u18.com/schedule.php?dy=2026&dt=1
2026,T1,,13,2026-09-19,14:45,大成,帝京B,,,NICHIBUN SAKURA FIELD,未,大成,A,帝京,B,https://www.tleague-u18.com/schedule.php?dy=2026&dt=1
2026,T1,,13,2026-09-19,16:45,三菱養和,実践学園,,,(公財)三菱養和会 巣鴨スポーツセンターG,未,三菱養和,A,実践学園,A,https://www.tleague-u18.com/schedule.php?dy=2026&dt=1
2026,T1,,13,2026-09-19,18:00,多摩大目黒,堀越,,,東戸塚FP,未,多摩大学目黒,A,堀越,A,https://www.tleague-u18.com/schedule.php?dy=2026&dt=1
2026,T1,,13,2026-09-20,10:00,国士舘,早稲田実業,,,国士舘楓の杜キャンパス,未,国士舘,A,早稲田実業,A,https://www.tleague-u18.com/schedule.php?dy=2026&dt=1
2026,T1,,14,2026-09-26,17:00,帝京B,国士舘,,,国士舘楓の杜キャンパス,未,帝京,B,国士舘,A,https://www.tleague-u18.com/schedule.php?dy=2026&dt=1
2026,T1,,14,2026-09-27,11:00,堀越,久我山,,,堀越学園総合G,未,堀越,A,国学院久我山,A,https://www.tleague-u18.com/schedule.php?dy=2026&dt=1
2026,T1,,14,2026-09-27,14:00,大成,多摩大目黒,,,東戸塚FP,未,大成,A,多摩大学目黒,A,https://www.tleague-u18.com/schedule.php?dy=2026&dt=1
2026,T1,,14,2026-09-27,16:30,FC東京B,三菱養和,,,東京ガス武蔵野苑多目的G,未,FC東京,B,三菱養和,A,https://www.tleague-u18.com/schedule.php?dy=2026&dt=1
2026,T1,,14,2026-09-27,18:30,早稲田実業,実践学園,,,早稲田大学東伏見G,未,早稲田実業,A,実践学園,A,https://www.tleague-u18.com/schedule.php?dy=2026&dt=1
2026,T1,,15,2026-10-03,17:30,FC東京B,早稲田実業,,,東京ガス武蔵野苑多目的G,未,FC東京,B,早稲田実業,A,https://www.tleague-u18.com/schedule.php?dy=2026&dt=1
2026,T1,,15,2026-10-03,18:00,多摩大目黒,帝京B,,,東戸塚FP,未,多摩大学目黒,A,帝京,B,https://www.tleague-u18.com/schedule.php?dy=2026&dt=1
2026,T1,,15,2026-10-04,13:45,久我山,大成,,,NICHIBUN SAKURA FIELD,未,国学院久我山,A,大成,A,https://www.tleague-u18.com/schedule.php?dy=2026&dt=1
2026,T1,,15,2026-10-04,17:00,実践学園,国士舘,,,実践学園高尾Ｇ,未,実践学園,A,国士舘,A,https://www.tleague-u18.com/schedule.php?dy=2026&dt=1
2026,T1,,15,2026-10-04,17:30,三菱養和,堀越,,,三菱養和　調布G,未,三菱養和,A,堀越,A,https://www.tleague-u18.com/schedule.php?dy=2026&dt=1
2026,T1,,16,2026-11-14,18:30,早稲田実業,堀越,,,早稲田大学東伏見G,未,早稲田実業,A,堀越,A,https://www.tleague-u18.com/schedule.php?dy=2026&dt=1
2026,T1,,16,2026-11-15,14:45,大成,三菱養和,,,NICHIBUN SAKURA FIELD,未,大成,A,三菱養和,A,https://www.tleague-u18.com/schedule.php?dy=2026&dt=1
2026,T1,,16,2026-11-15,17:00,帝京B,実践学園,,,実践学園高尾Ｇ,未,帝京,B,実践学園,A,https://www.tleague-u18.com/schedule.php?dy=2026&dt=1
2026,T1,,16,2026-11-15,18:00,多摩大目黒,久我山,,,東戸塚FP,未,多摩大学目黒,A,国学院久我山,A,https://www.tleague-u18.com/schedule.php?dy=2026&dt=1
2026,T1,,16,,,国士舘,FC東京B,,,国士舘町田or楓の杜,未,国士舘,A,FC東京,B,https://www.tleague-u18.com/schedule.php?dy=2026&dt=1
2026,T1,,17,2026-11-21,18:00,大成,早稲田実業,,,【公共】駒沢公園第二球技場,未,大成,A,早稲田実業,A,https://www.tleague-u18.com/schedule.php?dy=2026&dt=1
2026,T1,,17,2026-11-22,18:00,久我山,帝京B,,,國學院大學たまプラーザキャンパスG,未,国学院久我山,A,帝京,B,https://www.tleague-u18.com/schedule.php?dy=2026&dt=1
2026,T1,,17,2026-11-22,19:00,三菱養和,多摩大目黒,,,(公財)三菱養和会 調布G,未,三菱養和,A,多摩大学目黒,A,https://www.tleague-u18.com/schedule.php?dy=2026&dt=1
2026,T1,,17,2026-11-23,11:00,堀越,国士舘,,,堀越学園総合G,未,堀越,A,国士舘,A,https://www.tleague-u18.com/schedule.php?dy=2026&dt=1
2026,T1,,17,2026-11-23,14:00,FC東京B,実践学園,,,東京ガス武蔵野苑多目的G,未,FC東京,B,実践学園,A,https://www.tleague-u18.com/schedule.php?dy=2026&dt=1
2026,T1,,18,2026-12-06,10:00,実践学園,堀越,,,実践学園高尾Ｇ,未,実践学園,A,堀越,A,https://www.tleague-u18.com/schedule.php?dy=2026&dt=1
2026,T1,,18,2026-12-06,13:00,帝京B,FC東京B,,,帝京科学大学千住総合G,未,帝京,B,FC東京,B,https://www.tleague-u18.com/schedule.php?dy=2026&dt=1
2026,T1,,18,2026-12-06,14:00,早稲田実業,多摩大目黒,,,早稲田実業学校Ｇ,未,早稲田実業,A,多摩大学目黒,A,https://www.tleague-u18.com/schedule.php?dy=2026&dt=1
2026,T1,,18,2026-12-06,18:00,久我山,三菱養和,,,國學院大學たまプラーザキャンパスG,未,国学院久我山,A,三菱養和,A,https://www.tleague-u18.com/schedule.php?dy=2026&dt=1
2026,T1,,18,,,国士舘,大成,,,国士舘町田or楓の杜,未,国士舘,A,大成,A,https://www.tleague-u18.com/schedule.php?dy=2026&dt=1
2026,T2,,1,2026-04-01,10:00,成立,帝京C,0,0,成立学園鷲宮Ｇ,済,成立学園,A,帝京,C,https://www.tleague-u18.com/schedule.php?dy=2026&dt=2
2026,T2,,1,2026-04-01,10:00,東海大高輪台,日大三,1,0,東海大高輪台総合Ｇ,済,東海大高輪台,A,日大三,A,https://www.tleague-u18.com/schedule.php?dy=2026&dt=2
2026,T2,,1,2026-04-01,13:30,東久留米,養和SC・B,3,0,東久留米総合高校G,済,東久留米総合,A,養和SC,B,https://www.tleague-u18.com/schedule.php?dy=2026&dt=2
2026,T2,,1,2026-04-01,14:30,駒大,東京実業,0,0,駒沢第二球技場,済,駒澤大高,A,東京実業,A,https://www.tleague-u18.com/schedule.php?dy=2026&dt=2
2026,T2,,1,2026-04-01,15:00,関東第一,修徳,1,0,新砂サッカー場,済,関東第一,A,修徳,A,https://www.tleague-u18.com/schedule.php?dy=2026&dt=2
2026,T2,,2,2026-04-04,17:00,養和SC・B,東海大高輪台,2,2,(公財)三菱養和会　巣鴨スポーツセンターG,済,養和SC,B,東海大高輪台,A,https://www.tleague-u18.com/schedule.php?dy=2026&dt=2
2026,T2,,2,2026-04-05,10:00,修徳,東久留米,4,1,東久留米総合高校G,済,修徳,A,東久留米総合,A,https://www.tleague-u18.com/schedule.php?dy=2026&dt=2
2026,T2,,2,2026-04-06,15:00,日大三,成立,1,1,日大三Ｇ,済,日大三,A,成立学園,A,https://www.tleague-u18.com/schedule.php?dy=2026&dt=2
2026,T2,,2,2026-04-06,17:15,東京実業,関東第一,0,0,国士館楓の杜G,済,東京実業,A,関東第一,A,https://www.tleague-u18.com/schedule.php?dy=2026&dt=2
2026,T2,,2,2026-04-29,13:00,帝京C,駒大,1,3,帝京科学大学G,済,帝京,C,駒澤大高,A,https://www.tleague-u18.com/schedule.php?dy=2026&dt=2
2026,T2,,3,2026-04-11,13:00,帝京C,東京実業,0,1,帝京科学大学千住総合G,済,帝京,C,東京実業,A,https://www.tleague-u18.com/schedule.php?dy=2026&dt=2
2026,T2,,3,2026-04-12,10:00,成立,養和SC・B,2,0,成立学園鷲宮Ｇ,済,成立学園,A,養和SC,B,https://www.tleague-u18.com/schedule.php?dy=2026&dt=2
2026,T2,,3,2026-04-12,10:00,東海大高輪台,修徳,2,1,東海大高輪台総合Ｇ,済,東海大高輪台,A,修徳,A,https://www.tleague-u18.com/schedule.php?dy=2026&dt=2
2026,T2,,3,2026-04-12,10:00,東久留米,関東第一,2,0,東久留米総合高校G,済,東久留米総合,A,関東第一,A,https://www.tleague-u18.com/schedule.php?dy=2026&dt=2
2026,T2,,3,2026-04-12,14:00,駒大,日大三,0,1,日大三Ｇ,済,駒澤大高,A,日大三,A,https://www.tleague-u18.com/schedule.php?dy=2026&dt=2
2026,T2,,4,2026-04-18,17:00,養和SC・B,駒大,1,1,(公財)三菱養和会　巣鴨スポーツセンターG,済,養和SC,B,駒澤大高,A,https://www.tleague-u18.com/schedule.php?dy=2026&dt=2
2026,T2,,4,2026-04-19,10:00,修徳,成立,2,4,成立学園鷲宮Ｇ,済,修徳,A,成立学園,A,https://www.tleague-u18.com/schedule.php?dy=2026&dt=2
2026,T2,,4,2026-04-19,10:00,関東第一,東海大高輪台,3,0,東海大高輪台総合Ｇ,済,関東第一,A,東海大高輪台,A,https://www.tleague-u18.com/schedule.php?dy=2026&dt=2
2026,T2,,4,2026-04-19,12:00,東久留米,東京実業,0,0,東久留米総合高校G,済,東久留米総合,A,東京実業,A,https://www.tleague-u18.com/schedule.php?dy=2026&dt=2
2026,T2,,4,2026-04-19,14:00,帝京C,日大三,0,4,日大三Ｇ,済,帝京,C,日大三,A,https://www.tleague-u18.com/schedule.php?dy=2026&dt=2
2026,T2,,5,2026-04-24,18:00,駒大,修徳,0,0,【公共】駒沢公園第二球技場,済,駒澤大高,A,修徳,A,https://www.tleague-u18.com/schedule.php?dy=2026&dt=2
2026,T2,,5,2026-04-25,13:00,帝京C,養和SC・B,5,5,帝京科学大学千住総合G,済,帝京,C,養和SC,B,https://www.tleague-u18.com/schedule.php?dy=2026&dt=2
2026,T2,,5,2026-04-25,14:00,関東第一,成立,0,1,【公共】清瀬内山公園 A,済,関東第一,A,成立学園,A,https://www.tleague-u18.com/schedule.php?dy=2026&dt=2
2026,T2,,5,2026-04-25,16:15,東京実業,日大三,2,0,【公共】清瀬内山公園 A,済,東京実業,A,日大三,A,https://www.tleague-u18.com/schedule.php?dy=2026&dt=2
2026,T2,,5,2026-04-26,10:00,東海大高輪台,東久留米,2,0,東海大高輪台総合Ｇ,済,東海大高輪台,A,東久留米総合,A,https://www.tleague-u18.com/schedule.php?dy=2026&dt=2
2026,T2,,6,2026-05-03,10:00,東久留米,成立,1,3,東久留米総合高校G,済,東久留米総合,A,成立学園,A,https://www.tleague-u18.com/schedule.php?dy=2026&dt=2
2026,T2,,6,2026-05-03,10:00,東京実業,東海大高輪台,3,1,東海大高輪台総合Ｇ,済,東京実業,A,東海大高輪台,A,https://www.tleague-u18.com/schedule.php?dy=2026&dt=2
2026,T2,,6,2026-05-03,13:30,関東第一,駒大,2,0,【第三者提供】東久留米,済,関東第一,A,駒澤大高,A,https://www.tleague-u18.com/schedule.php?dy=2026&dt=2
2026,T2,,6,2026-05-03,13:30,日大三,養和SC・B,3,1,日大三Ｇ,済,日大三,A,養和SC,B,https://www.tleague-u18.com/schedule.php?dy=2026&dt=2
2026,T2,,6,2026-05-04,13:00,帝京C,修徳,2,1,帝京科学大学千住総合G,済,帝京,C,修徳,A,https://www.tleague-u18.com/schedule.php?dy=2026&dt=2
2026,T2,,7,2026-05-08,18:00,関東第一,帝京C,1,2,【公共】駒沢公園第二球技場,済,関東第一,A,帝京,C,https://www.tleague-u18.com/schedule.php?dy=2026&dt=2
2026,T2,,7,2026-05-09,17:00,養和SC・B,東京実業,0,3,(公財)三菱養和会　巣鴨スポーツセンターG,済,養和SC,B,東京実業,A,https://www.tleague-u18.com/schedule.php?dy=2026&dt=2
2026,T2,,7,2026-05-10,10:00,成立,東海大高輪台,1,1,成立学園鷲宮Ｇ,済,成立学園,A,東海大高輪台,A,https://www.tleague-u18.com/schedule.php?dy=2026&dt=2
2026,T2,,7,2026-05-10,13:30,修徳,日大三,2,0,日大三Ｇ,済,修徳,A,日大三,A,https://www.tleague-u18.com/schedule.php?dy=2026&dt=2
2026,T2,,7,2026-05-10,18:00,駒大,東久留米,4,0,【公共】駒沢公園補助競技場,済,駒澤大高,A,東久留米総合,A,https://www.tleague-u18.com/schedule.php?dy=2026&dt=2
2026,T2,,8,2026-06-13,15:00,帝京C,東久留米,6,0,帝京科学大学千住総合G,済,帝京,C,東久留米総合,A,https://www.tleague-u18.com/schedule.php?dy=2026&dt=2
2026,T2,,8,2026-06-14,13:30,日大三,関東第一,1,1,日大三Ｇ,済,日大三,A,関東第一,A,https://www.tleague-u18.com/schedule.php?dy=2026&dt=2
2026,T2,,8,2026-06-14,17:00,養和SC・B,修徳,2,3,(公財)三菱養和会　巣鴨スポーツセンターG,済,養和SC,B,修徳,A,https://www.tleague-u18.com/schedule.php?dy=2026&dt=2
2026,T2,,8,2026-09-23,10:00,東京実業,成立,,,成立学園鷲宮Ｇ,未,東京実業,A,成立学園,A,https://www.tleague-u18.com/schedule.php?dy=2026&dt=2
2026,T2,,8,,,東海大高輪台,駒大,,,未定,未,東海大高輪台,A,駒澤大高,A,https://www.tleague-u18.com/schedule.php?dy=2026&dt=2
2026,T2,,9,2026-06-20,17:00,東海大高輪台,帝京C,3,0,東海大高輪台総合Ｇ,済,東海大高輪台,A,帝京,C,https://www.tleague-u18.com/schedule.php?dy=2026&dt=2
2026,T2,,9,2026-06-20,17:00,関東第一,養和SC・B,1,0,（公財）三菱養和会　巣鴨スポーツセンターグラウンド,済,関東第一,A,養和SC,B,https://www.tleague-u18.com/schedule.php?dy=2026&dt=2
2026,T2,,9,2026-06-21,10:00,駒大,成立,1,2,成立学園鷲宮G,済,駒澤大高,A,成立学園,A,https://www.tleague-u18.com/schedule.php?dy=2026&dt=2
2026,T2,,9,2026-06-21,13:30,東久留米,日大三,2,4,日大三Ｇ,済,東久留米総合,A,日大三,A,https://www.tleague-u18.com/schedule.php?dy=2026&dt=2
2026,T2,,9,2026-06-21,15:00,修徳,東京実業,2,1,非公開,済,修徳,A,東京実業,A,https://www.tleague-u18.com/schedule.php?dy=2026&dt=2
2026,T2,,10,2026-06-24,18:00,日大三,東海大高輪台,0,4,日大三Ｇ,済,日大三,A,東海大高輪台,A,https://www.tleague-u18.com/schedule.php?dy=2026&dt=2
2026,T2,,10,2026-06-28,13:00,帝京C,成立,1,1,帝京科学大学千住総合G,済,帝京,C,成立学園,A,https://www.tleague-u18.com/schedule.php?dy=2026&dt=2
2026,T2,,10,2026-06-28,16:00,修徳,関東第一,1,1,【公共】清瀬内山公園 A,済,修徳,A,関東第一,A,https://www.tleague-u18.com/schedule.php?dy=2026&dt=2
2026,T2,,10,2026-06-28,17:00,養和SC・B,東久留米,1,1,三菱養和巣鴨,済,養和SC,B,東久留米総合,A,https://www.tleague-u18.com/schedule.php?dy=2026&dt=2
2026,T2,,10,2026-09-01,18:00,東京実業,駒大,1,3,駒沢公園第二球技場,済,東京実業,A,駒澤大高,A,https://www.tleague-u18.com/schedule.php?dy=2026&dt=2
2026,T2,,11,2026-09-05,15:30,東久留米,修徳,0,4,非公開,済,東久留米総合,A,修徳,A,https://www.tleague-u18.com/schedule.php?dy=2026&dt=2
2026,T2,,11,2026-09-06,10:00,成立,日大三,2,1,成立学園鷲宮Ｇ,済,成立学園,A,日大三,A,https://www.tleague-u18.com/schedule.php?dy=2026&dt=2
2026,T2,,11,2026-09-06,16:00,東海大高輪台,養和SC・B,,,東海大高輪台総合Ｇ,未,東海大高輪台,A,養和SC,B,https://www.tleague-u18.com/schedule.php?dy=2026&dt=2
2026,T2,,11,2026-09-06,16:00,関東第一,東京実業,,,東久留米総合高校G,未,関東第一,A,東京実業,A,https://www.tleague-u18.com/schedule.php?dy=2026&dt=2
2026,T2,,11,2026-09-07,17:45,駒大,帝京C,2,2,駒澤大学玉川校舎グランド,済,駒澤大高,A,帝京,C,https://www.tleague-u18.com/schedule.php?dy=2026&dt=2
2026,T2,,12,2026-09-11,18:00,関東第一,東久留米,,,【公共】駒沢公園第二球技場,未,関東第一,A,東久留米総合,A,https://www.tleague-u18.com/schedule.php?dy=2026&dt=2
2026,T2,,12,2026-09-11,18:00,東京実業,帝京C,,,【公共】清瀬内山公園A,未,東京実業,A,帝京,C,https://www.tleague-u18.com/schedule.php?dy=2026&dt=2
2026,T2,,12,2026-09-12,17:00,養和SC・B,成立,,,(公財)三菱養和会　巣鴨スポーツセンターG,未,養和SC,B,成立学園,A,https://www.tleague-u18.com/schedule.php?dy=2026&dt=2
2026,T2,,12,2026-09-13,16:00,修徳,東海大高輪台,,,東海大高輪台総合Ｇ,未,修徳,A,東海大高輪台,A,https://www.tleague-u18.com/schedule.php?dy=2026&dt=2
2026,T2,,12,2026-09-14,18:30,日大三,駒大,,,【公共】駒沢公園第二球技場,未,日大三,A,駒澤大高,A,https://www.tleague-u18.com/schedule.php?dy=2026&dt=2
2026,T2,,13,2026-09-19,10:00,成立,修徳,,,成立学園鷲宮Ｇ,未,成立学園,A,修徳,A,https://www.tleague-u18.com/schedule.php?dy=2026&dt=2
2026,T2,,13,2026-09-19,16:00,東久留米,東京実業,,,東久留米総合高校G,未,東久留米総合,A,東京実業,A,https://www.tleague-u18.com/schedule.php?dy=2026&dt=2
2026,T2,,13,2026-09-20,13:00,日大三,帝京C,,,帝京科学大学千住総合G,未,日大三,A,帝京,C,https://www.tleague-u18.com/schedule.php?dy=2026&dt=2
2026,T2,,13,2026-09-20,16:00,東海大高輪台,関東第一,,,東海大高輪台総合Ｇ,未,東海大高輪台,A,関東第一,A,https://www.tleague-u18.com/schedule.php?dy=2026&dt=2
2026,T2,,13,,,駒大,養和SC・B,,,駒大or養和,未,駒澤大高,A,養和SC,B,https://www.tleague-u18.com/schedule.php?dy=2026&dt=2
2026,T2,,14,2026-09-26,17:00,帝京C,養和SC・B,,,(公財)三菱養和会　巣鴨スポーツセンターG,未,帝京,C,養和SC,B,https://www.tleague-u18.com/schedule.php?dy=2026&dt=2
2026,T2,,14,2026-09-26,17:00,東京実業,日大三,,,日大三Ｇ,未,東京実業,A,日大三,A,https://www.tleague-u18.com/schedule.php?dy=2026&dt=2
2026,T2,,14,2026-09-27,10:00,関東第一,成立,,,成立学園鷲宮Ｇ,未,関東第一,A,成立学園,A,https://www.tleague-u18.com/schedule.php?dy=2026&dt=2
2026,T2,,14,2026-09-27,10:00,東久留米,東海大高輪台,,,東久留米総合高校G,未,東久留米総合,A,東海大高輪台,A,https://www.tleague-u18.com/schedule.php?dy=2026&dt=2
2026,T2,,14,2026-09-27,14:00,修徳,駒大,,,非公開,未,修徳,A,駒澤大高,A,https://www.tleague-u18.com/schedule.php?dy=2026&dt=2
2026,T2,,15,2026-10-02,18:00,駒大,関東第一,,,【公共】清瀬内山公園 A,未,駒澤大高,A,関東第一,A,https://www.tleague-u18.com/schedule.php?dy=2026&dt=2
2026,T2,,15,2026-10-03,16:00,修徳,帝京C,,,非公開,未,修徳,A,帝京,C,https://www.tleague-u18.com/schedule.php?dy=2026&dt=2
2026,T2,,15,2026-10-03,17:00,養和SC・B,日大三,,,三菱養和,未,養和SC,B,日大三,A,https://www.tleague-u18.com/schedule.php?dy=2026&dt=2
2026,T2,,15,2026-10-04,10:00,成立,東久留米,,,成立学園鷲宮Ｇ,未,成立学園,A,東久留米総合,A,https://www.tleague-u18.com/schedule.php?dy=2026&dt=2
2026,T2,,15,2026-10-04,10:00,東海大高輪台,東京実業,,,東海大高輪台総合Ｇ,未,東海大高輪台,A,東京実業,A,https://www.tleague-u18.com/schedule.php?dy=2026&dt=2
2026,T2,,16,2026-11-14,13:00,帝京C,関東第一,,,帝京科学大学千住総合G,未,帝京,C,関東第一,A,https://www.tleague-u18.com/schedule.php?dy=2026&dt=2
2026,T2,,16,2026-11-14,17:00,東京実業,養和SC・B,,,(公財)三菱養和会 巣鴨スポーツセンターG,未,東京実業,A,養和SC,B,https://www.tleague-u18.com/schedule.php?dy=2026&dt=2
2026,T2,,16,2026-11-15,10:00,東久留米,駒大,,,東久留米総合高校G,未,東久留米総合,A,駒澤大高,A,https://www.tleague-u18.com/schedule.php?dy=2026&dt=2
2026,T2,,16,2026-11-15,13:30,日大三,修徳,,,日大三Ｇ,未,日大三,A,修徳,A,https://www.tleague-u18.com/schedule.php?dy=2026&dt=2
2026,T2,,16,2026-11-15,16:00,東海大高輪台,成立,,,東海大高輪台総合Ｇ,未,東海大高輪台,A,成立学園,A,https://www.tleague-u18.com/schedule.php?dy=2026&dt=2
2026,T2,,17,2026-11-21,17:00,修徳,養和SC・B,,,(公財)三菱養和会　巣鴨スポーツセンターG,未,修徳,A,養和SC,B,https://www.tleague-u18.com/schedule.php?dy=2026&dt=2
2026,T2,,17,2026-11-22,10:00,駒大,東海大高輪台,,,東海大高輪台総合Ｇ,未,駒澤大高,A,東海大高輪台,A,https://www.tleague-u18.com/schedule.php?dy=2026&dt=2
2026,T2,,17,2026-11-22,13:30,関東第一,日大三,,,関東第一or日大三,未,関東第一,A,日大三,A,https://www.tleague-u18.com/schedule.php?dy=2026&dt=2
2026,T2,,17,2026-11-22,17:00,成立,東京実業,,,成立学園鷲宮Ｇ,未,成立学園,A,東京実業,A,https://www.tleague-u18.com/schedule.php?dy=2026&dt=2
2026,T2,,17,,,東久留米,帝京C,,,,未,東久留米総合,A,帝京,C,https://www.tleague-u18.com/schedule.php?dy=2026&dt=2
2026,T2,,18,2026-12-04,18:00,東京実業,修徳,,,【公共】駒沢公園第二球技場,未,東京実業,A,修徳,A,https://www.tleague-u18.com/schedule.php?dy=2026&dt=2
2026,T2,,18,2026-12-05,17:00,養和SC・B,関東第一,,,（公財）三菱養和会　巣鴨スポーツセンターグラウンド,未,養和SC,B,関東第一,A,https://www.tleague-u18.com/schedule.php?dy=2026&dt=2
2026,T2,,18,2026-12-06,10:00,成立,駒大,,,成立学園鷲宮Ｇ,未,成立学園,A,駒澤大高,A,https://www.tleague-u18.com/schedule.php?dy=2026&dt=2
2026,T2,,18,2026-12-06,10:00,帝京C,東海大高輪台,,,東海大高輪台総合Ｇ,未,帝京,C,東海大高輪台,A,https://www.tleague-u18.com/schedule.php?dy=2026&dt=2
2026,T2,,18,2026-12-06,10:00,日大三,東久留米,,,東久留米総合高校G,未,日大三,A,東久留米総合,A,https://www.tleague-u18.com/schedule.php?dy=2026&dt=2
2026,T3,Aブロック,1,2026-04-02,14:00,創価,FC TRP,1,1,駒沢公園補助競技場,済,創価,A,FCTRP,A,https://www.tleague-u18.com/schedule.php?dy=2026&dt=3&ltno=18
2026,T3,Aブロック,1,2026-04-02,16:00,久我山B,多摩大目黒B,2,0,東戸塚FP,済,国学院久我山,B,多摩大学目黒,B,https://www.tleague-u18.com/schedule.php?dy=2026&dt=3&ltno=18
2026,T3,Aブロック,1,2026-04-03,11:00,駒大B,昭和第一学園,2,0,南豊ヶ丘F,済,駒澤大高,B,昭和第一学園,A,https://www.tleague-u18.com/schedule.php?dy=2026&dt=3&ltno=18
2026,T3,Aブロック,1,2026-04-05,14:00,関東第一Ｂ,日大豊山,5,2,日大豊山中台G,済,関東第一,B,日大豊山,A,https://www.tleague-u18.com/schedule.php?dy=2026&dt=3&ltno=18
2026,T3,Aブロック,1,2026-04-05,18:00,町田Y・B,狛江,2,1,NICHIBUN SAKURA FIELD,済,町田Y,B,狛江,A,https://www.tleague-u18.com/schedule.php?dy=2026&dt=3&ltno=18
2026,T3,Aブロック,2,2026-04-10,18:30,FC TRP,関東第一Ｂ,3,1,清瀬内山公園 A面,済,FCTRP,A,関東第一,B,https://www.tleague-u18.com/schedule.php?dy=2026&dt=3&ltno=18
2026,T3,Aブロック,2,2026-04-11,16:15,狛江,駒大B,0,1,駒沢公園第二球技場,済,狛江,A,駒澤大高,B,https://www.tleague-u18.com/schedule.php?dy=2026&dt=3&ltno=18
2026,T3,Aブロック,2,2026-04-11,18:30,日大豊山,町田Y・B,1,4,NICHIBUN SAKURA FIELD,済,日大豊山,A,町田Y,B,https://www.tleague-u18.com/schedule.php?dy=2026&dt=3&ltno=18
2026,T3,Aブロック,2,2026-04-12,11:00,多摩大目黒B,創価,0,1,あざみ野セミナーハウスG,済,多摩大学目黒,B,創価,A,https://www.tleague-u18.com/schedule.php?dy=2026&dt=3&ltno=18
2026,T3,Aブロック,2,2026-04-12,14:00,昭和第一学園,久我山B,1,6,國學院大學相模原キャンパスＧ,済,昭和第一学園,A,国学院久我山,B,https://www.tleague-u18.com/schedule.php?dy=2026&dt=3&ltno=18
2026,T3,Aブロック,3,2026-04-18,18:15,町田Y・B,FC TRP,3,1,NICHIBUN SAKURA FIELD,済,町田Y,B,FCTRP,A,https://www.tleague-u18.com/schedule.php?dy=2026&dt=3&ltno=18
2026,T3,Aブロック,3,2026-04-19,09:30,創価,久我山B,1,1,創価高校G,済,創価,A,国学院久我山,B,https://www.tleague-u18.com/schedule.php?dy=2026&dt=3&ltno=18
2026,T3,Aブロック,3,2026-04-19,14:00,駒大B,日大豊山,1,3,日大豊山中台G,済,駒澤大高,B,日大豊山,A,https://www.tleague-u18.com/schedule.php?dy=2026&dt=3&ltno=18
2026,T3,Aブロック,3,2026-04-19,16:00,狛江,昭和第一学園,3,3,昭和第一学園G,済,狛江,A,昭和第一学園,A,https://www.tleague-u18.com/schedule.php?dy=2026&dt=3&ltno=18
2026,T3,Aブロック,3,2026-04-19,18:45,関東第一Ｂ,多摩大目黒B,3,3,あざみ野セミナーハウスG,済,関東第一,B,多摩大学目黒,B,https://www.tleague-u18.com/schedule.php?dy=2026&dt=3&ltno=18
2026,T3,Aブロック,4,2026-05-01,18:30,FC TRP,駒大B,2,3,駒沢公園第二球技場,済,FCTRP,A,駒澤大高,B,https://www.tleague-u18.com/schedule.php?dy=2026&dt=3&ltno=18
2026,T3,Aブロック,4,2026-05-01,18:30,狛江,日大豊山,0,1,清瀬内山公園 B面,済,狛江,A,日大豊山,A,https://www.tleague-u18.com/schedule.php?dy=2026&dt=3&ltno=18
2026,T3,Aブロック,4,2026-05-02,11:45,昭和第一学園,創価,2,0,駒沢補助G,済,昭和第一学園,A,創価,A,https://www.tleague-u18.com/schedule.php?dy=2026&dt=3&ltno=18
2026,T3,Aブロック,4,2026-05-04,18:00,多摩大目黒B,町田Y・B,1,2,東戸塚FP,済,多摩大学目黒,B,町田Y,B,https://www.tleague-u18.com/schedule.php?dy=2026&dt=3&ltno=18
2026,T3,Aブロック,4,2026-05-04,18:00,久我山B,関東第一Ｂ,2,3,國學院大学たまプラーザキャンパスG,済,国学院久我山,B,関東第一,B,https://www.tleague-u18.com/schedule.php?dy=2026&dt=3&ltno=18
2026,T3,Aブロック,5,2026-05-24,18:00,町田Y・B,久我山B,1,0,NICHIBUN SAKURA FIELD,済,町田Y,B,国学院久我山,B,https://www.tleague-u18.com/schedule.php?dy=2026&dt=3&ltno=18
2026,T3,Aブロック,5,2026-05-29,18:30,FC TRP,狛江,0,0,清瀬内山公園 B面,済,FCTRP,A,狛江,A,https://www.tleague-u18.com/schedule.php?dy=2026&dt=3&ltno=18
2026,T3,Aブロック,5,2026-05-30,18:00,駒大B,多摩大目黒B,3,1,東戸塚FP,済,駒澤大高,B,多摩大学目黒,B,https://www.tleague-u18.com/schedule.php?dy=2026&dt=3&ltno=18
2026,T3,Aブロック,5,2026-05-31,14:00,日大豊山,昭和第一学園,4,1,日大豊山中台G,済,日大豊山,A,昭和第一学園,A,https://www.tleague-u18.com/schedule.php?dy=2026&dt=3&ltno=18
2026,T3,Aブロック,5,2026-06-24,18:30,関東第一Ｂ,創価,4,0,清瀬内山運動公園サッカー場B面,済,関東第一,B,創価,A,https://www.tleague-u18.com/schedule.php?dy=2026&dt=3&ltno=18
2026,T3,Aブロック,6,2026-06-20,18:30,創価,町田Y・B,1,2,拓大八王子キャンパスG,済,創価,A,町田Y,B,https://www.tleague-u18.com/schedule.php?dy=2026&dt=3&ltno=18
2026,T3,Aブロック,6,2026-06-21,13:00,狛江,多摩大目黒B,1,0,東戸塚FP,済,狛江,A,多摩大学目黒,B,https://www.tleague-u18.com/schedule.php?dy=2026&dt=3&ltno=18
2026,T3,Aブロック,6,2026-06-21,14:00,日大豊山,FC TRP,5,1,日大豊山中台G,済,日大豊山,A,FCTRP,A,https://www.tleague-u18.com/schedule.php?dy=2026&dt=3&ltno=18
2026,T3,Aブロック,6,2026-06-21,16:00,昭和第一学園,関東第一Ｂ,1,4,昭和第一学園G,済,昭和第一学園,A,関東第一,B,https://www.tleague-u18.com/schedule.php?dy=2026&dt=3&ltno=18
2026,T3,Aブロック,6,2026-06-21,18:00,久我山B,駒大B,1,5,國學院大學たまプラーザキャンパスG,済,国学院久我山,B,駒澤大高,B,https://www.tleague-u18.com/schedule.php?dy=2026&dt=3&ltno=18
2026,T3,Aブロック,7,2026-09-04,18:00,駒大B,創価,1,1,駒沢公園第二球技場,済,駒澤大高,B,創価,A,https://www.tleague-u18.com/schedule.php?dy=2026&dt=3&ltno=18
2026,T3,Aブロック,7,2026-09-05,18:30,町田Y・B,関東第一Ｂ,3,1,拓大八王子キャンパスG,済,町田Y,B,関東第一,B,https://www.tleague-u18.com/schedule.php?dy=2026&dt=3&ltno=18
2026,T3,Aブロック,7,2026-09-06,16:00,FC TRP,昭和第一学園,,,昭和第一学園G,未,FCTRP,A,昭和第一学園,A,https://www.tleague-u18.com/schedule.php?dy=2026&dt=3&ltno=18
2026,T3,Aブロック,7,2026-09-13,18:15,多摩大目黒B,日大豊山,,,あざみ野セミナーハウスG,未,多摩大学目黒,B,日大豊山,A,https://www.tleague-u18.com/schedule.php?dy=2026&dt=3&ltno=18
2026,T3,Aブロック,7,2026-09-20,15:30,久我山B,狛江,,,國學院大學たまプラーザキャンパスG,未,国学院久我山,B,狛江,A,https://www.tleague-u18.com/schedule.php?dy=2026&dt=3&ltno=18
2026,T3,Aブロック,8,2026-09-12,15:15,狛江,創価,,,日本工学院八王子専門学校総合G,未,狛江,A,創価,A,https://www.tleague-u18.com/schedule.php?dy=2026&dt=3&ltno=18
2026,T3,Aブロック,8,2026-09-25,18:00,関東第一Ｂ,駒大B,,,駒沢公園第二球技場,未,関東第一,B,駒澤大高,B,https://www.tleague-u18.com/schedule.php?dy=2026&dt=3&ltno=18
2026,T3,Aブロック,8,2026-09-26,18:30,昭和第一学園,町田Y・B,,,拓大八王子キャンパスG,未,昭和第一学園,A,町田Y,B,https://www.tleague-u18.com/schedule.php?dy=2026&dt=3&ltno=18
2026,T3,Aブロック,8,2026-09-27,10:45,FC TRP,多摩大目黒B,,,横浜FC東戸塚フットボールパーク,未,FCTRP,A,多摩大学目黒,B,https://www.tleague-u18.com/schedule.php?dy=2026&dt=3&ltno=18
2026,T3,Aブロック,8,2026-09-27,14:00,日大豊山,久我山B,,,日大豊山中台G,未,日大豊山,A,国学院久我山,B,https://www.tleague-u18.com/schedule.php?dy=2026&dt=3&ltno=18
2026,T3,Aブロック,9,2026-10-01,09:30,創価,日大豊山,,,清瀬内山公園 A面,未,創価,A,日大豊山,A,https://www.tleague-u18.com/schedule.php?dy=2026&dt=3&ltno=18
2026,T3,Aブロック,9,2026-10-01,11:00,多摩大目黒B,昭和第一学園,,,東戸塚FP,未,多摩大学目黒,B,昭和第一学園,A,https://www.tleague-u18.com/schedule.php?dy=2026&dt=3&ltno=18
2026,T3,Aブロック,9,2026-10-01,11:45,関東第一Ｂ,狛江,,,駒沢公園第二球技場,未,関東第一,B,狛江,A,https://www.tleague-u18.com/schedule.php?dy=2026&dt=3&ltno=18
2026,T3,Aブロック,9,2026-10-01,18:00,久我山B,FC TRP,,,清瀬内山公園 A面,未,国学院久我山,B,FCTRP,A,https://www.tleague-u18.com/schedule.php?dy=2026&dt=3&ltno=18
2026,T3,Aブロック,9,2026-10-03,18:30,駒大B,町田Y・B,,,NICHIBUN SAKURA FIELD,未,駒澤大高,B,町田Y,B,https://www.tleague-u18.com/schedule.php?dy=2026&dt=3&ltno=18
2026,T3,Bブロック,1,2026-04-01,09:45,駿台学園,東大和南,2,1,赤羽スポーツの森公園競技場,済,駿台学園,A,東大和南,A,https://www.tleague-u18.com/schedule.php?dy=2026&dt=3&ltno=19
2026,T3,Bブロック,1,2026-04-02,11:00,成立Ｂ,石神井,1,3,成立学園鷲宮G,済,成立学園,B,石神井,A,https://www.tleague-u18.com/schedule.php?dy=2026&dt=3&ltno=19
2026,T3,Bブロック,1,2026-04-02,11:45,実践学園B,東京,0,0,駒沢公園第二球技場,済,実践学園,B,東京,A,https://www.tleague-u18.com/schedule.php?dy=2026&dt=3&ltno=19
2026,T3,Bブロック,1,2026-04-04,18:30,横河武蔵野,堀越B,1,2,横河電機G,済,横河武蔵野,A,堀越,B,https://www.tleague-u18.com/schedule.php?dy=2026&dt=3&ltno=19
2026,T3,Bブロック,1,2026-04-05,13:00,東京朝鮮,東海大菅生,3,2,東京朝鮮G,済,東京朝鮮,A,東海大菅生,A,https://www.tleague-u18.com/schedule.php?dy=2026&dt=3&ltno=19
2026,T3,Bブロック,2,2026-04-11,12:00,堀越B,成立Ｂ,2,1,堀越学園総合G,済,堀越,B,成立学園,B,https://www.tleague-u18.com/schedule.php?dy=2026&dt=3&ltno=19
2026,T3,Bブロック,2,2026-04-11,17:30,石神井,実践学園B,0,4,実践学園高尾G,済,石神井,A,実践学園,B,https://www.tleague-u18.com/schedule.php?dy=2026&dt=3&ltno=19
2026,T3,Bブロック,2,2026-04-12,14:00,東海大菅生,駿台学園,3,3,菅生学園学びの城G,済,東海大菅生,A,駿台学園,A,https://www.tleague-u18.com/schedule.php?dy=2026&dt=3&ltno=19
2026,T3,Bブロック,2,2026-04-12,16:05,東大和南,横河武蔵野,0,2,朝鮮大学G,済,東大和南,A,横河武蔵野,A,https://www.tleague-u18.com/schedule.php?dy=2026&dt=3&ltno=19
2026,T3,Bブロック,2,2026-04-12,16:45,東京,東京朝鮮,1,1,東京朝鮮G,済,東京,A,東京朝鮮,A,https://www.tleague-u18.com/schedule.php?dy=2026&dt=3&ltno=19
2026,T3,Bブロック,3,2026-04-17,18:30,駿台学園,東京,0,1,赤羽スポーツの森公園G,済,駿台学園,A,東京,A,https://www.tleague-u18.com/schedule.php?dy=2026&dt=3&ltno=19
2026,T3,Bブロック,3,2026-04-18,17:00,実践学園B,成立Ｂ,3,2,実践学園高尾G,済,実践学園,B,成立学園,B,https://www.tleague-u18.com/schedule.php?dy=2026&dt=3&ltno=19
2026,T3,Bブロック,3,2026-04-18,18:30,横河武蔵野,東海大菅生,4,1,横河電機G,済,横河武蔵野,A,東海大菅生,A,https://www.tleague-u18.com/schedule.php?dy=2026&dt=3&ltno=19
2026,T3,Bブロック,3,2026-04-19,16:00,東京朝鮮,石神井,2,1,東京朝鮮G,済,東京朝鮮,A,石神井,A,https://www.tleague-u18.com/schedule.php?dy=2026&dt=3&ltno=19
2026,T3,Bブロック,3,2026-04-19,16:05,東大和南,堀越B,1,0,朝鮮大学G,済,東大和南,A,堀越,B,https://www.tleague-u18.com/schedule.php?dy=2026&dt=3&ltno=19
2026,T3,Bブロック,4,2026-05-02,16:15,石神井,駿台学園,2,1,駒沢公園補助競技場,済,石神井,A,駿台学園,A,https://www.tleague-u18.com/schedule.php?dy=2026&dt=3&ltno=19
2026,T3,Bブロック,4,2026-05-03,13:00,成立Ｂ,東京朝鮮,1,2,成立学園鷲宮G,済,成立学園,B,東京朝鮮,A,https://www.tleague-u18.com/schedule.php?dy=2026&dt=3&ltno=19
2026,T3,Bブロック,4,2026-05-03,14:00,東大和南,東海大菅生,0,2,菅生学園学びの城G,済,東大和南,A,東海大菅生,A,https://www.tleague-u18.com/schedule.php?dy=2026&dt=3&ltno=19
2026,T3,Bブロック,4,2026-05-03,18:45,東京,横河武蔵野,0,5,横河電機G,済,東京,A,横河武蔵野,A,https://www.tleague-u18.com/schedule.php?dy=2026&dt=3&ltno=19
2026,T3,Bブロック,4,2026-05-05,11:00,堀越B,実践学園B,0,3,堀越学園総合G,済,堀越,B,実践学園,B,https://www.tleague-u18.com/schedule.php?dy=2026&dt=3&ltno=19
2026,T3,Bブロック,5,2026-05-31,16:00,東京朝鮮,実践学園B,3,3,東京朝鮮G,済,東京朝鮮,A,実践学園,B,https://www.tleague-u18.com/schedule.php?dy=2026&dt=3&ltno=19
2026,T3,Bブロック,5,2026-05-31,16:00,東海大菅生,堀越B,1,1,菅生学園学びの城G,済,東海大菅生,A,堀越,B,https://www.tleague-u18.com/schedule.php?dy=2026&dt=3&ltno=19
2026,T3,Bブロック,5,2026-05-31,17:00,東京,東大和南,1,2,森ケ崎公園G,済,東京,A,東大和南,A,https://www.tleague-u18.com/schedule.php?dy=2026&dt=3&ltno=19
2026,T3,Bブロック,5,2026-05-31,18:45,横河武蔵野,石神井,2,1,横河電機G,済,横河武蔵野,A,石神井,A,https://www.tleague-u18.com/schedule.php?dy=2026&dt=3&ltno=19
2026,T3,Bブロック,5,2026-06-01,18:30,駿台学園,成立Ｂ,2,1,赤羽スポーツの森公園G,済,駿台学園,A,成立学園,B,https://www.tleague-u18.com/schedule.php?dy=2026&dt=3&ltno=19
2026,T3,Bブロック,6,2026-06-20,12:00,堀越B,東京朝鮮,3,0,堀越学園総合G,済,堀越,B,東京朝鮮,A,https://www.tleague-u18.com/schedule.php?dy=2026&dt=3&ltno=19
2026,T3,Bブロック,6,2026-06-20,15:10,東大和南,石神井,3,3,日本工学院八王子専門学校総合G,済,東大和南,A,石神井,A,https://www.tleague-u18.com/schedule.php?dy=2026&dt=3&ltno=19
2026,T3,Bブロック,6,2026-06-21,13:00,成立Ｂ,横河武蔵野,1,1,成立学園鷲宮G,済,成立学園,B,横河武蔵野,A,https://www.tleague-u18.com/schedule.php?dy=2026&dt=3&ltno=19
2026,T3,Bブロック,6,2026-06-21,16:00,東海大菅生,東京,0,0,菅生学園学びの城G,済,東海大菅生,A,東京,A,https://www.tleague-u18.com/schedule.php?dy=2026&dt=3&ltno=19
2026,T3,Bブロック,6,2026-06-21,17:00,実践学園B,駿台学園,2,3,実践学園高尾G,済,実践学園,B,駿台学園,A,https://www.tleague-u18.com/schedule.php?dy=2026&dt=3&ltno=19
2026,T3,Bブロック,7,2026-09-01,18:00,東京,堀越B,0,1,堀越学園総合G,済,東京,A,堀越,B,https://www.tleague-u18.com/schedule.php?dy=2026&dt=3&ltno=19
2026,T3,Bブロック,7,2026-09-05,10:00,成立Ｂ,東大和南,5,0,成立学園鷲宮G,済,成立学園,B,東大和南,A,https://www.tleague-u18.com/schedule.php?dy=2026&dt=3&ltno=19
2026,T3,Bブロック,7,2026-09-20,16:30,駿台学園,東京朝鮮,,,東京朝鮮G,未,駿台学園,A,東京朝鮮,A,https://www.tleague-u18.com/schedule.php?dy=2026&dt=3&ltno=19
2026,T3,Bブロック,7,2026-09-21,16:00,横河武蔵野,実践学園B,,,横河電機G,未,横河武蔵野,A,実践学園,B,https://www.tleague-u18.com/schedule.php?dy=2026&dt=3&ltno=19
2026,T3,Bブロック,7,2026-09-30,18:30,石神井,東海大菅生,,,清瀬内山公園A面,未,石神井,A,東海大菅生,A,https://www.tleague-u18.com/schedule.php?dy=2026&dt=3&ltno=19
2026,T3,Bブロック,8,2026-09-26,17:20,堀越B,駿台学園,,,堀越学園総合G,未,堀越,B,駿台学園,A,https://www.tleague-u18.com/schedule.php?dy=2026&dt=3&ltno=19
2026,T3,Bブロック,8,2026-09-27,14:00,東大和南,実践学園B,,,実践学園高尾G,未,東大和南,A,実践学園,B,https://www.tleague-u18.com/schedule.php?dy=2026&dt=3&ltno=19
2026,T3,Bブロック,8,2026-09-27,14:00,東海大菅生,成立Ｂ,,,菅生学園学びの城G,未,東海大菅生,A,成立学園,B,https://www.tleague-u18.com/schedule.php?dy=2026&dt=3&ltno=19
2026,T3,Bブロック,8,2026-09-27,17:20,東京,石神井,,,堀越学園総合G,未,東京,A,石神井,A,https://www.tleague-u18.com/schedule.php?dy=2026&dt=3&ltno=19
2026,T3,Bブロック,8,2026-09-27,18:00,東京朝鮮,横河武蔵野,,,東京朝鮮G,未,東京朝鮮,A,横河武蔵野,A,https://www.tleague-u18.com/schedule.php?dy=2026&dt=3&ltno=19
2026,T3,Bブロック,9,2026-10-03,10:00,東京朝鮮,東大和南,,,東京朝鮮G,未,東京朝鮮,A,東大和南,A,https://www.tleague-u18.com/schedule.php?dy=2026&dt=3&ltno=19
2026,T3,Bブロック,9,2026-10-03,10:00,実践学園B,東海大菅生,,,実践学園高尾G,未,実践学園,B,東海大菅生,A,https://www.tleague-u18.com/schedule.php?dy=2026&dt=3&ltno=19
2026,T3,Bブロック,9,2026-10-03,16:00,成立Ｂ,東京,,,成立学園鷲宮G,未,成立学園,B,東京,A,https://www.tleague-u18.com/schedule.php?dy=2026&dt=3&ltno=19
2026,T3,Bブロック,9,2026-10-03,17:20,石神井,堀越B,,,堀越学園総合G,未,石神井,A,堀越,B,https://www.tleague-u18.com/schedule.php?dy=2026&dt=3&ltno=19
2026,T3,Bブロック,9,2026-10-04,18:45,横河武蔵野,駿台学園,,,横河電機G,未,横河武蔵野,A,駿台学園,A,https://www.tleague-u18.com/schedule.php?dy=2026&dt=3&ltno=19
2026,T4,Aブロック,1,2026-04-02,13:30,明星学園,国分寺,3,3,昭和公園Ｇ,済,明星学園,A,国分寺,A,https://www.tleague-u18.com/schedule.php?dy=2026&dt=4&ltno=20
2026,T4,Aブロック,1,2026-04-02,14:00,暁星,東京実業B,1,4,駒沢公園第二球技場,済,暁星,A,東京実業,B,https://www.tleague-u18.com/schedule.php?dy=2026&dt=4&ltno=20
2026,T4,Aブロック,1,2026-04-03,11:40,大森学園,東大和,3,4,森ケ崎公園サッカー場,済,大森学園,A,東大和,A,https://www.tleague-u18.com/schedule.php?dy=2026&dt=4&ltno=20
2026,T4,Aブロック,1,2026-04-04,11:00,久我山C,東京成徳,0,3,東京成徳大学八千代キャンパスＧ,済,国学院久我山,C,東京成徳大高,A,https://www.tleague-u18.com/schedule.php?dy=2026&dt=4&ltno=20
2026,T4,Aブロック,1,2026-04-05,18:45,横河武蔵野B,日体大荏原,2,3,横河武蔵野Ｇ,済,横河武蔵野,B,日体大荏原,A,https://www.tleague-u18.com/schedule.php?dy=2026&dt=4&ltno=20
2026,T4,Aブロック,2,2026-04-11,09:30,東大和,暁星,1,4,駒沢第二球技場,済,東大和,A,暁星,A,https://www.tleague-u18.com/schedule.php?dy=2026&dt=4&ltno=20
2026,T4,Aブロック,2,2026-04-11,14:45,国分寺,大森学園,1,2,森ケ崎公園サッカー場,済,国分寺,A,大森学園,A,https://www.tleague-u18.com/schedule.php?dy=2026&dt=4&ltno=20
2026,T4,Aブロック,2,2026-04-11,18:30,日体大荏原,久我山C,5,0,駒沢公園第二球技場,済,日体大荏原,A,国学院久我山,C,https://www.tleague-u18.com/schedule.php?dy=2026&dt=4&ltno=20
2026,T4,Aブロック,2,2026-04-11,19:00,東京実業B,横河武蔵野B,1,0,横河武蔵野Ｇ,済,東京実業,B,横河武蔵野,B,https://www.tleague-u18.com/schedule.php?dy=2026&dt=4&ltno=20
2026,T4,Aブロック,2,2026-04-12,11:00,東京成徳,明星学園,1,1,東京成徳大学八千代キャンパスＧ,済,東京成徳大高,A,明星学園,A,https://www.tleague-u18.com/schedule.php?dy=2026&dt=4&ltno=20
2026,T4,Aブロック,3,2026-04-17,18:00,暁星,国分寺,2,4,清瀬内山公園B,済,暁星,A,国分寺,A,https://www.tleague-u18.com/schedule.php?dy=2026&dt=4&ltno=20
2026,T4,Aブロック,3,2026-04-18,15:30,東京実業B,日体大荏原,0,1,神奈川工科大学Ｇ,済,東京実業,B,日体大荏原,A,https://www.tleague-u18.com/schedule.php?dy=2026&dt=4&ltno=20
2026,T4,Aブロック,3,2026-04-19,11:00,大森学園,東京成徳,2,1,東京成徳大学八千代キャンパスＧ,済,大森学園,A,東京成徳大高,A,https://www.tleague-u18.com/schedule.php?dy=2026&dt=4&ltno=20
2026,T4,Aブロック,3,2026-04-20,18:30,明星学園,久我山C,3,1,朝鮮大学Ｇ,済,明星学園,A,国学院久我山,C,https://www.tleague-u18.com/schedule.php?dy=2026&dt=4&ltno=20
2026,T4,Aブロック,3,2026-04-26,18:45,横河武蔵野B,東大和,2,1,横河武蔵野グランド,済,横河武蔵野,B,東大和,A,https://www.tleague-u18.com/schedule.php?dy=2026&dt=4&ltno=20
2026,T4,Aブロック,4,2026-05-01,18:00,東京成徳,暁星,2,1,駒沢公園補助競技場,済,東京成徳大高,A,暁星,A,https://www.tleague-u18.com/schedule.php?dy=2026&dt=4&ltno=20
2026,T4,Aブロック,4,2026-05-02,09:30,日体大荏原,明星学園,0,8,駒沢公園補助競技場,済,日体大荏原,A,明星学園,A,https://www.tleague-u18.com/schedule.php?dy=2026&dt=4&ltno=20
2026,T4,Aブロック,4,2026-05-02,14:00,東京実業B,東大和,1,0,駒沢公園補助競技場,済,東京実業,B,東大和,A,https://www.tleague-u18.com/schedule.php?dy=2026&dt=4&ltno=20
2026,T4,Aブロック,4,2026-05-04,14:00,久我山C,大森学園,0,1,ニチブンサクラフィールド,済,国学院久我山,C,大森学園,A,https://www.tleague-u18.com/schedule.php?dy=2026&dt=4&ltno=20
2026,T4,Aブロック,4,2026-05-04,18:45,国分寺,横河武蔵野B,3,0,横河武蔵野Ｇ,済,国分寺,A,横河武蔵野,B,https://www.tleague-u18.com/schedule.php?dy=2026&dt=4&ltno=20
2026,T4,Aブロック,5,2026-05-30,15:30,暁星,久我山C,1,3,高井戸公園グランド,済,暁星,A,国学院久我山,C,https://www.tleague-u18.com/schedule.php?dy=2026&dt=4&ltno=20
2026,T4,Aブロック,5,2026-05-31,13:00,大森学園,明星学園,0,1,神奈川工科大学Ｇ,済,大森学園,A,明星学園,A,https://www.tleague-u18.com/schedule.php?dy=2026&dt=4&ltno=20
2026,T4,Aブロック,5,2026-05-31,14:45,東大和,日体大荏原,0,1,ニチブンサクラフィールド,済,東大和,A,日体大荏原,A,https://www.tleague-u18.com/schedule.php?dy=2026&dt=4&ltno=20
2026,T4,Aブロック,5,2026-06-01,18:00,国分寺,東京実業B,6,2,清瀬内山公園 C,済,国分寺,A,東京実業,B,https://www.tleague-u18.com/schedule.php?dy=2026&dt=4&ltno=20
2026,T4,Aブロック,5,2026-06-13,19:00,横河武蔵野B,東京成徳,2,2,横河武蔵野Ｇ,済,横河武蔵野,B,東京成徳大高,A,https://www.tleague-u18.com/schedule.php?dy=2026&dt=4&ltno=20
2026,T4,Aブロック,6,2026-06-20,15:45,日体大荏原,大森学園,1,0,東京朝鮮高級学校,済,日体大荏原,A,大森学園,A,https://www.tleague-u18.com/schedule.php?dy=2026&dt=4&ltno=20
2026,T4,Aブロック,6,2026-06-20,19:00,久我山C,横河武蔵野B,1,3,横河武蔵野Ｇ,済,国学院久我山,C,横河武蔵野,B,https://www.tleague-u18.com/schedule.php?dy=2026&dt=4&ltno=20
2026,T4,Aブロック,6,2026-06-21,09:45,東大和,国分寺,3,3,ニチブンサクラフィールド,済,東大和,A,国分寺,A,https://www.tleague-u18.com/schedule.php?dy=2026&dt=4&ltno=20
2026,T4,Aブロック,6,2026-06-22,18:15,明星学園,暁星,1,0,朝鮮大学G,済,明星学園,A,暁星,A,https://www.tleague-u18.com/schedule.php?dy=2026&dt=4&ltno=20
2026,T4,Aブロック,6,2026-06-28,18:30,東京実業B,東京成徳,6,0,清瀬内山グランドA,済,東京実業,B,東京成徳大高,A,https://www.tleague-u18.com/schedule.php?dy=2026&dt=4&ltno=20
2026,T4,Aブロック,7,2026-09-01,14:45,暁星,大森学園,0,4,富士通スタジアム川崎,済,暁星,A,大森学園,A,https://www.tleague-u18.com/schedule.php?dy=2026&dt=4&ltno=20
2026,T4,Aブロック,7,2026-09-04,18:00,国分寺,日体大荏原,0,1,駒沢公園補助競技場,済,国分寺,A,日体大荏原,A,https://www.tleague-u18.com/schedule.php?dy=2026&dt=4&ltno=20
2026,T4,Aブロック,7,2026-09-05,15:10,久我山C,東京実業B,3,1,高井戸公園グランド,済,国学院久我山,C,東京実業,B,https://www.tleague-u18.com/schedule.php?dy=2026&dt=4&ltno=20
2026,T4,Aブロック,7,2026-09-05,19:00,横河武蔵野B,明星学園,1,2,横河武蔵野Ｇ,済,横河武蔵野,B,明星学園,A,https://www.tleague-u18.com/schedule.php?dy=2026&dt=4&ltno=20
2026,T4,Aブロック,7,2026-09-06,11:00,東京成徳,東大和,6,1,東京成徳大学八千代キャンパスＧ,済,東京成徳大高,A,東大和,A,https://www.tleague-u18.com/schedule.php?dy=2026&dt=4&ltno=20
2026,T4,Aブロック,8,2026-09-25,15:45,国分寺,東京成徳,,,赤羽スポーツの森公園競技場,未,国分寺,A,東京成徳大高,A,https://www.tleague-u18.com/schedule.php?dy=2026&dt=4&ltno=20
2026,T4,Aブロック,8,2026-09-25,18:00,東京実業B,明星学園,,,清瀬内山公園 A,未,東京実業,B,明星学園,A,https://www.tleague-u18.com/schedule.php?dy=2026&dt=4&ltno=20
2026,T4,Aブロック,8,2026-09-26,13:00,日体大荏原,暁星,,,つくばFC万博Ｇ,未,日体大荏原,A,暁星,A,https://www.tleague-u18.com/schedule.php?dy=2026&dt=4&ltno=20
2026,T4,Aブロック,8,2026-09-26,19:00,大森学園,横河武蔵野B,,,横河武蔵野Ｇ,未,大森学園,A,横河武蔵野,B,https://www.tleague-u18.com/schedule.php?dy=2026&dt=4&ltno=20
2026,T4,Aブロック,8,,,東大和,久我山C,,,未定,未,東大和,A,国学院久我山,C,https://www.tleague-u18.com/schedule.php?dy=2026&dt=4&ltno=20
2026,T4,Aブロック,9,2026-10-01,11:30,明星学園,東大和,,,清瀬内山公園 A,未,明星学園,A,東大和,A,https://www.tleague-u18.com/schedule.php?dy=2026&dt=4&ltno=20
2026,T4,Aブロック,9,2026-10-01,09:30,大森学園,東京実業B,,,駒沢公園第二球技場,未,大森学園,A,東京実業,B,https://www.tleague-u18.com/schedule.php?dy=2026&dt=4&ltno=20
2026,T4,Aブロック,9,2026-10-01,14:00,久我山C,国分寺,,,清瀬内山グランドA,未,国学院久我山,C,国分寺,A,https://www.tleague-u18.com/schedule.php?dy=2026&dt=4&ltno=20
2026,T4,Aブロック,9,2026-10-03,19:00,横河武蔵野B,暁星,,,横河武蔵野Ｇ,未,横河武蔵野,B,暁星,A,https://www.tleague-u18.com/schedule.php?dy=2026&dt=4&ltno=20
2026,T4,Aブロック,9,2026-10-04,11:00,東京成徳,日体大荏原,,,東京成徳大学八千代キャンパスＧ,未,東京成徳大高,A,日体大荏原,A,https://www.tleague-u18.com/schedule.php?dy=2026&dt=4&ltno=20
2026,T4,Bブロック,1,2026-04-01,10:00,目白研心,関東第一C,3,1,目白大学岩槻G,済,目白研心,A,関東第一,C,https://www.tleague-u18.com/schedule.php?dy=2026&dt=4&ltno=21
2026,T4,Bブロック,1,2026-04-01,14:00,東海大高輪台B,保善,1,4,東海大高輪台総合Ｇ,済,東海大高輪台,B,保善,A,https://www.tleague-u18.com/schedule.php?dy=2026&dt=4&ltno=21
2026,T4,Bブロック,1,2026-04-04,10:00,大成B,駒場,3,0,NICHIBUN SAKURA FIELD,済,大成,B,駒場,A,https://www.tleague-u18.com/schedule.php?dy=2026&dt=4&ltno=21
2026,T4,Bブロック,1,2026-04-05,09:30,早大学院,東久留米B,1,1,早大学院,済,早大学院,A,東久留米総合,B,https://www.tleague-u18.com/schedule.php?dy=2026&dt=4&ltno=21
2026,T4,Bブロック,1,2026-04-06,09:00,駒大C,国士舘B,2,2,国士舘楓の杜G,済,駒澤大高,C,国士舘,B,https://www.tleague-u18.com/schedule.php?dy=2026&dt=4&ltno=21
2026,T4,Bブロック,2,2026-04-12,10:00,保善,目白研心,0,1,目白大学岩槻G,済,保善,A,目白研心,A,https://www.tleague-u18.com/schedule.php?dy=2026&dt=4&ltno=21
2026,T4,Bブロック,2,2026-04-12,15:00,東久留米B,駒大C,1,4,東久留米総合Ｇ,済,東久留米総合,B,駒澤大高,C,https://www.tleague-u18.com/schedule.php?dy=2026&dt=4&ltno=21
2026,T4,Bブロック,2,2026-04-12,16:00,駒場,東海大高輪台B,1,2,東海大高輪台総合Ｇ,済,駒場,A,東海大高輪台,B,https://www.tleague-u18.com/schedule.php?dy=2026&dt=4&ltno=21
2026,T4,Bブロック,2,2026-04-12,16:00,国士舘B,大成B,0,0,国士舘大学　楓の社グラウンド,済,国士舘,B,大成,B,https://www.tleague-u18.com/schedule.php?dy=2026&dt=4&ltno=21
2026,T4,Bブロック,2,2026-04-12,18:30,関東第一C,早大学院,2,0,早稲田大学東伏見サッカー場,済,関東第一,C,早大学院,A,https://www.tleague-u18.com/schedule.php?dy=2026&dt=4&ltno=21
2026,T4,Bブロック,3,2026-04-18,16:00,関東第一C,東久留米B,0,3,東久留米総合Ｇ,済,関東第一,C,東久留米総合,B,https://www.tleague-u18.com/schedule.php?dy=2026&dt=4&ltno=21
2026,T4,Bブロック,3,2026-04-19,10:00,目白研心,駒場,3,3,目白大学岩槻G,済,目白研心,A,駒場,A,https://www.tleague-u18.com/schedule.php?dy=2026&dt=4&ltno=21
2026,T4,Bブロック,3,2026-04-19,15:00,大成B,駒大C,2,1,NICHIBUN SAKURA FIELD,済,大成,B,駒澤大高,C,https://www.tleague-u18.com/schedule.php?dy=2026&dt=4&ltno=21
2026,T4,Bブロック,3,2026-04-19,16:00,東海大高輪台B,国士舘B,1,3,東海大高輪台総合Ｇ,済,東海大高輪台,B,国士舘,B,https://www.tleague-u18.com/schedule.php?dy=2026&dt=4&ltno=21
2026,T4,Bブロック,3,2026-04-19,18:30,早大学院,保善,0,2,早稲田大学東伏見サッカー場,済,早大学院,A,保善,A,https://www.tleague-u18.com/schedule.php?dy=2026&dt=4&ltno=21
2026,T4,Bブロック,4,2026-05-02,18:30,関東第一C,保善,0,1,駒沢公園補助競技場,済,関東第一,C,保善,A,https://www.tleague-u18.com/schedule.php?dy=2026&dt=4&ltno=21
2026,T4,Bブロック,4,2026-05-03,10:00,国士舘B,目白研心,0,1,目白大学岩槻G,済,国士舘,B,目白研心,A,https://www.tleague-u18.com/schedule.php?dy=2026&dt=4&ltno=21
2026,T4,Bブロック,4,2026-05-04,10:00,東久留米B,大成B,0,3,東久留米総合Ｇ,済,東久留米総合,B,大成,B,https://www.tleague-u18.com/schedule.php?dy=2026&dt=4&ltno=21
2026,T4,Bブロック,4,2026-05-04,12:30,駒大C,東海大高輪台B,2,0,東海大高輪台総合Ｇ,済,駒澤大高,C,東海大高輪台,B,https://www.tleague-u18.com/schedule.php?dy=2026&dt=4&ltno=21
2026,T4,Bブロック,4,2026-05-05,09:30,駒場,早大学院,0,0,早大学院,済,駒場,A,早大学院,A,https://www.tleague-u18.com/schedule.php?dy=2026&dt=4&ltno=21
2026,T4,Bブロック,5,2026-05-30,14:30,早大学院,国士舘B,0,3,早大学院,済,早大学院,A,国士舘,B,https://www.tleague-u18.com/schedule.php?dy=2026&dt=4&ltno=21
2026,T4,Bブロック,5,2026-05-30,17:00,東海大高輪台B,大成B,0,2,東海大高輪台総合Ｇ,済,東海大高輪台,B,大成,B,https://www.tleague-u18.com/schedule.php?dy=2026&dt=4&ltno=21
2026,T4,Bブロック,5,2026-05-31,10:00,目白研心,駒大C,0,3,目白大学岩槻G,済,目白研心,A,駒澤大高,C,https://www.tleague-u18.com/schedule.php?dy=2026&dt=4&ltno=21
2026,T4,Bブロック,5,2026-05-31,10:00,保善,東久留米B,1,0,東久留米総合Ｇ,済,保善,A,東久留米総合,B,https://www.tleague-u18.com/schedule.php?dy=2026&dt=4&ltno=21
2026,T4,Bブロック,5,2026-06-17,18:15,駒場,関東第一C,2,3,清瀬内山B面,済,駒場,A,関東第一,C,https://www.tleague-u18.com/schedule.php?dy=2026&dt=4&ltno=21
2026,T4,Bブロック,6,2026-06-20,17:00,東久留米B,東海大高輪台B,1,7,東久留米総合Ｇ,済,東久留米総合,B,東海大高輪台,B,https://www.tleague-u18.com/schedule.php?dy=2026&dt=4&ltno=21
2026,T4,Bブロック,6,2026-06-21,09:30,関東第一C,国士舘B,0,1,国士舘楓の杜G,済,関東第一,C,国士舘,B,https://www.tleague-u18.com/schedule.php?dy=2026&dt=4&ltno=21
2026,T4,Bブロック,6,2026-06-21,10:00,大成B,目白研心,2,1,目白大学岩槻G,済,大成,B,目白研心,A,https://www.tleague-u18.com/schedule.php?dy=2026&dt=4&ltno=21
2026,T4,Bブロック,6,2026-06-21,18:30,駒大C,早大学院,1,0,早稲田大学東伏見サッカー場,済,駒澤大高,C,早大学院,A,https://www.tleague-u18.com/schedule.php?dy=2026&dt=4&ltno=21
2026,T4,Bブロック,6,2026-06-29,18:00,保善,駒場,2,1,駒沢第二球技場,済,保善,A,駒場,A,https://www.tleague-u18.com/schedule.php?dy=2026&dt=4&ltno=21
2026,T4,Bブロック,7,2026-09-04,18:00,駒場,東久留米B,2,1,清瀬内山公園 B,済,駒場,A,東久留米総合,B,https://www.tleague-u18.com/schedule.php?dy=2026&dt=4&ltno=21
2026,T4,Bブロック,7,2026-09-05,09:00,早大学院,大成B,2,3,早大学院,済,早大学院,A,大成,B,https://www.tleague-u18.com/schedule.php?dy=2026&dt=4&ltno=21
2026,T4,Bブロック,7,2026-09-06,09:30,目白研心,東海大高輪台B,0,2,目白大学岩槻G,済,目白研心,A,東海大高輪台,B,https://www.tleague-u18.com/schedule.php?dy=2026&dt=4&ltno=21
2026,T4,Bブロック,7,2026-09-07,18:10,国士舘B,保善,3,0,国士舘大学町田キャンパスサッカー場,済,国士舘,B,保善,A,https://www.tleague-u18.com/schedule.php?dy=2026&dt=4&ltno=21
2026,T4,Bブロック,7,2026-09-07,18:30,駒大C,関東第一C,,,清瀬内山B面,未,駒澤大高,C,関東第一,C,https://www.tleague-u18.com/schedule.php?dy=2026&dt=4&ltno=21
2026,T4,Bブロック,8,2026-09-27,15:00,東久留米B,目白研心,,,東久留米総合Ｇ,未,東久留米総合,B,目白研心,A,https://www.tleague-u18.com/schedule.php?dy=2026&dt=4&ltno=21
2026,T4,Bブロック,8,2026-09-27,16:00,東海大高輪台B,早大学院,,,東海大高輪台総合Ｇ,未,東海大高輪台,B,早大学院,A,https://www.tleague-u18.com/schedule.php?dy=2026&dt=4&ltno=21
2026,T4,Bブロック,8,2026-09-27,19:15,関東第一C,大成B,,,朝鮮大学,未,関東第一,C,大成,B,https://www.tleague-u18.com/schedule.php?dy=2026&dt=4&ltno=21
2026,T4,Bブロック,8,2026-09-28,18:30,保善,駒大C,,,清瀬内山公園 C,未,保善,A,駒澤大高,C,https://www.tleague-u18.com/schedule.php?dy=2026&dt=4&ltno=21
2026,T4,Bブロック,8,,,駒場,国士舘B,,,未定,未,駒場,A,国士舘,B,https://www.tleague-u18.com/schedule.php?dy=2026&dt=4&ltno=21
2026,T4,Bブロック,9,2026-10-01,14:00,大成B,保善,,,駒沢公園第二球技場,未,大成,B,保善,A,https://www.tleague-u18.com/schedule.php?dy=2026&dt=4&ltno=21
2026,T4,Bブロック,9,2026-10-01,16:00,駒大C,駒場,,,清瀬内山公園 A,未,駒澤大高,C,駒場,A,https://www.tleague-u18.com/schedule.php?dy=2026&dt=4&ltno=21
2026,T4,Bブロック,9,2026-10-03,15:00,国士舘B,東久留米B,,,東久留米総合Ｇ,未,国士舘,B,東久留米総合,B,https://www.tleague-u18.com/schedule.php?dy=2026&dt=4&ltno=21
2026,T4,Bブロック,9,2026-10-03,18:30,早大学院,目白研心,,,早稲田大学東伏見サッカー場,未,早大学院,A,目白研心,A,https://www.tleague-u18.com/schedule.php?dy=2026&dt=4&ltno=21
2026,T4,Bブロック,9,2026-10-04,16:00,東海大高輪台B,関東第一C,,,東海大高輪台総合Ｇ,未,東海大高輪台,B,関東第一,C,https://www.tleague-u18.com/schedule.php?dy=2026&dt=4&ltno=21
2026,T5,Aブロック,1,2026-04-02,09:30,実践C,久我山D,3,0,駒沢公園第二球技場,済,実践学園,C,国学院久我山,D,https://www.tleague-u18.com/schedule.php?dy=2026&dt=5&ltno=22
2026,T5,Aブロック,1,2026-04-02,12:00,青稜,南葛飾,2,1,文化杉並学園八王子グラウンド,済,青稜,A,南葛飾,A,https://www.tleague-u18.com/schedule.php?dy=2026&dt=5&ltno=22
2026,T5,Aブロック,1,2026-04-03,09:00,大東文化第一,東,1,0,新砂サッカー場,済,大東文化一,A,東,A,https://www.tleague-u18.com/schedule.php?dy=2026&dt=5&ltno=22
2026,T5,Aブロック,1,2026-04-05,19:15,明法,アローレU18,1,6,文化杉並学園八王子Ｇ,済,明法,A,アローレU18,A,https://www.tleague-u18.com/schedule.php?dy=2026&dt=5&ltno=22
2026,T5,Aブロック,1,2026-04-06,15:45,修徳B,駒場東邦,4,1,新砂サッカー場,済,修徳,B,駒場東邦,A,https://www.tleague-u18.com/schedule.php?dy=2026&dt=5&ltno=22
2026,T5,Aブロック,2,2026-04-11,15:00,東,青稜,1,1,新砂サッカー場,済,東,A,青稜,A,https://www.tleague-u18.com/schedule.php?dy=2026&dt=5&ltno=22
2026,T5,Aブロック,2,2026-04-12,14:00,南葛飾,実践C,2,3,実践学園高尾Ｇ,済,南葛飾,A,実践学園,C,https://www.tleague-u18.com/schedule.php?dy=2026&dt=5&ltno=22
2026,T5,Aブロック,2,2026-04-12,15:00,駒場東邦,大東文化第一,7,2,城北高校,済,駒場東邦,A,大東文化一,A,https://www.tleague-u18.com/schedule.php?dy=2026&dt=5&ltno=22
2026,T5,Aブロック,2,2026-04-12,19:15,アローレU18,修徳B,2,0,文化杉並学園八王子Ｇ,済,アローレU18,A,修徳,B,https://www.tleague-u18.com/schedule.php?dy=2026&dt=5&ltno=22
2026,T5,Aブロック,2,2026-04-13,18:00,久我山D,明法,0,6,清瀬内山公園 A面,済,国学院久我山,D,明法,A,https://www.tleague-u18.com/schedule.php?dy=2026&dt=5&ltno=22
2026,T5,Aブロック,3,2026-04-15,18:00,修徳B,久我山D,3,2,清瀬内山A面,済,修徳,B,国学院久我山,D,https://www.tleague-u18.com/schedule.php?dy=2026&dt=5&ltno=22
2026,T5,Aブロック,3,2026-04-19,13:30,明法,南葛飾,3,1,明法Ｇ,済,明法,A,南葛飾,A,https://www.tleague-u18.com/schedule.php?dy=2026&dt=5&ltno=22
2026,T5,Aブロック,3,2026-04-19,14:00,実践C,東,3,0,実践学園高尾Ｇ,済,実践学園,C,東,A,https://www.tleague-u18.com/schedule.php?dy=2026&dt=5&ltno=22
2026,T5,Aブロック,3,2026-04-19,19:15,アローレU18,駒場東邦,2,2,文化杉並学園八王子Ｇ,済,アローレU18,A,駒場東邦,A,https://www.tleague-u18.com/schedule.php?dy=2026&dt=5&ltno=22
2026,T5,Aブロック,3,2026-06-15,18:00,青稜,大東文化第一,1,0,清瀬内山公園 C面,済,青稜,A,大東文化一,A,https://www.tleague-u18.com/schedule.php?dy=2026&dt=5&ltno=22
2026,T5,Aブロック,4,2026-05-31,10:05,大東文化第一,実践C,5,1,レッズランド,済,大東文化一,A,実践学園,C,https://www.tleague-u18.com/schedule.php?dy=2026&dt=5&ltno=22
2026,T5,Aブロック,4,2026-05-31,15:00,東,明法,0,2,新砂サッカー場,済,東,A,明法,A,https://www.tleague-u18.com/schedule.php?dy=2026&dt=5&ltno=22
2026,T5,Aブロック,4,2026-05-31,19:15,アローレU18,久我山D,7,0,文化杉並学園八王子Ｇ,済,アローレU18,A,国学院久我山,D,https://www.tleague-u18.com/schedule.php?dy=2026&dt=5&ltno=22
2026,T5,Aブロック,4,2026-05-31,--:--,駒場東邦,青稜,3,3,駒場東邦Ｇ,済,駒場東邦,A,青稜,A,https://www.tleague-u18.com/schedule.php?dy=2026&dt=5&ltno=22
2026,T5,Aブロック,4,2026-06-28,09:30,南葛飾,修徳B,0,2,清瀬内山公園 A面,済,南葛飾,A,修徳,B,https://www.tleague-u18.com/schedule.php?dy=2026&dt=5&ltno=22
2026,T5,Aブロック,5,2026-06-06,18:00,実践C,青稜,7,2,実践学園高尾Ｇ,済,実践学園,C,青稜,A,https://www.tleague-u18.com/schedule.php?dy=2026&dt=5&ltno=22
2026,T5,Aブロック,5,2026-06-07,13:30,久我山D,駒場東邦,0,1,駒場東邦G,済,国学院久我山,D,駒場東邦,A,https://www.tleague-u18.com/schedule.php?dy=2026&dt=5&ltno=22
2026,T5,Aブロック,5,2026-06-07,15:00,修徳B,東,3,2,新砂サッカー場,済,修徳,B,東,A,https://www.tleague-u18.com/schedule.php?dy=2026&dt=5&ltno=22
2026,T5,Aブロック,5,2026-06-10,18:00,明法,大東文化第一,3,2,清瀬内山公園 A面,済,明法,A,大東文化一,A,https://www.tleague-u18.com/schedule.php?dy=2026&dt=5&ltno=22
2026,T5,Aブロック,5,2026-06-14,19:15,南葛飾,アローレU18,2,2,文化杉並学園八王子Ｇ,済,南葛飾,A,アローレU18,A,https://www.tleague-u18.com/schedule.php?dy=2026&dt=5&ltno=22
2026,T5,Aブロック,6,2026-06-19,18:00,青稜,明法,0,3,駒沢公園第二球技場,済,青稜,A,明法,A,https://www.tleague-u18.com/schedule.php?dy=2026&dt=5&ltno=22
2026,T5,Aブロック,6,2026-06-19,18:00,久我山D,南葛飾,1,5,駒沢公園補助競技場,済,国学院久我山,D,南葛飾,A,https://www.tleague-u18.com/schedule.php?dy=2026&dt=5&ltno=22
2026,T5,Aブロック,6,2026-06-21,14:00,駒場東邦,実践C,1,1,実践学園高尾Ｇ,済,駒場東邦,A,実践学園,C,https://www.tleague-u18.com/schedule.php?dy=2026&dt=5&ltno=22
2026,T5,Aブロック,6,2026-06-21,16:30,アローレU18,東,2,0,文化杉並学園八王子G,済,アローレU18,A,東,A,https://www.tleague-u18.com/schedule.php?dy=2026&dt=5&ltno=22
2026,T5,Aブロック,6,2026-06-22,18:00,大東文化第一,修徳B,0,2,清瀬内山公園 A面,済,大東文化一,A,修徳,B,https://www.tleague-u18.com/schedule.php?dy=2026&dt=5&ltno=22
2026,T5,Aブロック,7,2026-09-01,15:00,東,久我山D,1,2,新砂サッカー場,済,東,A,国学院久我山,D,https://www.tleague-u18.com/schedule.php?dy=2026&dt=5&ltno=22
2026,T5,Aブロック,7,2026-09-06,18:05,大東文化第一,アローレU18,,,レッズランド,未,大東文化一,A,アローレU18,A,https://www.tleague-u18.com/schedule.php?dy=2026&dt=5&ltno=22
2026,T5,Aブロック,7,2026-09-07,15:30,修徳B,青稜,,,新砂サッカー場,未,修徳,B,青稜,A,https://www.tleague-u18.com/schedule.php?dy=2026&dt=5&ltno=22
2026,T5,Aブロック,7,2026-09-13,09:15,南葛飾,駒場東邦,,,駒場東邦G,未,南葛飾,A,駒場東邦,A,https://www.tleague-u18.com/schedule.php?dy=2026&dt=5&ltno=22
2026,T5,Aブロック,7,2026-09-21,16:30,明法,実践C,,,実践学園高尾Ｇ,未,明法,A,実践学園,C,https://www.tleague-u18.com/schedule.php?dy=2026&dt=5&ltno=22
2026,T5,Aブロック,8,2026-09-26,14:45,南葛飾,東,,,新砂サッカー場,未,南葛飾,A,東,A,https://www.tleague-u18.com/schedule.php?dy=2026&dt=5&ltno=22
2026,T5,Aブロック,8,2026-09-26,19:15,アローレU18,青稜,,,文化杉並学園八王子Ｇ,未,アローレU18,A,青稜,A,https://www.tleague-u18.com/schedule.php?dy=2026&dt=5&ltno=22
2026,T5,Aブロック,8,2026-09-27,14:00,駒場東邦,明法,,,明法高等学校Ｇ,未,駒場東邦,A,明法,A,https://www.tleague-u18.com/schedule.php?dy=2026&dt=5&ltno=22
2026,T5,Aブロック,8,2026-09-27,17:00,実践C,修徳B,,,実践学園高尾Ｇ,未,実践学園,C,修徳,B,https://www.tleague-u18.com/schedule.php?dy=2026&dt=5&ltno=22
2026,T5,Aブロック,8,,,久我山D,大東文化第一,,,未定,未,国学院久我山,D,大東文化一,A,https://www.tleague-u18.com/schedule.php?dy=2026&dt=5&ltno=22
2026,T5,Aブロック,9,2026-10-04,16:05,大東文化第一,南葛飾,,,レッズランド,未,大東文化一,A,南葛飾,A,https://www.tleague-u18.com/schedule.php?dy=2026&dt=5&ltno=22
2026,T5,Aブロック,9,,,修徳B,明法,,,公共or明法高校,未,修徳,B,明法,A,https://www.tleague-u18.com/schedule.php?dy=2026&dt=5&ltno=22
2026,T5,Aブロック,9,,,実践C,アローレU18,,,未定,未,実践学園,C,アローレU18,A,https://www.tleague-u18.com/schedule.php?dy=2026&dt=5&ltno=22
2026,T5,Aブロック,9,,,青稜,久我山D,,,未定,未,青稜,A,国学院久我山,D,https://www.tleague-u18.com/schedule.php?dy=2026&dt=5&ltno=22
2026,T5,Aブロック,9,,,東,駒場東邦,,,未定,未,東,A,駒場東邦,A,https://www.tleague-u18.com/schedule.php?dy=2026&dt=5&ltno=22
2026,T5,Bブロック,1,2026-04-02,11:45,駒大高D,明大中野,3,1,駒沢公園補助競技場,済,駒澤大高,D,明大中野,A,https://www.tleague-u18.com/schedule.php?dy=2026&dt=5&ltno=23
2026,T5,Bブロック,1,2026-04-02,13:30,成立C,南葛Y,3,1,成立学園鷲宮G,済,成立学園,C,南葛Y,A,https://www.tleague-u18.com/schedule.php?dy=2026&dt=5&ltno=23
2026,T5,Bブロック,1,2026-04-05,09:30,都・豊島,日大鶴ヶ丘,0,5,日本大学鶴ヶ丘高等学校,済,豊島,A,日大鶴ヶ丘,A,https://www.tleague-u18.com/schedule.php?dy=2026&dt=5&ltno=23
2026,T5,Bブロック,1,2026-04-05,09:30,武蔵,日野台,1,5,武蔵Ｇ,済,武蔵,A,日野台,A,https://www.tleague-u18.com/schedule.php?dy=2026&dt=5&ltno=23
2026,T5,Bブロック,1,2026-04-05,13:15,本郷,多摩大目黒C,1,2,本郷Ｇ,済,本郷,A,多摩大学目黒,C,https://www.tleague-u18.com/schedule.php?dy=2026&dt=5&ltno=23
2026,T5,Bブロック,2,2026-04-12,09:00,日大鶴ヶ丘,南葛Y,4,2,日本大学鶴ヶ丘高等学校,済,日大鶴ヶ丘,A,南葛Y,A,https://www.tleague-u18.com/schedule.php?dy=2026&dt=5&ltno=23
2026,T5,Bブロック,2,2026-04-12,09:00,明大中野,武蔵,3,4,武蔵G,済,明大中野,A,武蔵,A,https://www.tleague-u18.com/schedule.php?dy=2026&dt=5&ltno=23
2026,T5,Bブロック,2,2026-04-12,09:00,都・豊島,駒大高D,1,3,豊島Ｇ,済,豊島,A,駒澤大高,D,https://www.tleague-u18.com/schedule.php?dy=2026&dt=5&ltno=23
2026,T5,Bブロック,2,2026-04-12,13:15,日野台,本郷,2,3,本郷Ｇ,済,日野台,A,本郷,A,https://www.tleague-u18.com/schedule.php?dy=2026&dt=5&ltno=23
2026,T5,Bブロック,2,2026-04-12,13:30,多摩大目黒C,成立C,0,0,成立学園鷲宮G,済,多摩大学目黒,C,成立学園,C,https://www.tleague-u18.com/schedule.php?dy=2026&dt=5&ltno=23
2026,T5,Bブロック,3,2026-04-19,09:00,武蔵,駒大高D,0,5,武蔵Ｇ,済,武蔵,A,駒澤大高,D,https://www.tleague-u18.com/schedule.php?dy=2026&dt=5&ltno=23
2026,T5,Bブロック,3,2026-04-19,13:00,南葛Y,都・豊島,2,3,豊島G,済,南葛Y,A,豊島,A,https://www.tleague-u18.com/schedule.php?dy=2026&dt=5&ltno=23
2026,T5,Bブロック,3,2026-04-19,13:15,本郷,明大中野,1,1,本郷Ｇ,済,本郷,A,明大中野,A,https://www.tleague-u18.com/schedule.php?dy=2026&dt=5&ltno=23
2026,T5,Bブロック,3,2026-04-19,13:30,成立C,日野台,1,0,成立学園鷲宮G,済,成立学園,C,日野台,A,https://www.tleague-u18.com/schedule.php?dy=2026&dt=5&ltno=23
2026,T5,Bブロック,3,2026-04-19,16:00,日大鶴ヶ丘,多摩大目黒C,2,3,あざみ野セミナーハウス,済,日大鶴ヶ丘,A,多摩大学目黒,C,https://www.tleague-u18.com/schedule.php?dy=2026&dt=5&ltno=23
2026,T5,Bブロック,4,2026-05-30,14:00,日野台,日大鶴ヶ丘,0,3,日本大学稲城総合グラウンド,済,日野台,A,日大鶴ヶ丘,A,https://www.tleague-u18.com/schedule.php?dy=2026&dt=5&ltno=23
2026,T5,Bブロック,4,2026-05-31,09:00,都・豊島,武蔵,4,0,武蔵G,済,豊島,A,武蔵,A,https://www.tleague-u18.com/schedule.php?dy=2026&dt=5&ltno=23
2026,T5,Bブロック,4,2026-05-31,11:00,明大中野,成立C,2,1,成立学園鷲宮G,済,明大中野,A,成立学園,C,https://www.tleague-u18.com/schedule.php?dy=2026&dt=5&ltno=23
2026,T5,Bブロック,4,2026-05-31,18:00,南葛Y,多摩大目黒C,4,2,東戸塚フットボールパーク,済,南葛Y,A,多摩大学目黒,C,https://www.tleague-u18.com/schedule.php?dy=2026&dt=5&ltno=23
2026,T5,Bブロック,4,2026-09-13,13:15,駒大高D,本郷,,,本郷G,未,駒澤大高,D,本郷,A,https://www.tleague-u18.com/schedule.php?dy=2026&dt=5&ltno=23
2026,T5,Bブロック,5,2026-06-05,18:00,成立C,駒大高D,0,1,清瀬内山公園 A面,済,成立学園,C,駒澤大高,D,https://www.tleague-u18.com/schedule.php?dy=2026&dt=5&ltno=23
2026,T5,Bブロック,5,2026-06-07,09:00,本郷,武蔵,1,3,武蔵Ｇ,済,本郷,A,武蔵,A,https://www.tleague-u18.com/schedule.php?dy=2026&dt=5&ltno=23
2026,T5,Bブロック,5,2026-06-07,10:00,日野台,南葛Y,0,5,日野台高校グラウンド,済,日野台,A,南葛Y,A,https://www.tleague-u18.com/schedule.php?dy=2026&dt=5&ltno=23
2026,T5,Bブロック,5,2026-06-07,14:00,日大鶴ヶ丘,明大中野,1,1,日本大学鶴ヶ丘高等学校,済,日大鶴ヶ丘,A,明大中野,A,https://www.tleague-u18.com/schedule.php?dy=2026&dt=5&ltno=23
2026,T5,Bブロック,5,2026-06-07,18:00,多摩大目黒C,都・豊島,1,0,東戸塚フットボールパーク,済,多摩大学目黒,C,豊島,A,https://www.tleague-u18.com/schedule.php?dy=2026&dt=5&ltno=23
2026,T5,Bブロック,6,2026-06-21,09:30,武蔵,成立C,1,1,武蔵Ｇ,済,武蔵,A,成立学園,C,https://www.tleague-u18.com/schedule.php?dy=2026&dt=5&ltno=23
2026,T5,Bブロック,6,2026-06-21,14:00,駒大高D,日大鶴ヶ丘,1,1,日本大学鶴ヶ丘高等学校,済,駒澤大高,D,日大鶴ヶ丘,A,https://www.tleague-u18.com/schedule.php?dy=2026&dt=5&ltno=23
2026,T5,Bブロック,6,2026-06-21,16:00,都・豊島,本郷,1,1,本郷Ｇ,済,豊島,A,本郷,A,https://www.tleague-u18.com/schedule.php?dy=2026&dt=5&ltno=23
2026,T5,Bブロック,6,2026-06-21,17:00,南葛Y,明大中野,7,1,にいじゅくみらい運動公園,済,南葛Y,A,明大中野,A,https://www.tleague-u18.com/schedule.php?dy=2026&dt=5&ltno=23
2026,T5,Bブロック,6,2026-06-22,18:45,多摩大目黒C,日野台,1,0,あざみ野セミナーハウス,済,多摩大学目黒,C,日野台,A,https://www.tleague-u18.com/schedule.php?dy=2026&dt=5&ltno=23
2026,T5,Bブロック,7,2026-09-01,18:45,明大中野,多摩大目黒C,1,1,朝鮮大学校,済,明大中野,A,多摩大学目黒,C,https://www.tleague-u18.com/schedule.php?dy=2026&dt=5&ltno=23
2026,T5,Bブロック,7,2026-09-06,09:00,日大鶴ヶ丘,武蔵,7,1,武蔵G,済,日大鶴ヶ丘,A,武蔵,A,https://www.tleague-u18.com/schedule.php?dy=2026&dt=5&ltno=23
2026,T5,Bブロック,7,2026-09-06,13:30,成立C,本郷,2,1,成立学園鷲宮G,済,成立学園,C,本郷,A,https://www.tleague-u18.com/schedule.php?dy=2026&dt=5&ltno=23
2026,T5,Bブロック,7,2026-09-08,19:00,駒大高D,南葛Y,4,2,駒沢第二球技場,済,駒澤大高,D,南葛Y,A,https://www.tleague-u18.com/schedule.php?dy=2026&dt=5&ltno=23
2026,T5,Bブロック,7,2026-09-12,09:30,日野台,都・豊島,,,都立豊島高校,未,日野台,A,豊島,A,https://www.tleague-u18.com/schedule.php?dy=2026&dt=5&ltno=23
2026,T5,Bブロック,8,2026-09-27,10:00,日野台,明大中野,,,日野台Ｇ,未,日野台,A,明大中野,A,https://www.tleague-u18.com/schedule.php?dy=2026&dt=5&ltno=23
2026,T5,Bブロック,8,2026-09-27,13:30,都・豊島,成立C,,,成立学園鷲宮G,未,豊島,A,成立学園,C,https://www.tleague-u18.com/schedule.php?dy=2026&dt=5&ltno=23
2026,T5,Bブロック,8,2026-09-27,18:30,多摩大目黒C,駒大高D,,,あざみのセミナーハウス,未,多摩大学目黒,C,駒澤大高,D,https://www.tleague-u18.com/schedule.php?dy=2026&dt=5&ltno=23
2026,T5,Bブロック,8,2026-09-28,17:15,本郷,日大鶴ヶ丘,,,日大鶴ケ丘Ｇ,未,本郷,A,日大鶴ヶ丘,A,https://www.tleague-u18.com/schedule.php?dy=2026&dt=5&ltno=23
2026,T5,Bブロック,8,,,南葛Y,武蔵,,,未定,未,南葛Y,A,武蔵,A,https://www.tleague-u18.com/schedule.php?dy=2026&dt=5&ltno=23
2026,T5,Bブロック,9,2026-10-04,13:30,日大鶴ヶ丘,成立C,,,成立学園鷲宮G,未,日大鶴ヶ丘,A,成立学園,C,https://www.tleague-u18.com/schedule.php?dy=2026&dt=5&ltno=23
2026,T5,Bブロック,9,2026-10-11,13:15,本郷,南葛Y,,,本郷Ｇ,未,本郷,A,南葛Y,A,https://www.tleague-u18.com/schedule.php?dy=2026&dt=5&ltno=23
2026,T5,Bブロック,9,,,武蔵,多摩大目黒C,,,未定,未,武蔵,A,多摩大学目黒,C,https://www.tleague-u18.com/schedule.php?dy=2026&dt=5&ltno=23
2026,T5,Bブロック,9,,,駒大高D,日野台,,,未定,未,駒澤大高,D,日野台,A,https://www.tleague-u18.com/schedule.php?dy=2026&dt=5&ltno=23
2026,T5,Bブロック,9,,,明大中野,都・豊島,,,未定,未,明大中野,A,豊島,A,https://www.tleague-u18.com/schedule.php?dy=2026&dt=5&ltno=23
2026,T5,Cブロック,1,2026-04-01,15:00,拓大一,国分寺B,2,2,拓殖大学第一Ｇ,済,拓大一,A,国分寺,B,https://www.tleague-u18.com/schedule.php?dy=2026&dt=5&ltno=24
2026,T5,Cブロック,1,2026-04-02,13:00,東海大高輪台C,杉並ソシオ,1,1,東海大高輪台さいたま総合Ｇ,済,東海大高輪台,C,杉並ソシオ,A,https://www.tleague-u18.com/schedule.php?dy=2026&dt=5&ltno=24
2026,T5,Cブロック,1,2026-04-02,16:15,学習院,保谷,0,2,駒沢公園第二球技場,済,学習院,A,保谷,A,https://www.tleague-u18.com/schedule.php?dy=2026&dt=5&ltno=24
2026,T5,Cブロック,1,2026-04-05,09:00,かえつ有明,国立,1,2,かえつ有明Ｇ,済,かえつ有明,A,国立,A,https://www.tleague-u18.com/schedule.php?dy=2026&dt=5&ltno=24
2026,T5,Cブロック,1,2026-04-06,18:00,明大世田谷,攻玉社,0,1,清瀬内山公園 C,済,明大世田谷,A,攻玉社,A,https://www.tleague-u18.com/schedule.php?dy=2026&dt=5&ltno=24
2026,T5,Cブロック,2,2026-04-11,15:40,攻玉社,学習院,1,1,川崎富士通スタジアム,済,攻玉社,A,学習院,A,https://www.tleague-u18.com/schedule.php?dy=2026&dt=5&ltno=24
2026,T5,Cブロック,2,2026-04-12,09:30,国分寺B,かえつ有明,0,4,かえつ有明Ｇ,済,国分寺,B,かえつ有明,A,https://www.tleague-u18.com/schedule.php?dy=2026&dt=5&ltno=24
2026,T5,Cブロック,2,2026-04-12,13:30,国立,東海大高輪台C,2,2,東海大高輪台さいたま総合Ｇ,済,国立,A,東海大高輪台,C,https://www.tleague-u18.com/schedule.php?dy=2026&dt=5&ltno=24
2026,T5,Cブロック,2,2026-04-12,16:00,保谷,拓大一,0,2,拓殖大学第一Ｇ,済,保谷,A,拓大一,A,https://www.tleague-u18.com/schedule.php?dy=2026&dt=5&ltno=24
2026,T5,Cブロック,2,2026-04-12,18:00,杉並ソシオ,明大世田谷,0,1,江戸川大学フットボールフィールド柏,済,杉並ソシオ,A,明大世田谷,A,https://www.tleague-u18.com/schedule.php?dy=2026&dt=5&ltno=24
2026,T5,Cブロック,3,2026-04-18,17:05,杉並ソシオ,攻玉社,3,3,下高井戸運動場,済,杉並ソシオ,A,攻玉社,A,https://www.tleague-u18.com/schedule.php?dy=2026&dt=5&ltno=24
2026,T5,Cブロック,3,2026-04-19,09:00,明大世田谷,国立,2,2,国立高校Ｇ,済,明大世田谷,A,国立,A,https://www.tleague-u18.com/schedule.php?dy=2026&dt=5&ltno=24
2026,T5,Cブロック,3,2026-04-19,13:30,東海大高輪台C,国分寺B,1,2,東海大高輪台さいたま総合Ｇ,済,東海大高輪台,C,国分寺,B,https://www.tleague-u18.com/schedule.php?dy=2026&dt=5&ltno=24
2026,T5,Cブロック,3,2026-04-19,16:00,拓大一,学習院,1,0,拓殖大学第一Ｇ,済,拓大一,A,学習院,A,https://www.tleague-u18.com/schedule.php?dy=2026&dt=5&ltno=24
2026,T5,Cブロック,3,2026-04-20,18:30,かえつ有明,保谷,1,0,清瀬内山公園 C,済,かえつ有明,A,保谷,A,https://www.tleague-u18.com/schedule.php?dy=2026&dt=5&ltno=24
2026,T5,Cブロック,4,2026-05-27,18:00,国分寺B,明大世田谷,2,0,清瀬内山公園 B,済,国分寺,B,明大世田谷,A,https://www.tleague-u18.com/schedule.php?dy=2026&dt=5&ltno=24
2026,T5,Cブロック,4,2026-05-31,13:00,学習院,かえつ有明,0,0,学習院中高第１Ｇ,済,学習院,A,かえつ有明,A,https://www.tleague-u18.com/schedule.php?dy=2026&dt=5&ltno=24
2026,T5,Cブロック,4,2026-05-31,16:00,保谷,東海大高輪台C,1,1,東海大高輪台さいたま総合Ｇ,済,保谷,A,東海大高輪台,C,https://www.tleague-u18.com/schedule.php?dy=2026&dt=5&ltno=24
2026,T5,Cブロック,4,2026-05-31,17:05,杉並ソシオ,国立,,,下高井戸運動場,未,杉並ソシオ,A,国立,A,https://www.tleague-u18.com/schedule.php?dy=2026&dt=5&ltno=24
2026,T5,Cブロック,4,2026-06-14,16:00,攻玉社,拓大一,2,1,拓殖大学第一Ｇ,済,攻玉社,A,拓大一,A,https://www.tleague-u18.com/schedule.php?dy=2026&dt=5&ltno=24
2026,T5,Cブロック,5,2026-06-07,09:30,かえつ有明,拓大一,0,2,かえつ有明Ｇ,済,かえつ有明,A,拓大一,A,https://www.tleague-u18.com/schedule.php?dy=2026&dt=5&ltno=24
2026,T5,Cブロック,5,2026-06-07,14:00,国立,攻玉社,2,0,国立高校Ｇ,済,国立,A,攻玉社,A,https://www.tleague-u18.com/schedule.php?dy=2026&dt=5&ltno=24
2026,T5,Cブロック,5,2026-06-07,15:00,明大世田谷,保谷,1,0,日本工学院八王子専門学校,済,明大世田谷,A,保谷,A,https://www.tleague-u18.com/schedule.php?dy=2026&dt=5&ltno=24
2026,T5,Cブロック,5,2026-06-07,15:00,国分寺B,杉並ソシオ,2,1,清瀬内山A面,済,国分寺,B,杉並ソシオ,A,https://www.tleague-u18.com/schedule.php?dy=2026&dt=5&ltno=24
2026,T5,Cブロック,5,2026-06-07,16:00,東海大高輪台C,学習院,2,1,東海大高輪台さいたま総合Ｇ,済,東海大高輪台,C,学習院,A,https://www.tleague-u18.com/schedule.php?dy=2026&dt=5&ltno=24
2026,T5,Cブロック,6,2026-06-19,18:00,国立,国分寺B,1,4,清瀬内山公園 A,済,国立,A,国分寺,B,https://www.tleague-u18.com/schedule.php?dy=2026&dt=5&ltno=24
2026,T5,Cブロック,6,2026-06-20,18:00,杉並ソシオ,保谷,1,2,江戸川大学FF柏,済,杉並ソシオ,A,保谷,A,https://www.tleague-u18.com/schedule.php?dy=2026&dt=5&ltno=24
2026,T5,Cブロック,6,2026-06-21,09:00,攻玉社,かえつ有明,3,4,かえつ有明Ｇ,済,攻玉社,A,かえつ有明,A,https://www.tleague-u18.com/schedule.php?dy=2026&dt=5&ltno=24
2026,T5,Cブロック,6,2026-06-21,16:00,拓大一,東海大高輪台C,1,1,拓殖大学第一Ｇ,済,拓大一,A,東海大高輪台,C,https://www.tleague-u18.com/schedule.php?dy=2026&dt=5&ltno=24
2026,T5,Cブロック,6,2026-06-21,17:00,学習院,明大世田谷,0,1,学習院中高第１Ｇ,済,学習院,A,明大世田谷,A,https://www.tleague-u18.com/schedule.php?dy=2026&dt=5&ltno=24
2026,T5,Cブロック,7,2026-09-01,15:00,保谷,国立,1,3,保谷高校Ｇ,済,保谷,A,国立,A,https://www.tleague-u18.com/schedule.php?dy=2026&dt=5&ltno=24
2026,T5,Cブロック,7,2026-09-01,17:15,明大世田谷,拓大一,1,2,拓殖大学第一Ｇ,済,明大世田谷,A,拓大一,A,https://www.tleague-u18.com/schedule.php?dy=2026&dt=5&ltno=24
2026,T5,Cブロック,7,2026-09-02,18:00,国分寺B,攻玉社,2,2,清瀬内山公園 A,済,国分寺,B,攻玉社,A,https://www.tleague-u18.com/schedule.php?dy=2026&dt=5&ltno=24
2026,T5,Cブロック,7,2026-09-06,15:00,学習院,杉並ソシオ,,,学習院中高第１Ｇ,未,学習院,A,杉並ソシオ,A,https://www.tleague-u18.com/schedule.php?dy=2026&dt=5&ltno=24
2026,T5,Cブロック,7,,,東海大高輪台C,かえつ有明,,,,未,東海大高輪台,C,かえつ有明,A,https://www.tleague-u18.com/schedule.php?dy=2026&dt=5&ltno=24
2026,T5,Cブロック,8,2026-09-24,18:30,国分寺B,保谷,,,清瀬内山公園 A,未,国分寺,B,保谷,A,https://www.tleague-u18.com/schedule.php?dy=2026&dt=5&ltno=24
2026,T5,Cブロック,8,2026-09-27,13:30,攻玉社,東海大高輪台C,,,東海大高輪台さいたま総合Ｇ,未,攻玉社,A,東海大高輪台,C,https://www.tleague-u18.com/schedule.php?dy=2026&dt=5&ltno=24
2026,T5,Cブロック,8,2026-09-27,--:--,杉並ソシオ,拓大一,,,拓殖大学第一Ｇ,未,杉並ソシオ,A,拓大一,A,https://www.tleague-u18.com/schedule.php?dy=2026&dt=5&ltno=24
2026,T5,Cブロック,8,2026-09-27,--:--,国立,学習院,,,国立高校Ｇ,未,国立,A,学習院,A,https://www.tleague-u18.com/schedule.php?dy=2026&dt=5&ltno=24
2026,T5,Cブロック,8,,,かえつ有明,明大世田谷,,,未定,未,かえつ有明,A,明大世田谷,A,https://www.tleague-u18.com/schedule.php?dy=2026&dt=5&ltno=24
2026,T5,Cブロック,9,2026-10-04,13:30,明大世田谷,東海大高輪台C,,,東海大高輪台さいたま総合Ｇ,未,明大世田谷,A,東海大高輪台,C,https://www.tleague-u18.com/schedule.php?dy=2026&dt=5&ltno=24
2026,T5,Cブロック,9,2026-10-04,--:--,学習院,国分寺B,,,学習院中高第１Ｇ,未,学習院,A,国分寺,B,https://www.tleague-u18.com/schedule.php?dy=2026&dt=5&ltno=24
2026,T5,Cブロック,9,2026-10-11,16:00,拓大一,国立,,,拓殖大学第一Ｇ,未,拓大一,A,国立,A,https://www.tleague-u18.com/schedule.php?dy=2026&dt=5&ltno=24
2026,T5,Cブロック,9,,,かえつ有明,杉並ソシオ,,,未定,未,かえつ有明,A,杉並ソシオ,A,https://www.tleague-u18.com/schedule.php?dy=2026&dt=5&ltno=24
2026,T5,Cブロック,9,,,保谷,攻玉社,,,未定,未,保谷,A,攻玉社,A,https://www.tleague-u18.com/schedule.php?dy=2026&dt=5&ltno=24
2026,T5,Dブロック,1,2026-04-04,09:00,城東,城北,1,0,城北Ｇ,済,城東,A,城北,A,https://www.tleague-u18.com/schedule.php?dy=2026&dt=5&ltno=25
2026,T5,Dブロック,1,2026-04-04,15:30,葛飾野,東久留米C,2,1,東久留米総合Ｇ,済,葛飾野,A,東久留米総合,C,https://www.tleague-u18.com/schedule.php?dy=2026&dt=5&ltno=25
2026,T5,Dブロック,1,2026-04-05,13:00,明大八王子,大森FC,6,2,明大八王子Ｇ,済,明大八王子,A,大森FC,A,https://www.tleague-u18.com/schedule.php?dy=2026&dt=5&ltno=25
2026,T5,Dブロック,1,2026-04-05,13:30,明大明治,駿台学園B,0,6,明大明治Ｇ,済,明大明治,A,駿台学園,B,https://www.tleague-u18.com/schedule.php?dy=2026&dt=5&ltno=25
2026,T5,Dブロック,1,2026-04-06,14:30,日大豊山B,大森学園B,2,3,森ケ崎公園サッカー場,済,日大豊山,B,大森学園,B,https://www.tleague-u18.com/schedule.php?dy=2026&dt=5&ltno=25
2026,T5,Dブロック,2,2026-04-11,16:00,東久留米C,明大明治,1,1,東久留米総合G,済,東久留米総合,C,明大明治,A,https://www.tleague-u18.com/schedule.php?dy=2026&dt=5&ltno=25
2026,T5,Dブロック,2,2026-04-11,18:30,大森FC,葛飾野,1,1,清瀬内山公園 Ｂ,済,大森FC,A,葛飾野,A,https://www.tleague-u18.com/schedule.php?dy=2026&dt=5&ltno=25
2026,T5,Dブロック,2,2026-04-12,09:00,城北,日大豊山B,3,0,城北Ｇ,済,城北,A,日大豊山,B,https://www.tleague-u18.com/schedule.php?dy=2026&dt=5&ltno=25
2026,T5,Dブロック,2,2026-04-12,13:00,大森学園B,明大八王子,2,3,明大八王子Ｇ,済,大森学園,B,明大八王子,A,https://www.tleague-u18.com/schedule.php?dy=2026&dt=5&ltno=25
2026,T5,Dブロック,2,2026-04-13,18:45,駿台学園B,城東,4,5,赤羽スポーツの森公園競技場,済,駿台学園,B,城東,A,https://www.tleague-u18.com/schedule.php?dy=2026&dt=5&ltno=25
2026,T5,Dブロック,3,2026-04-17,18:00,日大豊山B,城東,1,0,駒沢公園補助競技場,済,日大豊山,B,城東,A,https://www.tleague-u18.com/schedule.php?dy=2026&dt=5&ltno=25
2026,T5,Dブロック,3,2026-04-18,17:10,葛飾野,大森学園B,3,4,つくばTフィールド,済,葛飾野,A,大森学園,B,https://www.tleague-u18.com/schedule.php?dy=2026&dt=5&ltno=25
2026,T5,Dブロック,3,2026-04-19,09:00,東久留米C,駿台学園B,1,2,東久留米総合Ｇ,済,東久留米総合,C,駿台学園,B,https://www.tleague-u18.com/schedule.php?dy=2026&dt=5&ltno=25
2026,T5,Dブロック,3,2026-04-19,13:00,明大八王子,城北,1,5,明大八王子Ｇ,済,明大八王子,A,城北,A,https://www.tleague-u18.com/schedule.php?dy=2026&dt=5&ltno=25
2026,T5,Dブロック,3,2026-04-19,13:30,明大明治,大森FC,2,2,明大明治Ｇ,済,明大明治,A,大森FC,A,https://www.tleague-u18.com/schedule.php?dy=2026&dt=5&ltno=25
2026,T5,Dブロック,4,2026-05-30,17:00,東久留米C,大森FC,2,2,東久留米総合Ｇ,済,東久留米総合,C,大森FC,A,https://www.tleague-u18.com/schedule.php?dy=2026&dt=5&ltno=25
2026,T5,Dブロック,4,2026-05-31,09:00,城北,葛飾野,1,1,城北Ｇ,済,城北,A,葛飾野,A,https://www.tleague-u18.com/schedule.php?dy=2026&dt=5&ltno=25
2026,T5,Dブロック,4,2026-05-31,13:00,城東,明大八王子,1,7,明大八王子Ｇ,済,城東,A,明大八王子,A,https://www.tleague-u18.com/schedule.php?dy=2026&dt=5&ltno=25
2026,T5,Dブロック,4,2026-05-31,13:30,大森学園B,明大明治,1,1,明大明治Ｇ,済,大森学園,B,明大明治,A,https://www.tleague-u18.com/schedule.php?dy=2026&dt=5&ltno=25
2026,T5,Dブロック,4,2026-05-31,16:30,駿台学園B,日大豊山B,2,1,日大豊山中台Ｇ,済,駿台学園,B,日大豊山,B,https://www.tleague-u18.com/schedule.php?dy=2026&dt=5&ltno=25
2026,T5,Dブロック,5,2026-06-07,13:00,明大八王子,日大豊山B,1,2,明大八王子Ｇ,済,明大八王子,A,日大豊山,B,https://www.tleague-u18.com/schedule.php?dy=2026&dt=5&ltno=25
2026,T5,Dブロック,5,2026-06-07,13:30,明大明治,城北,1,2,明大明治Ｇ,済,明大明治,A,城北,A,https://www.tleague-u18.com/schedule.php?dy=2026&dt=5&ltno=25
2026,T5,Dブロック,5,2026-06-07,15:30,大森学園B,東久留米C,2,0,東久留米総合Ｇ,済,大森学園,B,東久留米総合,C,https://www.tleague-u18.com/schedule.php?dy=2026&dt=5&ltno=25
2026,T5,Dブロック,5,2026-06-08,18:45,大森FC,駿台学園B,0,2,清瀬内山運動公園B,済,大森FC,A,駿台学園,B,https://www.tleague-u18.com/schedule.php?dy=2026&dt=5&ltno=25
2026,T5,Dブロック,5,,,葛飾野,城東,1,2,未定,済,葛飾野,A,城東,A,https://www.tleague-u18.com/schedule.php?dy=2026&dt=5&ltno=25
2026,T5,Dブロック,6,2026-06-20,17:50,大森FC,大森学園B,1,6,つくばTフィールドG,済,大森FC,A,大森学園,B,https://www.tleague-u18.com/schedule.php?dy=2026&dt=5&ltno=25
2026,T5,Dブロック,6,2026-06-21,09:00,東久留米C,城北,0,0,東久留米総合G,済,東久留米総合,C,城北,A,https://www.tleague-u18.com/schedule.php?dy=2026&dt=5&ltno=25
2026,T5,Dブロック,6,2026-06-21,13:00,駿台学園B,明大八王子,3,2,明大八王子Ｇ,済,駿台学園,B,明大八王子,A,https://www.tleague-u18.com/schedule.php?dy=2026&dt=5&ltno=25
2026,T5,Dブロック,6,2026-06-21,16:00,城東,明大明治,1,0,明大明治Ｇ,済,城東,A,明大明治,A,https://www.tleague-u18.com/schedule.php?dy=2026&dt=5&ltno=25
2026,T5,Dブロック,6,2026-06-21,16:30,日大豊山B,葛飾野,3,2,日大豊山中台Ｇ,済,日大豊山,B,葛飾野,A,https://www.tleague-u18.com/schedule.php?dy=2026&dt=5&ltno=25
2026,T5,Dブロック,7,2026-09-06,16:00,明大明治,日大豊山B,0,2,明大明治Ｇ,済,明大明治,A,日大豊山,B,https://www.tleague-u18.com/schedule.php?dy=2026&dt=5&ltno=25
2026,T5,Dブロック,7,2026-09-15,09:00,城東,東久留米C,,,新砂サッカー場,未,城東,A,東久留米総合,C,https://www.tleague-u18.com/schedule.php?dy=2026&dt=5&ltno=25
2026,T5,Dブロック,7,2026-09-18,19:05,大森学園B,駿台学園B,,,清瀬内山運動公園B,未,大森学園,B,駿台学園,B,https://www.tleague-u18.com/schedule.php?dy=2026&dt=5&ltno=25
2026,T5,Dブロック,7,2026-09-23,09:00,城北,大森FC,,,城北Ｇ,未,城北,A,大森FC,A,https://www.tleague-u18.com/schedule.php?dy=2026&dt=5&ltno=25
2026,T5,Dブロック,7,2026-10-01,13:00,葛飾野,明大八王子,,,明大八王子Ｇ,未,葛飾野,A,明大八王子,A,https://www.tleague-u18.com/schedule.php?dy=2026&dt=5&ltno=25
2026,T5,Dブロック,8,2026-09-26,--:--,東久留米C,日大豊山B,,,東久留米総合Ｇ,未,東久留米総合,C,日大豊山,B,https://www.tleague-u18.com/schedule.php?dy=2026&dt=5&ltno=25
2026,T5,Dブロック,8,2026-09-27,09:00,大森FC,城東,,,城東高校グランド,未,大森FC,A,城東,A,https://www.tleague-u18.com/schedule.php?dy=2026&dt=5&ltno=25
2026,T5,Dブロック,8,2026-09-27,15:30,明大八王子,明大明治,,,明大八王子Ｇ,未,明大八王子,A,明大明治,A,https://www.tleague-u18.com/schedule.php?dy=2026&dt=5&ltno=25
2026,T5,Dブロック,8,2026-09-28,09:00,大森学園B,城北,,,未定,未,大森学園,B,城北,A,https://www.tleague-u18.com/schedule.php?dy=2026&dt=5&ltno=25
2026,T5,Dブロック,8,2026-09-28,18:45,駿台学園B,葛飾野,,,赤羽スポーツの森公園競技場,未,駿台学園,B,葛飾野,A,https://www.tleague-u18.com/schedule.php?dy=2026&dt=5&ltno=25
2026,T5,Dブロック,9,2026-10-04,14:00,日大豊山B,大森FC,,,日大豊山中台Ｇ,未,日大豊山,B,大森FC,A,https://www.tleague-u18.com/schedule.php?dy=2026&dt=5&ltno=25
2026,T5,Dブロック,9,2026-10-04,15:30,明大八王子,東久留米C,,,明大八王子Ｇ,未,明大八王子,A,東久留米総合,C,https://www.tleague-u18.com/schedule.php?dy=2026&dt=5&ltno=25
2026,T5,Dブロック,9,2026-10-04,--:--,城北,駿台学園B,,,城北Ｇ,未,城北,A,駿台学園,B,https://www.tleague-u18.com/schedule.php?dy=2026&dt=5&ltno=25
2026,T5,Dブロック,9,2026-10-07,19:05,城東,大森学園B,,,新砂サッカー場,未,城東,A,大森学園,B,https://www.tleague-u18.com/schedule.php?dy=2026&dt=5&ltno=25
2026,T5,Dブロック,9,2026-10-11,13:30,明大明治,葛飾野,,,明大明治Ｇ,未,明大明治,A,葛飾野,A,https://www.tleague-u18.com/schedule.php?dy=2026&dt=5&ltno=25
