年度,リーグ,日付,キックオフ,ホーム,学校H,得点H,アウェイ,学校A,得点A,会場,出典
2018,T3,2018-04-22,12:30,東海大高輪台,東海大高輪台,9,実践学園（C),実践学園,0,東海大学高輪台総合グラウンド,2018_T3-A.pdf
2018,T3,2018-04-06,18:00,日本学園,日本学園,0,関東第一（Ｂ）,関東第一,4,駒沢第2球技場,2018_T3-A.pdf
2018,T3,2018-04-09,19:00,三菱養和SCユース（B）,三菱養和SCユース,3,杉並FCユース,杉並FCユース,0,三菱養和会巣鴨スポーツセンターグラウンド,2018_T3-A.pdf
2018,T3,2018-04-01,14:00,東海大菅生,東海大菅生,0,農大一,農大一,1,東海大学菅生高等学校学びの城グラウンド,2018_T3-A.pdf
2018,T3,2018-04-02,18:30,駿台学園,駿台学園,7,保善,保善,0,赤羽スポーツの森公園競技場,2018_T3-A.pdf
2018,T3,2018-04-25,19:00,関東第一（Ｂ）,関東第一,3,東海大高輪台,東海大高輪台,1,新砂運動場サッカーグラウンド,2018_T3-A.pdf
2018,T3,2018-05-30,18:00,杉並FCユース,杉並FCユース,1,日本学園,日本学園,4,駒沢第2球技場,2018_T3-A.pdf
2018,T3,2018-05-07,19:00,農大一,農大一,0,三菱養和SCユース（B）,三菱養和SCユース,3,三菱養和会巣鴨スポーツセンターグラウンド,2018_T3-A.pdf
2018,T3,2018-05-06,14:00,保善,保善,3,東海大菅生,東海大菅生,4,東海大学菅生高等学校学びの城グラウンド,2018_T3-A.pdf
2018,T3,2018-11-04,17:00,実践学園（C),実践学園,0,駿台学園,駿台学園,4,実践学園高尾グラウンド,2018_T3-A.pdf
2018,T3,2018-07-08,13:00,東海大高輪台,東海大高輪台,5,杉並FCユース,杉並FCユース,1,東海大学高輪台総合グラウンド,2018_T3-A.pdf
2018,T3,2018-06-15,18:00,日本学園,日本学園,1,農大一,農大一,1,駒沢第2球技場,2018_T3-A.pdf
2018,T3,2018-06-24,19:00,三菱養和SCユース（B）,三菱養和SCユース,6,保善,保善,0,三菱養和会巣鴨スポーツセンターグラウンド,2018_T3-A.pdf
2018,T3,2018-07-16,16:00,東海大菅生,東海大菅生,2,駿台学園,駿台学園,3,東海大学菅生高等学校学びの城グラウンド,2018_T3-A.pdf
2018,T3,2018-05-12,18:00,実践学園（C),実践学園,0,関東第一（Ｂ）,関東第一,1,実践学園高尾,2018_T3-A.pdf
2018,T3,2018-07-15,16:00,農大一,農大一,1,東海大高輪台,東海大高輪台,0,東海大学高輪台総合グラウンド,2018_T3-A.pdf
2018,T3,2018-10-06,16:00,保善,保善,0,日本学園,日本学園,0,保善入間グラウンド,2018_T3-A.pdf
2018,T3,2018-08-05,19:00,駿台学園,駿台学園,1,三菱養和SCユース（B）,三菱養和SCユース,1,三菱養和会巣鴨スポーツセンターグラウンド,2018_T3-A.pdf
2018,T3,2018-08-04,16:00,東海大菅生,東海大菅生,0,実践学園（C),実践学園,1,東海大学菅生高等学校学びの城グラウンド,2018_T3-A.pdf
2018,T3,2018-07-13,18:00,杉並FCユース,杉並FCユース,0,関東第一（Ｂ）,関東第一,4,駒沢第2球技場,2018_T3-A.pdf
2018,T3,2018-07-20,16:30,東海大高輪台,東海大高輪台,1,保善,保善,1,東海大学高輪台総合グラウンド,2018_T3-A.pdf
2018,T3,2018-07-30,18:30,日本学園,日本学園,1,駿台学園,駿台学園,3,赤羽スポーツの森公園競技場,2018_T3-A.pdf
2018,T3,2018-09-17,19:00,三菱養和SCユース（B）,三菱養和SCユース,2,東海大菅生,東海大菅生,0,三菱養和会巣鴨スポーツセンターグラウンド,2018_T3-A.pdf
2018,T3,2018-07-30,18:30,関東第一（Ｂ）,関東第一,0,農大一,農大一,1,新小岩私学事業団総合運動場,2018_T3-A.pdf
2018,T3,2018-10-27,18:00,実践学園（C),実践学園,7,杉並FCユース,杉並FCユース,1,実践学園高尾,2018_T3-A.pdf
2018,T3,2018-08-28,16:00,駿台学園,駿台学園,0,東海大高輪台,東海大高輪台,1,東海大学高輪台総合グラウンド,2018_T3-A.pdf
2018,T3,2018-08-29,16:00,東海大菅生,東海大菅生,1,日本学園,日本学園,1,東海大学菅生高等学校学びの城グラウンド,2018_T3-A.pdf
2018,T3,2018-08-10,19:00,実践学園（C),実践学園,1,三菱養和SCユース（B）,三菱養和SCユース,2,三菱養和会巣鴨スポーツセンターグラウンド,2018_T3-A.pdf
2018,T3,2018-08-28,11:45,杉並FCユース,杉並FCユース,0,農大一,農大一,7,駒沢第2球技場,2018_T3-A.pdf
2018,T3,2018-09-09,16:00,東海大高輪台,東海大高輪台,3,東海大菅生,東海大菅生,0,東海大学菅生高等学校学びの城グラウンド,2018_T3-A.pdf
2018,T3,2018-09-10,19:00,三菱養和SCユース（B）,三菱養和SCユース,1,日本学園,日本学園,1,三菱養和会巣鴨スポーツセンターグラウンド,2018_T3-A.pdf
2018,T3,2018-09-16,10:00,関東第一（Ｂ）,関東第一,0,駿台学園,駿台学園,3,新小岩私学事業団総合運動場,2018_T3-A.pdf
2018,T3,2018-09-02,18:20,杉並FCユース,杉並FCユース,1,保善,保善,7,清瀬内山運動公園サッカー場,2018_T3-A.pdf
2018,T3,2018-09-08,17:00,農大一,農大一,1,実践学園（C),実践学園,6,実践学園高尾,2018_T3-A.pdf
2018,T3,2018-09-23,19:00,三菱養和SCユース（B）,三菱養和SCユース,3,東海大高輪台,東海大高輪台,1,三菱養和会巣鴨スポーツセンターグラウンド,2018_T3-A.pdf
2018,T3,2018-09-23,17:00,日本学園,日本学園,2,実践学園（C),実践学園,2,実践学園高尾,2018_T3-A.pdf
2018,T3,2018-09-23,16:00,東海大菅生,東海大菅生,2,関東第一（Ｂ）,関東第一,1,東海大学菅生高等学校学びの城グラウンド,2018_T3-A.pdf
2018,T3,2018-10-15,18:30,駿台学園,駿台学園,9,杉並FCユース,杉並FCユース,0,赤羽スポーツの森公園競技場,2018_T3-A.pdf
2018,T3,2018-09-17,14:00,保善,保善,1,農大一,農大一,1,東京農業大学世田谷キャンパス内サッカー場,2018_T3-A.pdf
2018,T3,2018-09-16,15:00,東海大高輪台,東海大高輪台,3,日本学園,日本学園,0,東海大学高輪台総合グラウンド,2018_T3-A.pdf
2018,T3,2018-10-30,19:00,関東第一（Ｂ）,関東第一,0,三菱養和SCユース（B）,三菱養和SCユース,1,三菱養和会巣鴨スポーツセンターグラウンド,2018_T3-A.pdf
2018,T3,2018-10-07,14:00,杉並FCユース,杉並FCユース,0,東海大菅生,東海大菅生,5,東海大学菅生高等学校学びの城グラウンド,2018_T3-A.pdf
2018,T3,2018-07-24,18:30,農大一,農大一,1,駿台学園,駿台学園,3,赤羽スポーツの森公園競技場,2018_T3-A.pdf
2018,T3,2018-10-13,18:00,実践学園（C),実践学園,0,保善,保善,1,実践学園高尾グラウンド,2018_T3-A.pdf
2018,T3,2018-04-06,18:00,暁星,暁星,4,日野台,日野台,0,駒沢補助競技場,2018_T3-B.pdf
2018,T3,2018-04-03,9:30,多摩大目黒,多摩大学目黒,1,成立学園（B),成立学園,0,駒沢補助競技場,2018_T3-B.pdf
2018,T3,2018-04-03,14:30,国分寺,国分寺,3,かえつ有明,かえつ有明,3,駒沢補助競技場,2018_T3-B.pdf
2018,T3,2018-04-12,18:00,東京成徳,東京成徳大高,4,東京,東京,0,駒沢第2球技場,2018_T3-B.pdf
2018,T3,2018-04-03,12:00,修徳,修徳,3,東京武蔵野シティＦＣ　Ｕ－１８（Ｂ）,東京武蔵野シティFCU-18,2,駒沢補助競技場,2018_T3-B.pdf
2018,T3,2018-06-01,18:00,成立学園（B),成立学園,1,暁星,暁星,3,駒沢第2球技場,2018_T3-B.pdf
2018,T3,2018-06-03,11:00,かえつ有明,かえつ有明,0,多摩大目黒,多摩大学目黒,5,横浜FC東戸塚フットボールパーク,2018_T3-B.pdf
2018,T3,2018-06-08,18:00,東京,東京,1,国分寺,国分寺,3,駒沢補助競技場,2018_T3-B.pdf
2018,T3,2018-05-16,18:00,東京武蔵野シティＦＣ　Ｕ－１８（Ｂ）,東京武蔵野シティFCU-18,4,東京成徳,東京成徳大高,1,駒沢第2球技場,2018_T3-B.pdf
2018,T3,2018-05-06,13:00,日野台,日野台,1,修徳,修徳,6,修徳柏グラウンド,2018_T3-B.pdf
2018,T3,2018-06-22,18:00,暁星,暁星,6,かえつ有明,かえつ有明,4,駒沢補助競技場,2018_T3-B.pdf
2018,T3,2018-07-16,18:00,多摩大目黒,多摩大学目黒,1,東京,東京,2,横浜FC東戸塚フットボールパーク,2018_T3-B.pdf
2018,T3,2018-06-24,19:00,国分寺,国分寺,3,東京武蔵野シティＦＣ　Ｕ－１８（Ｂ）,東京武蔵野シティFCU-18,2,横河電機グランド,2018_T3-B.pdf
2018,T3,2018-06-23,15:00,東京成徳,東京成徳大高,1,修徳,修徳,4,東京成徳八千代キャンパス,2018_T3-B.pdf
2018,T3,2018-06-30,11:00,日野台,日野台,1,成立学園（B),成立学園,3,成立学園鷺宮グラウンド,2018_T3-B.pdf
2018,T3,2018-07-13,9:30,東京,東京,2,暁星,暁星,3,駒沢補助競技場,2018_T3-B.pdf
2018,T3,2018-09-08,18:45,東京武蔵野シティＦＣ　Ｕ－１８（Ｂ）,東京武蔵野シティFCU-18,2,多摩大目黒,多摩大学目黒,1,横浜FC東戸塚フットボールパーク,2018_T3-B.pdf
2018,T3,2018-07-19,16:15,修徳,修徳,3,国分寺,国分寺,1,駒沢第2球技場,2018_T3-B.pdf
2018,T3,2018-07-13,18:30,東京成徳,東京成徳大高,2,日野台,日野台,1,駒沢補助競技場,2018_T3-B.pdf
2018,T3,2018-07-19,14:00,かえつ有明,かえつ有明,3,成立学園（B),成立学園,2,駒沢第2球技場,2018_T3-B.pdf
2018,T3,2018-08-03,13:00,暁星,暁星,2,東京武蔵野シティＦＣ　Ｕ－１８（Ｂ）,東京武蔵野シティFCU-18,1,新小岩私学事業団グランド,2018_T3-B.pdf
2018,T3,2018-07-30,18:00,多摩大目黒,多摩大学目黒,1,修徳,修徳,2,駒沢第2球技場,2018_T3-B.pdf
2018,T3,2018-07-31,13:00,国分寺,国分寺,2,東京成徳,東京成徳大高,4,赤羽スポーツの森グランド,2018_T3-B.pdf
2018,T3,2018-07-29,10:00,成立学園（B),成立学園,5,東京,東京,1,成立学園鷺宮グラウンド,2018_T3-B.pdf
2018,T3,2018-10-07,17:00,日野台,日野台,1,かえつ有明,かえつ有明,2,新砂運動場グラウンド,2018_T3-B.pdf
2018,T3,2018-08-30,9:30,修徳,修徳,6,暁星,暁星,2,駒沢第2球技場,2018_T3-B.pdf
2018,T3,2018-07-24,18:00,東京成徳,東京成徳大高,0,多摩大目黒,多摩大学目黒,1,横浜FC東戸塚フットボールパーク,2018_T3-B.pdf
2018,T3,2018-08-04,13:00,日野台,日野台,2,国分寺,国分寺,3,東海大学菅生高等学校学びの城グラウンド,2018_T3-B.pdf
2018,T3,2018-08-30,16:15,東京武蔵野シティＦＣ　Ｕ－１８（Ｂ）,東京武蔵野シティFCU-18,3,成立学園（B),成立学園,2,駒沢第2球技場,2018_T3-B.pdf
2018,T3,2018-11-03,17:00,かえつ有明,かえつ有明,0,東京,東京,0,新砂運動場グラウンド,2018_T3-B.pdf
2018,T3,2018-09-09,18:30,暁星,暁星,0,東京成徳,東京成徳大高,3,清瀬内山運動公園サッカー場,2018_T3-B.pdf
2018,T3,2018-10-08,18:00,国分寺,国分寺,0,多摩大目黒,多摩大学目黒,0,横浜FC東戸塚フットボールパーク,2018_T3-B.pdf
2018,T3,2018-09-09,10:00,成立学園（B),成立学園,1,修徳,修徳,2,成立学園鷺宮グラウンド,2018_T3-B.pdf
2018,T3,2018-07-15,19:00,かえつ有明,かえつ有明,1,東京武蔵野シティＦＣ　Ｕ－１８（Ｂ）,東京武蔵野シティFCU-18,3,横河電機グランド,2018_T3-B.pdf
2018,T3,2018-09-01,18:00,東京,東京,3,日野台,日野台,1,清瀬内山運動公園サッカー場,2018_T3-B.pdf
2018,T3,2018-09-16,15:30,国分寺,国分寺,2,暁星,暁星,0,葛飾区水元総合スポーツセンター,2018_T3-B.pdf
2018,T3,2018-09-22,18:45,多摩大目黒,多摩大学目黒,8,日野台,日野台,0,横浜FC東戸塚フットボールパーク,2018_T3-B.pdf
2018,T3,2018-11-03,11:00,東京成徳,東京成徳大高,0,成立学園（B),成立学園,6,成立学園鷺宮グラウンド,2018_T3-B.pdf
2018,T3,2018-09-16,13:15,修徳,修徳,4,かえつ有明,かえつ有明,0,葛飾区水元総合スポーツセンター,2018_T3-B.pdf
2018,T3,2018-10-06,19:00,東京武蔵野シティＦＣ　Ｕ－１８（Ｂ）,東京武蔵野シティFCU-18,2,東京,東京,2,横河電機グランド,2018_T3-B.pdf
2018,T3,2018-10-01,14:00,暁星,暁星,2,多摩大目黒,多摩大学目黒,3,駒沢第2球技場,2018_T3-B.pdf
2018,T3,2018-10-01,11:30,成立学園（B),成立学園,3,国分寺,国分寺,0,成立学園鷺宮グラウンド,2018_T3-B.pdf
2018,T3,2018-09-24,17:00,かえつ有明,かえつ有明,2,東京成徳,東京成徳大高,1,新砂運動場グラウンド,2018_T3-B.pdf
2018,T3,2018-09-23,18:00,東京,東京,0,修徳,修徳,6,清瀬内山運動公園サッカー場 B面,2018_T3-B.pdf
2018,T3,2018-09-17,19:00,日野台,日野台,1,東京武蔵野シティＦＣ　Ｕ－１８（Ｂ）,東京武蔵野シティFCU-18,4,横河電機グランド,2018_T3-B.pdf
2018,T3,2018-11-15,19:00,1位 三菱養和SCユース　B,1位三菱養和SCユースB,4,修徳高校,修徳,0,三菱養和会巣鴨スポーツセンターグラウンド,2018_T3-J.pdf
2018,T3,2018-11-23,15:00,2位 駿台学園高校,2位駿台学園,4,多摩大学目黒高校,多摩大学目黒,1,東戸塚フットボールパーク,2018_T3-J.pdf
2018,T3,2018-12-09,15:30,3位 東海大学附属高輪台高校,3位東海大学附属高輪台,3,東京武蔵野シティFC B,東京武蔵野シティFCB,2,横河電機グラウンド,2018_T3-J.pdf
2018,T3,2018-12-19,12:00,4位 関東第一高校　B,4位関東第一高校B,,暁星高校,暁星,,新砂運動場グラウンド,2018_T3-J.pdf
2018,T3,2018-12-26,11:00,5位 東京農業大学第一高校,5位東京農業大学第一,,国分寺高校,国分寺,,東京農業大学グラウンド,2018_T3-J.pdf
2018,T3,2018-12-02,14:00,6位 東海大学菅生高校,6位東海大学菅生,1,成立学園高校,成立学園,4,成立学園鷲宮グラウンド,2018_T3-J.pdf
2018,T3,2018-12-22,17:00,7位 実践学園高校　C,7位実践学園高校C,,東京成徳大学高校,東京成徳大高,,実践学園高校高尾グラウンド,2018_T3-J.pdf
2018,T3,2018-11-26,17:00,8位 保善高校,8位保善,4,かえつ有明高校,かえつ有明,2,かえつ有明高校グラウンド,2018_T3-J.pdf
2018,T3,2019-01-07,14:00,9位 日本学園高校,9位日本学園,,東京高校,東京,,国分寺高校グラウンド,2018_T3-J.pdf
2018,T3,2018-12-09,18:30,10位 杉並FCユース,10位杉並FCユース,3,日野台高校,日野台,4,駒沢第二球技場,2018_T3-J.pdf
2018,T4,2018-05-27,10:00,都 葛飾野,葛飾野,2,日大三,日大三,1,都立葛飾野高等学校グラウンド,2018_T4-A.pdf
2018,T4,2018-04-03,14:00,第 都 東大和南,第都東大和南,3,都 駒場,駒場,1,清瀬内山運動公園Bグラウンド,2018_T4-A.pdf
2018,T4,2018-04-22,13:30,創価,創価,,都 東久留米総合B,東久留米総合B,,都立東久留米総合高等学校グラウンド,2018_T4-A.pdf
2018,T4,2018-04-03,12:00,駒澤大高C,駒澤大高C,5,都 石神井,石神井,2,駒沢第２球技場,2018_T4-A.pdf
2018,T4,2018-05-06,14:00,日大三,日大三,5,都 東大和南,東大和南,2,都立東大和南高等学校グラウンド,2018_T4-A.pdf
2018,T4,2018-05-05,9:30,第 都 東久留米総合B,第都東久留米総合B,1,都 駒場,駒場,1,都立東久留米総合高等学校グラウンド,2018_T4-A.pdf
2018,T4,2018-06-30,15:30,都 葛飾野,葛飾野,,駒澤大高C,駒澤大高C,,都立葛飾商業高等学校グラウンド,2018_T4-A.pdf
2018,T4,2018-05-06,14:00,都 石神井,石神井,0,創価,創価,2,都立石神井高等学校グラウンド,2018_T4-A.pdf
2018,T4,2018-06-24,13:00,創価,創価,2,日大三,日大三,3,創価高等学校グラウンド,2018_T4-A.pdf
2018,T4,2018-07-20,14:45,第 駒澤大高C,第駒澤大高C,2,都 駒場,駒場,2,駒沢補助競技場,2018_T4-A.pdf
2018,T4,2018-09-09,10:00,都 葛飾野,葛飾野,,都 東久留米総合B,東久留米総合B,,葛飾野高校,2018_T4-A.pdf
2018,T4,2018-07-23,17:00,都 東大和南,東大和南,3,都 石神井,石神井,2,清瀬内山グラウンドB面,2018_T4-A.pdf
2018,T4,2018-06-03,13:00,日大三,日大三,3,駒澤大高C,駒澤大高C,1,日本大学第三高等学校グラウンド,2018_T4-A.pdf
2018,T4,2018-09-23,9:30,第 都 駒場,第都駒場,2,創価,創価,1,創価高等学校グラウンド,2018_T4-A.pdf
2018,T4,2018-08-26,13:30,都 東久留米総合B,東久留米総合B,,都 東大和南,東大和南,,都立東久留米総合高等学校グラウンド,2018_T4-A.pdf
2018,T4,2018-06-24,9:30,都 石神井,石神井,2,都 葛飾野,葛飾野,1,都立石神井高等学校グラウンド,2018_T4-A.pdf
2018,T4,2018-07-15,15:20,都 石神井,石神井,0,日大三,日大三,2,南豊ヶ丘フィールド,2018_T4-A.pdf
2018,T4,2018-07-15,13:30,第 都 東久留米総合B,第都東久留米総合B,0,駒澤大高C,駒澤大高C,4,都立東久留米総合高等学校グラウンド,2018_T4-A.pdf
2018,T4,2018-07-15,9:30,都 駒場,駒場,,都 葛飾野,葛飾野,,都立葛飾野高等学校グラウンド,2018_T4-A.pdf
2018,T4,2018-07-15,9:30,都 東大和南,東大和南,1,創価,創価,4,創価高等学校グラウンド,2018_T4-A.pdf
2018,T4,2018-08-04,13:30,日大三,日大三,1,都 東久留米総合B,東久留米総合B,5,都立東久留米総合高等学校グラウンド,2018_T4-A.pdf
2018,T4,2018-08-26,11:30,第 都 駒場,第都駒場,2,都 石神井,石神井,3,武蔵高等学校グラウンド,2018_T4-A.pdf
2018,T4,2018-10-17,14:45,駒澤大高C,駒澤大高C,,都 東大和南,東大和南,,南豊ヶ丘フィールド,2018_T4-A.pdf
2018,T4,2018-07-22,10:00,創価,創価,1,都 葛飾野,葛飾野,1,都立葛飾野高等学校グラウンド,2018_T4-A.pdf
2018,T4,2018-09-17,10:00,都 駒場,駒場,2,日大三,日大三,0,日本大学第三高等学校グラウンド,2018_T4-A.pdf
2018,T4,2018-09-24,9:30,第 都 石神井,第都石神井,1,都 東久留米総合B,東久留米総合B,2,都立東久留米総合高等学校グラウンド,2018_T4-A.pdf
2018,T4,2018-09-16,13:00,創価,創価,,駒澤大高C,駒澤大高C,,創価高等学校グラウンド,2018_T4-A.pdf
2018,T4,2018-09-23,10:00,都 葛飾野,葛飾野,3,都 東大和南,東大和南,1,都立葛飾野高等学校グラウンド,2018_T4-A.pdf
2018,T4,2018-10-17,18:30,都 府中東,府中東,0,大東文化第一,大東文化一,1,新小岩私学事業団総合運動場,2018_T4-B.pdf
2018,T4,2018-04-22,9:00,第 町田セルビアB,第町田セルビアB,3,武蔵,武蔵,1,武蔵高等学校グラウンド,2018_T4-B.pdf
2018,T4,2018-04-22,15:30,東海大高輪台B,東海大高輪台B,,日大豊山,日大豊山,,東海大学高輪台総合グラウンド,2018_T4-B.pdf
2018,T4,2018-04-17,18:00,正則学園,正則学園,1,國學院久我山C,国学院久我山C,1,新小岩私学事業団総合運動場,2018_T4-B.pdf
2018,T4,2018-05-18,18:30,大東文化第一,大東文化一,1,町田セルビアB,町田セルビアB,1,駒沢補助競技場,2018_T4-B.pdf
2018,T4,2018-08-03,9:30,第 武蔵,第武蔵,3,都 府中東,府中東,5,武蔵高等学校グラウンド,2018_T4-B.pdf
2018,T4,2018-05-15,17:30,日大豊山,日大豊山,,正則学園,正則学園,,新小岩私学事業団総合運動場,2018_T4-B.pdf
2018,T4,2018-05-05,14:00,國學院久我山C,国学院久我山C,3,東海大高輪台B,東海大高輪台B,1,東海大学高輪台総合グラウンド,2018_T4-B.pdf
2018,T4,2018-06-03,12:30,東海大高輪台B,東海大高輪台B,3,大東文化第一,大東文化一,0,東海大学高輪台総合グラウンド,2018_T4-B.pdf
2018,T4,2018-06-03,9:30,第 正則学園,第正則学園,7,武蔵,武蔵,3,武蔵高等学校グラウンド,2018_T4-B.pdf
2018,T4,2018-05-27,14:00,都 府中東,府中東,,日大豊山,日大豊山,,都立府中東高等学校グラウンド,2018_T4-B.pdf
2018,T4,2018-07-01,10:00,町田セルビアB,町田セルビアB,4,國學院久我山C,国学院久我山C,2,國學院大学相模原キャンパス,2018_T4-B.pdf
2018,T4,2018-06-26,18:30,大東文化第一,大東文化一,0,正則学園,正則学園,3,新小岩私学事業団総合運動場,2018_T4-B.pdf
2018,T4,2018-06-10,9:30,第 武蔵,第武蔵,2,東海大高輪台B,東海大高輪台B,3,武蔵高等学校グラウンド,2018_T4-B.pdf
2018,T4,2018-06-17,10:30,日大豊山,日大豊山,,町田セルビアB,町田セルビアB,,日本大学豊山中台総合グランド,2018_T4-B.pdf
2018,T4,2018-09-16,14:00,國學院久我山C,国学院久我山C,3,都 府中東,府中東,0,都立府中東高等学校グラウンド,2018_T4-B.pdf
2018,T4,2018-07-19,9:30,國學院久我山C,国学院久我山C,3,大東文化第一,大東文化一,5,駒沢第２球技場,2018_T4-B.pdf
2018,T4,2018-07-22,9:30,第 日大豊山,第日大豊山,6,武蔵,武蔵,0,武蔵高等学校グラウンド,2018_T4-B.pdf
2018,T4,2018-07-14,14:00,都 府中東,府中東,,正則学園,正則学園,,都立府中東高等学校グラウンド,2018_T4-B.pdf
2018,T4,2018-07-16,17:00,町田セルビアB,町田セルビアB,3,東海大高輪台B,東海大高輪台B,2,小野路公園グラウンド,2018_T4-B.pdf
2018,T4,2018-08-29,14:00,大東文化第一,大東文化一,0,日大豊山,日大豊山,3,清瀬内山運動公園 A面,2018_T4-B.pdf
2018,T4,2018-08-26,9:30,第 武蔵,第武蔵,3,國學院久我山C,国学院久我山C,2,武蔵高等学校グラウンド,2018_T4-B.pdf
2018,T4,2018-08-28,14:00,正則学園,正則学園,,町田セルビアB,町田セルビアB,,駒沢第２球技場,2018_T4-B.pdf
2018,T4,2018-10-04,17:00,東海大高輪台B,東海大高輪台B,1,都 府中東,府中東,6,都立府中東高等学校グラウンド,2018_T4-B.pdf
2018,T4,2018-09-09,9:30,武蔵,武蔵,1,大東文化第一,大東文化一,3,武蔵高等学校グラウンド,2018_T4-B.pdf
2018,T4,2018-10-04,17:15,第 國學院久我山C,第国学院久我山C,2,日大豊山,日大豊山,2,日本大学豊山中台総合グランド,2018_T4-B.pdf
2018,T4,2018-09-08,16:00,東海大高輪台B,東海大高輪台B,,正則学園,正則学園,,東海大学高輪台総合グラウンド,2018_T4-B.pdf
2018,T4,2018-09-23,14:00,都 府中東,府中東,1,町田セルビアB,町田セルビアB,1,都立府中東高等学校グラウンド,2018_T4-B.pdf
2018,T4,2018-11-04,14:00,1位 駒澤大学高校Ｃ,1位駒澤大学高校C,8,日本大学豊山高校,日大豊山,1,日本大学豊山高校グラウンド,2018_T4-J.pdf
2018,T4,2018-11-04,18:00,2位 日本大学第三高校,2位日本大学第三,1,FC町田ゼルビア B,FC町田ゼルビアB,0,小野路公園グラウンド,2018_T4-J.pdf
2018,T4,2018-11-03,13:00,3位 創価高校,3位創価,5,大東文化大学第一高校,大東文化一,2,創価高校グラウンド,2018_T4-J.pdf
2018,T4,2018-11-04,9:30,4位 東久留米総合高校Ｂ,4位東久留米総合高校B,,東海大学高輪台高校 Ｂ,東海大学高輪台高校B,,都立東久留米総合高等学校グラウンド,2018_T4-J.pdf
2018,T4,2018-11-04,13:30,5位 葛飾野高校,5位葛飾野,1,府中東高校,府中東,3,都立府中東高等学校グラウンド,2018_T4-J.pdf
2018,T4,2018-11-25,17:00,6位 駒場高校,6位駒場,2,國學院大學久我山高校 Ｃ,国学院大学久我山高校C,1,朝鮮大学校グラウンド,2018_T4-J.pdf
2018,T4,2018-11-28,18:30,7位 石神井高校,7位石神井,4,正則学園高校,正則学園,0,清瀬内山Aグラウンド,2018_T4-J.pdf
2018,T4,2018-11-03,9:30,8位 東大和南高校,8位東大和南,3,武蔵高校,武蔵,0,武蔵高等学校グラウンド,2018_T4-J.pdf
2019,T1,2020-03-12,18:30,関東第一,関東第一,0,駒澤大高,駒澤大高,2,駒沢補助競技場,2019_T1-1.pdf
2019,T1,2020-03-21,10:00,成立学園,成立学園,3,東京朝鮮,東京朝鮮,0,成立学園鷲宮G,2019_T1-1.pdf
2019,T1,2020-03-21,10:00,國學院久我山,国学院久我山,4,都・東久留米総合,東久留米総合,0,國學院相模原G,2019_T1-1.pdf
2019,T1,2020-03-21,17:00,実践学園,実践学園,4,武蔵野シティ,武蔵野シティ,0,実践学園高尾G,2019_T1-1.pdf
2019,T1,2019-04-07,17:30,町田ゼルビア,町田ゼルビア,1,FC東京（B）,FC東京,1,小野路G,2019_T1-1.pdf
2019,T1,2020-03-27,10:00,駒澤大高,駒澤大高,1,國學院久我山,国学院久我山,2,國學院相模原G,2019_T1-1.pdf
2019,T1,2020-03-27,10:00,東京朝鮮,東京朝鮮,0,実践学園,実践学園,3,東京朝鮮G,2019_T1-1.pdf
2019,T1,2020-03-28,14:00,関東第一,関東第一,1,武蔵野シティ,武蔵野シティ,2,駒沢第２球技場,2019_T1-1.pdf
2019,T1,2020-03-28,14:00,町田ゼルビア,町田ゼルビア,1,成立学園,成立学園,2,小野路G,2019_T1-1.pdf
2019,T1,2020-03-30,15:00,都・東久留米総合,東久留米総合,1,FC東京（B）,FC東京,3,都・東久留米G,2019_T1-1.pdf
2019,T1,2019-04-02,10:00,成立学園,成立学園,2,都・東久留米総合,東久留米総合,2,成立学園鷲宮G,2019_T1-1.pdf
2019,T1,2019-04-02,10:00,関東第一,関東第一,2,実践学園,実践学園,1,駒沢第２球技場,2019_T1-1.pdf
2019,T1,2019-04-02,13:15,國學院久我山,国学院久我山,4,武蔵野シティ,武蔵野シティ,1,駒沢第２球技場,2019_T1-1.pdf
2019,T1,2019-04-03,13:00,FC東京（B）,FC東京,0,駒澤大高,駒澤大高,3,東ガス武蔵野苑G,2019_T1-1.pdf
2019,T1,2019-04-03,13:00,東京朝鮮,東京朝鮮,1,町田ゼルビア,町田ゼルビア,1,東京朝鮮G,2019_T1-1.pdf
2019,T1,2019-04-30,13:30,武蔵野シティ,武蔵野シティ,1,FC東京（B）,FC東京,1,横河電機G,2019_T1-1.pdf
2019,T1,2019-05-02,10:00,國學院久我山,国学院久我山,6,実践学園,実践学園,2,國學院たまプラG,2019_T1-1.pdf
2019,T1,2019-05-03,10:00,駒澤大高,駒澤大高,4,成立学園,成立学園,1,清瀬内山　B面,2019_T1-1.pdf
2019,T1,2019-05-03,16:00,東京朝鮮,東京朝鮮,1,関東第一,関東第一,0,東京朝鮮G,2019_T1-1.pdf
2019,T1,2019-05-03,16:00,町田ゼルビア,町田ゼルビア,3,都・東久留米総合,東久留米総合,0,小野路G,2019_T1-1.pdf
2019,T1,2019-06-29,16:00,FC東京（B）,FC東京,2,実践学園,実践学園,1,東ガス武蔵野苑,2019_T1-1.pdf
2019,T1,2019-08-05,10:00,都・東久留米総合,東久留米総合,2,東京朝鮮,東京朝鮮,1,東京朝鮮G,2019_T1-1.pdf
2019,T1,2019-06-30,10:00,國學院久我山,国学院久我山,2,関東第一,関東第一,1,國學院相模原G,2019_T1-1.pdf
2019,T1,2019-06-30,10:00,成立学園,成立学園,1,武蔵野シティ,武蔵野シティ,2,成立学園鷲宮G,2019_T1-1.pdf
2019,T1,2019-06-30,17:10,駒澤大高,駒澤大高,1,町田ゼルビア,町田ゼルビア,0,小野路G,2019_T1-1.pdf
2019,T1,2019-07-07,9:30,都・東久留米総合,東久留米総合,0,駒澤大高,駒澤大高,0,都・東久留米G,2019_T1-1.pdf
2019,T1,2019-07-07,10:00,実践学園,実践学園,3,成立学園,成立学園,1,実践学園高尾G,2019_T1-1.pdf
2019,T1,2019-07-07,17:30,町田,町田,0,武蔵野シティ,武蔵野シティ,2,小野路G,2019_T1-1.pdf
2019,T1,2019-07-10,18:30,関東第一,関東第一,2,FC東京（B）,FC東京,3,駒沢第２球技場,2019_T1-1.pdf
2019,T1,2019-09-18,18:00,東京朝鮮,東京朝鮮,1,國學院久我山,国学院久我山,5,東京朝鮮G,2019_T1-1.pdf
2019,T1,2019-07-13,18:30,武蔵野シティ,武蔵野シティ,1,都・東久留米総合,東久留米総合,0,横河電機G,2019_T1-1.pdf
2019,T1,2019-07-14,10:00,成立学園,成立学園,2,関東第一,関東第一,1,成立学園鷲宮G,2019_T1-1.pdf
2019,T1,2019-07-14,18:00,実践学園,実践学園,8,町田ゼルビア,町田ゼルビア,2,実践学園高尾G,2019_T1-1.pdf
2019,T1,2019-07-15,17:00,FC東京（B）,FC東京,1,國學院久我山,国学院久我山,2,東ガス武蔵野苑,2019_T1-1.pdf
2019,T1,2019-07-21,17:00,駒澤大高,駒澤大高,3,東京朝鮮,東京朝鮮,0,東京朝鮮G,2019_T1-1.pdf
2019,T1,2019-07-17,18:30,駒澤大高,駒澤大高,0,武蔵野シティ,武蔵野シティ,0,駒沢第２球技場,2019_T1-1.pdf
2019,T1,2019-07-21,10:00,國學院久我山,国学院久我山,0,成立学園,成立学園,1,國學院相模原G,2019_T1-1.pdf
2019,T1,2019-07-21,18:00,実践学園,実践学園,1,都・東久留米総合,東久留米総合,0,実践学園高尾G,2019_T1-1.pdf
2019,T1,2019-07-21,17:30,町田ゼルビア,町田ゼルビア,2,関東第一,関東第一,0,小野路G,2019_T1-1.pdf
2019,T1,2019-08-18,10:00,東京朝鮮,東京朝鮮,2,FC東京（B）,FC東京,3,東京朝鮮G,2019_T1-1.pdf
2019,T1,2019-08-24,10:00,成立学園,成立学園,2,FC東京（B）,FC東京,0,成立学園鷲宮G,2019_T1-1.pdf
2019,T1,2019-08-24,10:00,関東第一,関東第一,3,都・東久留米総合,東久留米総合,1,都・東久留米G,2019_T1-1.pdf
2019,T1,2019-08-24,19:00,武蔵野シティ,武蔵野シティ,3,東京朝鮮,東京朝鮮,2,横河電機G,2019_T1-1.pdf
2019,T1,2019-08-25,17:30,町田ゼルビア,町田ゼルビア,2,國學院久我山,国学院久我山,1,小野路G,2019_T1-1.pdf
2019,T1,2019-08-25,18:00,実践学園,実践学園,1,駒澤大高,駒澤大高,0,実践学園高尾G,2019_T1-1.pdf
2019,T2,2020-03-10,19:00,三菱養和（B）,三菱養和,4,駒澤大高（B）,駒澤大高,1,三菱養和巣鴨G,2019_T2-1.pdf
2019,T2,2020-03-17,9:30,堀越,堀越,1,早稲田実業,早稲田実業,0,穎明館（堀越）,2019_T2-1.pdf
2019,T2,2020-03-19,14:30,国士舘,国士舘,2,修徳,修徳,2,駒沢補助競技場,2019_T2-1.pdf
2019,T2,2020-03-19,18:00,東京実業,東京実業,2,大成,大成,3,駒沢補助競技場,2019_T2-1.pdf
2019,T2,2020-03-21,12:00,國學院久我山（B）,国学院久我山,4,トリプレッタ,トリプレッタ,0,國學院相模原G,2019_T2-1.pdf
2019,T2,2020-03-24,17:15,修徳,修徳,1,トリプレッタ,トリプレッタ,1,水元総合スポーツセンター,2019_T2-1.pdf
2019,T2,2020-03-24,19:00,三菱養和（B）,三菱養和,1,国士舘,国士舘,3,三菱養和巣鴨G,2019_T2-1.pdf
2019,T2,2020-03-25,10:00,堀越,堀越,1,東京実業,東京実業,2,穎明館（堀越）,2019_T2-1.pdf
2019,T2,2020-03-27,12:00,國學院久我山（B）,国学院久我山,1,早稲田実業,早稲田実業,1,國學院相模原G,2019_T2-1.pdf
2019,T2,2020-03-27,16:30,大成,大成,2,駒澤大高（B）,駒澤大高,1,私学事業団総合G,2019_T2-1.pdf
2019,T2,2019-04-02,10:00,修徳,修徳,2,三菱養和（B）,三菱養和,1,駒沢補助競技場,2019_T2-1.pdf
2019,T2,2019-04-02,12:15,トリプレッタ,トリプレッタ,1,早稲田実業,早稲田実業,0,駒沢補助競技場,2019_T2-1.pdf
2019,T2,2019-04-02,14:30,国士舘,国士舘,2,大成,大成,1,駒沢補助競技場,2019_T2-1.pdf
2019,T2,2019-04-02,16:45,東京実業,東京実業,2,國學院久我山（B）,国学院久我山,3,駒沢補助競技場,2019_T2-1.pdf
2019,T2,2019-04-02,19:00,駒澤大高（B）,駒澤大高,1,堀越,堀越,2,駒沢補助競技場,2019_T2-1.pdf
2019,T2,2019-05-02,14:30,早稲田実業,早稲田実業,0,修徳,修徳,1,早稲田実業G,2019_T2-1.pdf
2019,T2,2019-05-03,12:15,国士舘,国士舘,2,堀越,堀越,2,清瀬内山　Ｂ面,2019_T2-1.pdf
2019,T2,2019-05-03,14:30,駒澤大高（B）,駒澤大高,3,國學院久我山（B）,国学院久我山,1,清瀬内山　Ｂ面,2019_T2-1.pdf
2019,T2,2019-05-03,16:45,トリプレッタ,トリプレッタ,2,東京実業,東京実業,5,清瀬内山　Ｂ面,2019_T2-1.pdf
2019,T2,2019-05-03,19:00,大成,大成,2,三菱養和（B）,三菱養和,1,清瀬内山　Ｂ面,2019_T2-1.pdf
2019,T2,2019-06-29,16:00,国士舘,国士舘,1,國學院久我山（B）,国学院久我山,2,國學院相模原G,2019_T2-1.pdf
2019,T2,2019-06-29,18:30,駒澤大高（B）,駒澤大高,1,トリプレッタ,トリプレッタ,3,駒沢補助競技場,2019_T2-1.pdf
2019,T2,2019-06-29,18:30,早稲田実業,早稲田実業,2,東京実業,東京実業,1,早稲田東伏見G,2019_T2-1.pdf
2019,T2,2019-06-30,9:30,堀越,堀越,2,三菱養和（B）,三菱養和,0,穎明館（堀越）,2019_T2-1.pdf
2019,T2,2019-06-30,19:10,大成,大成,2,修徳,修徳,1,小野路G,2019_T2-1.pdf
2019,T2,2019-07-06,18:30,早稲田実業,早稲田実業,1,駒澤大高（B）,駒澤大高,4,早稲田東伏見G,2019_T2-1.pdf
2019,T2,2019-07-06,18:30,修徳,修徳,3,東京実業,東京実業,4,清瀬内山　Ａ面,2019_T2-1.pdf
2019,T2,2019-07-07,9:30,大成,大成,0,堀越,堀越,1,穎明館（堀越）,2019_T2-1.pdf
2019,T2,2019-07-07,10:00,國學院久我山（B）,国学院久我山,2,三菱養和（B）,三菱養和,5,國學院たまプラG,2019_T2-1.pdf
2019,T2,2019-07-07,12:00,トリプレッタ,トリプレッタ,1,国士舘,国士舘,3,國學院たまプラG,2019_T2-1.pdf
2019,T2,2019-07-13,10:00,國學院久我山（B）,国学院久我山,2,大成,大成,5,國學院相模原G,2019_T2-1.pdf
2019,T2,2019-07-15,10:30,堀越,堀越,1,修徳,修徳,0,穎明館（堀越）,2019_T2-1.pdf
2019,T2,2019-07-15,13:30,駒澤大高（B）,駒澤大高,2,東京実業,東京実業,0,早稲田実業G,2019_T2-1.pdf
2019,T2,2019-07-15,15:45,国士舘,国士舘,2,早稲田実業,早稲田実業,1,早稲田実業G,2019_T2-1.pdf
2019,T2,2019-07-15,19:00,トリプレッタ,トリプレッタ,1,三菱養和（B）,三菱養和,2,三菱養和巣鴨G,2019_T2-1.pdf
2019,T2,2019-07-20,18:30,東京実業,東京実業,1,国士舘,国士舘,1,清瀬内山　Ｂ面,2019_T2-1.pdf
2019,T2,2019-07-21,15:00,堀越,堀越,3,國學院久我山（B）,国学院久我山,0,穎明館（堀越）,2019_T2-1.pdf
2019,T2,2019-07-21,14:00,駒澤大高（B）,駒澤大高,1,修徳,修徳,0,東京朝鮮G,2019_T2-1.pdf
2019,T2,2019-07-21,16:00,大成,大成,2,トリプレッタ,トリプレッタ,1,実践学園高尾G,2019_T2-1.pdf
2019,T2,2019-08-07,19:00,三菱養和（B）,三菱養和,1,早稲田実業,早稲田実業,1,三菱養和巣鴨G,2019_T2-1.pdf
2019,T2,2019-08-24,9:30,トリプレッタ,トリプレッタ,0,堀越,堀越,8,穎明館（堀越）,2019_T2-1.pdf
2019,T2,2019-08-24,10:00,國學院久我山（B）,国学院久我山,2,修徳,修徳,5,國學院相模原G,2019_T2-1.pdf
2019,T2,2019-08-24,16:30,国士舘,国士舘,0,駒澤大高（B）,駒澤大高,1,横河電機G,2019_T2-1.pdf
2019,T2,2019-08-24,18:30,早稲田実業,早稲田実業,1,大成,大成,1,早稲田東伏見G,2019_T2-1.pdf
2019,T2,2019-08-24,19:00,東京実業,東京実業,2,三菱養和（B）,三菱養和,1,三菱養和巣鴨G,2019_T2-1.pdf
2019,T3,2019-04-03,11:45,都・国分寺,国分寺,2,保善,保善,0,駒沢第２球技場,2019_T3-A.pdf
2019,T3,2019-04-03,14:00,武蔵野シティ（Ｂ）,武蔵野シティ,1,東京,東京,0,駒沢第２球技場,2019_T3-A.pdf
2019,T3,2019-04-03,16:15,実践学園（Ｂ）,実践学園,5,日大三,日大三,1,駒沢第２球技場,2019_T3-A.pdf
2019,T3,2019-09-29,13:00,東海大高輪台,東海大高輪台,12,都・日野台,日野台,0,東海大高輪台総合G,2019_T3-A.pdf
2019,T3,2019-04-14,17:00,都・日野台,日野台,3,実践学園（Ｂ）,実践学園,1,実践学園高尾Ｇ,2019_T3-A.pdf
2019,T3,2019-10-05,16:30,東京,東京,1,東海大高輪台,東海大高輪台,2,東海大高輪台総合G,2019_T3-A.pdf
2019,T3,2019-04-24,18:30,日大三,日大三,4,東京農大一,農大一,1,駒沢第２球技場,2019_T3-A.pdf
2019,T3,2019-05-15,18:30,保善,保善,3,武蔵野シティ（Ｂ）,武蔵野シティ,0,駒沢第２球技場,2019_T3-A.pdf
2019,T3,2019-05-31,18:00,東京成徳,東京成徳大高,0,都・国分寺,国分寺,3,駒沢第２球技場,2019_T3-A.pdf
2019,T3,2019-06-07,18:30,日大三,日大三,3,都・日野台,日野台,2,駒沢補助競技場,2019_T3-A.pdf
2019,T3,2019-06-12,18:00,都・国分寺,国分寺,1,東京農大一,農大一,0,駒沢第２球技場,2019_T3-A.pdf
2019,T3,2019-06-15,19:00,武蔵野シティ（Ｂ）,武蔵野シティ,3,東京成徳,東京成徳大高,0,横河電機Ｇ,2019_T3-A.pdf
2019,T3,2019-06-24,18:00,実践学園（Ｂ）,実践学園,3,東京,東京,1,駒沢第２球技場,2019_T3-A.pdf
2019,T3,2019-07-21,16:00,東海大高輪台,東海大高輪台,1,保善,保善,0,東海大高輪台総合G,2019_T3-A.pdf
2019,T3,2019-06-22,19:00,東京農大一,農大一,0,武蔵野シティ（Ｂ）,武蔵野シティ,4,横河電機Ｇ,2019_T3-A.pdf
2019,T3,2019-06-30,16:00,東京成徳,東京成徳大高,0,東海大高輪台,東海大高輪台,3,東海大高輪台総合G,2019_T3-A.pdf
2019,T3,2019-07-12,18:00,都・国分寺,国分寺,3,日大三,日大三,2,清瀬内山　A面,2019_T3-A.pdf
2019,T3,2019-07-18,16:15,東京,東京,1,都・日野台,日野台,4,駒沢補助競技場,2019_T3-A.pdf
2019,T3,2019-07-14,16:00,東海大高輪台,東海大高輪台,7,東京農大一,農大一,0,東海大高輪台総合G,2019_T3-A.pdf
2019,T3,2019-07-25,9:30,実践学園（Ｂ）,実践学園,1,東京成徳,東京成徳大高,2,駒沢第２球技場,2019_T3-A.pdf
2019,T3,2019-08-01,13:30,日大三,日大三,4,東京,東京,1,駒沢第２球技場,2019_T3-A.pdf
2019,T3,2019-08-02,16:00,武蔵野シティ（Ｂ）,武蔵野シティ,0,都・国分寺,国分寺,2,横河電機Ｇ,2019_T3-A.pdf
2019,T3,2019-08-06,18:00,都・日野台,日野台,1,保善,保善,1,駒沢第２球技場,2019_T3-A.pdf
2019,T3,2019-08-29,9:30,東京,東京,0,保善,保善,8,駒沢第２球技場,2019_T3-A.pdf
2019,T3,2019-08-29,16:15,東京農大一,農大一,1,実践学園（Ｂ）,実践学園,3,駒沢第２球技場,2019_T3-A.pdf
2019,T3,2019-08-30,9:30,日大三,日大三,3,武蔵野シティ（Ｂ）,武蔵野シティ,0,横河電機Ｇ,2019_T3-A.pdf
2019,T3,2019-09-01,16:00,都・国分寺,国分寺,1,東海大高輪台,東海大高輪台,1,東海大高輪台総合G,2019_T3-A.pdf
2019,T3,2019-09-01,18:15,東京成徳,東京成徳大高,2,都・日野台,日野台,1,東海大高輪台総合G,2019_T3-A.pdf
2019,T3,2019-07-12,18:00,東京,東京,0,東京成徳,東京成徳大高,1,清瀬内山　B面,2019_T3-A.pdf
2019,T3,2019-09-15,17:00,実践学園（Ｂ）,実践学園,2,都・国分寺,国分寺,2,実践学園高尾Ｇ,2019_T3-A.pdf
2019,T3,2019-09-16,15:00,武蔵野シティ（Ｂ）,武蔵野シティ,0,東海大高輪台,東海大高輪台,5,東海大高輪台総合G,2019_T3-A.pdf
2019,T3,2019-09-18,18:00,都・日野台,日野台,4,東京農大一,農大一,1,駒沢第２球技場,2019_T3-A.pdf
2019,T3,2019-09-19,18:00,保善,保善,5,日大三,日大三,1,駒沢第２球技場,2019_T3-A.pdf
2019,T3,2019-05-29,18:00,東京農大一,農大一,1,東京,東京,3,駒沢第２球技場,2019_T3-A.pdf
2019,T3,2019-07-15,18:30,武蔵野シティ（Ｂ）,武蔵野シティ,1,実践学園（Ｂ）,実践学園,1,横河電機Ｇ,2019_T3-A.pdf
2019,T3,2019-09-07,18:00,東京成徳,東京成徳大高,0,保善,保善,3,清瀬内山　B面,2019_T3-A.pdf
2019,T3,2019-09-08,13:00,東海大高輪台,東海大高輪台,7,日大三,日大三,4,東海大高輪台総合G,2019_T3-A.pdf
2019,T3,2019-09-22,18:00,都・国分寺,国分寺,3,都・日野台,日野台,1,清瀬内山　C面,2019_T3-A.pdf
2019,T3,2019-07-22,13:30,日大三,日大三,3,東京成徳,東京成徳大高,1,駒沢補助競技場,2019_T3-A.pdf
2019,T3,2019-08-27,9:30,都・日野台,日野台,2,武蔵野シティ（Ｂ）,武蔵野シティ,0,横河電機Ｇ,2019_T3-A.pdf
2019,T3,2019-09-23,14:30,実践学園（Ｂ）,実践学園,1,東海大高輪台,東海大高輪台,3,実践学園高尾Ｇ,2019_T3-A.pdf
2019,T3,2019-10-01,11:45,東京,東京,0,都・国分寺,国分寺,0,駒沢補助競技場,2019_T3-A.pdf
2019,T3,2019-10-01,14:00,保善,保善,3,東京農大一,農大一,1,駒沢第２球技場,2019_T3-A.pdf
2019,T3,2019-04-01,15:00,多摩大目黒,多摩大学目黒,6,駒澤大高（Ｃ）,駒澤大高,2,東戸塚フットボールパーク,2019_T3-B.pdf
2019,T3,2019-04-01,18:30,駿台学園,駿台学園,0,日大豊山,日大豊山,3,赤羽スポーツの森公園競技場,2019_T3-B.pdf
2019,T3,2019-04-03,14:00,成立学園（Ｂ）,成立学園,1,東海大菅生,東海大菅生,2,東海大菅生学びの城Ｇ,2019_T3-B.pdf
2019,T3,2019-04-03,18:30,暁星,暁星,2,かえつ有明,かえつ有明,1,駒沢第２球技場,2019_T3-B.pdf
2019,T3,2019-04-06,9:45,関東第一（Ｂ）,関東第一,0,日本学園,日本学園,1,私学事業団総合運動場,2019_T3-B.pdf
2019,T3,2019-04-21,14:00,東海大菅生,東海大菅生,0,暁星,暁星,1,東海大菅生学びの城Ｇ,2019_T3-B.pdf
2019,T3,2019-04-30,11:55,駒澤大高（Ｃ）,駒澤大高,4,駿台学園,駿台学園,3,清瀬内山　Ｂ面,2019_T3-B.pdf
2019,T3,2019-04-30,14:05,日大豊山,日大豊山,2,成立学園（Ｂ）,成立学園,0,清瀬内山　Ｂ面,2019_T3-B.pdf
2019,T3,2019-06-26,18:00,かえつ有明,かえつ有明,3,関東第一（Ｂ）,関東第一,0,新砂グラウンド,2019_T3-B.pdf
2019,T3,2019-05-06,18:00,日本学園,日本学園,0,多摩大目黒,多摩大学目黒,3,東戸塚フットボールパーク,2019_T3-B.pdf
2019,T3,2019-05-05,14:00,関東第一（Ｂ）,関東第一,0,東海大菅生,東海大菅生,3,東海大菅生学びの城Ｇ,2019_T3-B.pdf
2019,T3,2019-06-02,16:05,多摩大目黒,多摩大学目黒,3,かえつ有明,かえつ有明,0,新砂グラウンド,2019_T3-B.pdf
2019,T3,2019-09-23,14:00,日大豊山,日大豊山,3,駒澤大高（Ｃ）,駒澤大高,2,日大豊山中台総合G,2019_T3-B.pdf
2019,T3,2019-06-19,18:00,暁星,暁星,1,成立学園（Ｂ）,成立学園,2,駒沢第２球技場,2019_T3-B.pdf
2019,T3,2019-06-21,18:00,駿台学園,駿台学園,3,日本学園,日本学園,2,駒沢補助競技場,2019_T3-B.pdf
2019,T3,2019-07-14,14:00,成立学園（Ｂ）,成立学園,2,関東第一（Ｂ）,関東第一,3,成立学園鷲宮Ｇ,2019_T3-B.pdf
2019,T3,2019-07-14,16:00,東海大菅生,東海大菅生,0,多摩大目黒,多摩大学目黒,2,東海大菅生学びの城Ｇ,2019_T3-B.pdf
2019,T3,2019-07-18,9:30,かえつ有明,かえつ有明,0,駿台学園,駿台学園,5,駒沢補助競技場,2019_T3-B.pdf
2019,T3,2019-07-18,11:45,暁星,暁星,0,日大豊山,日大豊山,1,駒沢補助競技場,2019_T3-B.pdf
2019,T3,2019-07-19,18:00,日本学園,日本学園,1,駒澤大高（Ｃ）,駒澤大高,2,清瀬内山　Ａ面,2019_T3-B.pdf
2019,T3,2019-07-22,18:00,多摩大目黒,多摩大学目黒,2,成立学園（Ｂ）,成立学園,2,清瀬内山　Ａ面,2019_T3-B.pdf
2019,T3,2019-07-25,11:45,日大豊山,日大豊山,5,日本学園,日本学園,0,駒沢第２球技場,2019_T3-B.pdf
2019,T3,2019-07-25,14:00,駒澤大高（Ｃ）,駒澤大高,2,かえつ有明,かえつ有明,4,駒沢第２球技場,2019_T3-B.pdf
2019,T3,2019-08-02,18:00,関東第一（Ｂ）,関東第一,1,暁星,暁星,2,駒沢第２球技場,2019_T3-B.pdf
2019,T3,2019-08-03,16:00,駿台学園,駿台学園,6,東海大菅生,東海大菅生,3,東海大菅生学びの城Ｇ,2019_T3-B.pdf
2019,T3,2019-07-27,18:00,暁星,暁星,1,多摩大目黒,多摩大学目黒,3,東戸塚フットボールパーク,2019_T3-B.pdf
2019,T3,2019-08-27,11:00,成立学園（Ｂ）,成立学園,4,駿台学園,駿台学園,0,成立学園鷲宮Ｇ,2019_T3-B.pdf
2019,T3,2019-08-29,16:00,東海大菅生,東海大菅生,1,駒澤大高（Ｃ）,駒澤大高,1,東海大菅生学びの城Ｇ,2019_T3-B.pdf
2019,T3,2019-08-30,14:45,日大豊山,日大豊山,1,関東第一（Ｂ）,関東第一,1,新砂運動場,2019_T3-B.pdf
2019,T3,2019-09-02,18:00,日本学園,日本学園,1,かえつ有明,かえつ有明,1,清瀬内山　Ｃ面,2019_T3-B.pdf
2019,T3,2019-09-08,14:00,日本学園,日本学園,1,東海大菅生,東海大菅生,2,東海大菅生学びの城Ｇ,2019_T3-B.pdf
2019,T3,2019-09-09,18:00,かえつ有明,かえつ有明,2,日大豊山,日大豊山,2,清瀬内山　Ｃ面,2019_T3-B.pdf
2019,T3,2019-09-15,11:00,駒澤大高（Ｃ）,駒澤大高,4,成立学園（Ｂ）,成立学園,2,成立学園鷲宮Ｇ,2019_T3-B.pdf
2019,T3,2019-09-21,19:00,関東第一（Ｂ）,関東第一,2,多摩大目黒,多摩大学目黒,2,東戸塚フットボールパーク,2019_T3-B.pdf
2019,T3,2019-09-12,18:30,駿台学園,駿台学園,1,暁星,暁星,1,赤羽スポーツの森公園,2019_T3-B.pdf
2019,T3,2019-09-16,14:00,東海大菅生,東海大菅生,1,かえつ有明,かえつ有明,1,東海大菅生学びの城Ｇ,2019_T3-B.pdf
2019,T3,2019-09-20,18:00,暁星,暁星,1,駒澤大高（Ｃ）,駒澤大高,0,駒沢補助競技場,2019_T3-B.pdf
2019,T3,2019-09-20,18:00,成立学園（Ｂ）,成立学園,4,日本学園,日本学園,0,清瀬内山　Ａ面,2019_T3-B.pdf
2019,T3,2019-09-26,18:00,関東第一（Ｂ）,関東第一,6,駿台学園,駿台学園,4,駒沢補助競技場,2019_T3-B.pdf
2019,T3,2019-09-28,19:00,多摩大目黒,多摩大学目黒,2,日大豊山,日大豊山,0,東戸塚フットボールパーク,2019_T3-B.pdf
2019,T3,2019-09-27,18:00,かえつ有明,かえつ有明,3,成立学園（Ｂ）,成立学園,0,清瀬内山　Ｂ面,2019_T3-B.pdf
2019,T3,2019-10-01,9:30,日本学園,日本学園,2,暁星,暁星,6,駒沢第２球技場,2019_T3-B.pdf
2019,T3,2019-10-01,11:45,駒澤大高（Ｃ）,駒澤大高,0,関東第一（Ｂ）,関東第一,4,駒沢第２球技場,2019_T3-B.pdf
2019,T3,2019-10-05,19:00,駿台学園,駿台学園,1,多摩大目黒,多摩大学目黒,3,東戸塚フットボールパーク,2019_T3-B.pdf
2019,T3,2019-10-06,14:00,日大豊山,日大豊山,1,東海大菅生,東海大菅生,1,東海大菅生学びの城Ｇ,2019_T3-B.pdf
2019,T3,2019-11-23,10:30,東海大高輪台,東海大高輪台,,多摩大目黒,多摩大学目黒,,東戸塚フットボールパーク,2019_T3-j.pdf
2019,T3,2019-11-14,17:30,保善,保善,,暁星,暁星,,私学事業団総合運動場,2019_T3-j.pdf
2019,T3,2019-11-03,10:00,日大三,日大三,,かえつ有明,かえつ有明,,かえつ有明,2019_T3-j.pdf
2019,T3,2019-11-03,18:30,武蔵野シティ（Ｂ）,武蔵野シティ,,駒澤大高（C）,駒澤大高,,横河電機Ｇ,2019_T3-j.pdf
2019,T3,2019-10-31,18:00,東京,東京,,関東第一（Ｂ）,関東第一,,駒沢第2球技場,2019_T3-j.pdf
2021,T1,2021-04-01,10:00,大成,大成,2,國學院久我山,国学院久我山,3,,2021_T1_1.pdf
2021,T1,2021-04-01,17:30,町田ゼルビア,町田ゼルビア,1,堀越,堀越,2,,2021_T1_1.pdf
2021,T1,2021-04-01,18:15,駒澤大高,駒澤大高,1,横河武蔵野,横河武蔵野,1,,2021_T1_1.pdf
2021,T1,2021-04-04,10:00,成立学園,成立学園,1,関東第一,関東第一,4,,2021_T1_1.pdf
2021,T1,2021-04-03,11:00,FC東京（B）,FC東京,3,実践学園,実践学園,4,,2021_T1_1.pdf
2021,T1,2021-09-23,10:00,堀越,堀越,1,國學院久我山,国学院久我山,6,,2021_T1_1.pdf
2021,T1,2021-06-20,11:00,町田ゼルビア,町田ゼルビア,1,横河武蔵野,横河武蔵野,1,,2021_T1_1.pdf
2021,T1,2021-08-28,17:30,関東第一,関東第一,3,駒澤大高,駒澤大高,0,,2021_T1_1.pdf
2021,T1,2021-08-04,17:00,実践学園,実践学園,1,成立学園,成立学園,4,,2021_T1_1.pdf
2021,T1,2021-08-07,17:00,大成,大成,3,FC東京（B）,FC東京,2,,2021_T1_1.pdf
2021,T1,2021-08-13,16:00,國學院久我山,国学院久我山,2,横河武蔵野,横河武蔵野,1,,2021_T1_1.pdf
2021,T1,2021-08-21,18:10,町田ゼルビア,町田ゼルビア,0,関東第一,関東第一,1,,2021_T1_1.pdf
2021,T1,2021-09-12,18:00,駒澤大高,駒澤大高,1,実践学園,実践学園,0,,2021_T1_1.pdf
2021,T1,2021-08-15,10:00,成立学園,成立学園,0,FC東京（B）,FC東京,1,,2021_T1_1.pdf
2021,T1,2021-08-04,16:00,堀越,堀越,4,大成,大成,4,,2021_T1_1.pdf
2021,T1,2021-06-27,10:00,関東第一,関東第一,1,國學院久我山,国学院久我山,2,,2021_T1_1.pdf
2021,T1,2021-06-27,17:00,実践学園,実践学園,1,町田ゼルビア,町田ゼルビア,0,,2021_T1_1.pdf
2021,T1,2021-06-30,18:00,駒澤大高,駒澤大高,0,FC東京（B）,FC東京,2,,2021_T1_1.pdf
2021,T1,2021-06-27,10:00,大成,大成,2,成立学園,成立学園,1,,2021_T1_1.pdf
2021,T1,2021-06-27,10:00,堀越,堀越,4,横河武蔵野,横河武蔵野,0,,2021_T1_1.pdf
2021,T1,2021-07-04,10:00,國學院久我山,国学院久我山,0,実践学園,実践学園,4,,2021_T1_1.pdf
2021,T1,2021-07-04,17:30,町田ゼルビア,町田ゼルビア,2,FC東京（B）,FC東京,1,,2021_T1_1.pdf
2021,T1,2021-07-03,15:30,駒澤大高,駒澤大高,0,成立学園,成立学園,1,,2021_T1_1.pdf
2021,T1,2021-07-03,10:00,関東第一,関東第一,1,堀越,堀越,2,,2021_T1_1.pdf
2021,T1,2021-07-04,16:45,横河武蔵野,横河武蔵野,2,大成,大成,3,,2021_T1_1.pdf
2021,T1,2021-08-29,17:30,FC東京（B）,FC東京,0,國學院久我山,国学院久我山,0,,2021_T1_1.pdf
2021,T1,2021-07-11,10:00,成立学園,成立学園,2,町田ゼルビア,町田ゼルビア,2,,2021_T1_1.pdf
2021,T1,2021-09-04,16:00,大成,大成,1,駒澤大高,駒澤大高,1,,2021_T1_1.pdf
2021,T1,2021-07-10,16:00,堀越,堀越,1,実践学園,実践学園,0,,2021_T1_1.pdf
2021,T1,2021-09-12,11:00,横河武蔵野,横河武蔵野,0,関東第一,関東第一,2,,2021_T1_1.pdf
2021,T1,2021-07-17,16:00,成立学園,成立学園,6,國學院久我山,国学院久我山,2,,2021_T1_1.pdf
2021,T1,2021-07-18,17:30,町田ゼルビア,町田ゼルビア,2,駒澤大高,駒澤大高,0,,2021_T1_1.pdf
2021,T1,2021-07-17,17:00,FC東京（B）,FC東京,3,堀越,堀越,1,,2021_T1_1.pdf
2021,T1,2021-07-18,18:00,実践学園,実践学園,0,横河武蔵野,横河武蔵野,0,,2021_T1_1.pdf
2021,T1,2021-07-17,15:30,関東第一,関東第一,3,大成,大成,0,,2021_T1_1.pdf
2021,T1,2021-07-24,18:00,駒澤大高,駒澤大高,3,國學院久我山,国学院久我山,1,,2021_T1_1.pdf
2021,T1,2021-07-23,18:00,大成,大成,3,町田ゼルビア,町田ゼルビア,0,,2021_T1_1.pdf
2021,T1,2021-07-25,10:00,堀越,堀越,2,成立学園,成立学園,3,,2021_T1_1.pdf
2021,T1,2021-07-22,17:00,FC東京（B）,FC東京,6,横河武蔵野,横河武蔵野,0,,2021_T1_1.pdf
2021,T1,2021-07-25,18:00,関東第一,関東第一,0,実践学園,実践学園,0,,2021_T1_1.pdf
2021,T1,2021-09-12,17:30,町田ゼルビア,町田ゼルビア,3,國學院久我山,国学院久我山,0,,2021_T1_1.pdf
2021,T1,2021-07-31,10:00,駒澤大高,駒澤大高,0,堀越,堀越,5,,2021_T1_1.pdf
2021,T1,2021-08-08,16:00,横河武蔵野,横河武蔵野,0,成立学園,成立学園,2,,2021_T1_1.pdf
2021,T1,2021-09-04,17:30,FC東京（B）,FC東京,2,関東第一,関東第一,3,,2021_T1_1.pdf
2021,T1,2021-07-30,18:00,実践学園,実践学園,3,大成,大成,2,,2021_T1_1.pdf
2021,T1,2021-09-26,18:00,横河武蔵野,横河武蔵野,,堀越,堀越,,,2021_T1_2.pdf
2021,T1,2021-09-26,18:00,実践学園,実践学園,3,國學院久我山,国学院久我山,3,,2021_T1_2.pdf
2021,T1,2021-10-09,17:00,FC東京（B）,FC東京,0,町田ゼルビア,町田ゼルビア,1,,2021_T1_2.pdf
2021,T1,2021-09-26,10:00,成立学園,成立学園,4,駒澤大高,駒澤大高,2,,2021_T1_2.pdf
2021,T1,2021-09-26,10:00,堀越,堀越,0,関東第一,関東第一,3,,2021_T1_2.pdf
2021,T1,2021-09-26,16:45,大成,大成,0,横河武蔵野,横河武蔵野,0,,2021_T1_2.pdf
2021,T1,2021-10-03,10:00,國學院久我山,国学院久我山,5,FC東京（B）,FC東京,1,,2021_T1_2.pdf
2021,T1,2021-10-03,17:30,町田ゼルビア,町田ゼルビア,1,成立学園,成立学園,3,,2021_T1_2.pdf
2021,T1,2021-10-03,15:30,駒澤大高,駒澤大高,0,大成,大成,1,,2021_T1_2.pdf
2021,T1,2021-10-03,18:00,実践学園,実践学園,3,堀越,堀越,1,,2021_T1_2.pdf
2021,T1,2021-10-03,11:00,関東第一,関東第一,1,横河武蔵野,横河武蔵野,1,,2021_T1_2.pdf
2021,T1,2021-11-21,10:00,國學院久我山,国学院久我山,2,成立学園,成立学園,2,,2021_T1_2.pdf
2021,T1,2021-11-21,17:30,駒澤大高,駒澤大高,2,町田ゼルビア,町田ゼルビア,2,,2021_T1_2.pdf
2021,T1,2021-11-20,16:00,堀越,堀越,4,FC東京（B）,FC東京,2,,2021_T1_2.pdf
2021,T1,2021-11-21,17:00,横河武蔵野,横河武蔵野,0,実践学園,実践学園,2,,2021_T1_2.pdf
2021,T1,2021-11-20,19:00,大成,大成,0,関東第一,関東第一,1,,2021_T1_2.pdf
2021,T1,2021-11-28,10:00,國學院久我山,国学院久我山,3,駒澤大高,駒澤大高,1,,2021_T1_2.pdf
2021,T1,2021-11-28,17:30,町田ゼルビア,町田ゼルビア,0,大成,大成,0,,2021_T1_2.pdf
2021,T1,2021-11-28,10:00,成立学園,成立学園,1,堀越,堀越,1,,2021_T1_2.pdf
2021,T1,2021-11-28,18:00,横河武蔵野,横河武蔵野,3,FC東京（B）,FC東京,2,,2021_T1_2.pdf
2021,T1,2021-11-28,18:00,実践学園,実践学園,3,関東第一,関東第一,2,,2021_T1_2.pdf
2021,T1,2021-11-28,18:00,國學院久我山,国学院久我山,,町田ゼルビア,町田ゼルビア,,,2021_T1_2.pdf
2021,T2,2021-04-04,12:00,都・東久留米総合,東久留米総合,1,多摩大目黒,多摩大学目黒,0,,2021_T2_1.pdf
2021,T2,2021-04-01,10:00,東京朝鮮,東京朝鮮,0,東海大高輪台,東海大高輪台,1,,2021_T2_1.pdf
2021,T2,2021-04-01,12:45,修徳,修徳,2,三菱養和（B）,三菱養和,2,,2021_T2_1.pdf
2021,T2,2021-04-02,10:00,國學院久我山（B）,国学院久我山,1,早稲田実業,早稲田実業,1,,2021_T2_1.pdf
2021,T2,2021-04-01,15:30,駒澤大高（B）,駒澤大高,0,国士舘,国士舘,0,,2021_T2_1.pdf
2021,T2,2021-06-19,16:30,東海大高輪台,東海大高輪台,3,都・東久留米総合,東久留米総合,1,,2021_T2_1.pdf
2021,T2,2021-06-19,16:00,三菱養和（B）,三菱養和,1,東京朝鮮,東京朝鮮,1,,2021_T2_1.pdf
2021,T2,2021-08-21,18:30,早稲田実業,早稲田実業,1,修徳,修徳,2,,2021_T2_1.pdf
2021,T2,2021-09-05,12:15,國學院久我山（B）,国学院久我山,1,国士舘,国士舘,2,,2021_T2_1.pdf
2021,T2,2021-09-11,18:00,多摩大目黒,多摩大学目黒,2,駒澤大高（B）,駒澤大高,2,,2021_T2_1.pdf
2021,T2,2021-08-24,10:00,都・東久留米総合,東久留米総合,2,三菱養和（B）,三菱養和,1,,2021_T2_1.pdf
2021,T2,2021-08-28,18:30,早稲田実業,早稲田実業,4,東京朝鮮,東京朝鮮,0,,2021_T2_1.pdf
2021,T2,2021-08-11,9:30,修徳,修徳,2,国士舘,国士舘,1,,2021_T2_1.pdf
2021,T2,2021-08-12,16:00,駒澤大高（B）,駒澤大高,4,國學院久我山（B）,国学院久我山,1,,2021_T2_1.pdf
2021,T2,2021-06-13,10:00,東海大高輪台,東海大高輪台,3,多摩大目黒,多摩大学目黒,2,,2021_T2_1.pdf
2021,T2,2021-06-26,18:30,早稲田実業,早稲田実業,1,都・東久留米総合,東久留米総合,2,,2021_T2_1.pdf
2021,T2,2021-06-27,10:00,国士舘,国士舘,1,東京朝鮮,東京朝鮮,2,,2021_T2_1.pdf
2021,T2,2021-06-26,15:45,駒澤大高（B）,駒澤大高,1,修徳,修徳,0,,2021_T2_1.pdf
2021,T2,2021-06-26,18:00,多摩大目黒,多摩大学目黒,1,國學院久我山（B）,国学院久我山,1,,2021_T2_1.pdf
2021,T2,2021-09-05,9:30,東海大高輪台,東海大高輪台,2,三菱養和（B）,三菱養和,1,,2021_T2_1.pdf
2021,T2,2021-07-04,16:30,都・東久留米総合,東久留米総合,1,国士舘,国士舘,0,,2021_T2_1.pdf
2021,T2,2021-07-03,17:45,駒澤大高（B）,駒澤大高,3,東京朝鮮,東京朝鮮,0,,2021_T2_1.pdf
2021,T2,2021-07-04,12:15,國學院久我山（B）,国学院久我山,2,修徳,修徳,5,,2021_T2_1.pdf
2021,T2,2021-07-03,18:30,早稲田実業,早稲田実業,1,東海大高輪台,東海大高輪台,1,,2021_T2_1.pdf
2021,T2,2021-07-03,17:00,三菱養和（B）,三菱養和,0,多摩大目黒,多摩大学目黒,2,,2021_T2_1.pdf
2021,T2,2021-08-06,16:30,都・東久留米総合,東久留米総合,1,駒澤大高（B）,駒澤大高,0,,2021_T2_1.pdf
2021,T2,2021-07-11,10:00,東京朝鮮,東京朝鮮,1,國學院久我山（B）,国学院久我山,2,,2021_T2_1.pdf
2021,T2,2021-07-11,18:15,多摩大目黒,多摩大学目黒,0,修徳,修徳,1,,2021_T2_1.pdf
2021,T2,2021-07-10,16:30,東海大高輪台,東海大高輪台,1,国士舘,国士舘,2,,2021_T2_1.pdf
2021,T2,2021-09-11,18:00,早稲田実業,早稲田実業,0,三菱養和（B）,三菱養和,0,,2021_T2_1.pdf
2021,T2,2021-07-18,16:30,都・東久留米総合,東久留米総合,2,國學院久我山（B）,国学院久我山,1,,2021_T2_1.pdf
2021,T2,2021-07-17,17:45,修徳,修徳,3,東京朝鮮,東京朝鮮,0,,2021_T2_1.pdf
2021,T2,2021-07-17,16:30,駒澤大高（B）,駒澤大高,1,東海大高輪台,東海大高輪台,1,,2021_T2_1.pdf
2021,T2,2021-09-23,15:30,国士舘,国士舘,1,三菱養和（B）,三菱養和,1,,2021_T2_1.pdf
2021,T2,2021-09-20,15:00,早稲田実業,早稲田実業,2,多摩大目黒,多摩大学目黒,0,,2021_T2_1.pdf
2021,T2,2021-07-24,16:30,修徳,修徳,1,都・東久留米総合,東久留米総合,0,,2021_T2_1.pdf
2021,T2,2021-07-24,18:00,多摩大目黒,多摩大学目黒,3,東京朝鮮,東京朝鮮,2,,2021_T2_1.pdf
2021,T2,2021-08-21,9:30,東海大高輪台,東海大高輪台,4,國學院久我山（B）,国学院久我山,1,,2021_T2_1.pdf
2021,T2,2021-07-23,16:30,駒澤大高（B）,駒澤大高,1,三菱養和（B）,三菱養和,2,,2021_T2_1.pdf
2021,T2,2021-07-24,18:30,早稲田実業,早稲田実業,1,国士舘,国士舘,0,,2021_T2_1.pdf
2021,T2,2021-09-05,16:30,都・東久留米総合,東久留米総合,2,東京朝鮮,東京朝鮮,0,,2021_T2_1.pdf
2021,T2,2021-09-12,9:30,東海大高輪台,東海大高輪台,0,修徳,修徳,2,,2021_T2_1.pdf
2021,T2,2021-09-20,15:30,國學院久我山（B）,国学院久我山,0,三菱養和（B）,三菱養和,2,,2021_T2_1.pdf
2021,T2,2021-07-28,16:30,駒澤大高（B）,駒澤大高,1,早稲田実業,早稲田実業,2,,2021_T2_1.pdf
2021,T2,2021-07-30,17:00,国士舘,国士舘,0,多摩大目黒,多摩大学目黒,1,,2021_T2_1.pdf
2021,T2,2021-09-26,17:00,三菱養和（B）,三菱養和,,東海大高輪台,東海大高輪台,,,2021_T2_2.pdf
2021,T2,2021-09-26,17:00,国士舘,国士舘,2,都・東久留米総合,東久留米総合,2,,2021_T2_2.pdf
2021,T2,2021-09-25,17:00,東京朝鮮,東京朝鮮,2,駒澤大高（B）,駒澤大高,2,,2021_T2_2.pdf
2021,T2,2021-09-26,10:00,修徳,修徳,2,國學院久我山（B）,国学院久我山,1,,2021_T2_2.pdf
2021,T2,2021-09-26,12:30,東海大高輪台,東海大高輪台,3,早稲田実業,早稲田実業,1,,2021_T2_2.pdf
2021,T2,2021-09-25,18:00,多摩大目黒,多摩大学目黒,0,三菱養和（B）,三菱養和,1,,2021_T2_2.pdf
2021,T2,2021-10-03,10:00,駒澤大高（B）,駒澤大高,1,都・東久留米総合,東久留米総合,1,,2021_T2_2.pdf
2021,T2,2021-10-27,19:00,國學院久我山（B）,国学院久我山,3,東京朝鮮,東京朝鮮,2,,2021_T2_2.pdf
2021,T2,2021-10-30,18:00,修徳,修徳,1,多摩大目黒,多摩大学目黒,1,,2021_T2_2.pdf
2021,T2,2021-10-31,18:00,国士舘,国士舘,2,東海大高輪台,東海大高輪台,1,,2021_T2_2.pdf
2021,T2,2021-10-03,15:45,三菱養和（B）,三菱養和,0,早稲田実業,早稲田実業,1,,2021_T2_2.pdf
2021,T2,2021-11-21,12:15,國學院久我山（B）,国学院久我山,4,都・東久留米総合,東久留米総合,2,,2021_T2_2.pdf
2021,T2,2021-11-20,16:00,東京朝鮮,東京朝鮮,1,修徳,修徳,0,,2021_T2_2.pdf
2021,T2,2021-11-21,13:30,東海大高輪台,東海大高輪台,3,駒澤大高（B）,駒澤大高,0,,2021_T2_2.pdf
2021,T2,2021-11-23,19:00,三菱養和（B）,三菱養和,5,国士舘,国士舘,0,,2021_T2_2.pdf
2021,T2,2021-11-20,17:00,多摩大目黒,多摩大学目黒,2,早稲田実業,早稲田実業,3,,2021_T2_2.pdf
2021,T2,2021-11-28,10:00,都・東久留米総合,東久留米総合,0,修徳,修徳,3,,2021_T2_2.pdf
2021,T2,2021-11-28,10:00,東京朝鮮,東京朝鮮,3,多摩大目黒,多摩大学目黒,0,,2021_T2_2.pdf
2021,T2,2021-11-28,12:15,國學院久我山（B）,国学院久我山,4,東海大高輪台,東海大高輪台,1,,2021_T2_2.pdf
2021,T2,2021-11-27,17:00,三菱養和（B）,三菱養和,2,駒澤大高（B）,駒澤大高,2,,2021_T2_2.pdf
2021,T2,2021-11-28,17:00,国士舘,国士舘,0,早稲田実業,早稲田実業,3,,2021_T2_2.pdf
2021,T2,2021-11-28,17:00,東京朝鮮,東京朝鮮,,都・東久留米総合,東久留米総合,,,2021_T2_2.pdf
2021,T3,2021-11-28,12:30,期日 ｷｯｸｵﾌ A,期日キックオフA,,B,B,,,2021_T3.pdf
2021,T3,2021-11-28,12:30,関東第一(B),関東第一,,町田ゼルビア (B),町田ゼルビア,,,2021_T3.pdf
2021,T3,2021-12-22,15:00,都・石神井,石神井,1,日大豊山,日大豊山,0,,2021_T3.pdf
2021,T3,2021-11-28,13:00,駿台学園,駿台学園,4,成立学園(B),成立学園,6,,2021_T3.pdf
2021,T3,2021-11-14,14:00,東京実業,東京実業,1,実践学園(B),実践学園,0,,2021_T3.pdf
2021,T3,2021-11-23,17:30,駒澤大高(C),駒澤大高,5,暁星,暁星,2,,2021_T3.pdf
2021,T3,2021-12-20,10:00,保善,保善,3,國學院久我山 (C),国学院久我山,5,,2021_T3.pdf
2021,T3,2021-11-28,15:30,東京成徳,東京成徳大高,0,都・日野台,日野台,1,,2021_T3.pdf
2021,T3,2021-11-27,16:30,東海大菅生,東海大菅生,0,トリプレッタ,トリプレッタ,1,,2021_T3.pdf
2021,T3,2021-12-25,18:00,日大三,日大三,1,横河武蔵野(B),横河武蔵野,2,,2021_T3.pdf
2021,T3,2021-11-19,18:00,都・国分寺,国分寺,5,かえつ有明,かえつ有明,0,,2021_T3.pdf
2021,T3A,2021-04-02,15:00,東京実業,東京実業,1,都・石神井,石神井,2,,2021_T3A.pdf
2021,T3A,2021-07-04,13:10,都・国分寺,国分寺,0,関東第一　(B),関東第一,2,,2021_T3A.pdf
2021,T3A,2021-04-02,12:45,保善,保善,1,駒澤大高　(C),駒澤大高,0,,2021_T3A.pdf
2021,T3A,2021-04-01,15:30,日大三,日大三,2,駿台学園,駿台学園,1,,2021_T3A.pdf
2021,T3A,2021-04-01,16:00,東海大菅生,東海大菅生,0,東京成徳,東京成徳大高,2,,2021_T3A.pdf
2021,T3A,2021-08-07,10:10,関東第一　(B),関東第一,0,東京実業,東京実業,0,,2021_T3A.pdf
2021,T3A,2021-08-04,15:00,駒澤大高（Ｃ）,駒澤大高,1,都・国分寺,国分寺,0,,2021_T3A.pdf
2021,T3A,2021-10-01,15:30,駿台学園,駿台学園,6,保善,保善,0,,2021_T3A.pdf
2021,T3A,2021-06-20,13:00,東京成徳,東京成徳大高,0,日大三,日大三,2,,2021_T3A.pdf
2021,T3A,2021-10-03,15:00,都・石神井,石神井,2,東海大菅生,東海大菅生,2,,2021_T3A.pdf
2021,T3A,2021-10-11,19:10,東京実業,東京実業,2,駒澤大高（Ｃ）,駒澤大高,3,,2021_T3A.pdf
2021,T3A,2021-08-30,18:00,都・国分寺,国分寺,0,駿台学園,駿台学園,1,,2021_T3A.pdf
2021,T3A,2021-06-13,13:00,保善,保善,3,東京成徳,東京成徳大高,2,,2021_T3A.pdf
2021,T3A,2021-10-31,14:30,日大三,日大三,2,東海大菅生,東海大菅生,0,,2021_T3A.pdf
2021,T3A,2021-07-11,13:10,都・石神井,石神井,1,関東第一（B),関東第一,0,,2021_T3A.pdf
2021,T3A,2021-10-26,18:30,駿台学園,駿台学園,4,東京実業,東京実業,2,,2021_T3A.pdf
2021,T3A,2021-09-05,13:00,東京成徳,東京成徳大高,4,都・国分寺,国分寺,3,,2021_T3A.pdf
2021,T3A,2021-06-20,14:00,東海大菅生,東海大菅生,2,保善,保善,2,,2021_T3A.pdf
2021,T3A,2021-07-28,10:00,日大三,日大三,1,都・石神井,石神井,9,,2021_T3A.pdf
2021,T3A,2021-06-26,18:10,駒澤大高（Ｃ）,駒澤大高,0,関東第一（B),関東第一,0,,2021_T3A.pdf
2021,T3A,2021-07-17,10:00,東京実業,東京実業,0,東京成徳,東京成徳大高,3,,2021_T3A.pdf
2021,T3A,2021-07-18,16:00,都・国分寺,国分寺,0,東海大菅生,東海大菅生,3,,2021_T3A.pdf
2021,T3A,2021-07-31,11:15,保善,保善,3,日大三,日大三,0,,2021_T3A.pdf
2021,T3A,2021-07-19,16:10,関東第一（B),関東第一,4,駿台学園,駿台学園,1,,2021_T3A.pdf
2021,T3A,2021-08-27,9:30,都・石神井,石神井,2,駒澤大高（Ｃ）,駒澤大高,0,,2021_T3A.pdf
2021,T3A,2021-08-01,16:00,東海大菅生,東海大菅生,1,東京実業,東京実業,2,,2021_T3A.pdf
2021,T3A,2021-08-24,9:40,日大三,日大三,1,都・国分寺,国分寺,5,,2021_T3A.pdf
2021,T3A,2021-08-03,9:30,都・石神井,石神井,0,保善,保善,0,,2021_T3A.pdf
2021,T3A,2021-07-24,17:30,東京成徳,東京成徳大高,0,関東第一（B),関東第一,1,,2021_T3A.pdf
2021,T3A,2021-09-17,18:00,駒澤大高（Ｃ）,駒澤大高,2,駿台学園,駿台学園,2,,2021_T3A.pdf
2021,T3A,2021-08-18,9:00,東京実業,東京実業,1,日大三,日大三,0,,2021_T3A.pdf
2021,T3A,2021-08-19,12:00,保善,保善,1,都・国分寺,国分寺,2,,2021_T3A.pdf
2021,T3A,2021-08-22,16:00,関東第一（B),関東第一,4,東海大菅生,東海大菅生,2,,2021_T3A.pdf
2021,T3A,2021-08-20,9:30,駒澤大高（Ｃ）,駒澤大高,2,東京成徳,東京成徳大高,2,,2021_T3A.pdf
2021,T3A,2021-10-12,18:30,駿台学園,駿台学園,0,都・石神井,石神井,0,,2021_T3A.pdf
2021,T3A,2021-10-31,15:00,保善,保善,0,東京実業,東京実業,7,,2021_T3A.pdf
2021,T3A,2021-07-23,15:30,都・国分寺,国分寺,0,都・石神井,石神井,0,,2021_T3A.pdf
2021,T3A,2021-09-05,16:10,日大三,日大三,1,関東第一（B),関東第一,7,,2021_T3A.pdf
2021,T3A,2021-09-23,14:00,東海大菅生,東海大菅生,3,駒澤大高（Ｃ）,駒澤大高,1,,2021_T3A.pdf
2021,T3A,2021-11-03,13:00,東京成徳,東京成徳大高,0,駿台学園,駿台学園,4,,2021_T3A.pdf
2021,T3A,2021-09-24,17:45,東京実業,東京実業,2,都・国分寺,国分寺,1,,2021_T3A.pdf
2021,T3A,2021-08-15,16:00,関東第一（B),関東第一,1,保善,保善,0,,2021_T3A.pdf
2021,T3A,2021-10-04,17:30,駒澤大高（Ｃ）,駒澤大高,2,日大三,日大三,1,,2021_T3A.pdf
2021,T3A,2021-09-26,14:00,駿台学園,駿台学園,1,東海大菅生,東海大菅生,1,,2021_T3A.pdf
2021,T3A,2021-10-01,13:45,都・石神井,石神井,1,東京成徳,東京成徳大高,0,,2021_T3A.pdf
2021,T3B,2021-04-01,12:45,トリプレッタ,トリプレッタ,3,國學院久我山（Ｃ）,国学院久我山,3,,2021_T3B.pdf
2021,T3B,2021-04-01,10:00,日大豊山,日大豊山,2,町田ゼルビア（Ｂ）,町田ゼルビア,1,,2021_T3B.pdf
2021,T3B,2021-07-25,17:00,暁星,暁星,2,横河武蔵野（B),横河武蔵野,1,,2021_T3B.pdf
2021,T3B,2021-10-10,10:00,かえつ有明,かえつ有明,0,実践学園（B),実践学園,5,,2021_T3B.pdf
2021,T3B,2021-07-04,9:30,都・日野台,日野台,0,成立学園（B),成立学園,2,,2021_T3B.pdf
2021,T3B,2021-10-23,17:00,町田ゼルビア（Ｂ）,町田ゼルビア,0,トリプレッタ,トリプレッタ,0,,2021_T3B.pdf
2021,T3B,2021-07-29,16:00,横河武蔵野（B),横河武蔵野,2,日大豊山,日大豊山,0,,2021_T3B.pdf
2021,T3B,2021-04-17,18:00,実践学園（B),実践学園,1,暁星,暁星,2,,2021_T3B.pdf
2021,T3B,2021-07-21,9:30,成立学園（B),成立学園,5,かえつ有明,かえつ有明,0,,2021_T3B.pdf
2021,T3B,2021-09-12,10:00,國學院久我山（Ｃ）,国学院久我山,3,都・日野台,日野台,0,,2021_T3B.pdf
2021,T3B,2021-10-10,14:30,トリプレッタ,トリプレッタ,1,横河武蔵野（B),横河武蔵野,1,,2021_T3B.pdf
2021,T3B,2021-06-20,18:00,日大豊山,日大豊山,1,実践学園（B),実践学園,1,,2021_T3B.pdf
2021,T3B,2021-08-06,16:00,暁星,暁星,0,成立学園（B),成立学園,4,,2021_T3B.pdf
2021,T3B,2021-10-17,10:00,かえつ有明,かえつ有明,1,都・日野台,日野台,1,,2021_T3B.pdf
2021,T3B,2021-04-10,18:15,國學院久我山（Ｃ）,国学院久我山,1,町田ゼルビア（Ｂ）,町田ゼルビア,2,,2021_T3B.pdf
2021,T3B,2021-07-17,17:00,実践学園（B),実践学園,3,トリプレッタ,トリプレッタ,2,,2021_T3B.pdf
2021,T3B,2021-07-10,11:00,成立学園（B),成立学園,3,日大豊山,日大豊山,4,,2021_T3B.pdf
2021,T3B,2021-06-27,18:05,都・日野台,日野台,3,暁星,暁星,2,,2021_T3B.pdf
2021,T3B,2021-06-27,10:00,かえつ有明,かえつ有明,0,國學院久我山（Ｃ）,国学院久我山,2,,2021_T3B.pdf
2021,T3B,2021-08-22,16:30,横河武蔵野（B),横河武蔵野,0,町田ゼルビア（Ｂ）,町田ゼルビア,1,,2021_T3B.pdf
2021,T3B,2021-07-25,10:00,トリプレッタ,トリプレッタ,0,成立学園（B),成立学園,5,,2021_T3B.pdf
2021,T3B,2021-07-17,17:00,日大豊山,日大豊山,4,都・日野台,日野台,1,,2021_T3B.pdf
2021,T3B,2021-07-18,16:05,暁星,暁星,4,かえつ有明,かえつ有明,1,,2021_T3B.pdf
2021,T3B,2021-09-11,17:00,町田ゼルビア（Ｂ）,町田ゼルビア,2,実践学園（B),実践学園,1,,2021_T3B.pdf
2021,T3B,2021-07-23,15:00,國學院久我山（Ｃ）,国学院久我山,1,横河武蔵野（B),横河武蔵野,1,,2021_T3B.pdf
2021,T3B,2021-09-26,14:30,都・日野台,日野台,1,トリプレッタ,トリプレッタ,0,,2021_T3B.pdf
2021,T3B,2021-08-09,14:00,かえつ有明,かえつ有明,0,日大豊山,日大豊山,9,,2021_T3B.pdf
2021,T3B,2021-10-24,15:00,國學院久我山（Ｃ）,国学院久我山,1,暁星,暁星,4,,2021_T3B.pdf
2021,T3B,2021-09-04,17:00,成立学園（B),成立学園,0,町田ゼルビア（Ｂ）,町田ゼルビア,1,,2021_T3B.pdf
2021,T3B,2021-10-16,17:00,横河武蔵野（B),横河武蔵野,1,実践学園（B),実践学園,2,,2021_T3B.pdf
2021,T3B,2021-10-31,9:00,トリプレッタ,トリプレッタ,1,かえつ有明,かえつ有明,0,,2021_T3B.pdf
2021,T3B,2021-10-06,15:00,暁星,暁星,0,日大豊山,日大豊山,3,,2021_T3B.pdf
2021,T3B,2021-09-20,15:30,町田ゼルビア（Ｂ）,町田ゼルビア,2,都・日野台,日野台,0,,2021_T3B.pdf
2021,T3B,2021-08-27,15:30,横河武蔵野（B),横河武蔵野,2,成立学園（B),成立学園,5,,2021_T3B.pdf
2021,T3B,2021-10-31,17:00,実践学園（B),実践学園,2,國學院久我山（Ｃ）,国学院久我山,1,,2021_T3B.pdf
2021,T3B,2021-09-05,13:00,暁星,暁星,0,トリプレッタ,トリプレッタ,1,,2021_T3B.pdf
2021,T3B,2021-08-30,14:00,日大豊山,日大豊山,5,國學院久我山（Ｃ）,国学院久我山,1,,2021_T3B.pdf
2021,T3B,2021-09-23,17:30,かえつ有明,かえつ有明,0,町田ゼルビア（Ｂ）,町田ゼルビア,2,,2021_T3B.pdf
2021,T3B,2021-08-15,16:45,都・日野台,日野台,2,横河武蔵野（B),横河武蔵野,1,,2021_T3B.pdf
2021,T3B,2021-09-20,11:00,成立学園（B),成立学園,5,実践学園（B),実践学園,3,,2021_T3B.pdf
2021,T3B,2021-10-03,14:00,トリプレッタ,トリプレッタ,0,日大豊山,日大豊山,0,,2021_T3B.pdf
2021,T3B,2021-10-31,17:30,町田ゼルビア（Ｂ）,町田ゼルビア,4,暁星,暁星,1,,2021_T3B.pdf
2021,T3B,2021-10-03,16:45,横河武蔵野（B),横河武蔵野,3,かえつ有明,かえつ有明,0,,2021_T3B.pdf
2021,T3B,2021-10-24,18:00,実践学園（B),実践学園,1,都・日野台,日野台,1,,2021_T3B.pdf
2021,T3B,2021-10-01,11:00,國學院久我山（Ｃ）,国学院久我山,4,成立学園（B),成立学園,1,,2021_T3B.pdf
2021,T4,2021-12-22,10:30,期日 ｷｯｸｵﾌ A,期日キックオフA,,B,B,,,2021_T4.pdf
2021,T4,2021-12-22,10:30,東京,東京,4,早大学院,早大学院,2,,2021_T4.pdf
2021,T4,2021-11-28,17:00,東海大高輪台(B),東海大高輪台,9,東京農大一,農大一,0,,2021_T4.pdf
2021,T4,2021-11-27,14:00,実践学園(C),実践学園,4,都・狛江,狛江,2,,2021_T4.pdf
2021,T4,2021-12-19,13:30,大森学園,大森学園,1,都・駒場,駒場,0,,2021_T4.pdf
2021,T4,2021-12-11,14:30,都・東大和,東大和,0,創価,創価,4,,2021_T4.pdf
2021,T4,2021-11-23,17:30,都・葛飾野,葛飾野,0,目白研心,目白研心,3,,2021_T4.pdf
2021,T4,2022-01-06,15:05,日体荏原,日体荏原,,駒澤大高(D),駒澤大高,,,2021_T4.pdf
2021,T4,2021-12-25,10:00,都・府中東,府中東,2,都・東大和南,東大和南,1,,2021_T4.pdf
2021,T4,2021-11-27,16:00,都・東久留米(B),東久留米総合,1,日本学園,日本学園,0,,2021_T4.pdf
2021,T4,2021-12-26,14:05,大東文化一,大東文化一,5,杉並FC,杉並FC,1,,2021_T4.pdf
2021,T4A,2021-10-13,14:30,東京,東京,1,日体荏原,日体荏原,1,,2021_T4A.pdf
2021,T4A,2021-08-01,17:00,実践学園(C),実践学園,1,都・東大和,東大和,0,,2021_T4A.pdf
2021,T4A,2021-10-30,17:00,東海大高輪台(B),東海大高輪台,1,大東文化一,大東文化一,0,,2021_T4A.pdf
2021,T4A,2021-09-26,9:30,都・府中東,府中東,1,都・葛飾野,葛飾野,0,,2021_T4A.pdf
2021,T4A,2021-07-25,15:00,大森学園,大森学園,5,都・東久留米総合(B),東久留米総合,1,,2021_T4A.pdf
2021,T4A,2021-07-21,9:30,都・東大和,東大和,1,東京,東京,2,,2021_T4A.pdf
2021,T4A,2021-08-11,17:00,大東文化一,大東文化一,0,実践学園(C),実践学園,4,,2021_T4A.pdf
2021,T4A,2021-09-19,16:00,都・葛飾野,葛飾野,2,東海大高輪台(B),東海大高輪台,1,,2021_T4A.pdf
2021,T4A,2021-04-04,15:00,都・東久留米総合(B),東久留米総合,1,都・府中東,府中東,2,,2021_T4A.pdf
2021,T4A,2021-04-17,18:30,日体荏原,日体荏原,2,大森学園,大森学園,2,,2021_T4A.pdf
2021,T4A,2021-08-03,9:30,東京,東京,2,大東文化一,大東文化一,0,,2021_T4A.pdf
2021,T4A,2021-08-30,17:00,実践学園(C),実践学園,2,都・葛飾野,葛飾野,0,,2021_T4A.pdf
2021,T4A,2021-07-04,10:00,東海大高輪台(B),東海大高輪台,1,都・東久留米総合(B),東久留米総合,0,,2021_T4A.pdf
2021,T4A,2021-06-27,12:00,都・府中東,府中東,1,大森学園,大森学園,4,,2021_T4A.pdf
2021,T4A,2021-08-05,14:00,日体荏原,日体荏原,2,都・東大和,東大和,1,,2021_T4A.pdf
2021,T4A,2021-06-19,16:30,都・葛飾野,葛飾野,0,東京,東京,3,,2021_T4A.pdf
2021,T4A,2021-06-20,10:00,都・東久留米総合(B),東久留米総合,1,実践学園(C),実践学園,3,,2021_T4A.pdf
2021,T4A,2021-09-12,16:00,大森学園,大森学園,0,東海大高輪台(B),東海大高輪台,1,,2021_T4A.pdf
2021,T4A,2021-04-10,10:00,都・府中東,府中東,2,日体荏原,日体荏原,5,,2021_T4A.pdf
2021,T4A,2021-08-26,11:45,大東文化一,大東文化一,0,都・東大和,東大和,1,,2021_T4A.pdf
2021,T4A,2021-06-27,10:00,東京,東京,1,都・東久留米総合(B),東久留米総合,2,,2021_T4A.pdf
2021,T4A,2021-08-26,17:00,実践学園(C),実践学園,2,大森学園,大森学園,2,,2021_T4A.pdf
2021,T4A,2021-06-20,16:00,東海大高輪台(B),東海大高輪台,2,都・府中東,府中東,1,,2021_T4A.pdf
2021,T4A,2021-06-26,9:00,都・東大和,東大和,1,都・葛飾野,葛飾野,0,,2021_T4A.pdf
2021,T4A,2021-08-16,17:00,日体荏原,日体荏原,1,大東文化一,大東文化一,2,,2021_T4A.pdf
2021,T4A,2021-10-30,18:30,大森学園,大森学園,0,東京,東京,1,,2021_T4A.pdf
2021,T4A,2021-08-23,12:00,都・府中東,府中東,0,実践学園(C),実践学園,1,,2021_T4A.pdf
2021,T4A,2021-09-26,9:30,日体荏原,日体荏原,0,東海大高輪台(B),東海大高輪台,3,,2021_T4A.pdf
2021,T4A,2021-07-11,9:30,都・東久留米総合(B),東久留米総合,0,都・東大和,東大和,3,,2021_T4A.pdf
2021,T4A,2021-11-03,17:40,大東文化一,大東文化一,0,都・葛飾野,葛飾野,2,,2021_T4A.pdf
2021,T4A,2021-07-17,12:45,東京,東京,3,都・府中東,府中東,1,,2021_T4A.pdf
2021,T4A,2021-07-18,17:00,東海大高輪台(B),東海大高輪台,2,実践学園(C),実践学園,0,,2021_T4A.pdf
2021,T4A,2021-07-17,18:30,都・東大和,東大和,1,大森学園,大森学園,2,,2021_T4A.pdf
2021,T4A,2021-07-17,9:30,大東文化一,大東文化一,4,都・東久留米総合(B),東久留米総合,3,,2021_T4A.pdf
2021,T4A,2021-07-19,16:00,都・葛飾野,葛飾野,0,日体荏原,日体荏原,0,,2021_T4A.pdf
2021,T4A,2021-10-04,18:00,東海大高輪台(B),東海大高輪台,2,東京,東京,2,,2021_T4A.pdf
2021,T4A,2021-07-24,17:00,実践学園(C),実践学園,4,日体荏原,日体荏原,0,,2021_T4A.pdf
2021,T4A,2021-07-26,9:30,都・府中東,府中東,1,都・東大和,東大和,2,,2021_T4A.pdf
2021,T4A,2021-08-20,11:45,大森学園,大森学園,4,大東文化一,大東文化一,2,,2021_T4A.pdf
2021,T4A,2021-07-31,15:00,都・東久留米総合(B),東久留米総合,0,都・葛飾野,葛飾野,1,,2021_T4A.pdf
2021,T4A,2021-09-23,17:00,東京,東京,3,実践学園(C),実践学園,1,,2021_T4A.pdf
2021,T4A,2021-08-22,16:00,都・東大和,東大和,0,東海大高輪台(B),東海大高輪台,0,,2021_T4A.pdf
2021,T4A,2021-09-23,15:30,大東文化一,大東文化一,1,都・府中東,府中東,2,,2021_T4A.pdf
2021,T4A,2021-08-06,9:30,都・葛飾野,葛飾野,1,大森学園,大森学園,2,,2021_T4A.pdf
2021,T4A,2021-08-29,15:00,日体荏原,日体荏原,2,都・東久留米総合(B),東久留米総合,5,,2021_T4A.pdf
2021,T4B,2021-04-18,14:00,東京農大一,農大一,1,早大学院,早大学院,0,,2021_T4B.pdf
2021,T4B,2021-06-19,14:30,日本学園,日本学園,0,目白研心,目白研心,4,,2021_T4B.pdf
2021,T4B,2021-08-01,9:30,創価,創価,1,都・駒場,駒場,0,,2021_T4B.pdf
2021,T4B,2021-07-27,18:05,駒澤大高 (D),駒澤大高,8,杉並FC,杉並FC,0,,2021_T4B.pdf
2021,T4B,2021-08-03,16:00,都・東大和南,東大和南,1,都・狛江,狛江,4,,2021_T4B.pdf
2021,T4B,2021-04-10,15:30,目白研心,目白研心,0,東京農大一,農大一,1,,2021_T4B.pdf
2021,T4B,2021-07-25,15:00,都・駒場,駒場,3,日本学園,日本学園,1,,2021_T4B.pdf
2021,T4B,2021-04-10,15:30,杉並FC,杉並FC,0,創価,創価,9,,2021_T4B.pdf
2021,T4B,2021-07-22,13:30,都・狛江,狛江,0,駒澤大高 (D),駒澤大高,3,,2021_T4B.pdf
2021,T4B,2021-10-03,9:30,早大学院,早大学院,4,都・東大和南,東大和南,2,,2021_T4B.pdf
2021,T4B,2021-09-23,13:00,東京農大一,農大一,1,都・駒場,駒場,2,,2021_T4B.pdf
2021,T4B,2021-11-03,9:30,日本学園,日本学園,14,杉並FC,杉並FC,0,,2021_T4B.pdf
2021,T4B,2021-06-20,9:30,創価,創価,2,都・狛江,狛江,3,,2021_T4B.pdf
2021,T4B,2021-09-26,9:30,駒澤大高 (D),駒澤大高,4,都・東大和南,東大和南,0,,2021_T4B.pdf
2021,T4B,2021-08-01,13:00,早大学院,早大学院,1,目白研心,目白研心,1,,2021_T4B.pdf
2021,T4B,2021-08-02,16:10,杉並FC,杉並FC,0,東京農大一,農大一,7,,2021_T4B.pdf
2021,T4B,2021-07-30,9:30,都・狛江,狛江,4,日本学園,日本学園,1,,2021_T4B.pdf
2021,T4B,2021-06-13,9:30,都・東大和南,東大和南,1,創価,創価,0,,2021_T4B.pdf
2021,T4B,2021-08-13,14:00,駒澤大高 (D),駒澤大高,0,早大学院,早大学院,1,,2021_T4B.pdf
2021,T4B,2021-09-26,10:00,都・駒場,駒場,2,目白研心,目白研心,1,,2021_T4B.pdf
2021,T4B,2021-06-27,13:30,東京農大一,農大一,1,都・狛江,狛江,0,,2021_T4B.pdf
2021,T4B,2021-06-26,18:00,日本学園,日本学園,1,都・東大和南,東大和南,5,,2021_T4B.pdf
2021,T4B,2021-06-26,16:00,創価,創価,1,駒澤大高 (D),駒澤大高,1,,2021_T4B.pdf
2021,T4B,2021-06-27,10:00,目白研心,目白研心,2,杉並FC,杉並FC,1,,2021_T4B.pdf
2021,T4B,2021-06-20,9:30,早大学院,早大学院,3,都・駒場,駒場,2,,2021_T4B.pdf
2021,T4B,2021-07-29,10:00,都・東大和南,東大和南,1,東京農大一,農大一,2,,2021_T4B.pdf
2021,T4B,2021-10-31,13:00,駒澤大高 (D),駒澤大高,2,日本学園,日本学園,1,,2021_T4B.pdf
2021,T4B,2021-07-25,13:00,早大学院,早大学院,1,創価,創価,0,,2021_T4B.pdf
2021,T4B,2021-07-27,9:30,都・狛江,狛江,1,目白研心,目白研心,1,,2021_T4B.pdf
2021,T4B,2021-10-31,9:30,都・駒場,駒場,4,杉並FC,杉並FC,1,,2021_T4B.pdf
2021,T4B,2021-08-18,13:00,東京農大一,農大一,2,駒澤大高 (D),駒澤大高,0,,2021_T4B.pdf
2021,T4B,2021-07-11,9:30,創価,創価,3,日本学園,日本学園,0,,2021_T4B.pdf
2021,T4B,2021-07-21,9:30,目白研心,目白研心,5,都・東大和南,東大和南,0,,2021_T4B.pdf
2021,T4B,2021-10-02,15:00,都・駒場,駒場,1,都・狛江,狛江,4,,2021_T4B.pdf
2021,T4B,2021-08-17,9:30,杉並FC,杉並FC,0,早大学院,早大学院,19,,2021_T4B.pdf
2021,T4B,2021-07-18,9:30,創価,創価,0,東京農大一,農大一,0,,2021_T4B.pdf
2021,T4B,2021-07-20,9:30,日本学園,日本学園,0,早大学院,早大学院,1,,2021_T4B.pdf
2021,T4B,2021-08-23,13:20,駒澤大高 (D),駒澤大高,1,目白研心,目白研心,3,,2021_T4B.pdf
2021,T4B,2021-07-18,9:30,都・東大和南,東大和南,3,都・駒場,駒場,1,,2021_T4B.pdf
2021,T4B,2021-07-11,13:30,都・狛江,狛江,11,杉並FC,杉並FC,0,,2021_T4B.pdf
2021,T4B,2021-10-17,15:00,東京農大一,農大一,1,日本学園,日本学園,1,,2021_T4B.pdf
2021,T4B,2021-08-29,10:00,目白研心,目白研心,1,創価,創価,3,,2021_T4B.pdf
2021,T4B,2021-08-27,12:45,都・駒場,駒場,2,駒澤大高 (D),駒澤大高,1,,2021_T4B.pdf
2021,T4B,2021-09-23,9:30,杉並FC,杉並FC,0,都・東大和南,東大和南,2,,2021_T4B.pdf
2021,T4B,2021-08-06,13:30,早大学院,早大学院,2,都・狛江,狛江,2,,2021_T4B.pdf
2022,T1,2022-04-29,10:00,成立学園,成立学園,3,早稲田実業,早稲田実業,1,成立学園鷲宮Ｇ,2022_T1-1.pdf
2022,T1,2022-04-29,18:00,実践学園,実践学園,0,修徳,修徳,2,無観客,2022_T1-1.pdf
2022,T1,2022-04-29,9:45,國學院久我山,国学院久我山,3,駒澤大高,駒澤大高,1,國學院大相模原Ｇ,2022_T1-1.pdf
2022,T1,2022-04-29,10:00,堀越,堀越,0,FC東京 (B),FC東京,3,堀越学園総合G,2022_T1-1.pdf
2022,T1,2022-04-29,18:30,町田ゼルビア,町田ゼルビア,1,大成,大成,0,小野路G,2022_T1-1.pdf
2022,T1,2022-08-14,10:00,成立学園,成立学園,3,修徳,修徳,2,成立学園鷲宮Ｇ,2022_T1-1.pdf
2022,T1,2022-05-14,16:00,実践学園,実践学園,2,駒澤大高,駒澤大高,3,無観客,2022_T1-1.pdf
2022,T1,2022-05-03,14:00,FC東京 (B),FC東京,1,國學院久我山,国学院久我山,2,東京ガス武蔵野苑多目的G,2022_T1-1.pdf
2022,T1,2022-05-03,18:30,町田ゼルビア,町田ゼルビア,1,堀越,堀越,1,小野路G,2022_T1-1.pdf
2022,T1,2022-05-02,18:30,大成,大成,2,早稲田実業,早稲田実業,0,駒沢第二球技場,2022_T1-1.pdf
2022,T1,2022-05-08,10:00,成立学園,成立学園,5,駒澤大高,駒澤大高,0,成立学園鷲宮Ｇ,2022_T1-1.pdf
2022,T1,2022-05-08,17:00,FC東京 (B),FC東京,2,実践学園,実践学園,2,東京ガス武蔵野苑多目的G,2022_T1-1.pdf
2022,T1,2022-05-08,17:30,町田ゼルビア,町田ゼルビア,2,國學院久我山,国学院久我山,1,小野路G,2022_T1-1.pdf
2022,T1,2022-05-08,10:00,大成,大成,0,堀越,堀越,2,堀越学園総合G,2022_T1-1.pdf
2022,T1,2022-05-07,18:30,早稲田実業,早稲田実業,4,修徳,修徳,2,無観客,2022_T1-1.pdf
2022,T1,2022-06-25,16:00,成立学園,成立学園,2,FC東京 (B),FC東京,0,成立学園鷲宮Ｇ,2022_T1-1.pdf
2022,T1,2022-06-26,17:30,町田ゼルビア,町田ゼルビア,2,実践学園,実践学園,0,小野路G,2022_T1-1.pdf
2022,T1,2022-06-26,9:45,國學院久我山,国学院久我山,2,大成,大成,2,國學院大相模原Ｇ,2022_T1-1.pdf
2022,T1,2022-06-25,18:30,早稲田実業,早稲田実業,0,堀越,堀越,4,無観客,2022_T1-1.pdf
2022,T1,2022-06-27,18:30,駒澤大高,駒澤大高,3,修徳,修徳,2,清瀬内山 B面,2022_T1-1.pdf
2022,T1,2022-07-03,10:00,成立学園,成立学園,3,町田ゼルビア,町田ゼルビア,0,成立学園鷲宮Ｇ,2022_T1-1.pdf
2022,T1,2022-07-03,10:00,実践学園,実践学園,2,大成,大成,1,無観客,2022_T1-1.pdf
2022,T1,2022-07-03,14:45,國學院久我山,国学院久我山,2,堀越,堀越,1,國學院大たまプラーザＧ,2022_T1-1.pdf
2022,T1,2022-07-03,17:00,FC東京 (B),FC東京,2,修徳,修徳,0,東京ガス武蔵野苑多目的G,2022_T1-1.pdf
2022,T1,2022-07-01,18:00,駒澤大高,駒澤大高,0,早稲田実業,早稲田実業,0,駒沢第二球技場,2022_T1-1.pdf
2022,T1,2022-07-10,10:00,成立学園,成立学園,5,大成,大成,1,成立学園鷲宮Ｇ,2022_T1-1.pdf
2022,T1,2022-10-27,18:00,堀越,堀越,3,実践学園,実践学園,1,無観客,2022_T1-1.pdf
2022,T1,2022-08-24,17:30,國學院久我山,国学院久我山,2,早稲田実業,早稲田実業,0,國學院大たまプラーザＧ,2022_T1-1.pdf
2022,T1,2022-07-10,17:30,修徳,修徳,1,町田ゼルビア,町田ゼルビア,1,小野路G,2022_T1-1.pdf
2022,T1,2022-07-13,18:30,FC東京 (B),FC東京,5,駒澤大高,駒澤大高,2,東京ガス武蔵野苑多目的G,2022_T1-1.pdf
2022,T1,2022-07-16,10:00,成立学園,成立学園,7,堀越,堀越,1,成立学園鷲宮Ｇ,2022_T1-1.pdf
2022,T1,2022-12-01,17:15,実践学園,実践学園,0,國學院久我山,国学院久我山,4,無観客,2022_T1-1.pdf
2022,T1,2022-07-16,15:45,大成,大成,2,修徳,修徳,1,葛飾区にいじゅくみらい公園,2022_T1-1.pdf
2022,T1,2022-10-09,17:30,駒澤大高,駒澤大高,3,町田ゼルビア,町田ゼルビア,3,無観客,2022_T1-1.pdf
2022,T1,2022-08-31,18:00,早稲田実業,早稲田実業,1,FC東京 (B),FC東京,3,東京ガス武蔵野苑多目的G,2022_T1-1.pdf
2022,T1,2022-09-15,18:00,國學院久我山,国学院久我山,5,成立学園,成立学園,1,國學院大たまプラーザＧ,2022_T1-1.pdf
2022,T1,2022-07-23,18:30,早稲田実業,早稲田実業,2,実践学園,実践学園,3,無観客,2022_T1-1.pdf
2022,T1,2022-10-30,12:30,修徳,修徳,0,堀越,堀越,1,堀越学園総合G,2022_T1-1.pdf
2022,T1,2022-10-28,18:00,大成,大成,1,駒澤大高,駒澤大高,2,駒沢第二球技場,2022_T1-1.pdf
2022,T1,2022-10-23,17:30,町田ゼルビア,町田ゼルビア,1,FC東京 (B),FC東京,0,小野路G,2022_T1-1.pdf
2022,T1,2022-10-09,17:00,実践学園,実践学園,0,成立学園,成立学園,1,無観客,2022_T1-1.pdf
2022,T1,2022-08-20,16:45,修徳,修徳,1,國學院久我山,国学院久我山,2,國學院大たまプラーザＧ,2022_T1-1.pdf
2022,T1,2022-08-20,16:00,堀越,堀越,3,駒澤大高,駒澤大高,1,堀越学園総合G,2022_T1-1.pdf
2022,T1,2022-08-21,16:00,大成,大成,2,FC東京 (B),FC東京,3,東京ガス武蔵野苑多目的G,2022_T1-1.pdf
2022,T1,2022-08-21,17:30,町田ゼルビア,町田ゼルビア,1,早稲田実業,早稲田実業,1,小野路G,2022_T1-1.pdf
2022,T1,2022-08-27,18:30,早稲田実業,早稲田実業,0,成立学園,成立学園,2,無観客,2022_T1-2.pdf
2022,T1,2022-08-28,18:00,修徳,修徳,1,実践学園,実践学園,2,無観客,2022_T1-2.pdf
2022,T1,2022-08-27,17:00,駒澤大高,駒澤大高,1,國學院久我山,国学院久我山,1,國學院大たまプラーザＧ,2022_T1-2.pdf
2022,T1,2022-08-27,18:00,FC東京 (B),FC東京,4,堀越,堀越,2,東京ガス武蔵野苑多目的G,2022_T1-2.pdf
2022,T1,2022-08-27,18:30,大成,大成,2,町田ゼルビア,町田ゼルビア,2,清瀬内山 Ｃ面,2022_T1-2.pdf
2022,T1,2022-09-04,10:00,修徳,修徳,1,成立学園,成立学園,3,成立学園鷲宮Ｇ,2022_T1-2.pdf
2022,T1,2022-09-02,18:00,駒澤大高,駒澤大高,1,実践学園,実践学園,0,駒沢第二球技場,2022_T1-2.pdf
2022,T1,2022-09-03,16:30,國學院久我山,国学院久我山,4,FC東京 (B),FC東京,3,國學院大たまプラーザＧ,2022_T1-2.pdf
2022,T1,2022-09-04,10:00,堀越,堀越,2,町田ゼルビア,町田ゼルビア,1,堀越学園総合G,2022_T1-2.pdf
2022,T1,2022-09-03,18:30,早稲田実業,早稲田実業,0,大成,大成,1,無観客,2022_T1-2.pdf
2022,T1,2022-09-09,18:00,駒澤大高,駒澤大高,1,成立学園,成立学園,1,駒沢第二球技場,2022_T1-2.pdf
2022,T1,2022-09-11,18:00,実践学園,実践学園,3,FC東京 (B),FC東京,2,無観客,2022_T1-2.pdf
2022,T1,2022-09-10,16:45,國學院久我山,国学院久我山,5,町田ゼルビア,町田ゼルビア,0,國學院大たまプラーザＧ,2022_T1-2.pdf
2022,T1,2022-09-11,10:00,堀越,堀越,1,大成,大成,2,堀越学園総合G,2022_T1-2.pdf
2022,T1,2022-09-10,16:15,修徳,修徳,4,早稲田実業,早稲田実業,2,駒沢補助競技場,2022_T1-2.pdf
2022,T1,2022-09-19,14:00,FC東京 (B),FC東京,1,成立学園,成立学園,9,東京ガス武蔵野苑多目的G,2022_T1-2.pdf
2022,T1,2022-09-18,18:00,実践学園,実践学園,3,町田ゼルビア,町田ゼルビア,2,無観客,2022_T1-2.pdf
2022,T1,2022-09-18,14:45,大成,大成,1,國學院久我山,国学院久我山,1,國學院大たまプラーザＧ,2022_T1-2.pdf
2022,T1,2022-11-15,18:00,堀越,堀越,0,早稲田実業,早稲田実業,1,堀越学園総合G,2022_T1-2.pdf
2022,T1,2022-09-16,18:00,修徳,修徳,1,駒澤大高,駒澤大高,1,駒沢第二球技場,2022_T1-2.pdf
2022,T1,2022-09-25,17:30,町田ゼルビア,町田ゼルビア,1,成立学園,成立学園,0,小野路G,2022_T1-2.pdf
2022,T1,2022-09-23,9:30,大成,大成,1,実践学園,実践学園,0,駒沢第二球技場,2022_T1-2.pdf
2022,T1,2022-09-23,10:00,堀越,堀越,2,國學院久我山,国学院久我山,6,堀越学園総合G,2022_T1-2.pdf
2022,T1,2022-09-23,14:00,修徳,修徳,1,FC東京 (B),FC東京,3,東京ガス武蔵野苑多目的G,2022_T1-2.pdf
2022,T1,2022-11-10,19:00,早稲田実業,早稲田実業,2,駒澤大高,駒澤大高,4,稲城長峰ヴェルディフィールド,2022_T1-2.pdf
2022,T1,2022-10-01,18:30,大成,大成,0,成立学園,成立学園,0,駒沢補助競技場,2022_T1-2.pdf
2022,T1,2022-10-02,18:00,実践学園,実践学園,2,堀越,堀越,4,無観客,2022_T1-2.pdf
2022,T1,2022-10-01,18:30,早稲田実業,早稲田実業,1,國學院久我山,国学院久我山,3,無観客,2022_T1-2.pdf
2022,T1,2022-10-02,17:30,町田ゼルビア,町田ゼルビア,2,修徳,修徳,3,小野路G,2022_T1-2.pdf
2022,T1,2022-09-28,18:30,駒澤大高,駒澤大高,4,FC東京 (B),FC東京,2,東京ガス武蔵野苑多目的G,2022_T1-2.pdf
2022,T1,2022-11-19,10:00,堀越,堀越,1,成立学園,成立学園,5,堀越学園総合G,2022_T1-2.pdf
2022,T1,2022-11-23,12:15,國學院久我山,国学院久我山,0,実践学園,実践学園,1,國學院大相模原Ｇ,2022_T1-2.pdf
2022,T1,2022-11-19,18:00,修徳,修徳,3,大成,大成,0,東京ガス武蔵野苑多目的G,2022_T1-2.pdf
2022,T1,2022-11-20,17:30,町田ゼルビア,町田ゼルビア,1,駒澤大高,駒澤大高,1,小野路G,2022_T1-2.pdf
2022,T1,2022-11-19,16:00,FC東京 (B),FC東京,1,早稲田実業,早稲田実業,0,東京ガス武蔵野苑多目的G,2022_T1-2.pdf
2022,T1,2022-11-27,10:00,成立学園,成立学園,2,國學院久我山,国学院久我山,3,成立学園鷲宮Ｇ,2022_T1-2.pdf
2022,T1,2022-11-27,18:00,実践学園,実践学園,1,早稲田実業,早稲田実業,0,無観客,2022_T1-2.pdf
2022,T1,2022-12-10,10:00,堀越,堀越,2,修徳,修徳,3,堀越学園総合G,2022_T1-2.pdf
2022,T1,2022-11-28,19:00,駒澤大高,駒澤大高,1,大成,大成,2,富士通スタジアム川崎,2022_T1-2.pdf
2022,T1,2022-11-26,16:00,FC東京 (B),FC東京,3,町田ゼルビア,町田ゼルビア,2,東京ガス武蔵野苑多目的G,2022_T1-2.pdf
2022,T1,2022-12-04,10:00,成立学園,成立学園,2,実践学園,実践学園,2,成立学園鷲宮Ｇ,2022_T1-2.pdf
2022,T1,2022-12-04,9:45,國學院久我山,国学院久我山,3,修徳,修徳,1,國學院大相模原Ｇ,2022_T1-2.pdf
2022,T1,2022-12-03,18:00,駒澤大高,駒澤大高,3,堀越,堀越,3,清瀬内山 Ａ面,2022_T1-2.pdf
2022,T1,2022-12-03,16:00,FC東京 (B),FC東京,0,大成,大成,1,東京ガス武蔵野苑多目的G,2022_T1-2.pdf
2022,T1,2022-12-03,18:30,早稲田実業,早稲田実業,0,町田ゼルビア,町田ゼルビア,1,無観客,2022_T1-2.pdf
2022,T2,2022-04-02,18:30,修徳,修徳,,都・石神井,石神井,,駒沢補助競技場,2022_T2-1.pdf
2022,T2,2022-04-02,18:30,早稲田実業,早稲田実業,,東京朝鮮,東京朝鮮,,非公開,2022_T2-1.pdf
2022,T2,2022-04-02,18:00,横河武蔵野,横河武蔵野,,国士館,国士館,,横河電機G,2022_T2-1.pdf
2022,T2,2022-04-02,11:45,関東一高(B),関東一高,,駒澤大高(B),駒澤大高,,駒沢補助競技場,2022_T2-1.pdf
2022,T2,2022-04-02,10:00,都・東久留米,東久留米総合,,國學院久我山(B),国学院久我山,,都・東久留米G,2022_T2-1.pdf
2022,T2,2022-04-30,10:00,東京朝鮮,東京朝鮮,,修徳,修徳,,東京朝鮮高G,2022_T2-1.pdf
2022,T2,2022-04-29,18:30,国士館,国士館,,早稲田実業,早稲田実業,,非公開,2022_T2-1.pdf
2022,T2,2022-04-30,18:00,横河武蔵野,横河武蔵野,,駒澤大高(B),駒澤大高,,横河電機G,2022_T2-1.pdf
2022,T2,2022-04-30,19:00,関東一高(B),関東一高,,國學院久我山(B),国学院久我山,,私学共済G,2022_T2-1.pdf
2022,T2,2022-04-30,10:00,都・石神井,石神井,,都・東久留米,東久留米総合,,都・東久留米G,2022_T2-1.pdf
2022,T2,2022-04-30,10:00,未定 修徳,未定修徳,,国士館,国士館,,非公開,2022_T2-1.pdf
2022,T2,2022-05-06,18:30,早稲田実業,早稲田実業,,駒澤大高(B),駒澤大高,,非公開,2022_T2-1.pdf
2022,T2,2022-05-04,18:00,未定 横河武蔵野,未定横河武蔵野,,國學院久我山(B),国学院久我山,,横河電機G,2022_T2-1.pdf
2022,T2,2022-05-04,18:00,未定 関東一高(B),未定関東一高,,都・東久留米,東久留米総合,,私学共済G,2022_T2-1.pdf
2022,T2,2022-05-06,17:00,東京朝鮮,東京朝鮮,,都・石神井,石神井,,東京朝鮮高G,2022_T2-1.pdf
2022,T2,2022-05-06,17:00,6/24　6/25 未定 駒澤大高(B),6/246/25未定駒澤大高,,修徳,修徳,,未定,2022_T2-1.pdf
2022,T2,2022-06-25,10:00,國學院久我山(B),国学院久我山,,早稲田実業,早稲田実業,,國學院大學たまプラーザG,2022_T2-1.pdf
2022,T2,2022-06-25,18:00,都・東久留米,東久留米総合,,横河武蔵野,横河武蔵野,,横河電機G,2022_T2-1.pdf
2022,T2,2022-06-23,18:00,都・石神井,石神井,,関東一高(B),関東一高,,清瀬内山 Ｂ面,2022_T2-1.pdf
2022,T2,2022-06-25,10:00,東京朝鮮,東京朝鮮,,国士館,国士館,,東京朝鮮高G,2022_T2-1.pdf
2022,T2,2022-07-01,18:45,國學院久我山(B),国学院久我山,,修徳,修徳,,國學院大學たまプラーザG,2022_T2-1.pdf
2022,T2,2022-07-01,18:30,早稲田実業,早稲田実業,,都・東久留米,東久留米総合,,非公開,2022_T2-1.pdf
2022,T2,2022-07-02,18:00,関東一高(B),関東一高,,横河武蔵野,横河武蔵野,,横河電機G,2022_T2-1.pdf
2022,T2,2022-07-02,16:00,駒澤大高(B),駒澤大高,,東京朝鮮,東京朝鮮,,東京朝鮮高G,2022_T2-1.pdf
2022,T2,2022-07-02,16:00,7/1　7/2 未定 国士館,7/17/2未定国士館,,都・石神井,石神井,,非公開,2022_T2-1.pdf
2022,T2,2022-07-09,15:00,修徳,修徳,,都・東久留米,東久留米総合,,都・東久留米G,2022_T2-1.pdf
2022,T2,2022-07-09,18:30,早稲田実業,早稲田実業,,関東一高(B),関東一高,,非公開,2022_T2-1.pdf
2022,T2,2022-07-09,18:00,都・石神井,石神井,,横河武蔵野,横河武蔵野,,横河電機G,2022_T2-1.pdf
2022,T2,2022-07-09,10:00,東京朝鮮,東京朝鮮,,國學院久我山(B),国学院久我山,,東京朝鮮高G,2022_T2-1.pdf
2022,T2,2022-07-15,9:30,7/8　7/9 未定 国士館,7/87/9未定国士館,,駒澤大高(B),駒澤大高,,非公開,2022_T2-1.pdf
2022,T2,2022-07-15,9:30,修徳,修徳,,関東一高(B),関東一高,,駒沢補助競技場,2022_T2-1.pdf
2022,T2,2022-07-16,18:30,早稲田実業,早稲田実業,,横河武蔵野,横河武蔵野,,非公開,2022_T2-1.pdf
2022,T2,2022-07-16,15:00,都・東久留米,東久留米総合,,東京朝鮮,東京朝鮮,,都・東久留米G,2022_T2-1.pdf
2022,T2,2022-07-16,10:00,國學院久我山(B),国学院久我山,,国士館,国士館,,國學院大たまプラーザG,2022_T2-1.pdf
2022,T2,2022-07-17,16:30,都・石神井,石神井,,駒澤大高(B),駒澤大高,,駒沢第二球技場,2022_T2-1.pdf
2022,T2,2022-07-23,18:00,横河武蔵野,横河武蔵野,,修徳,修徳,,横河電機G,2022_T2-1.pdf
2022,T2,2022-07-22,18:30,都・石神井,石神井,,早稲田実業,早稲田実業,,非公開,2022_T2-1.pdf
2022,T2,2022-07-23,10:00,東京朝鮮,東京朝鮮,,関東一高(B),関東一高,,東京朝鮮高G,2022_T2-1.pdf
2022,T2,2022-07-23,10:00,7/22-23 未定 国士館,7/22-23未定国士館,,都・東久留米,東久留米総合,,非公開,2022_T2-1.pdf
2022,T2,2022-07-23,10:00,駒澤大高(B),駒澤大高,,國學院久我山(B),国学院久我山,,國學院大たまプラーザG,2022_T2-1.pdf
2022,T2,2022-08-20,18:30,修徳,修徳,,早稲田実業,早稲田実業,,非公開,2022_T2-1.pdf
2022,T2,2022-08-20,18:00,横河武蔵野,横河武蔵野,,東京朝鮮,東京朝鮮,,横河電機G,2022_T2-1.pdf
2022,T2,2022-08-20,18:00,8/19-20 未定 関東一高(B),8/19-20未定関東一高,,国士館,国士館,,非公開,2022_T2-1.pdf
2022,T2,2022-08-19,15:00,都・東久留米,東久留米総合,,駒澤大高(B),駒澤大高,,都・東久留米G,2022_T2-1.pdf
2022,T2,2022-08-20,10:00,國學院久我山(B),国学院久我山,,都・石神井,石神井,,國學院大たまプラーザG,2022_T2-1.pdf
2022,T2,2022-08-28,18:00,町田ゼルビア (B),町田ゼルビア,1,横河武蔵野,横河武蔵野,2,横河電機G,2022_T2-2.pdf
2022,T2,2022-08-28,17:00,関東第一(B),関東第一,0,東海大高輪台,東海大高輪台,0,東海大高輪台総合G,2022_T2-2.pdf
2022,T2,2022-08-28,17:00,都・東久留米,東久留米総合,4,国士館,国士館,1,都・東久留米G,2022_T2-2.pdf
2022,T2,2022-08-28,19:00,多摩大目黒,多摩大学目黒,0,三菱養和(B),三菱養和,1,東戸塚フットボールパーク,2022_T2-2.pdf
2022,T2,2022-08-27,14:45,國學院久我山 (B),国学院久我山,1,駒澤大高(B),駒澤大高,2,國學院大たまプラーザＧ,2022_T2-2.pdf
2022,T2,2022-09-04,18:00,関東第一(B),関東第一,0,横河武蔵野,横河武蔵野,2,横河電機G,2022_T2-2.pdf
2022,T2,2022-09-04,17:00,国士館,国士館,1,東海大高輪台,東海大高輪台,0,東海大高輪台総合G,2022_T2-2.pdf
2022,T2,2022-09-04,17:00,都・東久留米,東久留米総合,1,多摩大目黒,多摩大学目黒,3,都・東久留米G,2022_T2-2.pdf
2022,T2,2022-09-04,19:00,三菱養和(B),三菱養和,4,國學院久我山 (B),国学院久我山,2,無観客,2022_T2-2.pdf
2022,T2,2022-09-04,17:30,町田ゼルビア (B),町田ゼルビア,0,駒澤大高(B),駒澤大高,1,小野路G,2022_T2-2.pdf
2022,T2,2022-09-11,18:00,国士舘,国士舘,1,横河武蔵野,横河武蔵野,1,横河電機G,2022_T2-2.pdf
2022,T2,2022-09-10,17:00,東海大高輪台,東海大高輪台,1,多摩大目黒,多摩大学目黒,3,東海大高輪台総合G,2022_T2-2.pdf
2022,T2,2022-09-11,18:00,都・東久留米,東久留米総合,3,國學院久我山 (B),国学院久我山,1,都・東久留米G,2022_T2-2.pdf
2022,T2,2022-09-11,16:00,駒澤大高(B),駒澤大高,1,三菱養和(B),三菱養和,2,無観客,2022_T2-2.pdf
2022,T2,2022-09-10,18:30,町田ゼルビア (B),町田ゼルビア,0,関東第一(B),関東第一,1,駒沢補助競技場,2022_T2-2.pdf
2022,T2,2022-09-19,18:00,横河武蔵野,横河武蔵野,2,多摩大目黒,多摩大学目黒,1,横河電機G,2022_T2-2.pdf
2022,T2,2022-12-24,16:00,東海大高輪台,東海大高輪台,2,國學院久我山 (B),国学院久我山,1,東海大高輪台総合G,2022_T2-2.pdf
2022,T2,2022-11-03,13:00,駒澤大高(B),駒澤大高,2,都・東久留米,東久留米総合,2,都・東久留米G,2022_T2-2.pdf
2022,T2,2022-09-19,17:00,町田ゼルビア (B),町田ゼルビア,1,三菱養和(B),三菱養和,3,無観客,2022_T2-2.pdf
2022,T2,2022-09-19,18:00,関東第一(B),関東第一,0,国士舘,国士舘,1,私学事業団G,2022_T2-2.pdf
2022,T2,2022-09-23,14:45,國學院久我山 (B),国学院久我山,3,横河武蔵野,横河武蔵野,2,國學院大たまプラーザＧ,2022_T2-2.pdf
2022,T2,2022-09-25,10:00,駒澤大高(B),駒澤大高,1,東海大高輪台,東海大高輪台,1,東海大高輪台総合G,2022_T2-2.pdf
2022,T2,2022-09-23,17:00,三菱養和(B),三菱養和,4,都・東久留米,東久留米総合,2,無観客,2022_T2-2.pdf
2022,T2,2022-09-25,19:00,多摩大目黒,多摩大学目黒,4,関東第一(B),関東第一,1,東戸塚フットボールパーク,2022_T2-2.pdf
2022,T2,2022-09-23,18:30,町田ゼルビア (B),町田ゼルビア,0,国士舘,国士舘,0,小野路G,2022_T2-2.pdf
2022,T2,2022-09-30,18:30,駒澤大高(B),駒澤大高,4,横河武蔵野,横河武蔵野,2,清瀬内山 Ｂ面,2022_T2-2.pdf
2022,T2,2022-12-11,13:30,東海大高輪台,東海大高輪台,0,三菱養和(B),三菱養和,1,東海大高輪台総合G,2022_T2-2.pdf
2022,T2,2022-10-02,10:00,都・東久留米,東久留米総合,5,町田ゼルビア (B),町田ゼルビア,2,都・東久留米G,2022_T2-2.pdf
2022,T2,2022-10-01,16:45,関東第一(B),関東第一,2,國學院久我山 (B),国学院久我山,1,國學院大たまプラーザＧ,2022_T2-2.pdf
2022,T2,2022-10-02,18:00,国士舘,国士舘,2,多摩大目黒,多摩大学目黒,1,東戸塚フットボールパーク,2022_T2-2.pdf
2022,T2,2022-11-19,17:00,三菱養和(B),三菱養和,1,横河武蔵野,横河武蔵野,5,無観客,2022_T2-2.pdf
2022,T2,2022-11-20,10:00,東海大高輪台,東海大高輪台,1,都・東久留米,東久留米総合,2,東海大高輪台総合G,2022_T2-2.pdf
2022,T2,2022-11-21,19:00,駒澤大高(B),駒澤大高,1,関東第一(B),関東第一,1,富士通スタジアム川崎G,2022_T2-2.pdf
2022,T2,2022-12-11,14:30,国士舘,国士舘,1,國學院久我山 (B),国学院久我山,1,國學院大相模原G,2022_T2-2.pdf
2022,T2,2022-12-11,18:00,町田ゼルビア (B),町田ゼルビア,0,多摩大目黒,多摩大学目黒,2,小野路G,2022_T2-2.pdf
2022,T2,2022-11-27,18:00,横河武蔵野,横河武蔵野,3,都・東久留米,東久留米総合,0,横河電機G,2022_T2-2.pdf
2022,T2,2022-11-27,10:00,東海大高輪台,東海大高輪台,3,町田ゼルビア (B),町田ゼルビア,1,東海大高輪台総合G,2022_T2-2.pdf
2022,T2,2022-11-26,17:00,関東第一(B),関東第一,2,三菱養和(B),三菱養和,0,無観客,2022_T2-2.pdf
2022,T2,2022-11-26,16:00,国士舘,国士舘,4,駒澤大高(B),駒澤大高,0,都・東久留米G,2022_T2-2.pdf
2022,T2,2022-11-26,18:00,多摩大目黒,多摩大学目黒,3,國學院久我山 (B),国学院久我山,4,東戸塚フットボールパーク,2022_T2-2.pdf
2022,T2,2022-12-04,18:00,横河武蔵野,横河武蔵野,1,東海大高輪台,東海大高輪台,0,横河電機G,2022_T2-2.pdf
2022,T2,2022-12-04,11:00,都・東久留米,東久留米総合,0,関東第一(B),関東第一,0,都・東久留米G,2022_T2-2.pdf
2022,T2,2022-11-23,17:00,三菱養和(B),三菱養和,2,国士館,国士館,0,無観客,2022_T2-2.pdf
2022,T2,2022-12-03,18:00,多摩大目黒,多摩大学目黒,4,駒澤大高(B),駒澤大高,0,東戸塚フットボールパーク,2022_T2-2.pdf
2022,T2,2022-12-04,12:00,國學院久我山 (B),国学院久我山,3,町田ゼルビア (B),町田ゼルビア,1,國學院大相模原Ｇ,2022_T2-2.pdf
2022,T3,2022-11-20,17:00,1/2位 東京朝鮮,1/2位東京朝鮮,,都・石神井,石神井,,東京朝鮮高G,2022_T3.pdf
2022,T3,2022-11-27,14:00,3/4位 駿台学園,3/4位駿台学園,1,日大豊山,日大豊山,4,日大豊山中台G,2022_T3.pdf
2022,T3,2022-12-04,13:30,5/6位 成立学園(B),5/6位成立学園,1,東京実業,東京実業,3,成立学園鷲宮G,2022_T3.pdf
2022,T3,2022-12-16,15:00,7/8位 東京成徳,7/8位東京成徳,2,早大高院,早大高院,1,早大学院G,2022_T3.pdf
2022,T3,2022-11-27,10:00,9/10位 日大三高,9/10位日大三高,2,東海大菅生,東海大菅生,3,東海大菅生学びの城G,2022_T3.pdf
2022,T3,2022-11-19,17:00,11/12位 駒大高(C),11/12位駒大高,2,実践学園(B),実践学園,5,無観客,2022_T3.pdf
2022,T3,2022-11-27,18:00,13/14位 暁星,13/14位暁星,0,國學院久我山(C),国学院久我山,3,東京朝鮮大G,2022_T3.pdf
2022,T3,2022-12-18,13:00,15/16位 横河武蔵野(B),15/16位横河武蔵野,5,トリプレッタ,トリプレッタ,3,横河電機G,2022_T3.pdf
2022,T3,2022-12-16,18:00,17/18位 東海大高輪台(B),17/18位東海大高輪台,3,東京,東京,2,駒沢第二球技場,2022_T3.pdf
2022,T3,2022-11-20,10:00,19/20位 都・日野台,19/20位都・日野台,2,保善,保善,3,都・日野台G,2022_T3.pdf
2022,T3A,2022-05-15,10:00,東京朝鮮,東京朝鮮,1,東海大高輪台(B),東海大高輪台,1,東京朝鮮G,2022_T3A.pdf
2022,T3A,2022-04-24,11:00,成立学園(B),成立学園,1,日大三,日大三,0,成立学園鷲宮G,2022_T3A.pdf
2022,T3A,2022-04-14,18:30,駿台学園,駿台学園,2,横河武蔵野(B),横河武蔵野,0,赤羽スポーツの森,2022_T3A.pdf
2022,T3A,2022-04-11,19:05,駒澤大高(C),駒澤大高,0,東京成徳,東京成徳大高,0,富士通スタジアム川崎G,2022_T3A.pdf
2022,T3A,2022-08-10,10:00,暁星,暁星,3,都・日野台,日野台,1,私学事業団G,2022_T3A.pdf
2022,T3A,2022-05-08,15:00,日大三,日大三,0,東京朝鮮,東京朝鮮,5,東京朝鮮G,2022_T3A.pdf
2022,T3A,2022-05-04,18:00,横河武蔵野(B),横河武蔵野,3,成立学園(B),成立学園,3,横河電機G,2022_T3A.pdf
2022,T3A,2022-05-08,13:00,東京成徳,東京成徳大高,3,駿台学園,駿台学園,1,東京成徳大八千代G,2022_T3A.pdf
2022,T3A,2022-05-08,14:00,都・日野台,日野台,0,駒澤大高(C),駒澤大高,0,都・日野台G,2022_T3A.pdf
2022,T3A,2022-06-05,13:00,東海大高輪台(B),東海大高輪台,2,暁星,暁星,0,東海大高輪台総合G,2022_T3A.pdf
2022,T3A,2022-06-05,16:00,東京朝鮮,東京朝鮮,6,横河武蔵野(B),横河武蔵野,2,東京朝鮮G,2022_T3A.pdf
2022,T3A,2022-06-05,11:00,成立学園(B),成立学園,3,東京成徳,東京成徳大高,2,成立学園鷲宮G,2022_T3A.pdf
2022,T3A,2022-06-10,18:00,駿台学園,駿台学園,1,都・日野台,日野台,0,駒沢第二球技場,2022_T3A.pdf
2022,T3A,2022-05-27,17:30,駒澤大高(C),駒澤大高,1,暁星,暁星,1,駒沢第二球技場,2022_T3A.pdf
2022,T3A,2022-06-12,10:30,東海大高輪台(B),東海大高輪台,0,日大三,日大三,1,東海大高輪台総合G,2022_T3A.pdf
2022,T3A,2022-06-25,16:30,東京成徳,東京成徳大高,0,東京朝鮮,東京朝鮮,3,東京朝鮮G,2022_T3A.pdf
2022,T3A,2022-06-26,10:00,都・日野台,日野台,1,成立学園(B),成立学園,3,成立学園鷲宮G,2022_T3A.pdf
2022,T3A,2022-06-26,11:30,暁星,暁星,4,駿台学園,駿台学園,7,筑波学院大Tフィールド,2022_T3A.pdf
2022,T3A,2022-07-02,17:00,駒澤大高(C),駒澤大高,1,東海大高輪台(B),東海大高輪台,1,東海大高輪台総合G,2022_T3A.pdf
2022,T3A,2022-06-25,19:00,横河武蔵野(B),横河武蔵野,1,日大三,日大三,2,横河電機G,2022_T3A.pdf
2022,T3A,2022-07-10,10:00,東京朝鮮,東京朝鮮,5,都・日野台,日野台,2,東京朝鮮G,2022_T3A.pdf
2022,T3A,2022-07-09,10:00,成立学園(B),成立学園,3,暁星,暁星,2,成立学園鷲宮G,2022_T3A.pdf
2022,T3A,2022-07-10,13:30,駿台学園,駿台学園,9,駒澤大高(C),駒澤大高,0,東京成徳大八千代G,2022_T3A.pdf
2022,T3A,2022-07-10,10:00,日大三,日大三,0,東京成徳,東京成徳大高,3,東京成徳大八千代G,2022_T3A.pdf
2022,T3A,2022-08-27,17:00,東海大高輪台(B),東海大高輪台,0,横河武蔵野(B),横河武蔵野,4,東海大高輪台総合G,2022_T3A.pdf
2022,T3A,2022-08-25,17:00,暁星,暁星,0,東京朝鮮,東京朝鮮,1,東京朝鮮高G,2022_T3A.pdf
2022,T3A,2022-09-18,11:00,駒澤大高(C),駒澤大高,3,成立学園(B),成立学園,1,成立学園鷲宮G,2022_T3A.pdf
2022,T3A,2022-08-02,17:00,東海大高輪台(B),東海大高輪台,4,駿台学園,駿台学園,4,東海大高輪台総合G,2022_T3A.pdf
2022,T3A,2022-07-20,14:45,都・日野台,日野台,0,日大三,日大三,7,綾瀬スポーツ公園,2022_T3A.pdf
2022,T3A,2022-07-18,18:00,横河武蔵野(B),横河武蔵野,3,東京成徳,東京成徳大高,3,横河電機G,2022_T3A.pdf
2022,T3A,2022-08-28,16:00,東京朝鮮,東京朝鮮,1,駒澤大高(C),駒澤大高,2,東京朝鮮G,2022_T3A.pdf
2022,T3A,2022-08-27,16:15,駿台学園,駿台学園,3,成立学園(B),成立学園,1,清瀬内山 C面,2022_T3A.pdf
2022,T3A,2022-09-14,18:30,日大三,日大三,2,暁星,暁星,2,私学事業団G,2022_T3A.pdf
2022,T3A,2022-08-20,18:00,横河武蔵野(B),横河武蔵野,5,都・日野台,日野台,1,横河電機G,2022_T3A.pdf
2022,T3A,2022-08-21,16:00,東京成徳,東京成徳大高,3,東海大高輪台(B),東海大高輪台,1,東京成徳大八千代G,2022_T3A.pdf
2022,T3A,2022-10-12,18:00,駿台学園,駿台学園,0,東京朝鮮,東京朝鮮,0,東京朝鮮G,2022_T3A.pdf
2022,T3A,2022-09-04,10:00,成立学園(B),成立学園,2,東海大高輪台(B),東海大高輪台,0,東海大高輪台総合G,2022_T3A.pdf
2022,T3A,2022-09-10,14:00,駒澤大高(C),駒澤大高,1,日大三,日大三,1,駒沢補助競技場,2022_T3A.pdf
2022,T3A,2022-09-25,18:00,暁星,暁星,2,横河武蔵野(B),横河武蔵野,1,横河電機G,2022_T3A.pdf
2022,T3A,2022-09-04,11:00,都・日野台,日野台,2,東京成徳,東京成徳大高,5,東京成徳大八千代G,2022_T3A.pdf
2022,T3A,2022-10-30,10:00,東京朝鮮,東京朝鮮,4,成立学園(B),成立学園,0,東京朝鮮G,2022_T3A.pdf
2022,T3A,2022-10-30,16:00,日大三,日大三,2,駿台学園,駿台学園,1,東海大菅生学びの城G,2022_T3A.pdf
2022,T3A,2022-10-30,18:30,横河武蔵野(B),横河武蔵野,1,駒澤大高(C),駒澤大高,1,横河電機G,2022_T3A.pdf
2022,T3A,2022-10-30,11:00,東京成徳,東京成徳大高,2,暁星,暁星,3,早大学院G,2022_T3A.pdf
2022,T3A,2022-10-30,10:00,東海大高輪台(B),東海大高輪台,7,都・日野台,日野台,0,東海大高輪台総合G,2022_T3A.pdf
2022,T3B,2022-08-26,15:00,都・石神井,石神井,2,早大学院,早大学院,2,早大学院G,2022_T3B.pdf
2022,T3B,2022-06-19,16:00,日大豊山,日大豊山,3,東京,東京,0,日大豊山中台G,2022_T3B.pdf
2022,T3B,2022-10-02,14:00,東京実業,東京実業,3,東海大菅生,東海大菅生,0,東海大菅生学びの城G,2022_T3B.pdf
2022,T3B,2022-04-02,18:00,実践学園(B),実践学園,1,トリプレッタ,トリプレッタ,1,無観客,2022_T3B.pdf
2022,T3B,2022-04-15,18:30,國學院久我山(C),国学院久我山,1,保善,保善,0,駒沢第二球技場,2022_T3B.pdf
2022,T3B,2022-05-07,18:30,東京,東京,1,都・石神井,石神井,3,駒沢補助競技場,2022_T3B.pdf
2022,T3B,2022-05-05,14:00,東海大菅生,東海大菅生,1,日大豊山,日大豊山,2,東海大菅生学びの城G,2022_T3B.pdf
2022,T3B,2022-05-07,14:00,トリプレッタ,トリプレッタ,0,東京実業,東京実業,1,駒沢補助競技場,2022_T3B.pdf
2022,T3B,2022-05-05,17:30,保善,保善,2,実践学園(B),実践学園,4,無観客,2022_T3B.pdf
2022,T3B,2022-05-22,14:00,早大学院,早大学院,2,國學院久我山(C),国学院久我山,2,無観客,2022_T3B.pdf
2022,T3B,2022-06-12,14:00,都・石神井,石神井,3,東海大菅生,東海大菅生,0,東海大菅生学びの城G,2022_T3B.pdf
2022,T3B,2022-07-31,17:00,日大豊山,日大豊山,2,トリプレッタ,トリプレッタ,1,日大豊山中台G,2022_T3B.pdf
2022,T3B,2022-06-17,18:00,東京実業,東京実業,3,保善,保善,0,駒沢第二球技場,2022_T3B.pdf
2022,T3B,2022-06-05,18:00,実践学園(B),実践学園,3,國學院久我山(C),国学院久我山,3,無観客,2022_T3B.pdf
2022,T3B,2022-06-05,9:30,早大学院,早大学院,1,東京,東京,1,無観客,2022_T3B.pdf
2022,T3B,2022-06-26,16:00,トリプレッタ,トリプレッタ,1,都・石神井,石神井,2,日大豊山中台G,2022_T3B.pdf
2022,T3B,2022-06-26,14:00,保善,保善,1,日大豊山,日大豊山,1,日大豊山中台G,2022_T3B.pdf
2022,T3B,2022-09-03,18:30,國學院久我山(C),国学院久我山,1,東京実業,東京実業,4,國學院大たまプラーザＧ,2022_T3B.pdf
2022,T3B,2022-06-25,17:00,実践学園(B),実践学園,1,早大学院,早大学院,2,無観客,2022_T3B.pdf
2022,T3B,2022-06-26,14:00,東海大菅生,東海大菅生,4,東京,東京,1,東海大菅生学びの城G,2022_T3B.pdf
2022,T3B,2022-09-02,18:30,都・石神井,石神井,2,保善,保善,1,清瀬内山 B面,2022_T3B.pdf
2022,T3B,2022-07-08,18:30,日大豊山,日大豊山,2,國學院久我山(C),国学院久我山,0,清瀬内山 B面,2022_T3B.pdf
2022,T3B,2022-10-26,18:00,東京実業,東京実業,2,実践学園(B),実践学園,1,無観客,2022_T3B.pdf
2022,T3B,2022-07-21,12:30,東京,東京,0,トリプレッタ,トリプレッタ,0,富士通スタジアム川崎G,2022_T3B.pdf
2022,T3B,2022-07-18,9:30,早大学院,早大学院,2,東海大菅生,東海大菅生,2,早大学院G,2022_T3B.pdf
2022,T3B,2022-07-26,11:00,國學院久我山(C),国学院久我山,1,都・石神井,石神井,2,早大学院G,2022_T3B.pdf
2022,T3B,2022-07-18,15:00,実践学園(B),実践学園,2,日大豊山,日大豊山,3,無観客,2022_T3B.pdf
2022,T3B,2022-07-26,9:00,早大学院,早大学院,0,東京実業,東京実業,0,早大学院G,2022_T3B.pdf
2022,T3B,2022-10-21,18:00,保善,保善,1,東京,東京,5,駒沢第二球技場,2022_T3B.pdf
2022,T3B,2022-07-10,14:00,東海大菅生,東海大菅生,3,トリプレッタ,トリプレッタ,2,東海大菅生学びの城G,2022_T3B.pdf
2022,T3B,2022-09-19,15:00,都・石神井,石神井,2,実践学園(B),実践学園,0,無観客,2022_T3B.pdf
2022,T3B,2022-08-27,9:30,東京実業,東京実業,1,日大豊山,日大豊山,1,清瀬内山 C面,2022_T3B.pdf
2022,T3B,2022-10-02,18:00,東京,東京,0,國學院久我山(C),国学院久我山,1,朝鮮大学校G,2022_T3B.pdf
2022,T3B,2022-08-21,16:00,東海大菅生,東海大菅生,1,保善,保善,2,東海大菅生学びの城G,2022_T3B.pdf
2022,T3B,2022-08-21,9:30,トリプレッタ,トリプレッタ,3,早大学院,早大学院,3,早大学院G,2022_T3B.pdf
2022,T3B,2022-11-16,13:45,東京実業,東京実業,1,都・石神井,石神井,1,森ケ崎公園,2022_T3B.pdf
2022,T3B,2022-09-25,9:30,日大豊山,日大豊山,4,早大学院,早大学院,0,早大学院G,2022_T3B.pdf
2022,T3B,2022-09-11,15:00,実践学園(B),実践学園,5,東京,東京,1,無観客,2022_T3B.pdf
2022,T3B,2022-09-25,14:00,國學院久我山(C),国学院久我山,0,東海大菅生,東海大菅生,2,東海大菅生学びの城G,2022_T3B.pdf
2022,T3B,2022-09-23,16:15,保善,保善,2,トリプレッタ,トリプレッタ,3,駒沢第二球技場,2022_T3B.pdf
2022,T3B,2022-10-30,12:15,都・石神井,石神井,6,日大豊山,日大豊山,2,東京朝鮮G,2022_T3B.pdf
2022,T3B,2022-10-30,13:00,東京,東京,1,東京実業,東京実業,1,東海大高輪台G,2022_T3B.pdf
2022,T3B,2022-10-30,14:00,東海大菅生,東海大菅生,1,実践学園(B),実践学園,1,東海大菅生学びの城G,2022_T3B.pdf
2022,T3B,2022-10-30,18:00,トリプレッタ,トリプレッタ,1,國學院久我山(C),国学院久我山,1,朝鮮大学校G,2022_T3B.pdf
2022,T3B,2022-10-30,9:00,早大学院,早大学院,3,保善,保善,1,早大学院G,2022_T3B.pdf
2022,T4,2022-11-12,16:30,1/2位 帝京(B),1/2位帝京,3,多摩大目黒（B）,多摩大学目黒,2,帝京大千住総合G,2022_T4.pdf
2022,T4,2022-11-18,18:30,3/4位 創価,3/4位創価,1,目白研心,目白研心,0,駒沢第二球技場,2022_T4.pdf
2022,T4,2022-12-18,10:00,5/6位 堀越(B),5/6位堀越,4,大森学園,大森学園,5,堀越学園総合G,2022_T4.pdf
2022,T4,2022-11-13,16:00,7/8位 実践学園(C),7/8位実践学園,3,都・駒場,駒場,0,無観客,2022_T4.pdf
2022,T4,2022-12-10,15:30,9/10位 駒大高(D),9/10位駒大高,1,昭和第一学園,昭和第一学園,3,昭和第一G,2022_T4.pdf
2022,T4,2022-12-17,12:30,11/12位 都・東大和,11/12位都・東大和,1,都・東大和南,東大和南,3,清瀬内山　C面,2022_T4.pdf
2022,T4,2022-12-17,18:15,13/14位 都・国分寺,13/14位都・国分寺,2,都・葛飾野,葛飾野,1,清瀬内山　C面,2022_T4.pdf
2022,T4,2022-12-24,14:00,15/16位 狛江,15/16位狛江,0,東農大一,農大一,1,埼玉スタジアム 第4G,2022_T4.pdf
2022,T4,2022-12-02,18:00,17/18位 日体大荏原,17/18位日体大荏原,4,都・府中東,府中東,1,駒沢第二球技場,2022_T4.pdf
2022,T4,2022-12-18,9:00,19/20位 都・東久留米(B),19/20位都・東久留米,0,かえつ有明,かえつ有明,1,かえつ有明G,2022_T4.pdf
2022,T4A,2022-04-02,10:00,都・国分寺,国分寺,1,堀越(B),堀越,2,堀越学園総合G,2022_T4A.pdf
2022,T4A,2022-04-02,15:45,実践学園(C),実践学園,2,帝京(B),帝京,3,無観客,2022_T4A.pdf
2022,T4A,2022-05-08,9:30,都・狛江,狛江,4,都・東久留米総合(B),東久留米総合,2,都・東久留米総合G,2022_T4A.pdf
2022,T4A,2022-04-17,9:30,創価,創価,1,駒澤大高(D),駒澤大高,0,無観客,2022_T4A.pdf
2022,T4A,2022-04-16,14:00,都・東大和,東大和,4,日体大荏原,日体大荏原,0,都・東大和G,2022_T4A.pdf
2022,T4A,2022-04-10,14:30,帝京(B),帝京,3,都・国分寺,国分寺,1,帝京大千住総合G,2022_T4A.pdf
2022,T4A,2022-04-09,16:00,都・東久留米総合(B),東久留米総合,2,実践学園(C),実践学園,0,都・東久留米総合G,2022_T4A.pdf
2022,T4A,2022-04-10,13:30,駒澤大高(D),駒澤大高,0,都・狛江,狛江,0,都・狛江G,2022_T4A.pdf
2022,T4A,2022-04-10,10:00,日体大荏原,日体大荏原,0,創価,創価,3,無観客,2022_T4A.pdf
2022,T4A,2022-04-24,13:30,堀越(B),堀越,2,都・東大和,東大和,1,堀越学園総合G,2022_T4A.pdf
2022,T4A,2022-05-05,9:30,都・国分寺,国分寺,1,都・東久留米総合(B),東久留米総合,0,都・東久留米総合G,2022_T4A.pdf
2022,T4A,2022-05-04,18:00,実践学園(C),実践学園,2,駒澤大高(D),駒澤大高,0,無観客,2022_T4A.pdf
2022,T4A,2022-05-04,13:30,都・狛江,狛江,2,日体大荏原,日体大荏原,2,都・狛江G,2022_T4A.pdf
2022,T4A,2022-05-05,9:30,創価,創価,0,都・東大和,東大和,1,創価G,2022_T4A.pdf
2022,T4A,2022-05-03,13:00,堀越(B),堀越,1,帝京(B),帝京,5,堀越学園総合G,2022_T4A.pdf
2022,T4A,2022-08-29,18:00,駒澤大高(D),駒澤大高,1,都・国分寺,国分寺,1,清瀬内山　A面,2022_T4A.pdf
2022,T4A,2022-06-05,15:45,日体大荏原,日体大荏原,1,実践学園(C),実践学園,1,無観客,2022_T4A.pdf
2022,T4A,2022-06-04,14:00,都・東大和,東大和,1,都・狛江,狛江,0,都・東大和G,2022_T4A.pdf
2022,T4A,2022-06-05,10:00,創価,創価,1,堀越(B),堀越,0,堀越学園総合G,2022_T4A.pdf
2022,T4A,2022-06-05,10:00,未定 都・東久留米総合(B),未定都・東久留米総合,0,帝京(B),帝京,4,都・東久留米総合G,2022_T4A.pdf
2022,T4A,2022-06-26,10:00,都・国分寺,国分寺,2,日体大荏原,日体大荏原,2,都・国分寺G,2022_T4A.pdf
2022,T4A,2022-06-26,17:30,実践学園(C),実践学園,1,都・東大和,東大和,0,無観客,2022_T4A.pdf
2022,T4A,2022-08-21,15:00,都・狛江,狛江,1,創価,創価,2,都・狛江G,2022_T4A.pdf
2022,T4A,2022-06-26,14:30,帝京(B),帝京,4,駒澤大高(D),駒澤大高,0,帝京大千住総合G,2022_T4A.pdf
2022,T4A,2022-07-23,15:00,堀越(B),堀越,3,都・東久留米総合(B),東久留米総合,1,都・東久留米総合G,2022_T4A.pdf
2022,T4A,2022-07-10,14:30,都・東大和,東大和,1,都・国分寺,国分寺,1,都・東大和G,2022_T4A.pdf
2022,T4A,2022-07-10,18:00,創価,創価,0,実践学園(C),実践学園,0,無観客,2022_T4A.pdf
2022,T4A,2022-09-04,12:30,堀越(B),堀越,3,都・狛江,狛江,5,堀越学園総合G,2022_T4A.pdf
2022,T4A,2022-07-10,14:30,日体大荏原,日体大荏原,0,帝京(B),帝京,1,帝京大千住総合G,2022_T4A.pdf
2022,T4A,2022-07-09,9:30,都・東久留米総合(B),東久留米総合,2,駒澤大高(D),駒澤大高,3,都・東久留米総合G,2022_T4A.pdf
2022,T4A,2022-07-17,14:30,都・国分寺,国分寺,0,創価,創価,2,都・国分寺G,2022_T4A.pdf
2022,T4A,2022-07-18,17:00,都・狛江,狛江,1,実践学園(C),実践学園,4,無観客,2022_T4A.pdf
2022,T4A,2022-07-17,14:00,帝京(B),帝京,3,都・東大和,東大和,1,帝京大千住総合G,2022_T4A.pdf
2022,T4A,2022-07-17,15:30,都・東久留米総合(B),東久留米総合,0,日体大荏原,日体大荏原,2,都・東久留米総合G,2022_T4A.pdf
2022,T4A,2022-07-17,10:00,駒澤大高(D),駒澤大高,0,堀越(B),堀越,4,堀越学園総合G,2022_T4A.pdf
2022,T4A,2022-09-25,15:30,都・狛江,狛江,0,都・国分寺,国分寺,0,無観客,2022_T4A.pdf
2022,T4A,2022-09-23,17:30,実践学園(C),実践学園,1,堀越(B),堀越,2,無観客,2022_T4A.pdf
2022,T4A,2022-09-24,14:30,創価,創価,0,帝京(B),帝京,1,帝京大千住総合G,2022_T4A.pdf
2022,T4A,2022-09-24,14:30,未定 都・東大和,未定都・東大和,0,都・東久留米総合(B),東久留米総合,1,都・東久留米総合G,2022_T4A.pdf
2022,T4A,2022-09-23,11:45,日体大荏原,日体大荏原,0,駒澤大高(D),駒澤大高,3,駒沢第二球技場,2022_T4A.pdf
2022,T4A,2022-10-30,14:00,都・国分寺,国分寺,2,実践学園(C),実践学園,1,無観客,2022_T4A.pdf
2022,T4A,2022-10-30,14:30,帝京(B),帝京,6,都・狛江,狛江,1,帝京大千住総合G,2022_T4A.pdf
2022,T4A,2022-11-13,13:00,都・東久留米総合(B),東久留米総合,2,創価,創価,2,都・東久留米総合G,2022_T4A.pdf
2022,T4A,2022-10-30,13:30,駒澤大高(D),駒澤大高,4,都・東大和,東大和,0,都・東大和Ｇ,2022_T4A.pdf
2022,T4A,2022-10-30,10:00,堀越(B),堀越,0,日体大荏原,日体大荏原,1,堀越学園総合G,2022_T4A.pdf
2022,T4B,2022-04-17,14:30,かえつ有明,かえつ有明,0,昭和第一学園,昭和第一学園,2,昭和第一学園G,2022_T4B.pdf
2022,T4B,2022-04-02,9:30,東京農大一,農大一,2,多摩大目黒(B),多摩大学目黒,3,駒沢第二球技場,2022_T4B.pdf
2022,T4B,2022-04-17,13:40,大森学園,大森学園,5,都・東大和南,東大和南,0,富士通スタジアム川崎G,2022_T4B.pdf
2022,T4B,2022-05-29,16:45,都・駒場,駒場,2,都・府中東,府中東,1,昭和第一学園G,2022_T4B.pdf
2022,T4B,2022-04-04,10:00,目白研心,目白研心,2,都・葛飾野,葛飾野,0,水元スポーツセンター,2022_T4B.pdf
2022,T4B,2022-04-10,8:30,多摩大目黒(B),多摩大学目黒,3,かえつ有明,かえつ有明,1,かえつ有明G,2022_T4B.pdf
2022,T4B,2022-04-10,9:30,都・東大和南,東大和南,3,東京農大一,農大一,0,都・東大和南G,2022_T4B.pdf
2022,T4B,2022-05-06,18:00,都・府中東,府中東,0,大森学園,大森学園,8,駒沢第二球技場,2022_T4B.pdf
2022,T4B,2022-05-08,10:00,都・葛飾野,葛飾野,1,都・駒場,駒場,1,都・葛飾野G,2022_T4B.pdf
2022,T4B,2022-05-29,14:00,昭和第一学園,昭和第一学園,0,目白研心,目白研心,4,昭和第一学園G,2022_T4B.pdf
2022,T4B,2022-05-08,9:30,かえつ有明,かえつ有明,0,都・東大和南,東大和南,4,かえつ有明G,2022_T4B.pdf
2022,T4B,2022-05-08,12:15,東京農大一,農大一,1,都・府中東,府中東,1,都・葛飾野G,2022_T4B.pdf
2022,T4B,2022-06-11,16:00,大森学園,大森学園,9,都・葛飾野,葛飾野,0,南豊ヶ丘フィールド,2022_T4B.pdf
2022,T4B,2022-05-04,14:00,都・駒場,駒場,2,目白研心,目白研心,0,都・東久留米総合G,2022_T4B.pdf
2022,T4B,2022-05-05,15:00,昭和第一学園,昭和第一学園,0,多摩大目黒(B),多摩大学目黒,2,東戸塚フットボールパーク,2022_T4B.pdf
2022,T4B,2022-06-05,9:00,都・府中東,府中東,1,かえつ有明,かえつ有明,2,かえつ有明G,2022_T4B.pdf
2022,T4B,2022-06-05,10:00,都・葛飾野,葛飾野,0,東京農大一,農大一,2,都・葛飾野G,2022_T4B.pdf
2022,T4B,2022-06-05,13:00,目白研心,目白研心,0,大森学園,大森学園,2,都・東久留米総合G,2022_T4B.pdf
2022,T4B,2022-06-05,16:30,都・駒場,駒場,2,昭和第一学園,昭和第一学園,3,昭和第一学園G,2022_T4B.pdf
2022,T4B,2022-06-04,18:00,都・東大和南,東大和南,1,多摩大目黒(B),多摩大学目黒,2,東戸塚フットボールパーク,2022_T4B.pdf
2022,T4B,2022-06-25,16:00,かえつ有明,かえつ有明,1,都・葛飾野,葛飾野,2,かえつ有明G,2022_T4B.pdf
2022,T4B,2022-06-26,13:00,東京農大一,農大一,0,目白研心,目白研心,7,都・東久留米総合G,2022_T4B.pdf
2022,T4B,2022-06-26,14:00,大森学園,大森学園,0,都・駒場,駒場,0,早大学院G,2022_T4B.pdf
2022,T4B,2022-06-25,18:00,多摩大目黒(B),多摩大学目黒,5,都立府中東,府中東,2,東戸塚フットボールパーク,2022_T4B.pdf
2022,T4B,2022-06-26,14:30,昭和第一学園,昭和第一学園,6,都・東大和南,東大和南,1,昭和第一学園G,2022_T4B.pdf
2022,T4B,2022-10-23,9:00,目白研心,目白研心,5,かえつ有明,かえつ有明,0,かえつ有明G,2022_T4B.pdf
2022,T4B,2022-08-20,14:30,都・駒場,駒場,3,東京農大一,農大一,1,清瀬内山 B面,2022_T4B.pdf
2022,T4B,2022-07-22,15:00,昭和第一学園,昭和第一学園,0,大森学園,大森学園,3,森ケ崎公園,2022_T4B.pdf
2022,T4B,2022-07-09,18:00,都・葛飾野,葛飾野,0,多摩大目黒(B),多摩大学目黒,5,東戸塚フットボールパーク,2022_T4B.pdf
2022,T4B,2022-07-10,9:30,都・東大和南,東大和南,2,都・府中東,府中東,4,都・東大和南G,2022_T4B.pdf
2022,T4B,2022-10-16,9:00,かえつ有明,かえつ有明,1,都・駒場,駒場,2,かえつ有明G,2022_T4B.pdf
2022,T4B,2022-07-16,15:00,大森学園,大森学園,1,東京農大一,農大一,1,森ケ崎公園,2022_T4B.pdf
2022,T4B,2022-07-16,17:45,多摩大目黒(B),多摩大学目黒,0,目白研心,目白研心,6,東戸塚フットボールパーク,2022_T4B.pdf
2022,T4B,2022-10-23,10:00,都・東大和南,東大和南,3,都・葛飾野,葛飾野,1,都・東大和南G,2022_T4B.pdf
2022,T4B,2022-07-17,14:30,都・府中東,府中東,2,昭和第一学園,昭和第一学園,3,昭和第一学園G,2022_T4B.pdf
2022,T4B,2022-09-24,18:00,大森学園,大森学園,3,かえつ有明,かえつ有明,0,私学事業団G,2022_T4B.pdf
2022,T4B,2022-09-23,18:30,東京農大一,農大一,1,昭和第一学園,昭和第一学園,1,駒沢第二球技場,2022_T4B.pdf
2022,T4B,2022-10-01,9:45,都・駒場,駒場,0,多摩大目黒(B),多摩大学目黒,2,南豊ヶ丘フィールド,2022_T4B.pdf
2022,T4B,2022-09-26,18:30,目白研心,目白研心,6,都・東大和南,東大和南,1,清瀬内山 C面,2022_T4B.pdf
2022,T4B,2022-10-16,10:00,都・葛飾野,葛飾野,2,都・府中東,府中東,0,都・葛飾野G,2022_T4B.pdf
2022,T4B,2022-10-30,9:00,かえつ有明,かえつ有明,3,東京農大一,農大一,3,かえつ有明G,2022_T4B.pdf
2022,T4B,2022-10-30,18:00,多摩大目黒(B),多摩大学目黒,3,大森学園,大森学園,2,東戸塚フットボールパーク,2022_T4B.pdf
2022,T4B,2022-10-30,17:00,都・東大和南,東大和南,0,都・駒場,駒場,1,帝京大千住総合G,2022_T4B.pdf
2022,T4B,2022-10-30,12:00,都・府中東,府中東,3,目白研心,目白研心,4,都・東久留米総合G,2022_T4B.pdf
2022,T4B,2022-10-30,14:30,昭和第一学園,昭和第一学園,0,都・葛飾野,葛飾野,0,昭和第一学園G,2022_T4B.pdf
2023,T1,2023-04-02,9:30,関東第一,関東第一,2,三菱養和(B),三菱養和,2,駒沢補助競技場,2023_T1-1.pdf
2023,T1,2023-04-02,10:00,成立学園,成立学園,1,多摩大目黒,多摩大学目黒,1,成立学園鷲宮Ｇ,2023_T1-1.pdf
2023,T1,2023-04-01,14:00,FC東京(B),FC東京,1,実践学園,実践学園,3,東京ガス武蔵野苑多目的G,2023_T1-1.pdf
2023,T1,2023-04-02,14:00,駒澤大高,駒澤大高,2,堀越,堀越,3,駒沢補助競技場,2023_T1-1.pdf
2023,T1,2023-04-02,16:15,大成,大成,1,町田ゼルビア,町田ゼルビア,1,駒沢補助競技場,2023_T1-1.pdf
2023,T1,2023-04-30,16:00,関東第一,関東第一,0,多摩大目黒,多摩大学目黒,1,私学共済G,2023_T1-1.pdf
2023,T1,2023-05-13,14:00,実践学園,実践学園,2,成立学園,成立学園,0,実践学園高尾G,2023_T1-1.pdf
2023,T1,2023-04-30,10:00,堀越,堀越,1,FC東京(B),FC東京,4,堀越学園総合G,2023_T1-1.pdf
2023,T1,2023-05-14,18:00,町田ゼルビア,町田ゼルビア,0,駒澤大高,駒澤大高,1,小野路G,2023_T1-1.pdf
2023,T1,2023-04-29,19:00,三菱養和(B),三菱養和,1,大成,大成,1,三菱養和調布G,2023_T1-1.pdf
2023,T1,2023-05-04,10:00,関東第一,関東第一,1,実践学園,実践学園,0,新砂サッカー場,2023_T1-1.pdf
2023,T1,2023-05-07,10:00,成立学園,成立学園,3,堀越,堀越,5,成立学園鷲宮Ｇ,2023_T1-1.pdf
2023,T1,2023-05-05,14:00,FC東京(B),FC東京,2,町田ゼルビア,町田ゼルビア,2,東京ガス武蔵野苑多目的G,2023_T1-1.pdf
2023,T1,2023-05-05,16:00,駒澤大高,駒澤大高,2,大成,大成,1,東京ガス武蔵野苑多目的G,2023_T1-1.pdf
2023,T1,2023-05-06,18:00,多摩大目黒,多摩大学目黒,3,三菱養和(B),三菱養和,1,東戸塚フットボールパーク,2023_T1-1.pdf
2023,T1,2023-06-25,10:00,堀越,堀越,0,関東第一,関東第一,0,堀越学園総合G,2023_T1-1.pdf
2023,T1,2023-06-25,18:00,町田ゼルビア,町田ゼルビア,1,成立学園,成立学園,2,小野路G,2023_T1-1.pdf
2023,T1,2023-06-24,16:00,大成,大成,1,FC東京(B),FC東京,3,東京ガス武蔵野苑多目的G,2023_T1-1.pdf
2023,T1,2023-06-25,16:00,三菱養和(B),三菱養和,1,駒澤大高,駒澤大高,1,三菱養和巣鴨G,2023_T1-1.pdf
2023,T1,2023-06-25,18:00,多摩大目黒,多摩大学目黒,3,実践学園,実践学園,1,東戸塚フットボールパーク,2023_T1-1.pdf
2023,T1,2023-07-01,18:30,関東第一,関東第一,0,町田ゼルビア,町田ゼルビア,1,駒沢補助競技場,2023_T1-1.pdf
2023,T1,2023-07-02,10:00,成立学園,成立学園,4,大成,大成,1,成立学園鷲宮Ｇ,2023_T1-1.pdf
2023,T1,2023-07-01,16:15,駒澤大高,駒澤大高,1,FC東京(B),FC東京,0,駒沢補助競技場,2023_T1-1.pdf
2023,T1,2023-07-01,17:00,堀越,堀越,2,多摩大目黒,多摩大学目黒,1,堀越学園総合G,2023_T1-1.pdf
2023,T1,2023-07-02,10:00,実践学園,実践学園,1,三菱養和(B),三菱養和,2,実践学園高尾G,2023_T1-1.pdf
2023,T1,2023-07-07,18:00,大成,大成,2,関東第一,関東第一,2,駒沢第二球技場,2023_T1-1.pdf
2023,T1,2023-07-09,10:00,成立学園,成立学園,1,駒澤大高,駒澤大高,0,成立学園鷲宮Ｇ,2023_T1-1.pdf
2023,T1,2023-11-04,17:00,三菱養和(B),三菱養和,3,FC東京(B),FC東京,1,三菱養和巣鴨G,2023_T1-1.pdf
2023,T1,2023-07-09,19:00,多摩大目黒,多摩大学目黒,0,町田ゼルビア,町田ゼルビア,2,東戸塚フットボールパーク,2023_T1-1.pdf
2023,T1,2023-07-09,10:00,実践学園,実践学園,8,堀越,堀越,1,実践学園高尾G,2023_T1-1.pdf
2023,T1,2023-07-17,18:30,関東第一,関東第一,1,駒澤大高,駒澤大高,4,駒沢第二球技場,2023_T1-1.pdf
2023,T1,2023-07-16,10:00,成立学園,成立学園,4,FC東京(B),FC東京,0,成立学園鷲宮Ｇ,2023_T1-1.pdf
2023,T1,2023-07-16,19:00,多摩大目黒,多摩大学目黒,1,大成,大成,1,東戸塚フットボールパーク,2023_T1-1.pdf
2023,T1,2023-07-16,18:00,町田ゼルビア,町田ゼルビア,1,実践学園,実践学園,0,小野路G,2023_T1-1.pdf
2023,T1,2023-07-16,17:00,堀越,堀越,2,三菱養和(B),三菱養和,1,堀越学園総合G,2023_T1-1.pdf
2023,T1,2023-07-21,10:00,FC東京(B),FC東京,3,関東第一,関東第一,1,東京ガス武蔵野苑多目的G,2023_T1-1.pdf
2023,T1,2023-07-23,16:00,三菱養和(B),三菱養和,0,成立学園,成立学園,2,三菱養和巣鴨G,2023_T1-1.pdf
2023,T1,2023-07-21,18:00,駒澤大高,駒澤大高,3,多摩大目黒,多摩大学目黒,3,駒沢第二球技場,2023_T1-1.pdf
2023,T1,2023-07-23,17:00,実践学園,実践学園,5,大成,大成,0,実践学園高尾G,2023_T1-1.pdf
2023,T1,2023-07-22,17:00,堀越,堀越,0,町田ゼルビア,町田ゼルビア,1,堀越学園総合G,2023_T1-1.pdf
2023,T1,2023-08-18,17:45,関東第一,関東第一,0,成立学園,成立学園,1,新砂サッカー場,2023_T1-1.pdf
2023,T1,2023-08-20,17:00,FC東京(B),FC東京,5,多摩大目黒,多摩大学目黒,0,東京ガス武蔵野苑多目的G,2023_T1-1.pdf
2023,T1,2023-08-20,17:00,駒澤大高,駒澤大高,1,実践学園,実践学園,1,実践学園高尾G,2023_T1-1.pdf
2023,T1,2023-08-20,17:00,大成,大成,3,堀越,堀越,1,堀越学園総合G,2023_T1-1.pdf
2023,T1,2023-08-20,18:00,町田ゼルビア,町田ゼルビア,2,三菱養和(B),三菱養和,3,小野路G,2023_T1-1.pdf
2023,T1,2023-08-27,16:00,三菱養和(B),三菱養和,3,関東第一,関東第一,2,三菱養和巣鴨G,2023_T1-2.pdf
2023,T1,2023-08-27,19:00,多摩大目黒,多摩大学目黒,2,成立学園,成立学園,2,東戸塚フットボールパーク,2023_T1-2.pdf
2023,T1,2023-10-08,17:00,実践学園,実践学園,3,FC東京(B),FC東京,0,実践学園高尾G,2023_T1-2.pdf
2023,T1,2023-08-27,17:00,堀越,堀越,0,駒澤大高,駒澤大高,3,堀越学園総合G,2023_T1-2.pdf
2023,T1,2023-08-27,18:00,町田ゼルビア,町田ゼルビア,4,大成,大成,1,小野路G,2023_T1-2.pdf
2023,T1,2023-09-03,18:45,多摩大目黒,多摩大学目黒,2,関東第一,関東第一,0,東戸塚フットボールパーク,2023_T1-2.pdf
2023,T1,2023-09-03,10:00,成立学園,成立学園,1,実践学園,実践学園,6,成立学園鷲宮Ｇ,2023_T1-2.pdf
2023,T1,2023-09-02,15:00,FC東京(B),FC東京,2,堀越,堀越,0,東京ガス武蔵野苑多目的G,2023_T1-2.pdf
2023,T1,2023-09-03,18:00,駒澤大高,駒澤大高,0,町田ゼルビア,町田ゼルビア,3,小野路G,2023_T1-2.pdf
2023,T1,2023-09-03,19:00,大成,大成,2,三菱養和(B),三菱養和,0,三菱養和調布G,2023_T1-2.pdf
2023,T1,2023-09-10,17:00,実践学園,実践学園,1,関東第一,関東第一,2,実践学園高尾G,2023_T1-2.pdf
2023,T1,2023-09-10,10:00,堀越,堀越,2,成立学園,成立学園,4,堀越学園総合G,2023_T1-2.pdf
2023,T1,2023-09-10,18:00,町田ゼルビア,町田ゼルビア,1,FC東京(B),FC東京,3,小野路G,2023_T1-2.pdf
2023,T1,2023-09-10,17:00,大成,大成,3,駒澤大高,駒澤大高,1,非公開,2023_T1-2.pdf
2023,T1,2023-09-09,17:00,三菱養和(B),三菱養和,0,多摩大目黒,多摩大学目黒,1,三菱養和巣鴨G,2023_T1-2.pdf
2023,T1,2023-09-15,18:00,関東第一,関東第一,1,堀越,堀越,4,清瀬内山 B面,2023_T1-2.pdf
2023,T1,2023-09-17,10:00,成立学園,成立学園,1,町田ゼルビア,町田ゼルビア,0,成立学園鷲宮Ｇ,2023_T1-2.pdf
2023,T1,2023-09-17,14:00,FC東京(B),FC東京,3,大成,大成,1,東京ガス武蔵野苑多目的G,2023_T1-2.pdf
2023,T1,2023-09-18,16:00,駒澤大高,駒澤大高,0,三菱養和(B),三菱養和,0,三菱養和巣鴨G,2023_T1-2.pdf
2023,T1,2023-09-18,17:00,実践学園,実践学園,1,多摩大目黒,多摩大学目黒,2,実践学園高尾G,2023_T1-2.pdf
2023,T1,2023-09-24,18:00,町田ゼルビア,町田ゼルビア,0,関東第一,関東第一,2,小野路G,2023_T1-2.pdf
2023,T1,2023-09-24,10:00,大成,大成,0,成立学園,成立学園,4,成立学園鷲宮Ｇ,2023_T1-2.pdf
2023,T1,2023-09-23,16:00,FC東京(B),FC東京,1,駒澤大高,駒澤大高,1,東京ガス武蔵野苑多目的G,2023_T1-2.pdf
2023,T1,2023-10-23,15:00,多摩大目黒,多摩大学目黒,1,堀越,堀越,6,東戸塚フットボールパーク,2023_T1-2.pdf
2023,T1,2023-09-24,16:00,三菱養和(B),三菱養和,1,実践学園,実践学園,2,三菱養和巣鴨G,2023_T1-2.pdf
2023,T1,2023-09-30,16:15,関東第一,関東第一,0,大成,大成,1,清瀬内山 Ａ面,2023_T1-2.pdf
2023,T1,2023-09-29,18:00,駒澤大高,駒澤大高,4,成立学園,成立学園,2,清瀬内山 Ａ面,2023_T1-2.pdf
2023,T1,2023-10-01,14:00,FC東京(B),FC東京,1,三菱養和(B),三菱養和,2,東京ガス武蔵野苑多目的G,2023_T1-2.pdf
2023,T1,2023-10-01,18:00,町田ゼルビア,町田ゼルビア,0,多摩大目黒,多摩大学目黒,0,小野路G,2023_T1-2.pdf
2023,T1,2023-11-23,10:00,堀越,堀越,0,実践学園,実践学園,0,堀越学園総合G,2023_T1-2.pdf
2023,T1,2023-11-18,19:00,駒澤大高,駒澤大高,2,関東第一,関東第一,0,私立共済学ランド,2023_T1-2.pdf
2023,T1,2023-11-19,14:00,FC東京(B),FC東京,1,成立学園,成立学園,5,東京ガス武蔵野苑多目的G,2023_T1-2.pdf
2023,T1,2023-11-18,18:00,大成,大成,0,多摩大目黒,多摩大学目黒,1,東戸塚フットボールパーク,2023_T1-2.pdf
2023,T1,2023-11-19,17:00,実践学園,実践学園,2,町田ゼルビア,町田ゼルビア,0,実践学園高尾G,2023_T1-2.pdf
2023,T1,2023-11-19,16:00,三菱養和(B),三菱養和,2,堀越,堀越,5,三菱養和巣鴨G,2023_T1-2.pdf
2023,T1,2023-11-25,16:00,関東第一,関東第一,1,FC東京(B),FC東京,1,東京ガス武蔵野苑多目的G,2023_T1-2.pdf
2023,T1,2023-11-26,10:00,成立学園,成立学園,2,三菱養和(B),三菱養和,0,成立学園鷲宮G,2023_T1-2.pdf
2023,T1,2023-11-26,18:00,多摩大目黒,多摩大学目黒,0,駒澤大高,駒澤大高,3,東戸塚フットボールパーク,2023_T1-2.pdf
2023,T1,2023-11-26,17:00,大成,大成,1,実践学園,実践学園,4,実践学園高尾G,2023_T1-2.pdf
2023,T1,2023-11-26,18:00,町田ゼルビア,町田ゼルビア,3,堀越,堀越,0,小野路G,2023_T1-2.pdf
2023,T1,2023-12-03,10:00,成立学園,成立学園,5,関東第一,関東第一,0,成立学園鷲宮G,2023_T1-2.pdf
2023,T1,2023-12-10,18:00,多摩大目黒,多摩大学目黒,2,FC東京(B),FC東京,2,東戸塚フットボールパーク,2023_T1-2.pdf
2023,T1,2023-12-03,10:30,実践学園,実践学園,0,駒澤大高,駒澤大高,1,非公開,2023_T1-2.pdf
2023,T1,2023-12-03,10:00,堀越,堀越,3,大成,大成,2,堀越学園総合G,2023_T1-2.pdf
2023,T1,2023-12-02,17:00,三菱養和(B),三菱養和,0,町田ゼルビア,町田ゼルビア,1,三菱養和巣鴨G,2023_T1-2.pdf
2023,T2,2023-04-02,18:30,修徳,修徳,3,都・石神井,石神井,1,駒沢補助競技場,2023_T2-1.pdf
2023,T2,2023-04-02,18:30,早稲田実業,早稲田実業,2,東京朝鮮,東京朝鮮,0,非公開,2023_T2-1.pdf
2023,T2,2023-04-02,18:00,横河武蔵野,横河武蔵野,0,国士館,国士館,1,横河電機G,2023_T2-1.pdf
2023,T2,2023-04-02,11:45,関東一高(B),関東一高,3,駒澤大高(B),駒澤大高,2,駒沢補助競技場,2023_T2-1.pdf
2023,T2,2023-04-02,10:00,都・東久留米,東久留米総合,2,國學院久我山(B),国学院久我山,0,都・東久留米G,2023_T2-1.pdf
2023,T2,2023-04-02,10:00,未定 未定 東京朝鮮,未定未定東京朝鮮,,修徳,修徳,,未定,2023_T2-1.pdf
2023,T2,2023-04-29,18:30,国士館,国士館,0,早稲田実業,早稲田実業,0,非公開,2023_T2-1.pdf
2023,T2,2023-05-14,13:00,横河武蔵野,横河武蔵野,1,駒澤大高(B),駒澤大高,0,横河電機G,2023_T2-1.pdf
2023,T2,2023-04-30,19:00,関東一高(B),関東一高,2,國學院久我山(B),国学院久我山,1,私学共済G,2023_T2-1.pdf
2023,T2,2023-04-30,10:00,都・石神井,石神井,1,都・東久留米,東久留米総合,2,都・東久留米G,2023_T2-1.pdf
2023,T2,2023-04-30,10:00,未定 未定 修徳,未定未定修徳,,国士館,国士館,,未定,2023_T2-1.pdf
2023,T2,2023-05-06,18:30,早稲田実業,早稲田実業,4,駒澤大高(B),駒澤大高,1,非公開,2023_T2-1.pdf
2023,T2,2023-05-07,18:00,横河武蔵野,横河武蔵野,1,國學院久我山(B),国学院久我山,0,横河電機G,2023_T2-1.pdf
2023,T2,2023-05-07,10:00,関東一高(B),関東一高,1,都・東久留米,東久留米総合,0,新砂サッカー場,2023_T2-1.pdf
2023,T2,2023-05-06,17:00,東京朝鮮,東京朝鮮,6,都・石神井,石神井,1,東京朝鮮高G,2023_T2-1.pdf
2023,T2,2023-06-24,18:00,駒澤大高(B),駒澤大高,,修徳,修徳,,東京ガス武蔵野苑多目的G,2023_T2-1.pdf
2023,T2,2023-06-25,10:00,國學院久我山(B),国学院久我山,,早稲田実業,早稲田実業,,國學院大學たまプラーザG,2023_T2-1.pdf
2023,T2,2023-06-25,18:00,都・東久留米,東久留米総合,,横河武蔵野,横河武蔵野,,横河電機G,2023_T2-1.pdf
2023,T2,2023-06-23,18:00,都・石神井,石神井,,関東一高(B),関東一高,,清瀬内山 Ｂ面,2023_T2-1.pdf
2023,T2,2023-06-25,10:00,東京朝鮮,東京朝鮮,,国士館,国士館,,東京朝鮮高G,2023_T2-1.pdf
2023,T2,2023-07-01,18:45,國學院久我山(B),国学院久我山,,修徳,修徳,,國學院大學たまプラーザG,2023_T2-1.pdf
2023,T2,2023-07-01,18:30,早稲田実業,早稲田実業,,都・東久留米,東久留米総合,,非公開,2023_T2-1.pdf
2023,T2,2023-07-02,18:00,関東一高(B),関東一高,,横河武蔵野,横河武蔵野,,横河電機G,2023_T2-1.pdf
2023,T2,2023-07-02,16:00,駒澤大高(B),駒澤大高,,東京朝鮮,東京朝鮮,,東京朝鮮高G,2023_T2-1.pdf
2023,T2,2023-07-02,16:00,7/1　7/2 未定 国士館,7/17/2未定国士館,,都・石神井,石神井,,非公開,2023_T2-1.pdf
2023,T2,2023-07-09,15:00,修徳,修徳,,都・東久留米,東久留米総合,,都・東久留米G,2023_T2-1.pdf
2023,T2,2023-07-09,18:30,早稲田実業,早稲田実業,,関東一高(B),関東一高,,非公開,2023_T2-1.pdf
2023,T2,2023-07-09,18:00,都・石神井,石神井,,横河武蔵野,横河武蔵野,,横河電機G,2023_T2-1.pdf
2023,T2,2023-07-09,10:00,東京朝鮮,東京朝鮮,,國學院久我山(B),国学院久我山,,東京朝鮮高G,2023_T2-1.pdf
2023,T2,2023-07-15,9:30,7/8　7/9 未定 国士館,7/87/9未定国士館,,駒澤大高(B),駒澤大高,,非公開,2023_T2-1.pdf
2023,T2,2023-07-15,9:30,修徳,修徳,,関東一高(B),関東一高,,駒沢補助競技場,2023_T2-1.pdf
2023,T2,2023-07-16,18:00,横河武蔵野,横河武蔵野,,早稲田実業,早稲田実業,,横河電機G,2023_T2-1.pdf
2023,T2,2023-07-16,15:00,都・東久留米,東久留米総合,,東京朝鮮,東京朝鮮,,都・東久留米G,2023_T2-1.pdf
2023,T2,2023-07-16,10:00,國學院久我山(B),国学院久我山,,国士館,国士館,,國學院大たまプラーザG,2023_T2-1.pdf
2023,T2,2023-07-17,16:30,都・石神井,石神井,,駒澤大高(B),駒澤大高,,駒沢第二球技場,2023_T2-1.pdf
2023,T2,2023-07-23,18:00,横河武蔵野,横河武蔵野,,修徳,修徳,,横河電機G,2023_T2-1.pdf
2023,T2,2023-07-22,18:30,都・石神井,石神井,,早稲田実業,早稲田実業,,非公開,2023_T2-1.pdf
2023,T2,2023-07-23,10:00,東京朝鮮,東京朝鮮,,関東一高(B),関東一高,,東京朝鮮高G,2023_T2-1.pdf
2023,T2,2023-07-23,10:00,7/22-23 未定 国士館,7/22-23未定国士館,,都・東久留米,東久留米総合,,非公開,2023_T2-1.pdf
2023,T2,2023-07-23,10:00,駒澤大高(B),駒澤大高,,國學院久我山(B),国学院久我山,,國學院大たまプラーザG,2023_T2-1.pdf
2023,T2,2023-08-20,18:30,修徳,修徳,,早稲田実業,早稲田実業,,非公開,2023_T2-1.pdf
2023,T2,2023-08-20,18:00,横河武蔵野,横河武蔵野,,東京朝鮮,東京朝鮮,,横河電機G,2023_T2-1.pdf
2023,T2,2023-08-20,18:00,8/19-20 未定 関東一高(B),8/19-20未定関東一高,,国士館,国士館,,非公開,2023_T2-1.pdf
2023,T2,2023-08-19,15:00,都・東久留米,東久留米総合,,駒澤大高(B),駒澤大高,,都・東久留米G,2023_T2-1.pdf
2023,T2,2023-08-20,10:00,國學院久我山(B),国学院久我山,,都・石神井,石神井,,國學院大たまプラーザG,2023_T2-1.pdf
2023,T2,2023-04-02,11:45,大成,大成,,帝京(B),帝京,,駒沢第二球技場,2023_T2-2.pdf
2023,T2,2023-04-02,14:00,関東第一,関東第一,,東海大高輪台,東海大高輪台,,駒沢補助競技場,2023_T2-2.pdf
2023,T2,2023-04-02,11:45,修徳,修徳,,國學院久我山(B),国学院久我山,,駒沢補助競技場,2023_T2-2.pdf
2023,T2,2023-04-02,15:00,東京朝鮮,東京朝鮮,,早稲田実業,早稲田実業,,東京朝鮮高G,2023_T2-2.pdf
2023,T2,2023-04-03,10:00,都・東久留米総合,東久留米総合,,駒澤大高(B),駒澤大高,,都・東久留米G,2023_T2-2.pdf
2023,T2,2023-04-07,10:00,東海大高輪台,東海大高輪台,,大成,大成,,東海大高輪台G,2023_T2-2.pdf
2023,T2,2023-04-07,18:00,國學院久我山(B),国学院久我山,,関東第一,関東第一,,國學院大學たまプラーザG,2023_T2-2.pdf
2023,T2,2023-04-07,10:00,東京朝鮮,東京朝鮮,,修徳,修徳,,東京朝鮮高G,2023_T2-2.pdf
2023,T2,2023-04-07,16:15,駒澤大高(B),駒澤大高,,早稲田実業,早稲田実業,,清瀬内山 A面,2023_T2-2.pdf
2023,T2,2023-04-06,16:00,帝京(B),帝京,,都・東久留米総合,東久留米総合,,帝京科学大千住総合G,2023_T2-2.pdf
2023,T2,2023-05-06,13:30,大成,大成,,國學院久我山(B),国学院久我山,,國學院大學たまプラーザG,2023_T2-2.pdf
2023,T2,2023-05-04,13:30,未定 関東第一,未定関東第一,,東京朝鮮,東京朝鮮,,東京朝鮮高G,2023_T2-2.pdf
2023,T2,2023-05-06,16:15,駒澤大高(B),駒澤大高,,修徳,修徳,,駒沢第二球技場,2023_T2-2.pdf
2023,T2,2023-05-04,10:00,都・東久留米総合,東久留米総合,,早稲田実業,早稲田実業,,都・東久留米G,2023_T2-2.pdf
2023,T2,2023-05-04,13:00,東海大高輪台,東海大高輪台,,帝京(B),帝京,,東海大高輪台G,2023_T2-2.pdf
2023,T2,2023-06-15,17:00,東京朝鮮,東京朝鮮,,大成,大成,,東京朝鮮高G,2023_T2-2.pdf
2023,T2,2023-06-15,17:00,6/14-6/17 未定 駒澤大高(B),6/14-6/17未定駒澤大高,,関東第一,関東第一,,未定,2023_T2-2.pdf
2023,T2,2023-06-16,15:00,都・東久留米総合,東久留米総合,,修徳,修徳,,都・東久留米G,2023_T2-2.pdf
2023,T2,2023-06-16,18:30,早稲田実業,早稲田実業,,帝京(B),帝京,,早稲田大学東伏見G,2023_T2-2.pdf
2023,T2,2023-06-16,10:00,東海大高輪台,東海大高輪台,,國學院久我山(B),国学院久我山,,東海大高輪台G,2023_T2-2.pdf
2023,T2,2023-06-21,18:00,大成,大成,,駒澤大高(B),駒澤大高,,清瀬内山 A面,2023_T2-2.pdf
2023,T2,2023-06-23,15:00,関東第一,関東第一,,都・東久留米総合,東久留米総合,,都・東久留米G,2023_T2-2.pdf
2023,T2,2023-06-23,18:30,早稲田実業,早稲田実業,,修徳,修徳,,早稲田大学東伏見G,2023_T2-2.pdf
2023,T2,2023-06-23,10:00,東京朝鮮,東京朝鮮,,東海大高輪台,東海大高輪台,,東京朝鮮高G,2023_T2-2.pdf
2023,T2,2023-06-23,18:00,國學院久我山(B),国学院久我山,,帝京(B),帝京,,國學院大學たまプラーザG,2023_T2-2.pdf
2023,T2,2023-06-29,15:00,都・東久留米総合,東久留米総合,,大成,大成,,都・東久留米G,2023_T2-2.pdf
2023,T2,2023-06-30,18:30,早稲田実業,早稲田実業,,関東第一,関東第一,,早稲田大学東伏見G,2023_T2-2.pdf
2023,T2,2023-06-30,16:45,帝京(B),帝京,,修徳,修徳,,帝京科学大千住総合G,2023_T2-2.pdf
2023,T2,2023-06-29,17:30,東海大高輪台,東海大高輪台,,駒澤大高(B),駒澤大高,,東海大高輪台G,2023_T2-2.pdf
2023,T2,2023-06-30,17:30,未定 東京朝鮮,未定東京朝鮮,,國學院久我山(B),国学院久我山,,東京朝鮮高G,2023_T2-2.pdf
2023,T2,2023-07-07,17:30,17-21 大成,17-21大成,,早稲田実業,早稲田実業,,清瀬内山 B面,2023_T2-2.pdf
2023,T2,2023-07-05,16:00,17-21 関東第一,17-21関東第一,,修徳,修徳,,清瀬内山 A面,2023_T2-2.pdf
2023,T2,2023-07-07,16:00,都・東久留米総合,東久留米総合,,東海大高輪台,東海大高輪台,,都・東久留米G,2023_T2-2.pdf
2023,T2,2023-07-07,16:00,未定 駒澤大高(B),未定駒澤大高,,國學院久我山(B),国学院久我山,,國學院大學たまプラーザG,2023_T2-2.pdf
2023,T2,2023-07-07,16:00,東京朝鮮,東京朝鮮,,帝京(B),帝京,,東京朝鮮高G,2023_T2-2.pdf
2023,T2,2023-07-13,16:00,修徳,修徳,,大成,大成,,駒沢第二球技場,2023_T2-2.pdf
2023,T2,2023-07-13,16:00,帝京(B),帝京,,関東第一,関東第一,,帝京科学大千住総合G,2023_T2-2.pdf
2023,T2,2023-07-13,18:30,早稲田実業,早稲田実業,,東海大高輪台,東海大高輪台,,早稲田大学東伏見G,2023_T2-2.pdf
2023,T2,2023-07-14,16:00,都・東久留米総合,東久留米総合,,國學院久我山(B),国学院久我山,,都・東久留米G,2023_T2-2.pdf
2023,T2,2023-07-14,17:00,東京朝鮮,東京朝鮮,,駒澤大高(B),駒澤大高,,東京朝鮮高G,2023_T2-2.pdf
2023,T2,2023-07-19,17:00,17-21 大成,17-21大成,,関東第一,関東第一,,清瀬内山 A面,2023_T2-2.pdf
2023,T2,2023-07-21,17:00,修徳,修徳,,東海大高輪台,東海大高輪台,,東海大高輪台G,2023_T2-2.pdf
2023,T2,2023-07-20,18:30,早稲田実業,早稲田実業,,國學院久我山(B),国学院久我山,,早稲田大学東伏見G,2023_T2-2.pdf
2023,T2,2023-07-20,16:00,都・東久留米総合,東久留米総合,,東京朝鮮,東京朝鮮,,都・東久留米G,2023_T2-2.pdf
2023,T2,2023-07-20,16:00,駒澤大高(B),駒澤大高,,帝京(B),帝京,,帝京科学大千住総合G,2023_T2-2.pdf
2023,T3,2023-11-05,10:00,1/2位 東海大高輪台,1/2位東海大高輪台,3,帝京(B),帝京,1,東海大高輪台さいたまG,2023_T3.pdf
2023,T3,2023-11-03,10:00,3/4位 トリプレッタ,3/4位トリプレッタ,2,日大三高,日大三高,1,日大三高G,2023_T3.pdf
2023,T3,2023-11-05,14:00,5/6位 創価,5/6位創価,1,日大豊山,日大豊山,2,日大豊山中台G,2023_T3.pdf
2023,T3,2023-11-05,14:00,7/8位 駿台学園,7/8位駿台学園,0,実践学園(B),実践学園,2,実践学園高尾G,2023_T3.pdf
2023,T3,2023-11-05,16:00,9/10位 東海大菅生,9/10位東海大菅生,1,町田ゼルビア(B),町田ゼルビア,0,東海大菅生学びの城G,2023_T3.pdf
2023,T3,2023-11-19,17:30,11/12位 國學院久我山(C),11/12位国学院久我山,3,暁星,暁星,1,國學院大學たまプラーザキャンパスG,2023_T3.pdf
2023,T3,2023-11-03,12:00,13/14位 東京,13/14位東京,0,成立学園(B),成立学園,7,成立学園鷺宮G,2023_T3.pdf
2023,T3,2023-11-05,13:30,15/16位 早大学院,15/16位早大学院,0,横河武蔵野(B),横河武蔵野,2,早大学院G,2023_T3.pdf
2023,T3,2023-11-04,17:30,17/18位 東京実業,17/18位東京実業,0,多摩大目黒(B),多摩大学目黒,1,東戸塚フットボールパーク,2023_T3.pdf
2023,T3,2023-11-12,9:30,19/20位 駒大高(C),19/20位駒大高,2,東京成徳,東京成徳大高,1,東京成徳大学八千代G,2023_T3.pdf
2023,T3A,2023-04-02,10:00,東海大高輪台,東海大高輪台,2,創価,創価,1,東海大高輪台G,2023_T3A.pdf
2023,T3A,2023-04-01,14:00,駿台学園,駿台学園,4,東京,東京,4,駒沢補助競技場,2023_T3A.pdf
2023,T3A,2023-04-01,16:15,東京実業,東京実業,0,FCトリプレッタ,FCトリプレッタ,1,駒沢補助競技場,2023_T3A.pdf
2023,T3A,2023-04-01,18:30,早大学院,早大学院,0,國學院久我山(C),国学院久我山,1,非公開,2023_T3A.pdf
2023,T3A,2023-04-02,14:00,東海大菅生,東海大菅生,3,駒大高(C),駒澤大高,2,東海大菅生学びの城G,2023_T3A.pdf
2023,T3A,2023-05-07,10:00,東京,東京,0,東海大高輪台,東海大高輪台,6,東海大高輪台G,2023_T3A.pdf
2023,T3A,2023-05-07,14:00,FCトリプレッタ,FCトリプレッタ,5,駿台学園,駿台学園,1,日大豊山中台G,2023_T3A.pdf
2023,T3A,2023-05-07,16:00,國學院久我山(C),国学院久我山,4,東京実業,東京実業,1,東海大菅生学びの城G,2023_T3A.pdf
2023,T3A,2023-05-07,10:00,駒大高(C),駒澤大高,0,早大学院,早大学院,3,早大学院G,2023_T3A.pdf
2023,T3A,2023-05-07,14:00,創価,創価,0,東海大菅生,東海大菅生,2,東海大菅生学びの城G,2023_T3A.pdf
2023,T3A,2023-06-18,10:00,東海大高輪台,東海大高輪台,1,FCトリプレッタ,FCトリプレッタ,5,東海大高輪台G,2023_T3A.pdf
2023,T3A,2023-06-18,9:00,駿台学園,駿台学園,4,國學院久我山(C),国学院久我山,1,早大学院G,2023_T3A.pdf
2023,T3A,2023-06-18,11:00,東京実業,東京実業,2,駒大高(C),駒澤大高,2,東京成徳大八千代G,2023_T3A.pdf
2023,T3A,2023-06-18,11:00,早大学院,早大学院,3,東海大菅生,東海大菅生,1,早大学院G,2023_T3A.pdf
2023,T3A,2023-06-18,10:00,創価,創価,5,東京,東京,0,創価G,2023_T3A.pdf
2023,T3A,2023-07-22,16:00,國學院久我山(C),国学院久我山,1,東海大高輪台,東海大高輪台,3,東海大高輪台G,2023_T3A.pdf
2023,T3A,2023-06-25,14:00,駒大高(C),駒澤大高,1,駿台学園,駿台学園,2,東京成徳大八千代G,2023_T3A.pdf
2023,T3A,2023-06-25,14:00,東海大菅生,東海大菅生,1,東京実業,東京実業,1,東海大菅生学びの城G,2023_T3A.pdf
2023,T3A,2023-06-24,18:30,早大学院,早大学院,0,創価,創価,3,非公開,2023_T3A.pdf
2023,T3A,2023-06-25,16:00,FCトリプレッタ,FCトリプレッタ,1,東京,東京,2,東海大菅生学びの城G,2023_T3A.pdf
2023,T3A,2023-07-09,10:00,東海大高輪台,東海大高輪台,4,駒大高(C),駒澤大高,1,東海大高輪台G,2023_T3A.pdf
2023,T3A,2023-07-09,16:00,駿台学園,駿台学園,2,東海大菅生,東海大菅生,1,東海大菅生学びの城G,2023_T3A.pdf
2023,T3A,2023-07-09,10:00,東京実業,東京実業,2,早大学院,早大学院,0,早大学院G,2023_T3A.pdf
2023,T3A,2023-07-09,14:30,東京,東京,0,國學院久我山(C),国学院久我山,4,國學院大相模原G,2023_T3A.pdf
2023,T3A,2023-07-09,9:00,創価,創価,0,FCトリプレッタ,FCトリプレッタ,1,創価G,2023_T3A.pdf
2023,T3A,2023-07-16,16:00,東海大菅生,東海大菅生,0,東海大高輪台,東海大高輪台,1,東海大菅生学びの城G,2023_T3A.pdf
2023,T3A,2023-07-15,18:30,早大学院,早大学院,0,駿台学園,駿台学園,3,非公開,2023_T3A.pdf
2023,T3A,2023-07-17,14:15,創価,創価,4,東京実業,東京実業,0,駒沢第二球技場,2023_T3A.pdf
2023,T3A,2023-07-15,14:00,駒大高(C),駒澤大高,4,東京,東京,2,駒沢補助競技場,2023_T3A.pdf
2023,T3A,2023-07-16,14:30,FCトリプレッタ,FCトリプレッタ,3,國學院久我山(C),国学院久我山,3,國學院大相模原G,2023_T3A.pdf
2023,T3A,2023-08-20,16:00,東海大高輪台,東海大高輪台,5,早大学院,早大学院,1,東海大高輪台G,2023_T3A.pdf
2023,T3A,2023-08-20,13:00,東京実業,東京実業,2,駿台学園,駿台学園,3,尚美学園大学G,2023_T3A.pdf
2023,T3A,2023-08-19,16:00,東京,東京,0,東海大菅生,東海大菅生,2,東海大菅生学びの城G,2023_T3A.pdf
2023,T3A,2023-08-20,13:00,FCトリプレッタ,FCトリプレッタ,2,駒大高(C),駒澤大高,1,東海大高輪台G,2023_T3A.pdf
2023,T3A,2023-08-19,10:00,國學院久我山(C),国学院久我山,0,創価,創価,5,國學院大相模原G,2023_T3A.pdf
2023,T3A,2023-08-27,16:00,東京実業,東京実業,0,東海大高輪台,東海大高輪台,3,東海大高輪台G,2023_T3A.pdf
2023,T3A,2023-08-26,9:30,駿台学園,駿台学園,1,創価,創価,2,駒沢第二球技場,2023_T3A.pdf
2023,T3A,2023-08-27,10:00,早大学院,早大学院,2,東京,東京,3,早大学院G,2023_T3A.pdf
2023,T3A,2023-08-26,16:00,東海大菅生,東海大菅生,1,FCトリプレッタ,FCトリプレッタ,1,東海大菅生学びの城G,2023_T3A.pdf
2023,T3A,2023-08-27,10:00,駒大高(C),駒澤大高,2,國學院久我山(C),国学院久我山,3,國學院大相模原G,2023_T3A.pdf
2023,T3A,2023-09-24,10:00,東海大高輪台,東海大高輪台,3,駿台学園,駿台学園,0,東海大高輪台G,2023_T3A.pdf
2023,T3A,2023-09-25,10:00,東京,東京,0,東京実業,東京実業,0,森ケ崎公園G,2023_T3A.pdf
2023,T3A,2023-09-24,18:30,FCトリプレッタ,FCトリプレッタ,1,早大学院,早大学院,1,非公開,2023_T3A.pdf
2023,T3A,2023-10-22,10:00,國學院久我山(C),国学院久我山,2,東海大菅生,東海大菅生,5,東海大菅生学びの城G,2023_T3A.pdf
2023,T3A,2023-09-24,9:30,創価,創価,1,駒大高(C),駒澤大高,1,創価G,2023_T3A.pdf
2023,T3B,2023-04-01,18:00,町田ゼルビア(B),町田ゼルビア,4,多摩大目黒(B),多摩大学目黒,0,東戸塚フットボールパーク,2023_T3B.pdf
2023,T3B,2023-04-02,14:00,日大豊山,日大豊山,0,帝京(B),帝京,3,帝京科学大千住総合G,2023_T3B.pdf
2023,T3B,2023-04-01,11:00,成立学園(B),成立学園,5,横河武蔵野(B),横河武蔵野,0,成立学園鷲宮G,2023_T3B.pdf
2023,T3B,2023-04-02,11:00,東京成徳,東京成徳大高,4,暁星,暁星,2,東京成徳大八千代G,2023_T3B.pdf
2023,T3B,2023-04-02,15:30,日大三,日大三,1,実践学園(B),実践学園,0,実践学園高尾G,2023_T3B.pdf
2023,T3B,2023-05-06,16:45,帝京(B),帝京,3,町田ゼルビア(B),町田ゼルビア,0,帝京科学大千住総合G,2023_T3B.pdf
2023,T3B,2023-05-06,19:00,横河武蔵野(B),横河武蔵野,1,日大豊山,日大豊山,3,横河電機G,2023_T3B.pdf
2023,T3B,2023-05-06,11:00,暁星,暁星,3,成立学園(B),成立学園,1,成立学園鷲宮G,2023_T3B.pdf
2023,T3B,2023-05-07,14:00,実践学園(B),実践学園,1,東京成徳,東京成徳大高,1,実践学園高尾G,2023_T3B.pdf
2023,T3B,2023-05-07,18:00,多摩大目黒(B),多摩大学目黒,2,日大三,日大三,1,東戸塚フットボールパーク,2023_T3B.pdf
2023,T3B,2023-06-17,18:30,町田ゼルビア(B),町田ゼルビア,2,横河武蔵野(B),横河武蔵野,1,横河電機G,2023_T3B.pdf
2023,T3B,2023-06-18,14:00,日大豊山,日大豊山,0,暁星,暁星,0,日大豊山中台G,2023_T3B.pdf
2023,T3B,2023-07-23,12:00,成立学園(B),成立学園,3,実践学園(B),実践学園,4,成立学園鷲宮G,2023_T3B.pdf
2023,T3B,2023-06-18,14:00,東京成徳,東京成徳大高,0,日大三,日大三,2,東京成徳大八千代G,2023_T3B.pdf
2023,T3B,2023-06-18,18:00,多摩大目黒(B),多摩大学目黒,0,帝京(B),帝京,1,東戸塚フットボールパーク,2023_T3B.pdf
2023,T3B,2023-06-24,16:00,暁星,暁星,1,町田ゼルビア(B),町田ゼルビア,2,上の原G,2023_T3B.pdf
2023,T3B,2023-06-25,14:00,実践学園(B),実践学園,1,日大豊山,日大豊山,0,実践学園高尾G,2023_T3B.pdf
2023,T3B,2023-06-25,10:00,日大三,日大三,3,成立学園(B),成立学園,0,成立学園鷲宮G,2023_T3B.pdf
2023,T3B,2023-06-25,10:30,東京成徳,東京成徳大高,0,多摩大目黒(B),多摩大学目黒,2,東京成徳大八千代G,2023_T3B.pdf
2023,T3B,2023-06-25,14:00,横河武蔵野(B),横河武蔵野,0,帝京(B),帝京,5,横河電機G,2023_T3B.pdf
2023,T3B,2023-07-09,12:30,町田ゼルビア(B),町田ゼルビア,0,実践学園(B),実践学園,4,実践学園高尾G,2023_T3B.pdf
2023,T3B,2023-07-09,14:00,日大豊山,日大豊山,1,日大三,日大三,3,日大豊山中台G,2023_T3B.pdf
2023,T3B,2023-07-09,14:00,成立学園(B),成立学園,3,東京成徳,東京成徳大高,2,成立学園鷲宮G,2023_T3B.pdf
2023,T3B,2023-07-02,14:30,帝京(B),帝京,1,暁星,暁星,1,帝京科学大千住総合G,2023_T3B.pdf
2023,T3B,2023-07-08,18:00,多摩大目黒(B),多摩大学目黒,2,横河武蔵野(B),横河武蔵野,3,東戸塚フットボールパーク,2023_T3B.pdf
2023,T3B,2023-07-17,16:45,日大三,日大三,3,町田ゼルビア(B),町田ゼルビア,0,小野路G,2023_T3B.pdf
2023,T3B,2023-07-16,11:00,東京成徳,東京成徳大高,1,日大豊山,日大豊山,3,東京成徳大八千代G,2023_T3B.pdf
2023,T3B,2023-07-15,18:00,多摩大目黒(B),多摩大学目黒,0,成立学園(B),成立学園,3,東戸塚フットボールパーク,2023_T3B.pdf
2023,T3B,2023-07-16,18:00,実践学園(B),実践学園,1,帝京(B),帝京,2,実践学園高尾G,2023_T3B.pdf
2023,T3B,2023-07-15,18:30,横河武蔵野(B),横河武蔵野,2,暁星,暁星,0,横河電機G,2023_T3B.pdf
2023,T3B,2023-08-19,16:00,町田ゼルビア(B),町田ゼルビア,3,東京成徳,東京成徳大高,2,東京成徳大八千代G,2023_T3B.pdf
2023,T3B,2023-08-21,10:00,成立学園(B),成立学園,1,日大豊山,日大豊山,3,成立学園鷲宮G,2023_T3B.pdf
2023,T3B,2023-08-19,16:00,帝京(B),帝京,3,日大三,日大三,2,帝京科学大千住総合G,2023_T3B.pdf
2023,T3B,2023-09-16,19:00,横河武蔵野(B),横河武蔵野,1,実践学園(B),実践学園,1,横河電機G,2023_T3B.pdf
2023,T3B,2023-08-19,18:00,暁星,暁星,2,多摩大目黒(B),多摩大学目黒,0,東戸塚フットボールパーク,2023_T3B.pdf
2023,T3B,2023-08-27,10:00,成立学園(B),成立学園,1,町田ゼルビア(B),町田ゼルビア,2,成立学園鷲宮G,2023_T3B.pdf
2023,T3B,2023-08-26,18:00,日大豊山,日大豊山,2,多摩大目黒(B),多摩大学目黒,1,東戸塚フットボールパーク,2023_T3B.pdf
2023,T3B,2023-08-26,16:00,東京成徳,東京成徳大高,1,帝京(B),帝京,2,東京成徳大八千代G,2023_T3B.pdf
2023,T3B,2023-08-26,18:30,日大三,日大三,5,横河武蔵野(B),横河武蔵野,0,横河電機G,2023_T3B.pdf
2023,T3B,2023-08-27,17:00,実践学園(B),実践学園,0,暁星,暁星,0,実践学園高尾G,2023_T3B.pdf
2023,T3B,2023-09-24,14:00,町田ゼルビア(B),町田ゼルビア,0,日大豊山,日大豊山,4,日大豊山中台G,2023_T3B.pdf
2023,T3B,2023-10-07,16:00,帝京(B),帝京,7,成立学園(B),成立学園,1,帝京科学大千住総合G,2023_T3B.pdf
2023,T3B,2023-09-24,19:00,横河武蔵野(B),横河武蔵野,1,東京成徳,東京成徳大高,1,横河電機G,2023_T3B.pdf
2023,T3B,2023-07-28,12:00,暁星,暁星,1,日大三,日大三,5,稲城長峰ヴェルディフィールド,2023_T3B.pdf
2023,T3B,2023-10-08,18:00,多摩大目黒(B),多摩大学目黒,1,実践学園(B),実践学園,3,東戸塚フットボールパーク,2023_T3B.pdf
2023,T4A,2023-04-02,13:30,東海大高輪台(B),東海大高輪台,3,大東文化第一,大東文化一,0,東海大高輪台G,2023_T4A.pdf
2023,T4A,2023-04-02,10:00,目白研心,目白研心,2,国士舘(B),国士舘,3,清瀬内山 C面,2023_T4A.pdf
2023,T4A,2023-04-03,14:00,大森学園,大森学園,4,都・狛江,狛江,3,富士通スタジアム川崎,2023_T4A.pdf
2023,T4A,2023-04-02,10:00,都・駒場,駒場,1,都・国分寺,国分寺,1,清瀬内山 B面,2023_T4A.pdf
2023,T4A,2023-04-02,15:00,昭和第一学園,昭和第一学園,3,都・東大和,東大和,3,非公開,2023_T4A.pdf
2023,T4A,2023-05-06,17:00,国士舘(B),国士舘,0,東海大高輪台(B),東海大高輪台,1,東海大高輪台G,2023_T4A.pdf
2023,T4A,2023-05-05,17:00,都・狛江,狛江,2,目白研心,目白研心,2,駒沢第二球技場,2023_T4A.pdf
2023,T4A,2023-06-04,15:30,都・国分寺,国分寺,0,大森学園,大森学園,1,森ヶ崎公園サッカー場,2023_T4A.pdf
2023,T4A,2023-05-07,12:30,都・東大和,東大和,3,都・駒場,駒場,1,堀越学園総合G,2023_T4A.pdf
2023,T4A,2023-05-07,14:05,大東文化第一,大東文化一,0,昭和第一学園,昭和第一学園,6,レッズランド人工芝,2023_T4A.pdf
2023,T4A,2023-06-18,15:30,東海大高輪台(B),東海大高輪台,2,都・狛江,狛江,1,東海大高輪台G,2023_T4A.pdf
2023,T4A,2023-06-19,18:00,目白研心,目白研心,1,都・国分寺,国分寺,1,所沢航空公園G,2023_T4A.pdf
2023,T4A,2023-06-18,16:00,大森学園,大森学園,1,都・東大和,東大和,0,亜細亜大日の出キャンパス多目的競技場,2023_T4A.pdf
2023,T4A,2023-06-18,15:00,都・駒場,駒場,1,昭和第一学園,昭和第一学園,2,非公開,2023_T4A.pdf
2023,T4A,2023-06-17,18:05,大東文化第一,大東文化一,0,国士舘(B),国士舘,6,レッズランド人工芝,2023_T4A.pdf
2023,T4A,2023-07-31,16:00,都・国分寺,国分寺,4,東海大高輪台(B),東海大高輪台,1,東海大高輪台G,2023_T4A.pdf
2023,T4A,2023-06-25,14:00,都・東大和,東大和,2,目白研心,目白研心,0,都・東大和G,2023_T4A.pdf
2023,T4A,2023-06-24,18:45,昭和第一学園,昭和第一学園,1,大森学園,大森学園,0,東京朝鮮高G,2023_T4A.pdf
2023,T4A,2023-06-24,18:05,都・駒場,駒場,5,大東文化第一,大東文化一,2,レッズランド人工芝 A1,2023_T4A.pdf
2023,T4A,2023-06-24,14:30,都・狛江,狛江,2,国士舘(B),国士舘,1,都・狛江G,2023_T4A.pdf
2023,T4A,2023-07-09,13:30,東海大高輪台(B),東海大高輪台,3,都・東大和,東大和,1,東海大高輪台G,2023_T4A.pdf
2023,T4A,2023-07-09,16:00,目白研心,目白研心,1,昭和第一学園,昭和第一学園,1,非公開,2023_T4A.pdf
2023,T4A,2023-07-22,15:30,大森学園,大森学園,2,都・駒場,駒場,2,神奈川工科大学G,2023_T4A.pdf
2023,T4A,2023-07-10,15:00,国士舘(B),国士舘,0,都・国分寺,国分寺,1,清瀬内山 A面,2023_T4A.pdf
2023,T4A,2023-07-08,16:30,大東文化第一,大東文化一,1,都・狛江,狛江,2,都・狛江G,2023_T4A.pdf
2023,T4A,2023-07-17,16:00,昭和第一学園,昭和第一学園,1,東海大高輪台(B),東海大高輪台,1,東海大高輪台G,2023_T4A.pdf
2023,T4A,2023-07-17,11:45,都・駒場,駒場,1,目白研心,目白研心,1,駒沢第二球技場,2023_T4A.pdf
2023,T4A,2023-07-15,11:45,大東文化第一,大東文化一,1,大森学園,大森学園,1,駒沢補助競技場,2023_T4A.pdf
2023,T4A,2023-07-15,18:05,都・東大和,東大和,1,国士舘(B),国士舘,0,レッズランド人工芝 A2,2023_T4A.pdf
2023,T4A,2023-07-17,15:00,都・狛江,狛江,0,都・国分寺,国分寺,1,都・狛江G,2023_T4A.pdf
2023,T4A,2023-08-23,18:30,東海大高輪台(B),東海大高輪台,0,都・駒場,駒場,1,東海大高輪台G,2023_T4A.pdf
2023,T4A,2023-08-21,19:30,大森学園,大森学園,2,目白研心,目白研心,0,富士通スタジアム川崎,2023_T4A.pdf
2023,T4A,2023-08-20,16:00,国士舘(B),国士舘,1,昭和第一学園,昭和第一学園,1,昭和第一学園高校G,2023_T4A.pdf
2023,T4A,2023-08-19,8:45,都・狛江,狛江,2,都・東大和,東大和,2,大沢総合G,2023_T4A.pdf
2023,T4A,2023-08-21,18:00,都・国分寺,国分寺,5,大東文化第一,大東文化一,2,清瀬内山　C面,2023_T4A.pdf
2023,T4A,2023-08-27,18:30,大森学園,大森学園,1,東海大高輪台(B),東海大高輪台,1,東京朝鮮高G,2023_T4A.pdf
2023,T4A,2023-08-25,15:30,目白研心,目白研心,8,大東文化第一,大東文化一,0,レッズランド人工芝 A2,2023_T4A.pdf
2023,T4A,2023-08-26,11:45,都・駒場,駒場,1,国士舘(B),国士舘,2,駒沢第二球技場,2023_T4A.pdf
2023,T4A,2023-08-27,16:00,昭和第一学園,昭和第一学園,1,都・狛江,狛江,0,昭和第一学園高校G,2023_T4A.pdf
2023,T4A,2023-08-26,14:00,都・東大和,東大和,0,都・国分寺,国分寺,2,駒沢第二球技場,2023_T4A.pdf
2023,T4A,2023-09-24,13:30,東海大高輪台(B),東海大高輪台,3,目白研心,目白研心,4,東海大高輪台G,2023_T4A.pdf
2023,T4A,2023-09-23,10:00,国士舘(B),国士舘,2,大森学園,大森学園,0,亜細亜大日の出キャンパスサッカー場,2023_T4A.pdf
2023,T4A,2023-09-23,10:00,都・狛江,狛江,3,都・駒場,駒場,1,非公開,2023_T4A.pdf
2023,T4A,2023-09-25,18:15,都・国分寺,国分寺,4,昭和第一学園,昭和第一学園,3,清瀬内山　C面,2023_T4A.pdf
2023,T4A,2023-09-23,15:00,大東文化第一,大東文化一,1,都・東大和,東大和,4,都・東大和G,2023_T4A.pdf
2023,T4B,2023-04-02,15:30,保善,保善,0,明星学園,明星学園,0,清瀬内山 B面,2023_T4B.pdf
2023,T4B,2023-04-02,16:30,都・日野台,日野台,0,帝京(C),帝京,9,帝京科学大学千住総合G,2023_T4B.pdf
2023,T4B,2023-04-01,11:00,堀越(B),堀越,2,東農大一,農大一,2,堀越学園G,2023_T4B.pdf
2023,T4B,2023-04-02,18:00,実践学園(C),実践学園,5,都・葛飾野,葛飾野,1,実践学園高尾G,2023_T4B.pdf
2023,T4B,2023-04-01,18:30,駒大高(D),駒澤大高,3,都・東大和南,東大和南,2,駒沢補助競技場,2023_T4B.pdf
2023,T4B,2023-05-06,14:15,帝京(C),帝京,0,保善,保善,2,帝京科学大学千住総合G,2023_T4B.pdf
2023,T4B,2023-05-06,16:00,東農大一,農大一,7,都・日野台,日野台,2,代々木公園サッカーホッケー場,2023_T4B.pdf
2023,T4B,2023-05-07,10:00,都・葛飾野,葛飾野,0,堀越(B),堀越,3,堀越学園G,2023_T4B.pdf
2023,T4B,2023-05-06,17:00,都・東大和南,東大和南,4,実践学園(C),実践学園,1,実践学園高尾G,2023_T4B.pdf
2023,T4B,2023-05-07,13:00,明星学園,明星学園,2,駒大高(D),駒澤大高,0,非公開,2023_T4B.pdf
2023,T4B,2023-06-17,16:00,保善,保善,0,東農大一,農大一,0,非公開,2023_T4B.pdf
2023,T4B,2023-06-18,10:00,都・日野台,日野台,0,都・葛飾野,葛飾野,2,都・日野台G,2023_T4B.pdf
2023,T4B,2023-06-18,10:00,堀越(B),堀越,1,都・東大和南,東大和南,1,堀越学園G,2023_T4B.pdf
2023,T4B,2023-06-18,17:00,実践学園(C),実践学園,0,駒大高(D),駒澤大高,1,実践学園高尾G,2023_T4B.pdf
2023,T4B,2023-06-18,17:30,明星学園,明星学園,1,帝京(C),帝京,1,帝京科学大学千住総合G,2023_T4B.pdf
2023,T4B,2023-06-25,10:00,都・葛飾野,葛飾野,1,保善,保善,3,都・葛飾野G,2023_T4B.pdf
2023,T4B,2023-06-25,14:00,都・東大和南,東大和南,0,都・日野台,日野台,2,都・東大和南G,2023_T4B.pdf
2023,T4B,2023-06-24,17:15,駒大高(D),駒澤大高,0,堀越(B),堀越,2,堀越学園G,2023_T4B.pdf
2023,T4B,2023-06-25,17:00,実践学園(C),実践学園,1,明星学園,明星学園,1,実践学園高尾G,2023_T4B.pdf
2023,T4B,2023-06-24,16:00,東農大一,農大一,2,帝京(C),帝京,2,帝京科学大学千住総合G,2023_T4B.pdf
2023,T4B,2023-07-09,14:00,保善,保善,2,都・東大和南,東大和南,0,都・東大和南G,2023_T4B.pdf
2023,T4B,2023-07-09,10:00,都・日野台,日野台,1,駒大高(D),駒澤大高,4,都・日野台G,2023_T4B.pdf
2023,T4B,2023-07-09,9:30,堀越(B),堀越,1,実践学園(C),実践学園,2,堀越学園G,2023_T4B.pdf
2023,T4B,2023-07-09,14:30,帝京(C),帝京,1,都・葛飾野,葛飾野,0,帝京科学大学千住総合G,2023_T4B.pdf
2023,T4B,2023-07-21,14:00,明星学園,明星学園,4,東農大一,農大一,3,昭和公園陸上競技場,2023_T4B.pdf
2023,T4B,2023-07-17,15:00,駒大高(D),駒澤大高,1,保善,保善,0,保善入間G,2023_T4B.pdf
2023,T4B,2023-07-15,17:00,実践学園(C),実践学園,2,都・日野台,日野台,1,実践学園高尾G,2023_T4B.pdf
2023,T4B,2023-07-17,9:30,明星学園,明星学園,3,堀越(B),堀越,2,堀越学園G,2023_T4B.pdf
2023,T4B,2023-07-15,15:30,都・東大和南,東大和南,2,帝京(C),帝京,3,帝京科学大学千住総合G,2023_T4B.pdf
2023,T4B,2023-07-17,9:30,東農大一,農大一,5,都・葛飾野,葛飾野,0,駒沢第二球技場,2023_T4B.pdf
2023,T4B,2023-08-20,14:00,保善,保善,0,実践学園(C),実践学園,0,実践学園高尾G,2023_T4B.pdf
2023,T4B,2023-08-19,17:00,堀越(B),堀越,3,都・日野台,日野台,4,堀越学園G,2023_T4B.pdf
2023,T4B,2023-08-20,16:00,帝京(C),帝京,5,駒大高(D),駒澤大高,1,帝京科学大学千住総合G,2023_T4B.pdf
2023,T4B,2023-08-20,10:00,東農大一,農大一,2,都・東大和南,東大和南,0,東京農大世田谷キャンパスG,2023_T4B.pdf
2023,T4B,2023-08-20,10:00,都・葛飾野,葛飾野,0,明星学園,明星学園,0,都・葛飾野G,2023_T4B.pdf
2023,T4B,2023-08-26,17:00,堀越(B),堀越,2,保善,保善,5,堀越学園G,2023_T4B.pdf
2023,T4B,2023-08-26,10:00,都・日野台,日野台,0,明星学園,明星学園,3,都・日野台G,2023_T4B.pdf
2023,T4B,2023-08-26,18:00,実践学園(C),実践学園,0,帝京(C),帝京,7,実践学園高尾G,2023_T4B.pdf
2023,T4B,2023-08-28,10:00,駒大高(D),駒澤大高,6,東農大一,農大一,1,東京農業大学G,2023_T4B.pdf
2023,T4B,2023-08-28,10:00,都・東大和南,東大和南,2,都・葛飾野,葛飾野,0,清瀬内山 B面,2023_T4B.pdf
2023,T4B,2023-09-24,10:00,保善,保善,4,都・日野台,日野台,0,保善高校入間G,2023_T4B.pdf
2023,T4B,2023-09-24,16:45,帝京(C),帝京,4,堀越(B),堀越,1,帝京科学大学千住総合G,2023_T4B.pdf
2023,T4B,2023-09-25,17:00,東農大一,農大一,1,実践学園(C),実践学園,0,実践学園高尾G,2023_T4B.pdf
2023,T4B,2023-10-22,10:00,都・葛飾野,葛飾野,1,駒大高(D),駒澤大高,0,都・葛飾野G,2023_T4B.pdf
2023,T4B,2023-10-22,13:00,明星学園,明星学園,2,都・東大和南,東大和南,1,堀越学園総合G,2023_T4B.pdf
2024,T1,2024-04-01,10:00,成立学園,成立学園,0,横河武蔵野,横河武蔵野,0,成立学園鷲宮Ｇ,2024_T1-1.pdf
2024,T1,2024-04-02,14:00,駒澤大高,駒澤大高,3,国士舘,国士舘,0,駒沢第二球技場,2024_T1-1.pdf
2024,T1,2024-04-01,17:00,実践学園,実践学園,1,三菱養和(B),三菱養和,2,実践学園高尾G,2024_T1-1.pdf
2024,T1,2024-04-01,18:30,町田ゼルビア,町田ゼルビア,0,FC東京(B),FC東京,1,拓殖大学八王子国際キャンパスG,2024_T1-1.pdf
2024,T1,2024-04-02,11:00,多摩大目黒,多摩大学目黒,0,堀越,堀越,1,東戸塚フットボールパーク,2024_T1-1.pdf
2024,T1,2024-04-05,10:00,国士舘,国士舘,2,成立学園,成立学園,1,成立学園鷲宮Ｇ,2024_T1-1.pdf
2024,T1,2024-04-06,17:00,駒澤大高,駒澤大高,3,三菱養和(B),三菱養和,1,三菱養和巣鴨G,2024_T1-1.pdf
2024,T1,2024-04-06,17:00,FC東京(B),FC東京,0,実践学園,実践学園,0,東京ガス武蔵野苑多目的G,2024_T1-1.pdf
2024,T1,2024-04-07,10:00,堀越,堀越,1,町田ゼルビア,町田ゼルビア,2,堀越学園総合G,2024_T1-1.pdf
2024,T1,2024-04-07,18:00,多摩大目黒,多摩大学目黒,2,横河武蔵野,横河武蔵野,1,東戸塚フットボールパーク,2024_T1-1.pdf
2024,T1,2024-05-05,10:00,成立学園,成立学園,2,三菱養和(B),三菱養和,3,成立学園鷲宮Ｇ,2024_T1-1.pdf
2024,T1,2024-05-06,18:30,駒澤大高,駒澤大高,2,FC東京(B),FC東京,3,駒沢第二球技場,2024_T1-1.pdf
2024,T1,2024-05-06,17:00,実践学園,実践学園,2,堀越,堀越,0,実践学園高尾G,2024_T1-1.pdf
2024,T1,2024-05-05,18:00,町田ゼルビア,町田ゼルビア,2,多摩大目黒,多摩大学目黒,2,NICHIBUN SAKURA FIELD,2024_T1-1.pdf
2024,T1,2024-05-06,18:00,国士舘,国士舘,2,横河武蔵野,横河武蔵野,1,横河電機G,2024_T1-1.pdf
2024,T1,2024-06-15,16:30,FC東京(B),FC東京,3,成立学園,成立学園,3,東京ガス武蔵野苑多目的G,2024_T1-1.pdf
2024,T1,2024-07-10,18:00,駒澤大高,駒澤大高,2,堀越,堀越,2,駒沢第二球技場,2024_T1-1.pdf
2024,T1,2024-06-15,18:00,多摩大目黒,多摩大学目黒,1,実践学園,実践学園,1,東戸塚フットボールパーク,2024_T1-1.pdf
2024,T1,2024-06-16,18:00,横河武蔵野,横河武蔵野,2,町田ゼルビア,町田ゼルビア,1,横河電機G,2024_T1-1.pdf
2024,T1,2024-06-15,17:00,国士舘,国士舘,2,三菱養和(B),三菱養和,1,三菱養和巣鴨G,2024_T1-1.pdf
2024,T1,2024-06-23,10:00,成立学園,成立学園,1,堀越,堀越,0,成立学園鷲宮Ｇ,2024_T1-1.pdf
2024,T1,2024-06-23,18:00,多摩大目黒,多摩大学目黒,2,駒澤大高,駒澤大高,1,東戸塚フットボールパーク,2024_T1-1.pdf
2024,T1,2024-06-23,17:00,実践学園,実践学園,1,町田ゼルビア,町田ゼルビア,3,実践学園高尾G,2024_T1-1.pdf
2024,T1,2024-06-23,17:00,国士舘,国士舘,2,FC東京(B),FC東京,0,東京ガス武蔵野苑多目的G,2024_T1-1.pdf
2024,T1,2024-06-23,17:00,三菱養和(B),三菱養和,2,横河武蔵野,横河武蔵野,2,三菱養和巣鴨G,2024_T1-1.pdf
2024,T1,2024-06-30,18:00,多摩大目黒,多摩大学目黒,2,成立学園,成立学園,1,東戸塚フットボールパーク,2024_T1-1.pdf
2024,T1,2024-06-30,10:30,町田ゼルビア,町田ゼルビア,3,駒澤大高,駒澤大高,0,NICHIBUN SAKURA FIELD,2024_T1-1.pdf
2024,T1,2024-06-30,18:00,横河武蔵野,横河武蔵野,1,実践学園,実践学園,3,横河電機G,2024_T1-1.pdf
2024,T1,2024-06-30,10:00,国士舘,国士舘,2,堀越,堀越,3,堀越学園総合G,2024_T1-1.pdf
2024,T1,2024-06-29,17:00,三菱養和(B),三菱養和,2,FC東京(B),FC東京,0,三菱養和巣鴨G,2024_T1-1.pdf
2024,T1,2024-07-07,16:00,成立学園,成立学園,0,町田ゼルビア,町田ゼルビア,3,成立学園鷲宮Ｇ,2024_T1-1.pdf
2024,T1,2024-08-23,18:00,駒澤大高,駒澤大高,3,実践学園,実践学園,1,駒沢第二球技場,2024_T1-1.pdf
2024,T1,2024-07-06,18:00,多摩大目黒,多摩大学目黒,0,国士舘,国士舘,3,東戸塚フットボールパーク,2024_T1-1.pdf
2024,T1,2024-07-07,18:00,堀越,堀越,4,三菱養和(B),三菱養和,0,堀越学園総合G,2024_T1-1.pdf
2024,T1,2024-10-14,13:00,FC東京(B),FC東京,,横河武蔵野,横河武蔵野,,東京ガス武蔵野苑多目的G,2024_T1-1.pdf
2024,T1,2024-07-14,17:00,実践学園,実践学園,1,成立学園,成立学園,1,実践学園高尾G,2024_T1-1.pdf
2024,T1,2024-07-13,18:30,駒澤大高,駒澤大高,4,横河武蔵野,横河武蔵野,3,駒沢第二球技場,2024_T1-1.pdf
2024,T1,2024-07-15,18:00,国士舘,国士舘,2,町田ゼルビア,町田ゼルビア,0,NICHIBUN SAKURA FIELD,2024_T1-1.pdf
2024,T1,2024-07-14,17:00,三菱養和(B),三菱養和,0,多摩大目黒,多摩大学目黒,1,三菱養和巣鴨G,2024_T1-1.pdf
2024,T1,2024-06-26,18:30,FC東京(B),FC東京,2,堀越,堀越,2,東京ガス武蔵野苑多目的G,2024_T1-1.pdf
2024,T1,2024-07-19,18:00,駒澤大高,駒澤大高,4,成立学園,成立学園,3,駒沢第二球技場,2024_T1-1.pdf
2024,T1,2024-07-21,17:00,実践学園,実践学園,1,国士舘,国士舘,4,実践学園高尾G,2024_T1-1.pdf
2024,T1,2024-07-21,18:00,町田ゼルビア,町田ゼルビア,5,三菱養和(B),三菱養和,0,NICHIBUN SAKURA FIELD,2024_T1-1.pdf
2024,T1,2024-08-25,18:00,多摩大目黒,多摩大学目黒,2,FC東京(B),FC東京,1,東戸塚フットボールパーク,2024_T1-1.pdf
2024,T1,2024-08-28,18:00,堀越,堀越,6,横河武蔵野,横河武蔵野,0,堀越学園総合G,2024_T1-1.pdf
2024,T2,2024-06-19,18:00,横河武蔵野,横河武蔵野,3,町田ゼルビア (B),町田ゼルビア,1,横河電機G,2024_T2-1.pdf
2024,T2,2024-11-13,16:00,東海大高輪台,東海大高輪台,1,関東第一(B),関東第一,2,東海大高輪台総合G,2024_T2-1.pdf
2024,T2,2024-04-29,10:00,国士舘,国士舘,0,都・東久留米,東久留米総合,1,都・東久留米G,2024_T2-1.pdf
2024,T2,2024-06-18,17:00,三菱養和(B),三菱養和,1,多摩大目黒,多摩大学目黒,2,無観客,2024_T2-1.pdf
2024,T2,2024-04-29,12:00,駒澤大高(B),駒澤大高,2,國學院久我山 (B),国学院久我山,1,國學院大相模原Ｇ,2024_T2-1.pdf
2024,T2,2024-05-03,15:00,横河武蔵野,横河武蔵野,2,関東第一(B),関東第一,1,横河電機G,2024_T2-1.pdf
2024,T2,2024-12-18,13:30,東海大高輪台,東海大高輪台,1,国士館,国士館,3,東海大高輪台総合G,2024_T2-1.pdf
2024,T2,2024-05-03,19:00,多摩大目黒,多摩大学目黒,2,東久留米総合,東久留米総合,1,東戸塚フットボールパーク,2024_T2-1.pdf
2024,T2,2024-05-03,17:00,國學院久我山 (B),国学院久我山,2,三菱養和(B),三菱養和,2,無観客,2024_T2-1.pdf
2024,T2,2024-05-02,18:30,駒澤大高(B),駒澤大高,2,町田ゼルビア (B),町田ゼルビア,0,駒沢補助競技場,2024_T2-1.pdf
2024,T2,2024-10-10,17:00,横河武蔵野,横河武蔵野,3,国士舘,国士舘,1,横河電機G,2024_T2-1.pdf
2024,T2,2024-05-08,18:00,多摩大目黒,多摩大学目黒,4,東海大高輪台,東海大高輪台,0,東戸塚フットボールパーク,2024_T2-1.pdf
2024,T2,2024-05-08,14:45,國學院久我山 (B),国学院久我山,1,都・東久留米,東久留米総合,0,國學院大たまプラーザＧ,2024_T2-1.pdf
2024,T2,2024-05-08,15:30,三菱養和(B),三菱養和,1,駒澤大高(B),駒澤大高,3,無観客,2024_T2-1.pdf
2024,T2,2024-05-07,16:15,関東第一(B),関東第一,2,町田ゼルビア (B),町田ゼルビア,1,駒沢補助競技場,2024_T2-1.pdf
2024,T2,2024-06-26,18:45,多摩大目黒,多摩大学目黒,5,横河武蔵野,横河武蔵野,1,東戸塚フットボールパーク,2024_T2-1.pdf
2024,T2,2024-11-23,10:00,國學院久我山 (B),国学院久我山,0,東海大高輪台,東海大高輪台,3,國學院大相模原Ｇ,2024_T2-1.pdf
2024,T2,2024-08-17,17:00,都・東久留米,東久留米総合,1,駒澤大高(B),駒澤大高,0,都・東久留米G,2024_T2-1.pdf
2024,T2,2024-06-25,17:00,三菱養和(B),三菱養和,2,町田ゼルビア (B),町田ゼルビア,0,無観客,2024_T2-1.pdf
2024,T2,2024-10-30,10:00,国士舘,国士舘,2,関東第一(B),関東第一,2,無観客,2024_T2-1.pdf
2024,T2,2024-07-03,17:45,横河武蔵野,横河武蔵野,3,國學院久我山 (B),国学院久我山,2,横河電機G,2024_T2-1.pdf
2024,T2,2024-07-03,9:30,東海大高輪台,東海大高輪台,3,駒澤大高(B),駒澤大高,1,東海大高輪台総合G,2024_T2-1.pdf
2024,T2,2024-07-02,17:00,都・東久留米,東久留米総合,0,三菱養和(B),三菱養和,2,都・東久留米G,2024_T2-1.pdf
2024,T2,2024-07-02,18:00,関東第一(B),関東第一,2,多摩大目黒,多摩大学目黒,2,東戸塚フットボールパーク,2024_T2-1.pdf
2024,T2,2024-07-03,18:00,国士舘,国士舘,3,町田ゼルビア (B),町田ゼルビア,5,駒沢第二球技場,2024_T2-1.pdf
2024,T2,2024-10-30,16:00,横河武蔵野,横河武蔵野,1,駒澤大高(B),駒澤大高,1,横河電機G,2024_T2-1.pdf
2024,T2,2024-07-10,17:00,三菱養和(B),三菱養和,2,東海大高輪台,東海大高輪台,0,無観客,2024_T2-1.pdf
2024,T2,2024-07-10,17:00,町田ゼルビア (B),町田ゼルビア,1,都・東久留米,東久留米総合,1,都・東久留米G,2024_T2-1.pdf
2024,T2,2024-07-10,14:45,國學院久我山 (B),国学院久我山,3,関東第一(B),関東第一,1,國學院大相模原Ｇ,2024_T2-1.pdf
2024,T2,2024-07-10,19:00,多摩大目黒,多摩大学目黒,5,国士舘,国士舘,1,東戸塚フットボールパーク,2024_T2-1.pdf
2024,T2,2024-10-23,18:00,横河武蔵野,横河武蔵野,0,三菱養和(B),三菱養和,3,横河電機G,2024_T2-1.pdf
2024,T2,2024-10-30,15:00,都・東久留米,東久留米総合,2,東海大高輪台,東海大高輪台,0,都・東久留米G,2024_T2-1.pdf
2024,T2,2024-11-11,17:45,関東第一(B),関東第一,1,駒澤大高(B),駒澤大高,0,駒沢第二球技場,2024_T2-1.pdf
2024,T2,2024-07-17,14:45,國學院久我山 (B),国学院久我山,1,国士舘,国士舘,0,國學院大相模原Ｇ,2024_T2-1.pdf
2024,T2,2024-11-03,18:00,多摩大目黒,多摩大学目黒,5,町田ゼルビア (B),町田ゼルビア,3,東戸塚フットボールパーク,2024_T2-1.pdf
2024,T2,2024-07-24,17:00,都・東久留米,東久留米総合,2,横河武蔵野,横河武蔵野,0,都・東久留米G,2024_T2-1.pdf
2024,T2,2024-10-10,16:00,町田ゼルビア (B),町田ゼルビア,1,東海大高輪台,東海大高輪台,2,小野路G,2024_T2-1.pdf
2024,T2,2024-08-03,17:00,三菱養和(B),三菱養和,0,関東第一(B),関東第一,3,無観客,2024_T2-1.pdf
2024,T2,2024-07-22,9:30,駒澤大高(B),駒澤大高,0,国士舘,国士舘,1,稲城長峰ヴェルディフィールド,2024_T2-1.pdf
2024,T2,2024-07-23,16:45,國學院久我山 (B),国学院久我山,1,多摩大目黒,多摩大学目黒,6,國學院大たまプラーザＧ,2024_T2-1.pdf
2024,T2,2024-08-21,17:00,東海大高輪台,東海大高輪台,4,横河武蔵野,横河武蔵野,5,東海大高輪台総合G,2024_T2-1.pdf
2024,T2,2024-08-20,17:00,関東第一(B),関東第一,3,都・東久留米,東久留米総合,2,都・東久留米G,2024_T2-1.pdf
2024,T2,2024-08-21,17:00,国士館,国士館,1,三菱養和(B),三菱養和,2,無観客,2024_T2-1.pdf
2024,T2,2024-08-21,19:00,駒澤大高(B),駒澤大高,1,多摩大目黒,多摩大学目黒,3,東戸塚フットボールパーク,2024_T2-1.pdf
2024,T2,2024-08-20,10:00,町田ゼルビア (B),町田ゼルビア,2,國學院久我山 (B),国学院久我山,6,清瀬内山 B面,2024_T2-1.pdf
2024,T2,2024-09-01,16:00,帝京(B),帝京,,大成,大成,,帝京科学大千住総合G,2024_T2-2.pdf
2024,T2,2024-09-01,10:00,東海大高輪台,東海大高輪台,,関東第一,関東第一,,東海大高輪台G,2024_T2-2.pdf
2024,T2,2024-09-01,12:00,國學院久我山(B),国学院久我山,,修徳,修徳,,國學院大學たまプラーザG,2024_T2-2.pdf
2024,T2,2024-08-31,18:30,早稲田実業,早稲田実業,,東京朝鮮,東京朝鮮,,早稲田大学東伏見G,2024_T2-2.pdf
2024,T2,2024-08-31,16:00,駒澤大高(B),駒澤大高,,都・東久留米総合,東久留米総合,,都・東久留米G,2024_T2-2.pdf
2024,T2,2024-09-08,10:00,大成,大成,,東海大高輪台,東海大高輪台,,東海大高輪台G,2024_T2-2.pdf
2024,T2,2024-09-07,10:00,未定 関東第一,未定関東第一,,國學院久我山(B),国学院久我山,,國學院大學たまプラーザG,2024_T2-2.pdf
2024,T2,2024-09-07,17:00,修徳,修徳,,東京朝鮮,東京朝鮮,,東京朝鮮高G,2024_T2-2.pdf
2024,T2,2024-09-07,18:30,早稲田実業,早稲田実業,,駒澤大高(B),駒澤大高,,早稲田大学東伏見G,2024_T2-2.pdf
2024,T2,2024-09-08,18:30,未定 都・東久留米総合,未定都・東久留米総合,,帝京(B),帝京,,都・東久留米G,2024_T2-2.pdf
2024,T2,2024-09-16,13:30,國學院久我山(B),国学院久我山,,大成,大成,,國學院大學たまプラーザG,2024_T2-2.pdf
2024,T2,2024-09-14,17:00,東京朝鮮,東京朝鮮,,関東第一,関東第一,,東京朝鮮高G,2024_T2-2.pdf
2024,T2,2024-09-13,18:30,修徳,修徳,,駒澤大高(B),駒澤大高,,駒沢第二球技場,2024_T2-2.pdf
2024,T2,2024-09-15,18:30,早稲田実業,早稲田実業,,都・東久留米総合,東久留米総合,,早稲田大学東伏見G,2024_T2-2.pdf
2024,T2,2024-09-14,16:00,帝京(B),帝京,,東海大高輪台,東海大高輪台,,帝京科学大千住総合G,2024_T2-2.pdf
2024,T2,2024-09-22,16:00,未定 大成,未定大成,,東京朝鮮,東京朝鮮,,東京朝鮮高G,2024_T2-2.pdf
2024,T2,2024-09-22,10:00,9/20-9/23 未定 関東第一,9/20-9/23未定関東第一,,駒澤大高(B),駒澤大高,,未定,2024_T2-2.pdf
2024,T2,2024-09-21,10:00,修徳,修徳,,都・東久留米総合,東久留米総合,,都・東久留米G,2024_T2-2.pdf
2024,T2,2024-09-22,15:00,帝京(B),帝京,,早稲田実業,早稲田実業,,帝京科学大千住総合G,2024_T2-2.pdf
2024,T2,2024-09-23,11:00,國學院久我山(B),国学院久我山,,東海大高輪台,東海大高輪台,,國學院大學たまプラーザG,2024_T2-2.pdf
2024,T2,2024-09-23,11:00,9/27-9/30 未定 駒澤大高(B),9/27-9/30未定駒澤大高,,大成,大成,,駒澤大学玉川校舎G　??,2024_T2-2.pdf
2024,T2,2024-09-28,16:00,都・東久留米総合,東久留米総合,,関東第一,関東第一,,都・東久留米G,2024_T2-2.pdf
2024,T2,2024-09-28,18:30,修徳,修徳,,早稲田実業,早稲田実業,,早稲田大学東伏見G,2024_T2-2.pdf
2024,T2,2024-09-29,10:00,東海大高輪台,東海大高輪台,,東京朝鮮,東京朝鮮,,東海大高輪台G,2024_T2-2.pdf
2024,T2,2024-09-29,14:30,帝京(B),帝京,,國學院久我山(B),国学院久我山,,帝京科学大千住総合G,2024_T2-2.pdf
2024,T2,2024-10-06,10:00,大成,大成,,都・東久留米総合,東久留米総合,,都・東久留米G,2024_T2-2.pdf
2024,T2,2024-10-05,18:30,関東第一,関東第一,,早稲田実業,早稲田実業,,早稲田大学東伏見G,2024_T2-2.pdf
2024,T2,2024-10-05,16:00,修徳,修徳,,帝京(B),帝京,,帝京科学大千住総合G,2024_T2-2.pdf
2024,T2,2024-10-06,10:00,駒澤大高(B),駒澤大高,,東海大高輪台,東海大高輪台,,東海大高輪台G,2024_T2-2.pdf
2024,T2,2024-10-05,18:00,國學院久我山(B),国学院久我山,,東京朝鮮,東京朝鮮,,東京朝鮮高G,2024_T2-2.pdf
2024,T2,2024-11-17,18:30,早稲田実業,早稲田実業,,大成,大成,,早稲田大学東伏見G,2024_T2-2.pdf
2024,T2,2024-11-17,18:30,11/15-11/18 未定 修徳,11/15-11/18未定修徳,,関東第一,関東第一,,未定,2024_T2-2.pdf
2024,T2,2024-11-17,10:00,東海大高輪台,東海大高輪台,,都・東久留米総合,東久留米総合,,東海大高輪台G,2024_T2-2.pdf
2024,T2,2024-11-17,18:00,國學院久我山(B),国学院久我山,,駒澤大高(B),駒澤大高,,國學院大學たまプラーザG,2024_T2-2.pdf
2024,T2,2024-11-16,17:00,帝京(B),帝京,,東京朝鮮,東京朝鮮,,帝京科学大千住総合G,2024_T2-2.pdf
2024,T2,2024-11-24,16:00,大成,大成,,修徳,修徳,,清瀬内山 C面,2024_T2-2.pdf
2024,T2,2024-11-24,16:30,関東第一,関東第一,,帝京(B),帝京,,帝京科学大千住総合G,2024_T2-2.pdf
2024,T2,2024-11-23,12:30,東海大高輪台,東海大高輪台,,早稲田実業,早稲田実業,,東海大高輪台G,2024_T2-2.pdf
2024,T2,2024-11-24,18:00,國學院久我山(B),国学院久我山,,都・東久留米総合,東久留米総合,,國學院大學たまプラーザG,2024_T2-2.pdf
2024,T2,2024-11-24,10:00,駒澤大高(B),駒澤大高,,東京朝鮮,東京朝鮮,,東京朝鮮高G,2024_T2-2.pdf
2024,T2,2024-11-24,10:00,11/29-12/1 未定 関東第一,11/29-12/1未定関東第一,,大成,大成,,未定,2024_T2-2.pdf
2024,T2,2024-12-01,10:00,東海大高輪台,東海大高輪台,,修徳,修徳,,東海大高輪台G,2024_T2-2.pdf
2024,T2,2024-12-01,15:00,國學院久我山(B),国学院久我山,,早稲田実業,早稲田実業,,國學院大學たまプラーザG,2024_T2-2.pdf
2024,T2,2024-12-01,10:00,東京朝鮮,東京朝鮮,,都・東久留米総合,東久留米総合,,東京朝鮮高G,2024_T2-2.pdf
2024,T2,2024-11-30,16:00,帝京(B),帝京,,駒澤大高(B),駒澤大高,,帝京科学大千住総合G,2024_T2-2.pdf
2024,T3A,2024-04-07,13:45,都・石神井,石神井,1,昭和第一学園,昭和第一学園,0,清瀬内山 A面,2024_T3A.pdf
2024,T3A,2024-04-08,18:30,日大三高,日大三高,2,多摩大目黒(B),多摩大学目黒,2,駒沢第二球技場,2024_T3A.pdf
2024,T3A,2024-04-04,11:45,日大豊山,日大豊山,0,早大学院,早大学院,0,駒沢第二球技場,2024_T3A.pdf
2024,T3A,2024-04-05,13:00,駿台学園,駿台学園,1,成立学園(B),成立学園,1,赤羽スポーツの森公園,2024_T3A.pdf
2024,T3A,2024-04-04,14:00,東海大菅生,東海大菅生,4,暁星,暁星,0,東海大菅生学びの城G,2024_T3A.pdf
2024,T3A,2024-05-06,18:00,多摩大目黒(B),多摩大学目黒,1,都・石神井,石神井,2,東戸塚フットボールパーク,2024_T3A.pdf
2024,T3A,2024-05-06,14:00,早大学院,早大学院,0,日大三高,日大三高,1,早大学院G,2024_T3A.pdf
2024,T3A,2024-07-14,9:00,成立学園(B),成立学園,2,日大豊山,日大豊山,2,成立学園鷲宮G,2024_T3A.pdf
2024,T3A,2024-05-06,11:45,暁星,暁星,4,駿台学園,駿台学園,5,駒沢第二球技場,2024_T3A.pdf
2024,T3A,2024-05-06,14:00,昭和第一学園,昭和第一学園,1,東海大菅生,東海大菅生,2,東海大菅生学びの城G,2024_T3A.pdf
2024,T3A,2024-06-16,14:00,都・石神井,石神井,0,早大学院,早大学院,0,早大学院G,2024_T3A.pdf
2024,T3A,2024-06-16,13:00,日大三高,日大三高,1,成立学園(B),成立学園,0,日大三高G,2024_T3A.pdf
2024,T3A,2024-07-21,9:00,日大豊山,日大豊山,2,暁星,暁星,0,日大豊山中台G,2024_T3A.pdf
2024,T3A,2024-06-16,16:00,駿台学園,駿台学園,1,東海大菅生,東海大菅生,0,東海大菅生学びの城G,2024_T3A.pdf
2024,T3A,2024-06-16,18:00,昭和第一学園,昭和第一学園,1,多摩大目黒(B),多摩大学目黒,2,東戸塚フットボールパーク,2024_T3A.pdf
2024,T3A,2024-06-23,14:00,成立学園(B),成立学園,1,都・石神井,石神井,2,成立学園鷲宮G,2024_T3A.pdf
2024,T3A,2024-06-23,14:00,暁星,暁星,2,日大三高,日大三高,2,日大三高G,2024_T3A.pdf
2024,T3A,2024-06-23,16:00,東海大菅生,東海大菅生,4,日大豊山,日大豊山,2,東海大菅生学びの城G,2024_T3A.pdf
2024,T3A,2024-06-23,16:30,駿台学園,駿台学園,2,昭和第一学園,昭和第一学園,0,日大豊山中台G,2024_T3A.pdf
2024,T3A,2024-06-23,10:00,早大学院,早大学院,3,多摩大目黒(B),多摩大学目黒,2,早大学院G,2024_T3A.pdf
2024,T3A,2024-06-28,18:30,都・石神井,石神井,3,暁星,暁星,0,駒沢第二球技場,2024_T3A.pdf
2024,T3A,2024-06-30,14:00,日大三高,日大三高,4,東海大菅生,東海大菅生,0,日大三高G,2024_T3A.pdf
2024,T3A,2024-06-30,14:00,日大豊山,日大豊山,2,駿台学園,駿台学園,5,日大豊山中台G,2024_T3A.pdf
2024,T3A,2024-06-29,18:00,多摩大目黒(B),多摩大学目黒,2,成立学園(B),成立学園,1,東戸塚フットボールパーク,2024_T3A.pdf
2024,T3A,2024-06-30,10:00,昭和第一学園,昭和第一学園,2,早大学院,早大学院,0,早大学院G,2024_T3A.pdf
2024,T3A,2024-07-07,16:00,東海大菅生,東海大菅生,2,都・石神井,石神井,1,菅生学園学びの城G,2024_T3A.pdf
2024,T3A,2024-07-07,16:00,駿台学園,駿台学園,2,日大三高,日大三高,2,日大三高G,2024_T3A.pdf
2024,T3A,2024-07-07,16:00,昭和第一学園,昭和第一学園,0,日大豊山,日大豊山,2,昭和第一学園高G,2024_T3A.pdf
2024,T3A,2024-07-07,18:00,暁星,暁星,1,多摩大目黒(B),多摩大学目黒,3,東戸塚フットボールパーク,2024_T3A.pdf
2024,T3A,2024-07-07,9:00,早大学院,早大学院,0,成立学園(B),成立学園,1,早大学院G,2024_T3A.pdf
2024,T3A,2024-08-30,18:00,都・石神井,石神井,,駿台学園,駿台学園,,清瀬内山 B面,2024_T3A.pdf
2024,T3A,2024-08-30,16:00,日大豊山,日大豊山,,日大三高,日大三高,,日大三高G,2024_T3A.pdf
2024,T3A,2024-09-01,18:00,多摩大目黒(B),多摩大学目黒,,東海大菅生,東海大菅生,,東戸塚フットボールパーク,2024_T3A.pdf
2024,T3A,2024-09-01,9:30,早大学院,早大学院,,暁星,暁星,,早大学院G,2024_T3A.pdf
2024,T3A,2024-09-01,10:00,成立学園(B),成立学園,,昭和第一学園,昭和第一学園,,成立学園鷲宮G,2024_T3A.pdf
2024,T3A,2024-09-22,14:00,日大豊山,日大豊山,,都・石神井,石神井,,日大豊山中台G,2024_T3A.pdf
2024,T3A,2024-09-23,14:00,日大三高,日大三高,,昭和第一学園,昭和第一学園,,日大三高G,2024_T3A.pdf
2024,T3A,2024-09-21,18:00,駿台学園,駿台学園,,多摩大目黒(B),多摩大学目黒,,東戸塚フットボールパーク,2024_T3A.pdf
2024,T3A,2024-09-23,14:00,東海大菅生,東海大菅生,,早大学院,早大学院,,東海大菅生学びの城G,2024_T3A.pdf
2024,T3A,2024-09-23,11:00,暁星,暁星,,成立学園(B),成立学園,,成立学園鷲宮G,2024_T3A.pdf
2024,T3A,2024-10-01,13:00,都・石神井,石神井,,日大三高,日大三高,,日大三高G,2024_T3A.pdf
2024,T3A,2024-09-28,18:00,多摩大目黒(B),多摩大学目黒,,日大豊山,日大豊山,,東戸塚フットボールパーク,2024_T3A.pdf
2024,T3A,2024-10-01,9:30,早大学院,早大学院,,駿台学園,駿台学園,,早大学院G,2024_T3A.pdf
2024,T3A,2024-09-28,11:00,成立学園(B),成立学園,,東海大菅生,東海大菅生,,成立学園鷲宮G,2024_T3A.pdf
2024,T3A,2024-09-29,15:30,昭和第一学園,昭和第一学園,,暁星,暁星,,昭和第一学園高G,2024_T3A.pdf
2024,T3B,2024-04-04,14:00,関東第一(B),関東第一,2,都・国分寺,国分寺,1,駒沢第二球技場,2024_T3B.pdf
2024,T3B,2024-04-03,15:00,トリプレッタ,トリプレッタ,1,帝京(C),帝京,1,帝京科学大千住総合G,2024_T3B.pdf
2024,T3B,2024-04-05,16:30,創価,創価,1,横河武蔵野(B),横河武蔵野,0,横河電機G,2024_T3B.pdf
2024,T3B,2024-04-07,13:45,実践学園(B),実践学園,3,東京,東京,1,実践学園高尾G,2024_T3B.pdf
2024,T3B,2024-04-07,15:45,町田ゼルビア(B),町田ゼルビア,1,國學院久我山(C),国学院久我山,3,NICHIBUN SAKURA FIELD,2024_T3B.pdf
2024,T3B,2024-05-03,15:00,帝京(C),帝京,4,関東第一(B),関東第一,3,帝京科学大千住総合G,2024_T3B.pdf
2024,T3B,2024-05-04,18:30,横河武蔵野(B),横河武蔵野,0,トリプレッタ,トリプレッタ,1,横河電機G,2024_T3B.pdf
2024,T3B,2024-05-06,14:00,東京,東京,1,創価,創価,1,駒沢第二球技場,2024_T3B.pdf
2024,T3B,2024-05-06,13:45,國學院久我山(C),国学院久我山,0,実践学園(B),実践学園,2,実践学園高尾G,2024_T3B.pdf
2024,T3B,2024-05-06,10:30,都・国分寺,国分寺,0,町田ゼルビア(B),町田ゼルビア,2,NICHIBUN SAKURA FIELD,2024_T3B.pdf
2024,T3B,2024-05-06,10:30,未定 未定 関東第一(B),未定未定関東第一,,横河武蔵野(B),横河武蔵野,,未定,2024_T3B.pdf
2024,T3B,2024-06-14,18:30,トリプレッタ,トリプレッタ,2,東京,東京,1,清瀬内山 B面,2024_T3B.pdf
2024,T3B,2024-06-16,18:00,創価,創価,3,國學院久我山(C),国学院久我山,3,國學院大學たまプラーザG,2024_T3B.pdf
2024,T3B,2024-06-16,17:00,実践学園(B),実践学園,1,町田ゼルビア(B),町田ゼルビア,0,実践学園高尾G,2024_T3B.pdf
2024,T3B,2024-06-16,15:00,都・国分寺,国分寺,1,帝京(C),帝京,4,帝京科学大千住総合G,2024_T3B.pdf
2024,T3B,2024-06-21,16:15,東京,東京,2,関東第一(B),関東第一,3,新砂サッカー場,2024_T3B.pdf
2024,T3B,2024-06-23,9:10,國學院久我山(C),国学院久我山,0,トリプレッタ,トリプレッタ,5,高井戸公園サッカー場,2024_T3B.pdf
2024,T3B,2024-06-22,18:30,町田ゼルビア(B),町田ゼルビア,2,創価,創価,2,NICHIBUN SAKURA FIELD,2024_T3B.pdf
2024,T3B,2024-06-23,13:45,実践学園(B),実践学園,0,都・国分寺,国分寺,0,実践学園高尾G,2024_T3B.pdf
2024,T3B,2024-06-22,18:30,横河武蔵野(B),横河武蔵野,0,帝京(C),帝京,6,横河電機G,2024_T3B.pdf
2024,T3B,2024-06-28,18:00,関東第一(B),関東第一,2,國學院久我山(C),国学院久我山,3,清瀬内山 A面,2024_T3B.pdf
2024,T3B,2024-06-29,18:30,トリプレッタ,トリプレッタ,1,町田ゼルビア(B),町田ゼルビア,1,NICHIBUN SAKURA FIELD,2024_T3B.pdf
2024,T3B,2024-06-29,15:30,創価,創価,3,実践学園(B),実践学園,1,実践学園高尾G,2024_T3B.pdf
2024,T3B,2024-06-29,18:30,帝京(C),帝京,5,東京,東京,1,帝京科学大千住総合G,2024_T3B.pdf
2024,T3B,2024-06-29,19:00,都・国分寺,国分寺,1,横河武蔵野(B),横河武蔵野,2,横河電機G,2024_T3B.pdf
2024,T3B,2024-06-29,19:00,未定 未定 町田ゼルビア(B),未定未定町田ゼルビア,,関東第一(B),関東第一,,未定,2024_T3B.pdf
2024,T3B,2024-07-08,19:05,未定 未定 実践学園(B),未定未定実践学園,,トリプレッタ,トリプレッタ,,未定,2024_T3B.pdf
2024,T3B,2024-07-08,19:05,都・国分寺,国分寺,0,創価,創価,1,清瀬内山 C面,2024_T3B.pdf
2024,T3B,2024-07-07,16:00,國學院久我山(C),国学院久我山,2,帝京(C),帝京,6,帝京科学大千住総合G,2024_T3B.pdf
2024,T3B,2024-07-14,19:00,横河武蔵野(B),横河武蔵野,1,東京,東京,3,横河電機G,2024_T3B.pdf
2024,T3B,2024-09-01,13:45,関東第一(B),関東第一,,実践学園(B),実践学園,,実践学園高尾G,2024_T3B.pdf
2024,T3B,2024-08-31,18:30,創価,創価,,トリプレッタ,トリプレッタ,,清瀬内山 C面,2024_T3B.pdf
2024,T3B,2024-08-31,16:30,帝京(C),帝京,,町田ゼルビア(B),町田ゼルビア,,帝京科学大千住総合G,2024_T3B.pdf
2024,T3B,2024-08-31,19:00,横河武蔵野(B),横河武蔵野,,國學院久我山(C),国学院久我山,,横河電機G,2024_T3B.pdf
2024,T3B,2024-09-01,15:15,東京,東京,,都・国分寺,国分寺,,都・国分寺高G,2024_T3B.pdf
2024,T3B,2024-09-20,18:00,創価,創価,,関東第一(B),関東第一,,駒沢第二球技場,2024_T3B.pdf
2024,T3B,2024-09-23,16:00,トリプレッタ,トリプレッタ,,都・国分寺,国分寺,,東海大菅生学びの城G,2024_T3B.pdf
2024,T3B,2024-09-23,13:45,実践学園(B),実践学園,,帝京(C),帝京,,実践学園高尾G,2024_T3B.pdf
2024,T3B,2024-09-23,17:00,町田ゼルビア(B),町田ゼルビア,,横河武蔵野(B),横河武蔵野,,NICHIBUN SAKURA FIELD,2024_T3B.pdf
2024,T3B,2024-09-23,13:30,國學院久我山(C),国学院久我山,,東京,東京,,國學院大學たまプラーザG,2024_T3B.pdf
2024,T3B,2024-10-01,14:00,関東第一(B),関東第一,,トリプレッタ,トリプレッタ,,駒沢第二球技場,2024_T3B.pdf
2024,T3B,2024-09-29,17:00,帝京(C),帝京,,創価,創価,,帝京科学大千住総合G,2024_T3B.pdf
2024,T3B,2024-09-28,19:00,横河武蔵野(B),横河武蔵野,,実践学園(B),実践学園,,横河電機G,2024_T3B.pdf
2024,T3B,2024-09-28,18:40,東京,東京,,町田ゼルビア(B),町田ゼルビア,,NICHIBUN SAKURA FIELD,2024_T3B.pdf
2024,T3B,2024-10-01,9:30,都・国分寺,国分寺,,國學院久我山(C),国学院久我山,,駒沢第二球技場,2024_T3B.pdf
2024,T4,2024-11-12,16:30,1/2位 帝京(B),1/2位帝京,3,多摩大目黒（B）,多摩大学目黒,2,帝京大千住総合G,2024_T4.pdf
2024,T4,2024-11-18,18:30,3/4位 創価,3/4位創価,1,目白研心,目白研心,0,駒沢第二球技場,2024_T4.pdf
2024,T4,2024-12-18,10:00,5/6位 堀越(B),5/6位堀越,4,大森学園,大森学園,5,堀越学園総合G,2024_T4.pdf
2024,T4,2024-11-13,16:00,7/8位 実践学園(C),7/8位実践学園,3,都・駒場,駒場,0,無観客,2024_T4.pdf
2024,T4,2024-12-10,15:30,9/10位 駒大高(D),9/10位駒大高,1,昭和第一学園,昭和第一学園,3,昭和第一G,2024_T4.pdf
2024,T4,2024-12-17,12:30,11/12位 都・東大和,11/12位都・東大和,1,都・東大和南,東大和南,3,清瀬内山　C面,2024_T4.pdf
2024,T4,2024-12-17,18:15,13/14位 都・国分寺,13/14位都・国分寺,2,都・葛飾野,葛飾野,1,清瀬内山　C面,2024_T4.pdf
2024,T4,2024-12-24,14:00,15/16位 狛江,15/16位狛江,0,東農大一,農大一,1,埼玉スタジアム 第4G,2024_T4.pdf
2024,T4,2024-12-02,18:00,17/18位 日体大荏原,17/18位日体大荏原,4,都・府中東,府中東,1,駒沢第二球技場,2024_T4.pdf
2024,T4,2024-12-18,9:00,19/20位 都・東久留米(B),19/20位都・東久留米,0,かえつ有明,かえつ有明,1,かえつ有明G,2024_T4.pdf
2024,T4A,2024-04-05,11:50,東京実業,東京実業,5,武蔵,武蔵,1,Anker フロンタウン生田,2024_T4A.pdf
2024,T4A,2024-04-07,13:00,明星学園,明星学園,2,修徳(B),修徳,2,NICHIBUN SAKURA FIELD,2024_T4A.pdf
2024,T4A,2024-04-07,18:30,保善,保善,0,都・駒場,駒場,1,清瀬内山 A面,2024_T4A.pdf
2024,T4A,2024-04-07,13:00,東京農大一,農大一,1,堀越(B),堀越,3,堀越学園総合G,2024_T4A.pdf
2024,T4A,2024-04-07,13:30,東海大高輪台(B),東海大高輪台,3,都・狛江,狛江,3,東海大高輪台G,2024_T4A.pdf
2024,T4A,2024-05-06,9:30,修徳(B),修徳,1,東京実業,東京実業,0,駒沢第二球技場,2024_T4A.pdf
2024,T4A,2024-05-05,10:00,都・駒場,駒場,4,明星学園,明星学園,3,清瀬内山 C面,2024_T4A.pdf
2024,T4A,2024-05-06,10:00,堀越(B),堀越,0,保善,保善,2,堀越学園総合G,2024_T4A.pdf
2024,T4A,2024-05-05,18:30,都・狛江,狛江,4,東京農大一,農大一,1,清瀬内山 C面,2024_T4A.pdf
2024,T4A,2024-05-06,9:30,武蔵,武蔵,0,東海大高輪台(B),東海大高輪台,6,武蔵高G,2024_T4A.pdf
2024,T4A,2024-06-14,19:15,東京実業,東京実業,5,都・駒場,駒場,0,NICHIBUN SAKURA FIELD,2024_T4A.pdf
2024,T4A,2024-06-15,17:00,明星学園,明星学園,0,堀越(B),堀越,0,堀越学園総合G,2024_T4A.pdf
2024,T4A,2024-08-09,17:00,保善,保善,,都・狛江,狛江,,NICHIBUN SAKURA FIELD,2024_T4A.pdf
2024,T4A,2024-06-16,13:30,東京農大一,農大一,0,東海大高輪台(B),東海大高輪台,0,東海大高輪台G,2024_T4A.pdf
2024,T4A,2024-06-16,9:30,武蔵,武蔵,1,修徳(B),修徳,4,武蔵高G,2024_T4A.pdf
2024,T4A,2024-06-23,10:00,堀越(B),堀越,1,東京実業,東京実業,3,堀越学園総合G,2024_T4A.pdf
2024,T4A,2024-06-23,9:45,都・狛江,狛江,1,明星学園,明星学園,0,NICHIBUN SAKURA FIELD,2024_T4A.pdf
2024,T4A,2024-07-15,16:00,東海大高輪台(B),東海大高輪台,0,保善,保善,1,東海大高輪台G,2024_T4A.pdf
2024,T4A,2024-06-23,9:30,東京農大一,農大一,3,武蔵,武蔵,1,武蔵高G,2024_T4A.pdf
2024,T4A,2024-07-19,18:50,都・駒場,駒場,0,修徳(B),修徳,0,夢フィールド C面,2024_T4A.pdf
2024,T4A,2024-06-29,13:30,東京実業,東京実業,1,都・狛江,狛江,0,神奈川工科大学G,2024_T4A.pdf
2024,T4A,2024-06-30,13:30,明星学園,明星学園,2,東海大高輪台(B),東海大高輪台,1,東海大高輪台G,2024_T4A.pdf
2024,T4A,2024-06-30,13:30,未定 未定 保善,未定未定保善,,東京農大一,農大一,,未定,2024_T4A.pdf
2024,T4A,2024-06-29,17:00,修徳(B),修徳,1,堀越(B),堀越,2,堀越学園総合G,2024_T4A.pdf
2024,T4A,2024-06-30,9:00,武蔵,武蔵,0,都・駒場,駒場,3,武蔵高G,2024_T4A.pdf
2024,T4A,2024-07-07,16:00,東海大高輪台(B),東海大高輪台,3,東京実業,東京実業,1,東海大高輪台G,2024_T4A.pdf
2024,T4A,2024-07-15,18:30,東京農大一,農大一,3,明星学園,明星学園,3,東海大高輪台G,2024_T4A.pdf
2024,T4A,2024-07-07,9:00,武蔵,武蔵,0,保善,保善,0,武蔵高G,2024_T4A.pdf
2024,T4A,2024-07-08,19:05,都・狛江,狛江,3,修徳(B),修徳,1,調布西町サッカー場,2024_T4A.pdf
2024,T4A,2024-07-14,17:00,都・駒場,駒場,2,堀越(B),堀越,1,堀越学園総合G,2024_T4A.pdf
2024,T4A,2024-09-01,17:00,未定 東京実業,未定東京実業,,東京農大一,農大一,,未定,2024_T4A.pdf
2024,T4A,2024-08-30,17:00,保善,保善,,明星学園,明星学園,,NICHIBUN SAKURA FIELD,2024_T4A.pdf
2024,T4A,2024-09-01,13:30,修徳(B),修徳,,東海大高輪台(B),東海大高輪台,,東海大高輪台G,2024_T4A.pdf
2024,T4A,2024-09-01,10:00,未定 都・駒場,未定都・駒場,,都・狛江,狛江,,未定,2024_T4A.pdf
2024,T4A,2024-09-01,10:00,堀越(B),堀越,,武蔵,武蔵,,堀越学園総合G,2024_T4A.pdf
2024,T4A,2024-09-23,10:00,保善,保善,,東京実業,東京実業,,NICHIBUN SAKURA FIELD,2024_T4A.pdf
2024,T4A,2024-09-22,9:00,明星学園,明星学園,,武蔵,武蔵,,武蔵高G,2024_T4A.pdf
2024,T4A,2024-09-23,9:00,未定 東京農大一,未定東京農大一,,修徳(B),修徳,,未定,2024_T4A.pdf
2024,T4A,2024-09-22,13:30,東海大高輪台(B),東海大高輪台,,都・駒場,駒場,,東海大高輪台G,2024_T4A.pdf
2024,T4A,2024-09-23,10:00,都・狛江,狛江,,堀越(B),堀越,,堀越学園総合G,2024_T4A.pdf
2024,T4A,2024-09-29,11:00,未定 未定 東京実業,未定未定東京実業,,明星学園,明星学園,,未定,2024_T4A.pdf
2024,T4A,2024-09-29,11:00,修徳(B),修徳,,保善,保善,,保善高校入間G,2024_T4A.pdf
2024,T4A,2024-09-29,11:00,未定 未定 都・駒場,未定未定都・駒場,,東京農大一,農大一,,未定,2024_T4A.pdf
2024,T4A,2024-10-01,18:00,堀越(B),堀越,,東海大高輪台(B),東海大高輪台,,堀越学園総合G,2024_T4A.pdf
2024,T4A,2024-09-29,9:00,武蔵,武蔵,,都・狛江,狛江,,武蔵高G,2024_T4A.pdf
2024,T4B,2024-04-04,18:30,駒澤大高(C),駒澤大高,2,大森FC,大森FC,1,駒沢第二球技場,2024_T4B.pdf
2024,T4B,2024-04-07,11:00,東京成徳,東京成徳大高,5,日本学園,日本学園,0,東京成徳大八千代G,2024_T4B.pdf
2024,T4B,2024-04-04,9:45,大森学園,大森学園,4,都・東大和南,東大和南,1,富士通スタジアム川崎,2024_T4B.pdf
2024,T4B,2024-04-04,16:15,都・東大和,東大和,1,目白研心,目白研心,5,駒沢第二球技場,2024_T4B.pdf
2024,T4B,2024-04-07,17:00,国士舘(B),国士舘,2,実践学園(C),実践学園,0,実践学園高尾G,2024_T4B.pdf
2024,T4B,2024-05-06,9:30,日本学園,日本学園,2,駒澤大高(C),駒澤大高,2,都・東久留米G,2024_T4B.pdf
2024,T4B,2024-05-06,11:00,都・東大和南,東大和南,0,東京成徳,東京成徳大高,2,東京成徳大八千代G,2024_T4B.pdf
2024,T4B,2024-05-06,15:30,目白研心,目白研心,2,大森学園,大森学園,1,NICHIBUN SAKURA FIELD,2024_T4B.pdf
2024,T4B,2024-07-13,17:00,実践学園(C),実践学園,1,都・東大和,東大和,2,実践学園高尾G,2024_T4B.pdf
2024,T4B,2024-05-05,15:45,大森FC,大森FC,0,国士舘(B),国士舘,6,清瀬内山 C面,2024_T4B.pdf
2024,T4B,2024-06-15,19:00,駒澤大高(C),駒澤大高,4,都・東大和南,東大和南,1,NICHIBUN SAKURA FIELD,2024_T4B.pdf
2024,T4B,2024-06-16,10:00,東京成徳,東京成徳大高,1,目白研心,目白研心,1,東京成徳大八千代G,2024_T4B.pdf
2024,T4B,2024-06-16,9:45,大森学園,大森学園,2,実践学園(C),実践学園,1,NICHIBUN SAKURA FIELD,2024_T4B.pdf
2024,T4B,2024-06-15,12:45,都・東大和,東大和,0,国士舘(B),国士舘,2,亜細亜大学日の出キャンパス,2024_T4B.pdf
2024,T4B,2024-06-16,13:45,大森FC,大森FC,2,日本学園,日本学園,3,NICHIBUN SAKURA FIELD,2024_T4B.pdf
2024,T4B,2024-06-24,18:30,目白研心,目白研心,2,駒澤大高(C),駒澤大高,1,所沢航空記念公園,2024_T4B.pdf
2024,T4B,2024-06-22,17:30,実践学園(C),実践学園,0,東京成徳,東京成徳大高,1,実践学園高尾G,2024_T4B.pdf
2024,T4B,2024-06-21,18:45,国士舘(B),国士舘,1,大森学園,大森学園,0,時之栖,2024_T4B.pdf
2024,T4B,2024-06-22,15:00,都・東大和,東大和,2,大森FC,大森FC,0,都・東大和高G,2024_T4B.pdf
2024,T4B,2024-06-23,12:05,都・東大和南,東大和南,4,日本学園,日本学園,2,NICHIBUN SAKURA FIELD,2024_T4B.pdf
2024,T4B,2024-06-30,9:00,駒澤大高(C),駒澤大高,3,実践学園(C),実践学園,0,実践学園高尾G,2024_T4B.pdf
2024,T4B,2024-07-13,10:00,東京成徳,東京成徳大高,0,国士舘(B),国士舘,0,東京成徳大八千代G,2024_T4B.pdf
2024,T4B,2024-06-30,16:30,大森学園,大森学園,0,都・東大和,東大和,1,日本工学院八王子専門学校,2024_T4B.pdf
2024,T4B,2024-06-30,13:45,日本学園,日本学園,0,目白研心,目白研心,2,NICHIBUN SAKURA FIELD,2024_T4B.pdf
2024,T4B,2024-06-30,17:10,大森FC,大森FC,0,都・東大和南,東大和南,2,代々木公園サッカー場,2024_T4B.pdf
2024,T4B,2024-07-08,18:30,国士舘(B),国士舘,3,駒澤大高(C),駒澤大高,1,稲城長峰ヴェルディフィールド,2024_T4B.pdf
2024,T4B,2024-07-07,16:00,都・東大和,東大和,0,東京成徳,東京成徳大高,1,都・東大和高G,2024_T4B.pdf
2024,T4B,2024-07-08,19:15,大森FC,大森FC,0,大森学園,大森学園,3,富士通スタジアム川崎,2024_T4B.pdf
2024,T4B,2024-07-07,9:00,実践学園(C),実践学園,3,日本学園,日本学園,5,実践学園高尾G,2024_T4B.pdf
2024,T4B,2024-07-08,18:30,都・東大和南,東大和南,2,目白研心,目白研心,3,拓殖大学八王子キャンパスG,2024_T4B.pdf
2024,T4B,2024-07-08,18:30,未定 未定 駒澤大高(C),未定未定駒澤大高,,都・東大和,東大和,,未定,2024_T4B.pdf
2024,T4B,2024-09-01,10:00,未定 未定 日本学園,未定未定日本学園,,国士舘(B),国士舘,,未定,2024_T4B.pdf
2024,T4B,2024-09-01,10:00,都・東大和南,東大和南,,実践学園(C),実践学園,,実践学園高尾G,2024_T4B.pdf
2024,T4B,2024-08-31,19:05,目白研心,目白研心,,大森FC,大森FC,,NICHIBUN SAKURA FIELD,2024_T4B.pdf
2024,T4B,2024-08-31,19:05,未定 未定 大森学園,未定未定大森学園,,駒澤大高(C),駒澤大高,,未定,2024_T4B.pdf
2024,T4B,2024-09-22,10:00,東京成徳,東京成徳大高,,大森FC,大森FC,,東京成徳大八千代G,2024_T4B.pdf
2024,T4B,2024-09-22,10:00,未定 未定 都・東大和,未定未定都・東大和,,日本学園,日本学園,,未定,2024_T4B.pdf
2024,T4B,2024-09-21,18:00,未定 未定 国士舘(B),未定未定国士舘,,都・東大和南,東大和南,,未定,2024_T4B.pdf
2024,T4B,2024-09-21,18:00,実践学園(C),実践学園,,目白研心,目白研心,,実践学園高尾G,2024_T4B.pdf
2024,T4B,2024-10-01,10:00,駒澤大高(C),駒澤大高,,東京成徳,東京成徳大高,,東京成徳大八千代G,2024_T4B.pdf
2024,T4B,2024-10-01,10:00,未定 未定 日本学園,未定未定日本学園,,大森学園,大森学園,,未定,2024_T4B.pdf
2024,T4B,2024-10-01,11:45,都・東大和南,東大和南,,都・東大和,東大和,,駒沢第二球技場,2024_T4B.pdf
2024,T4B,2024-09-29,13:30,未定 未定 目白研心,未定未定目白研心,,国士舘(B),国士舘,,未定,2024_T4B.pdf
2024,T4B,2024-09-29,13:30,大森FC,大森FC,,実践学園(C),実践学園,,実践学園高尾G,2024_T4B.pdf
