年度,リーグ,日時,ホーム,学校H,アウェイ,学校A,得点H,得点A,状態,出典
2014,T1,2014.02.22,帝京,帝京,実践学園,実践学園,1,2,終了,https://koko-soccer.com/score/2
2014,T1,2014.02.22,東京朝鮮中高級学校,東京朝鮮中高級学校,駒澤大学高等学校,駒澤大高,2,4,終了,https://koko-soccer.com/score/2
2014,T1,2014.02.22,横河武蔵野ＦＣユース,横河武蔵野FCユース,都立三鷹,三鷹,4,1,終了,https://koko-soccer.com/score/2
2014,T1,2014.02.23,堀越,堀越,関東一,関東第一,1,0,終了,https://koko-soccer.com/score/2
2014,T1,2014.02.23,ＦＣトリプレッタユース,FCトリプレッタユース,成立学園,成立学園,0,4,終了,https://koko-soccer.com/score/2
2014,T1,2014.03.08,横河武蔵野ＦＣユース,横河武蔵野FCユース,東京朝鮮中高級学校,東京朝鮮中高級学校,4,6,終了,https://koko-soccer.com/score/2
2014,T1,2014.03.08,帝京,帝京,成立学園,成立学園,0,0,終了,https://koko-soccer.com/score/2
2014,T1,2014.03.08,ＦＣトリプレッタユース,FCトリプレッタユース,堀越,堀越,1,2,終了,https://koko-soccer.com/score/2
2014,T1,2014.03.09,都立三鷹,三鷹,関東一,関東第一,0,1,終了,https://koko-soccer.com/score/2
2014,T1,2014.03.09,駒澤大学高等学校,駒澤大高,実践学園,実践学園,0,0,終了,https://koko-soccer.com/score/2
2014,T1,2014.03.12,成立学園,成立学園,駒澤大学高等学校,駒澤大高,2,5,終了,https://koko-soccer.com/score/2
2014,T1,2014.03.15,帝京,帝京,ＦＣトリプレッタユース,FCトリプレッタユース,3,0,終了,https://koko-soccer.com/score/2
2014,T1,2014.03.15,横河武蔵野ＦＣユース,横河武蔵野FCユース,実践学園,実践学園,0,2,終了,https://koko-soccer.com/score/2
2014,T1,2014.03.19,都立三鷹,三鷹,堀越,堀越,4,0,終了,https://koko-soccer.com/score/2
2014,T1,2014.03.24,東京朝鮮中高級学校,東京朝鮮中高級学校,関東一,関東第一,2,3,終了,https://koko-soccer.com/score/2
2014,T1,2014.03.22,駒澤大学高等学校,駒澤大高,帝京,帝京,0,0,終了,https://koko-soccer.com/score/2
2014,T1,2014.03.23,横河武蔵野ＦＣユース,横河武蔵野FCユース,成立学園,成立学園,2,1,終了,https://koko-soccer.com/score/2
2014,T1,2014.03.23,ＦＣトリプレッタユース,FCトリプレッタユース,都立三鷹,三鷹,1,4,終了,https://koko-soccer.com/score/2
2014,T1,2014.03.28,関東一,関東第一,実践学園,実践学園,1,2,終了,https://koko-soccer.com/score/2
2014,T1,2014.03.29,堀越,堀越,東京朝鮮中高級学校,東京朝鮮中高級学校,2,2,終了,https://koko-soccer.com/score/2
2014,T1,2014.04.02,帝京,帝京,横河武蔵野ＦＣユース,横河武蔵野FCユース,2,1,終了,https://koko-soccer.com/score/2
2014,T1,2014.04.02,成立学園,成立学園,関東一,関東第一,1,0,終了,https://koko-soccer.com/score/2
2014,T1,2014.04.02,堀越,堀越,実践学園,実践学園,2,6,終了,https://koko-soccer.com/score/2
2014,T1,2014.04.02,都立三鷹,三鷹,東京朝鮮中高級学校,東京朝鮮中高級学校,1,2,終了,https://koko-soccer.com/score/2
2014,T1,2014.04.02,ＦＣトリプレッタユース,FCトリプレッタユース,駒澤大学高等学校,駒澤大高,3,8,終了,https://koko-soccer.com/score/2
2014,T1,2014.04.09,関東一,関東第一,帝京,帝京,2,0,終了,https://koko-soccer.com/score/2
2014,T1,2014.04.09,駒澤大学高等学校,駒澤大高,横河武蔵野ＦＣユース,横河武蔵野FCユース,3,1,終了,https://koko-soccer.com/score/2
2014,T1,2014.04.10,堀越,堀越,成立学園,成立学園,2,4,終了,https://koko-soccer.com/score/2
2014,T1,2014.04.16,東京朝鮮中高級学校,東京朝鮮中高級学校,ＦＣトリプレッタユース,FCトリプレッタユース,2,0,終了,https://koko-soccer.com/score/2
2014,T1,2014.05.06,実践学園,実践学園,都立三鷹,三鷹,2,1,終了,https://koko-soccer.com/score/2
2014,T1,2014.04.15,帝京,帝京,堀越,堀越,3,1,終了,https://koko-soccer.com/score/2
2014,T1,2014.04.22,成立学園,成立学園,都立三鷹,三鷹,2,0,終了,https://koko-soccer.com/score/2
2014,T1,2014.04.23,横河武蔵野ＦＣユース,横河武蔵野FCユース,ＦＣトリプレッタユース,FCトリプレッタユース,4,4,終了,https://koko-soccer.com/score/2
2014,T1,2014.04.28,駒澤大学高等学校,駒澤大高,関東一,関東第一,0,1,終了,https://koko-soccer.com/score/2
2014,T1,2014.04.30,実践学園,実践学園,東京朝鮮中高級学校,東京朝鮮中高級学校,1,0,終了,https://koko-soccer.com/score/2
2014,T1,2014.04.16,関東一,関東第一,横河武蔵野ＦＣユース,横河武蔵野FCユース,1,2,終了,https://koko-soccer.com/score/2
2014,T1,2014.05.04,成立学園,成立学園,東京朝鮮中高級学校,東京朝鮮中高級学校,4,1,終了,https://koko-soccer.com/score/2
2014,T1,2014.05.08,堀越,堀越,駒澤大学高等学校,駒澤大高,2,4,終了,https://koko-soccer.com/score/2
2014,T1,2014.05.14,都立三鷹,三鷹,帝京,帝京,2,5,終了,https://koko-soccer.com/score/2
2014,T1,2014.05.14,実践学園,実践学園,ＦＣトリプレッタユース,FCトリプレッタユース,1,1,終了,https://koko-soccer.com/score/2
2014,T1,2014.05.21,堀越,堀越,横河武蔵野ＦＣユース,横河武蔵野FCユース,3,2,終了,https://koko-soccer.com/score/2
2014,T1,2014.05.28,関東一,関東第一,ＦＣトリプレッタユース,FCトリプレッタユース,1,1,終了,https://koko-soccer.com/score/2
2014,T1,2014.05.28,駒澤大学高等学校,駒澤大高,都立三鷹,三鷹,4,1,終了,https://koko-soccer.com/score/2
2014,T1,2014.05.29,帝京,帝京,東京朝鮮中高級学校,東京朝鮮中高級学校,1,0,終了,https://koko-soccer.com/score/2
2014,T1,2014.06.08,実践学園,実践学園,成立学園,成立学園,3,1,終了,https://koko-soccer.com/score/2
2014,T1,2014.06.03,関東一,関東第一,堀越,堀越,1,1,終了,https://koko-soccer.com/score/2
2014,T1,2014.06.04,実践学園,実践学園,帝京,帝京,1,1,終了,https://koko-soccer.com/score/2
2014,T1,2014.06.04,成立学園,成立学園,ＦＣトリプレッタユース,FCトリプレッタユース,3,4,終了,https://koko-soccer.com/score/2
2014,T1,2014.06.10,都立三鷹,三鷹,横河武蔵野ＦＣユース,横河武蔵野FCユース,1,3,終了,https://koko-soccer.com/score/2
2014,T1,2014.06.10,東京朝鮮中高級学校,東京朝鮮中高級学校,駒澤大学高等学校,駒澤大高,0,3,終了,https://koko-soccer.com/score/2
2014,T1,2014.06.18,堀越,堀越,ＦＣトリプレッタユース,FCトリプレッタユース,0,2,終了,https://koko-soccer.com/score/2
2014,T1,2014.06.25,成立学園,成立学園,帝京,帝京,0,1,終了,https://koko-soccer.com/score/2
2014,T1,2014.06.29,実践学園,実践学園,駒澤大学高等学校,駒澤大高,1,1,終了,https://koko-soccer.com/score/2
2014,T1,2014.07.20,東京朝鮮中高級学校,東京朝鮮中高級学校,横河武蔵野ＦＣユース,横河武蔵野FCユース,1,1,終了,https://koko-soccer.com/score/2
2014,T1,2014.11.29,関東一,関東第一,都立三鷹,三鷹,3,0,終了,https://koko-soccer.com/score/2
2014,T1,2014.07.05,実践学園,実践学園,横河武蔵野ＦＣユース,横河武蔵野FCユース,2,2,終了,https://koko-soccer.com/score/2
2014,T1,2014.07.14,駒澤大学高等学校,駒澤大高,成立学園,成立学園,1,1,終了,https://koko-soccer.com/score/2
2014,T1,2014.07.14,ＦＣトリプレッタユース,FCトリプレッタユース,帝京,帝京,1,4,終了,https://koko-soccer.com/score/2
2014,T1,2014.07.24,関東一,関東第一,東京朝鮮中高級学校,東京朝鮮中高級学校,1,1,終了,https://koko-soccer.com/score/2
2014,T1,2014.11.23,堀越,堀越,都立三鷹,三鷹,2,2,終了,https://koko-soccer.com/score/2
2014,T1,2014.07.16,実践学園,実践学園,関東一,関東第一,1,0,終了,https://koko-soccer.com/score/2
2014,T1,2014.07.16,東京朝鮮中高級学校,東京朝鮮中高級学校,堀越,堀越,2,4,終了,https://koko-soccer.com/score/2
2014,T1,2014.07.17,成立学園,成立学園,横河武蔵野ＦＣユース,横河武蔵野FCユース,3,4,終了,https://koko-soccer.com/score/2
2014,T1,2014.07.17,都立三鷹,三鷹,ＦＣトリプレッタユース,FCトリプレッタユース,1,3,終了,https://koko-soccer.com/score/2
2014,T1,2014.07.18,帝京,帝京,駒澤大学高等学校,駒澤大高,2,1,終了,https://koko-soccer.com/score/2
2014,T1,2014.08.04,東京朝鮮中高級学校,東京朝鮮中高級学校,都立三鷹,三鷹,1,0,終了,https://koko-soccer.com/score/2
2014,T1,2014.08.06,横河武蔵野ＦＣユース,横河武蔵野FCユース,帝京,帝京,5,1,終了,https://koko-soccer.com/score/2
2014,T1,2014.08.06,実践学園,実践学園,堀越,堀越,5,0,終了,https://koko-soccer.com/score/2
2014,T1,2014.08.25,駒澤大学高等学校,駒澤大高,ＦＣトリプレッタユース,FCトリプレッタユース,4,0,終了,https://koko-soccer.com/score/2
2014,T1,2014.08.31,関東一,関東第一,成立学園,成立学園,2,3,終了,https://koko-soccer.com/score/2
2014,T1,2014.08.23,実践学園,実践学園,都立三鷹,三鷹,3,1,終了,https://koko-soccer.com/score/2
2014,T1,2014.08.28,成立学園,成立学園,堀越,堀越,5,1,終了,https://koko-soccer.com/score/2
2014,T1,2014.08.28,ＦＣトリプレッタユース,FCトリプレッタユース,東京朝鮮中高級学校,東京朝鮮中高級学校,3,0,終了,https://koko-soccer.com/score/2
2014,T1,2014.09.05,帝京,帝京,関東一,関東第一,1,1,終了,https://koko-soccer.com/score/2
2014,T1,2014.09.14,横河武蔵野ＦＣユース,横河武蔵野FCユース,駒澤大学高等学校,駒澤大高,1,5,終了,https://koko-soccer.com/score/2
2014,T1,2014.09.03,ＦＣトリプレッタユース,FCトリプレッタユース,横河武蔵野ＦＣユース,横河武蔵野FCユース,1,4,終了,https://koko-soccer.com/score/2
2014,T1,2014.09.17,堀越,堀越,帝京,帝京,1,5,終了,https://koko-soccer.com/score/2
2014,T1,2014.09.18,関東一,関東第一,駒澤大学高等学校,駒澤大高,1,1,終了,https://koko-soccer.com/score/2
2014,T1,2014.09.18,都立三鷹,三鷹,成立学園,成立学園,3,0,終了,https://koko-soccer.com/score/2
2014,T1,2014.09.21,東京朝鮮中高級学校,東京朝鮮中高級学校,実践学園,実践学園,2,1,終了,https://koko-soccer.com/score/2
2014,T1,2014.09.24,横河武蔵野ＦＣユース,横河武蔵野FCユース,関東一,関東第一,2,3,終了,https://koko-soccer.com/score/2
2014,T1,2014.09.24,駒澤大学高等学校,駒澤大高,堀越,堀越,5,1,終了,https://koko-soccer.com/score/2
2014,T1,2014.09.25,帝京,帝京,都立三鷹,三鷹,3,2,終了,https://koko-soccer.com/score/2
2014,T1,2014.09.25,成立学園,成立学園,東京朝鮮中高級学校,東京朝鮮中高級学校,1,2,終了,https://koko-soccer.com/score/2
2014,T1,2014.09.25,ＦＣトリプレッタユース,FCトリプレッタユース,実践学園,実践学園,0,5,終了,https://koko-soccer.com/score/2
2014,T1,2014.10.19,東京朝鮮中高級学校,東京朝鮮中高級学校,帝京,帝京,2,2,終了,https://koko-soccer.com/score/2
2014,T1,2014.10.23,ＦＣトリプレッタユース,FCトリプレッタユース,関東一,関東第一,3,2,終了,https://koko-soccer.com/score/2
2014,T1,2014.10.27,都立三鷹,三鷹,駒澤大学高等学校,駒澤大高,0,5,終了,https://koko-soccer.com/score/2
2014,T1,2014.10.30,成立学園,成立学園,実践学園,実践学園,1,2,終了,https://koko-soccer.com/score/2
2014,T1,2014.10.30,横河武蔵野ＦＣユース,横河武蔵野FCユース,堀越,堀越,5,2,終了,https://koko-soccer.com/score/2
2014,T2,2014.02.15,大成,大成,国士舘,国士舘,4,0,終了,https://koko-soccer.com/score/3
2014,T2,2014.02.19,多摩大目黒,多摩大学目黒,都立駒場,駒場,6,2,終了,https://koko-soccer.com/score/3
2014,T2,2014.02.20,日本学園,日本学園,修徳,修徳,0,4,終了,https://koko-soccer.com/score/3
2014,T2,2014.02.20,駿台学園,駿台学園,東京実,東京実,2,3,終了,https://koko-soccer.com/score/3
2014,T2,2014.02.22,東海大高輪台,東海大高輪台,都立東久留米総合,東久留米総合,0,4,終了,https://koko-soccer.com/score/3
2014,T2,2014.03.09,修徳,修徳,都立東久留米総合,東久留米総合,2,5,終了,https://koko-soccer.com/score/3
2014,T2,2014.03.13,国士舘,国士舘,多摩大目黒,多摩大学目黒,0,1,終了,https://koko-soccer.com/score/3
2014,T2,2014.03.15,駿台学園,駿台学園,日本学園,日本学園,1,1,終了,https://koko-soccer.com/score/3
2014,T2,2014.03.18,都立駒場,駒場,東京実,東京実,1,0,終了,https://koko-soccer.com/score/3
2014,T2,2014.04.20,東海大高輪台,東海大高輪台,大成,大成,3,0,終了,https://koko-soccer.com/score/3
2014,T2,2014.03.19,多摩大目黒,多摩大学目黒,東海大高輪台,東海大高輪台,2,1,終了,https://koko-soccer.com/score/3
2014,T2,2014.03.20,都立駒場,駒場,駿台学園,駿台学園,2,2,終了,https://koko-soccer.com/score/3
2014,T2,2014.03.20,東京実,東京実,国士舘,国士舘,1,5,終了,https://koko-soccer.com/score/3
2014,T2,2014.03.21,都立東久留米総合,東久留米総合,日本学園,日本学園,6,0,終了,https://koko-soccer.com/score/3
2014,T2,2014.04.04,大成,大成,修徳,修徳,3,5,終了,https://koko-soccer.com/score/3
2014,T2,2014.03.23,修徳,修徳,多摩大目黒,多摩大学目黒,0,2,終了,https://koko-soccer.com/score/3
2014,T2,2014.03.23,東海大高輪台,東海大高輪台,東京実,東京実,2,1,終了,https://koko-soccer.com/score/3
2014,T2,2014.03.23,国士舘,国士舘,都立駒場,駒場,0,3,終了,https://koko-soccer.com/score/3
2014,T2,2014.03.23,日本学園,日本学園,大成,大成,2,4,終了,https://koko-soccer.com/score/3
2014,T2,2014.03.27,駿台学園,駿台学園,都立東久留米総合,東久留米総合,1,2,終了,https://koko-soccer.com/score/3
2014,T2,2014.04.01,都立駒場,駒場,東海大高輪台,東海大高輪台,1,2,終了,https://koko-soccer.com/score/3
2014,T2,2014.04.01,東京実,東京実,修徳,修徳,2,1,終了,https://koko-soccer.com/score/3
2014,T2,2014.04.01,多摩大目黒,多摩大学目黒,日本学園,日本学園,1,0,終了,https://koko-soccer.com/score/3
2014,T2,2014.04.01,都立東久留米総合,東久留米総合,大成,大成,4,2,終了,https://koko-soccer.com/score/3
2014,T2,2014.04.01,駿台学園,駿台学園,国士舘,国士舘,2,1,終了,https://koko-soccer.com/score/3
2014,T2,2014.04.09,修徳,修徳,都立駒場,駒場,0,1,終了,https://koko-soccer.com/score/3
2014,T2,2014.04.09,国士舘,国士舘,東海大高輪台,東海大高輪台,1,2,終了,https://koko-soccer.com/score/3
2014,T2,2014.04.10,大成,大成,駿台学園,駿台学園,1,2,終了,https://koko-soccer.com/score/3
2014,T2,2014.04.16,都立東久留米総合,東久留米総合,多摩大目黒,多摩大学目黒,1,1,終了,https://koko-soccer.com/score/3
2014,T2,2014.04.16,日本学園,日本学園,東京実,東京実,1,0,終了,https://koko-soccer.com/score/3
2014,T2,2014.04.17,国士舘,国士舘,修徳,修徳,2,0,終了,https://koko-soccer.com/score/3
2014,T2,2014.04.18,都立駒場,駒場,日本学園,日本学園,0,3,終了,https://koko-soccer.com/score/3
2014,T2,2014.04.24,駿台学園,駿台学園,東海大高輪台,東海大高輪台,2,2,終了,https://koko-soccer.com/score/3
2014,T2,2014.04.25,多摩大目黒,多摩大学目黒,大成,大成,6,2,終了,https://koko-soccer.com/score/3
2014,T2,2014.06.08,東京実,東京実,都立東久留米総合,東久留米総合,2,2,終了,https://koko-soccer.com/score/3
2014,T2,2014.05.04,都立東久留米総合,東久留米総合,都立駒場,駒場,2,1,終了,https://koko-soccer.com/score/3
2014,T2,2014.05.07,大成,大成,東京実,東京実,2,0,終了,https://koko-soccer.com/score/3
2014,T2,2014.05.09,日本学園,日本学園,国士舘,国士舘,2,2,終了,https://koko-soccer.com/score/3
2014,T2,2014.07.21,修徳,修徳,東海大高輪台,東海大高輪台,5,0,終了,https://koko-soccer.com/score/3
2014,T2,2014.07.28,駿台学園,駿台学園,多摩大目黒,多摩大学目黒,2,0,終了,https://koko-soccer.com/score/3
2014,T2,2014.05.20,日本学園,日本学園,東海大高輪台,東海大高輪台,1,2,終了,https://koko-soccer.com/score/3
2014,T2,2014.05.21,東京実,東京実,多摩大目黒,多摩大学目黒,1,2,終了,https://koko-soccer.com/score/3
2014,T2,2014.05.29,修徳,修徳,駿台学園,駿台学園,1,2,終了,https://koko-soccer.com/score/3
2014,T2,2014.05.29,国士舘,国士舘,都立東久留米総合,東久留米総合,2,2,終了,https://koko-soccer.com/score/3
2014,T2,2014.09.09,都立駒場,駒場,大成,大成,1,1,終了,https://koko-soccer.com/score/3
2014,T2,2014.06.05,修徳,修徳,日本学園,日本学園,2,2,終了,https://koko-soccer.com/score/3
2014,T2,2014.06.11,都立東久留米総合,東久留米総合,東海大高輪台,東海大高輪台,3,0,終了,https://koko-soccer.com/score/3
2014,T2,2014.06.11,国士舘,国士舘,大成,大成,0,4,終了,https://koko-soccer.com/score/3
2014,T2,2014.08.21,東京実,東京実,駿台学園,駿台学園,2,0,終了,https://koko-soccer.com/score/3
2014,T2,2014.10.07,都立駒場,駒場,多摩大目黒,多摩大学目黒,1,0,終了,https://koko-soccer.com/score/3
2014,T2,2014.06.18,大成,大成,東海大高輪台,東海大高輪台,2,1,終了,https://koko-soccer.com/score/3
2014,T2,2014.06.19,東京実,東京実,都立駒場,駒場,2,2,終了,https://koko-soccer.com/score/3
2014,T2,2014.06.19,日本学園,日本学園,駿台学園,駿台学園,2,4,終了,https://koko-soccer.com/score/3
2014,T2,2014.06.29,都立東久留米総合,東久留米総合,修徳,修徳,3,0,終了,https://koko-soccer.com/score/3
2014,T2,2014.07.22,多摩大目黒,多摩大学目黒,国士舘,国士舘,5,3,終了,https://koko-soccer.com/score/3
2014,T2,2014.07.09,駿台学園,駿台学園,都立駒場,駒場,4,0,終了,https://koko-soccer.com/score/3
2014,T2,2014.07.10,修徳,修徳,大成,大成,0,3,終了,https://koko-soccer.com/score/3
2014,T2,2014.07.13,東海大高輪台,東海大高輪台,多摩大目黒,多摩大学目黒,0,3,終了,https://koko-soccer.com/score/3
2014,T2,2014.07.13,日本学園,日本学園,都立東久留米総合,東久留米総合,3,4,終了,https://koko-soccer.com/score/3
2014,T2,2014.07.14,国士舘,国士舘,東京実,東京実,3,2,終了,https://koko-soccer.com/score/3
2014,T2,2014.07.17,東京実,東京実,東海大高輪台,東海大高輪台,2,1,終了,https://koko-soccer.com/score/3
2014,T2,2014.07.17,大成,大成,日本学園,日本学園,2,1,終了,https://koko-soccer.com/score/3
2014,T2,2014.07.18,都立駒場,駒場,国士舘,国士舘,0,0,終了,https://koko-soccer.com/score/3
2014,T2,2014.07.18,多摩大目黒,多摩大学目黒,修徳,修徳,7,0,終了,https://koko-soccer.com/score/3
2014,T2,2014.07.19,都立東久留米総合,東久留米総合,駿台学園,駿台学園,1,0,終了,https://koko-soccer.com/score/3
2014,T2,2014.08.06,修徳,修徳,東京実,東京実,3,0,終了,https://koko-soccer.com/score/3
2014,T2,2014.08.06,大成,大成,都立東久留米総合,東久留米総合,1,4,終了,https://koko-soccer.com/score/3
2014,T2,2014.08.08,日本学園,日本学園,多摩大目黒,多摩大学目黒,2,3,終了,https://koko-soccer.com/score/3
2014,T2,2014.08.20,東海大高輪台,東海大高輪台,都立駒場,駒場,0,3,終了,https://koko-soccer.com/score/3
2014,T2,2014.08.25,国士舘,国士舘,駿台学園,駿台学園,1,2,終了,https://koko-soccer.com/score/3
2014,T2,2014.08.25,都立駒場,駒場,修徳,修徳,4,1,終了,https://koko-soccer.com/score/3
2014,T2,2014.08.28,東京実,東京実,日本学園,日本学園,3,2,終了,https://koko-soccer.com/score/3
2014,T2,2014.08.29,東海大高輪台,東海大高輪台,国士舘,国士舘,0,0,終了,https://koko-soccer.com/score/3
2014,T2,2014.08.31,多摩大目黒,多摩大学目黒,都立東久留米総合,東久留米総合,1,0,終了,https://koko-soccer.com/score/3
2014,T2,2014.09.04,駿台学園,駿台学園,大成,大成,1,0,終了,https://koko-soccer.com/score/3
2014,T2,2014.09.16,日本学園,日本学園,都立駒場,駒場,2,2,終了,https://koko-soccer.com/score/3
2014,T2,2014.09.17,大成,大成,多摩大目黒,多摩大学目黒,2,2,終了,https://koko-soccer.com/score/3
2014,T2,2014.09.18,修徳,修徳,国士舘,国士舘,0,3,終了,https://koko-soccer.com/score/3
2014,T2,2014.09.21,都立東久留米総合,東久留米総合,東京実,東京実,4,1,終了,https://koko-soccer.com/score/3
2014,T2,2014.09.21,東海大高輪台,東海大高輪台,駿台学園,駿台学園,1,4,終了,https://koko-soccer.com/score/3
2014,T2,2014.09.26,国士舘,国士舘,日本学園,日本学園,1,0,終了,https://koko-soccer.com/score/3
2014,T2,2014.09.28,東海大高輪台,東海大高輪台,修徳,修徳,2,1,終了,https://koko-soccer.com/score/3
2014,T2,2014.09.28,都立駒場,駒場,都立東久留米総合,東久留米総合,1,2,終了,https://koko-soccer.com/score/3
2014,T2,2014.09.28,東京実,東京実,大成,大成,3,2,終了,https://koko-soccer.com/score/3
2014,T2,2014.09.30,多摩大目黒,多摩大学目黒,駿台学園,駿台学園,2,0,終了,https://koko-soccer.com/score/3
2014,T2,2014.10.19,東海大高輪台,東海大高輪台,日本学園,日本学園,3,2,終了,https://koko-soccer.com/score/3
2014,T2,2014.10.24,大成,大成,都立駒場,駒場,1,4,終了,https://koko-soccer.com/score/3
2014,T2,2014.10.26,都立東久留米総合,東久留米総合,国士舘,国士舘,2,0,終了,https://koko-soccer.com/score/3
2014,T2,2014.10.28,駿台学園,駿台学園,修徳,修徳,2,1,終了,https://koko-soccer.com/score/3
2014,T2,2014.10.29,多摩大目黒,多摩大学目黒,東京実,東京実,2,0,終了,https://koko-soccer.com/score/3
2014,T3,2014.04.03,暁星高等学校,暁星,都立石神井,石神井,7,1,終了,https://koko-soccer.com/score/4
2014,T3,2014.04.03,東海大菅生,東海大菅生,FC東京U-18(B),FC東京U-18,0,3,終了,https://koko-soccer.com/score/4
2014,T3,2014.04.03,杉並FCユース,杉並FCユース,実践学園(B),実践学園,0,2,終了,https://koko-soccer.com/score/4
2014,T3,2014.04.03,日大三,日大三,正則学園,正則学園,1,2,終了,https://koko-soccer.com/score/4
2014,T3,2014.04.03,足立学園,足立学園,東農大一,農大一,1,4,終了,https://koko-soccer.com/score/4
2014,T3,2014.04.08,正則学園,正則学園,杉並FCユース,杉並FCユース,0,1,終了,https://koko-soccer.com/score/4
2014,T3,2014.04.09,FC東京U-18(B),FC東京U-18,暁星高等学校,暁星,0,2,終了,https://koko-soccer.com/score/4
2014,T3,2014.04.17,実践学園(B),実践学園,東海大菅生,東海大菅生,2,3,終了,https://koko-soccer.com/score/4
2014,T3,2014.04.19,東農大一,農大一,日大三,日大三,1,2,終了,https://koko-soccer.com/score/4
2014,T3,2014.08.01,都立石神井,石神井,足立学園,足立学園,0,1,終了,https://koko-soccer.com/score/4
2014,T3,2014.05.03,暁星高等学校,暁星,実践学園(B),実践学園,0,0,終了,https://koko-soccer.com/score/4
2014,T3,2014.05.05,日大三,日大三,足立学園,足立学園,2,0,終了,https://koko-soccer.com/score/4
2014,T3,2014.05.06,東海大菅生,東海大菅生,正則学園,正則学園,2,0,終了,https://koko-soccer.com/score/4
2014,T3,2014.05.06,杉並FCユース,杉並FCユース,東農大一,農大一,2,1,終了,https://koko-soccer.com/score/4
2014,T3,2014.05.14,都立石神井,石神井,FC東京U-18(B),FC東京U-18,0,5,終了,https://koko-soccer.com/score/4
2014,T3,2014.06.20,足立学園,足立学園,杉並FCユース,杉並FCユース,0,3,終了,https://koko-soccer.com/score/4
2014,T3,2014.06.22,東農大一,農大一,東海大菅生,東海大菅生,4,2,終了,https://koko-soccer.com/score/4
2014,T3,2014.06.22,日大三,日大三,都立石神井,石神井,0,0,終了,https://koko-soccer.com/score/4
2014,T3,2014.06.27,正則学園,正則学園,暁星高等学校,暁星,4,4,終了,https://koko-soccer.com/score/4
2014,T3,2014.07.02,実践学園（B),実践学園,FC東京U-18(B),FC東京U-18,0,2,終了,https://koko-soccer.com/score/4
2014,T3,2014.07.16,FC東京U-18(B),FC東京U-18,正則学園,正則学園,6,2,終了,https://koko-soccer.com/score/4
2014,T3,2014.07.17,暁星高等学校,暁星,東農大一,農大一,3,0,終了,https://koko-soccer.com/score/4
2014,T3,2014.07.20,東海大菅生,東海大菅生,足立学園,足立学園,2,1,終了,https://koko-soccer.com/score/4
2014,T3,2014.07.20,杉並FCユース,杉並FCユース,日大三,日大三,2,0,終了,https://koko-soccer.com/score/4
2014,T3,2014.07.24,都立石神井,石神井,実践学園（B),実践学園,1,3,終了,https://koko-soccer.com/score/4
2014,T3,2014.07.23,東農大一,農大一,FC東京U-18(B),FC東京U-18,0,0,終了,https://koko-soccer.com/score/4
2014,T3,2014.08.05,日大三,日大三,東海大菅生,東海大菅生,2,4,終了,https://koko-soccer.com/score/4
2014,T3,2014.08.08,実践学園（B),実践学園,正則学園,正則学園,2,0,終了,https://koko-soccer.com/score/4
2014,T3,2014.08.21,都立石神井,石神井,杉並FCユース,杉並FCユース,5,2,終了,https://koko-soccer.com/score/4
2014,T3,2014.08.28,足立学園,足立学園,暁星高等学校,暁星,2,8,終了,https://koko-soccer.com/score/4
2014,T3,2014.08.24,実践学園（B),実践学園,東農大一,農大一,1,2,終了,https://koko-soccer.com/score/4
2014,T3,2014.08.29,杉並FCユース,杉並FCユース,東海大菅生,東海大菅生,3,7,終了,https://koko-soccer.com/score/4
2014,T3,2014.09.02,暁星高等学校,暁星,日大三,日大三,2,0,終了,https://koko-soccer.com/score/4
2014,T3,2014.09.10,FC東京U-18(B),FC東京U-18,足立学園,足立学園,3,0,終了,https://koko-soccer.com/score/4
2014,T3,2014.09.23,東海大菅生,東海大菅生,都立石神井,石神井,3,0,終了,https://koko-soccer.com/score/4
2014,T3,2014.09.23,足立学園,足立学園,実践学園(B),実践学園,2,4,終了,https://koko-soccer.com/score/4
2014,T3,2014.09.25,東農大一,農大一,正則学園,正則学園,1,4,終了,https://koko-soccer.com/score/4
2014,T3,2014.09.27,杉並FCユース,杉並FCユース,暁星高等学校,暁星,0,2,終了,https://koko-soccer.com/score/4
2014,T3,2014.10.01,暁星高等学校,暁星,東海大菅生,東海大菅生,2,2,終了,https://koko-soccer.com/score/4
2014,T3,2014.10.01,FC東京U-18(B),FC東京U-18,杉並FCユース,杉並FCユース,5,0,終了,https://koko-soccer.com/score/4
2014,T3,2014.10.01,実践学園（B),実践学園,日大三,日大三,0,3,終了,https://koko-soccer.com/score/4
2014,T3,2014.10.01,正則学園,正則学園,足立学園,足立学園,0,4,終了,https://koko-soccer.com/score/4
2014,T3,2014.10.17,都立石神井,石神井,東農大一,農大一,3,3,終了,https://koko-soccer.com/score/4
2014,T3,2014.04.03,早稲田実業,早稲田実業,東京,東京,6,0,終了,https://koko-soccer.com/score/7
2014,T3,2014.04.03,かえつ有明,かえつ有明,大東大一,大東大一,3,3,終了,https://koko-soccer.com/score/7
2014,T3,2014.04.03,都立国分寺,国分寺,武蔵,武蔵,0,2,終了,https://koko-soccer.com/score/7
2014,T3,2014.04.03,都立東大和南,東大和南,都立日野台,日野台,2,0,終了,https://koko-soccer.com/score/7
2014,T3,2014.04.03,保善,保善,東京成徳大高,東京成徳大高,1,2,終了,https://koko-soccer.com/score/7
2014,T3,2014.04.16,武蔵,武蔵,かえつ有明,かえつ有明,0,6,終了,https://koko-soccer.com/score/7
2014,T3,2014.04.19,東京成徳大高,東京成徳大高,都立東大和南,東大和南,7,0,終了,https://koko-soccer.com/score/7
2014,T3,2014.04.19,東京,東京,保善,保善,0,1,終了,https://koko-soccer.com/score/7
2014,T3,2014.04.20,都立日野台,日野台,都立国分寺,国分寺,2,0,終了,https://koko-soccer.com/score/7
2014,T3,2014.04.25,大東大一,大東大一,早稲田実業,早稲田実業,1,2,終了,https://koko-soccer.com/score/7
2014,T3,2014.05.06,早稲田実業,早稲田実業,武蔵,武蔵,3,0,終了,https://koko-soccer.com/score/7
2014,T3,2014.05.06,かえつ有明,かえつ有明,都立日野台,日野台,2,1,終了,https://koko-soccer.com/score/7
2014,T3,2014.05.06,都立国分寺,国分寺,東京成徳大高,東京成徳大高,0,0,終了,https://koko-soccer.com/score/7
2014,T3,2014.05.06,都立東大和南,東大和南,保善,保善,2,1,終了,https://koko-soccer.com/score/7
2014,T3,2014.06.20,東京,東京,大東大一,大東大一,3,1,終了,https://koko-soccer.com/score/7
2014,T3,2014.06.04,都立日野台,日野台,早稲田実業,早稲田実業,2,2,終了,https://koko-soccer.com/score/7
2014,T3,2014.06.05,保善,保善,都立国分寺,国分寺,1,1,終了,https://koko-soccer.com/score/7
2014,T3,2014.06.15,武蔵,武蔵,大東大一,大東大一,0,1,終了,https://koko-soccer.com/score/7
2014,T3,2014.06.17,東京成徳大高,東京成徳大高,かえつ有明,かえつ有明,1,2,終了,https://koko-soccer.com/score/7
2014,T3,2014.06.29,都立東大和南,東大和南,東京,東京,1,1,終了,https://koko-soccer.com/score/7
2014,T3,2014.08.11,都立東大和南,東大和南,東京,東京,1,1,終了,https://koko-soccer.com/score/7
2014,T3,2014.07.11,早稲田実業,早稲田実業,東京成徳大高,東京成徳大高,1,3,終了,https://koko-soccer.com/score/7
2014,T3,2014.07.13,東京,東京,武蔵,武蔵,2,0,終了,https://koko-soccer.com/score/7
2014,T3,2014.07.17,かえつ有明,かえつ有明,保善,保善,0,2,終了,https://koko-soccer.com/score/7
2014,T3,2014.07.18,都立国分寺,国分寺,都立東大和南,東大和南,5,0,終了,https://koko-soccer.com/score/7
2014,T3,2014.07.19,大東大一,大東大一,都立日野台,日野台,0,1,終了,https://koko-soccer.com/score/7
2014,T3,2014.07.24,東京成徳大高,東京成徳大高,大東大一,大東大一,4,0,終了,https://koko-soccer.com/score/7
2014,T3,2014.07.25,都立東大和南,東大和南,かえつ有明,かえつ有明,0,10,終了,https://koko-soccer.com/score/7
2014,T3,2014.08.07,武蔵,武蔵,都立日野台,日野台,2,1,終了,https://koko-soccer.com/score/7
2014,T3,2014.08.08,東京,東京,都立国分寺,国分寺,1,1,終了,https://koko-soccer.com/score/7
2014,T3,2014.08.09,保善,保善,早稲田実業,早稲田実業,2,3,終了,https://koko-soccer.com/score/7
2014,T3,2014.08.25,都立国分寺,国分寺,かえつ有明,かえつ有明,2,1,終了,https://koko-soccer.com/score/7
2014,T3,2014.08.26,都立日野台,日野台,東京,東京,0,2,終了,https://koko-soccer.com/score/7
2014,T3,2014.09.01,早稲田実業,早稲田実業,都立東大和南,東大和南,6,0,終了,https://koko-soccer.com/score/7
2014,T3,2014.09.07,武蔵,武蔵,東京成徳大高,東京成徳大高,0,5,終了,https://koko-soccer.com/score/7
2014,T3,2014.11.02,大東大一,大東大一,保善,保善,1,4,終了,https://koko-soccer.com/score/7
2014,T3,2014.08.26,都立東大和南,東大和南,大東大一,大東大一,5,1,終了,https://koko-soccer.com/score/7
2014,T3,2014.09.21,保善,保善,武蔵,武蔵,4,2,終了,https://koko-soccer.com/score/7
2014,T3,2014.09.23,かえつ有明,かえつ有明,東京,東京,8,1,終了,https://koko-soccer.com/score/7
2014,T3,2014.10.26,東京成徳大高,東京成徳大高,都立日野台,日野台,4,0,終了,https://koko-soccer.com/score/7
2014,T3,2014.10.01,早稲田実業,早稲田実業,かえつ有明,かえつ有明,1,0,終了,https://koko-soccer.com/score/7
2014,T3,2014.10.01,都立日野台,日野台,保善,保善,3,0,終了,https://koko-soccer.com/score/7
2014,T3,2014.10.02,東京,東京,東京成徳大高,東京成徳大高,1,1,終了,https://koko-soccer.com/score/7
2014,T3,2014.10.05,武蔵,武蔵,都立東大和南,東大和南,2,2,終了,https://koko-soccer.com/score/7
2014,T3,2014.10.28,大東大一,大東大一,都立国分寺,国分寺,1,3,終了,https://koko-soccer.com/score/7
2014,T4,2014.10.26,駒澤大学高等学校（B),駒澤大高,國學院久我山（B),国学院久我山,3,0,終了,https://koko-soccer.com/score/32
2014,T4,2014.11.06,三菱養和SCユース（B),三菱養和SCユース,都立野津田,野津田,12,2,終了,https://koko-soccer.com/score/32
2014,T4,2014.11.02,桐朋,桐朋,都立豊島,豊島,4,3,終了,https://koko-soccer.com/score/32
2014,T4,2014.10.30,都立調布南,調布南,都立つばさ総合,つばさ総合,1,1,終了,https://koko-soccer.com/score/32
2014,T4,2014.11.09,東亜学園,東亜学園,都立足立,足立,4,0,終了,https://koko-soccer.com/score/32
2014,T4,2014.11.18,都立狛江,狛江,本郷,本郷,1,4,終了,https://koko-soccer.com/score/32
2014,T4,2014.04.02,都立狛江,狛江,東亜学園,東亜学園,2,1,終了,https://koko-soccer.com/score/5
2014,T4,2014.04.04,かえつ有明(B),かえつ有明,都立豊島,豊島,1,3,終了,https://koko-soccer.com/score/5
2014,T4,2014.04.06,都立調布南,調布南,都立保谷,保谷,2,3,終了,https://koko-soccer.com/score/5
2014,T4,2014.04.20,國學院久我山(B),国学院久我山,三菱養和SCユース(B),三菱養和SCユース,2,1,終了,https://koko-soccer.com/score/5
2014,T4,2014.04.12,都立豊島,豊島,都立保谷,保谷,1,4,終了,https://koko-soccer.com/score/5
2014,T4,2014.04.12,三菱養和SCユース(B),三菱養和SCユース,都立調布南,調布南,1,1,終了,https://koko-soccer.com/score/5
2014,T4,2014.04.13,東亜学園,東亜学園,かえつ有明（B),かえつ有明,3,5,終了,https://koko-soccer.com/score/5
2014,T4,2014.04.13,都立狛江,狛江,國學院久我山（B）,国学院久我山,1,4,終了,https://koko-soccer.com/score/5
2014,T4,2014.04.19,都立保谷,保谷,都立狛江,狛江,6,1,終了,https://koko-soccer.com/score/5
2014,T4,2014.04.20,東亜学園,東亜学園,都立調布南,調布南,3,2,終了,https://koko-soccer.com/score/5
2014,T4,2014.04.29,かえつ有明（B),かえつ有明,三菱養和SCユース(B),三菱養和SCユース,1,12,終了,https://koko-soccer.com/score/5
2014,T4,2014.07.20,國學院久我山（B),国学院久我山,都立豊島,豊島,3,2,終了,https://koko-soccer.com/score/5
2014,T4,2014.05.25,國學院久我山（B),国学院久我山,東亜学園,東亜学園,4,1,終了,https://koko-soccer.com/score/5
2014,T4,2014.06.15,都立保谷,保谷,かえつ有明（B),かえつ有明,4,2,終了,https://koko-soccer.com/score/5
2014,T4,2014.06.23,三菱養和SCユース(B),三菱養和SCユース,都立狛江,狛江,4,0,終了,https://koko-soccer.com/score/5
2014,T4,2014.07.13,都立調布南,調布南,都立豊島,豊島,1,0,終了,https://koko-soccer.com/score/5
2014,T4,2014.06.07,三菱養和SCユース（B),三菱養和SCユース,東亜学園,東亜学園,5,0,終了,https://koko-soccer.com/score/5
2014,T4,2014.06.08,都立保谷,保谷,國學院久我山（B),国学院久我山,1,2,終了,https://koko-soccer.com/score/5
2014,T4,2014.08.07,都立狛江,狛江,都立豊島,豊島,1,1,終了,https://koko-soccer.com/score/5
2014,T4,2014.09.06,かえつ有明（B),かえつ有明,都立調布南,調布南,3,2,終了,https://koko-soccer.com/score/5
2014,T4,2014.06.15,都立狛江,狛江,都立調布南,調布南,1,0,終了,https://koko-soccer.com/score/5
2014,T4,2014.06.16,都立豊島,豊島,三菱養和SCユース(B),三菱養和SCユース,1,5,終了,https://koko-soccer.com/score/5
2014,T4,2014.06.29,國學院久我山（B),国学院久我山,かえつ有明（B),かえつ有明,2,1,終了,https://koko-soccer.com/score/5
2014,T4,2014.07.13,東亜学園,東亜学園,都立保谷,保谷,1,2,終了,https://koko-soccer.com/score/5
2014,T4,2014.06.22,都立調布南,調布南,國學院久我山(B),国学院久我山,0,3,終了,https://koko-soccer.com/score/5
2014,T4,2014.07.21,三菱養和SCユース（B),三菱養和SCユース,都立保谷,保谷,6,0,終了,https://koko-soccer.com/score/5
2014,T4,2014.09.07,都立豊島,豊島,東亜学園,東亜学園,3,1,終了,https://koko-soccer.com/score/5
2014,T4,2014.04.02,都立野津田,野津田,都立つばさ総合,つばさ総合,5,3,終了,https://koko-soccer.com/score/6
2014,T4,2014.04.04,都立東久留米総合（B),東久留米総合,桐朋,桐朋,2,3,終了,https://koko-soccer.com/score/6
2014,T4,2014.04.04,横河武蔵野ＦＣユース（B),横河武蔵野FCユース,本郷,本郷,4,1,終了,https://koko-soccer.com/score/6
2014,T4,2014.04.04,駒澤大学高等学校（B),駒澤大高,都立足立,足立,5,1,終了,https://koko-soccer.com/score/6
2014,T4,2014.04.13,桐朋,桐朋,都立野津田,野津田,2,4,終了,https://koko-soccer.com/score/6
2014,T4,2014.04.13,横河武蔵野ＦＣユース（Ｂ）,横河武蔵野FCユース,都立足立,足立,5,2,終了,https://koko-soccer.com/score/6
2014,T4,2014.04.19,都立つばさ総合,つばさ総合,都立東久留米総合（B),東久留米総合,1,3,終了,https://koko-soccer.com/score/6
2014,T4,2014.07.18,本郷,本郷,駒澤大学高等学校(B),駒澤大高,0,3,終了,https://koko-soccer.com/score/6
2014,T4,2014.05.05,都立東久留米総合（B),東久留米総合,都立足立,足立,2,0,終了,https://koko-soccer.com/score/6
2014,T4,2014.05.06,都立野津田,野津田,本郷,本郷,5,2,終了,https://koko-soccer.com/score/6
2014,T4,2014.06.29,駒澤大学高等学校（B),駒澤大高,桐朋,桐朋,2,1,終了,https://koko-soccer.com/score/6
2014,T4,2014.07.13,横河武蔵野ＦＣユース（B),横河武蔵野FCユース,都立つばさ総合,つばさ総合,4,1,終了,https://koko-soccer.com/score/6
2014,T4,2014.06.01,都立つばさ総合,つばさ総合,駒澤大学高等学校（B),駒澤大高,0,4,終了,https://koko-soccer.com/score/6
2014,T4,2014.06.01,本郷,本郷,都立東久留米総合（B),東久留米総合,1,0,終了,https://koko-soccer.com/score/6
2014,T4,2014.07.13,都立足立,足立,都立野津田,野津田,3,5,終了,https://koko-soccer.com/score/6
2014,T4,2014.04.20,本郷,本郷,桐朋,桐朋,2,2,終了,https://koko-soccer.com/score/6
2014,T4,2014.05.29,都立野津田,野津田,駒澤大学高等学校（B),駒澤大高,1,2,終了,https://koko-soccer.com/score/6
2014,T4,2014.08.07,都立足立,足立,都立つばさ総合,つばさ総合,1,4,終了,https://koko-soccer.com/score/6
2014,T4,2014.08.28,都立東久留米総合（B),東久留米総合,横河武蔵野ＦＣユース（B),横河武蔵野FCユース,8,0,終了,https://koko-soccer.com/score/6
2014,T4,2014.06.15,都立つばさ総合,つばさ総合,本郷,本郷,1,3,終了,https://koko-soccer.com/score/6
2014,T4,2014.06.15,桐朋,桐朋,都立足立,足立,1,0,終了,https://koko-soccer.com/score/6
2014,T4,2014.06.28,横河武蔵野ＦＣユース（B),横河武蔵野FCユース,都立野津田,野津田,5,2,終了,https://koko-soccer.com/score/6
2014,T4,2014.07.12,駒澤大学高等学校（B),駒澤大高,都立東久留米総合（B),東久留米総合,0,1,終了,https://koko-soccer.com/score/6
2014,T4,2014.06.22,桐朋,桐朋,都立つばさ総合,つばさ総合,0,2,終了,https://koko-soccer.com/score/6
2014,T4,2014.06.22,都立足立,足立,本郷,本郷,1,3,終了,https://koko-soccer.com/score/6
2014,T4,2014.07.20,都立野津田,野津田,都立東久留米総合（B),東久留米総合,2,0,終了,https://koko-soccer.com/score/6
2014,T4,2014.09.16,横河武蔵野ＦＣユース（B),横河武蔵野FCユース,駒澤大学高等学校（B),駒澤大高,2,4,終了,https://koko-soccer.com/score/6
2015,T1,2015.02.14 18：00,横河武蔵野ＦＣユース,横河武蔵野FCユース,成立学園,成立学園,3,1,終了,https://koko-soccer.com/score/40
2015,T1,2015.02.15 10：00,駒澤大学高等学校,駒澤大高,都立東久留米総合,東久留米総合,1,0,終了,https://koko-soccer.com/score/40
2015,T1,2015.02.15 14：00,帝京,帝京,関東一,関東第一,0,1,終了,https://koko-soccer.com/score/40
2015,T1,2015.02.15 16:00,國學院久我山,国学院久我山,駿台学園,駿台学園,2,1,終了,https://koko-soccer.com/score/40
2015,T1,2015.02.15 17:00,実践学園,実践学園,多摩大目黒,多摩大学目黒,4,0,終了,https://koko-soccer.com/score/40
2015,T1,2015.02.18 18:00,帝京,帝京,成立学園,成立学園,2,0,終了,https://koko-soccer.com/score/40
2015,T1,2015.02.19 18：30,駿台学園,駿台学園,横河武蔵野ＦＣユース,横河武蔵野FCユース,0,4,終了,https://koko-soccer.com/score/40
2015,T1,2015.02.21 13：30,都立東久留米総合,東久留米総合,実践学園,実践学園,1,2,終了,https://koko-soccer.com/score/40
2015,T1,2015.02.22 17：30,國學院久我山,国学院久我山,多摩大目黒,多摩大学目黒,5,0,終了,https://koko-soccer.com/score/40
2015,T1,2015.02.25 18：00,関東一,関東第一,駒澤大学高等学校,駒澤大高,1,0,終了,https://koko-soccer.com/score/40
2015,T1,2015.03.12 16：00,駒澤大学高等学校,駒澤大高,成立学園,成立学園,2,2,終了,https://koko-soccer.com/score/40
2015,T1,2015.03.12 18：00,帝京,帝京,横河武蔵野ＦＣユース,横河武蔵野FCユース,2,4,終了,https://koko-soccer.com/score/40
2015,T1,2015.03.14 17:00,実践学園,実践学園,関東一,関東第一,0,1,終了,https://koko-soccer.com/score/40
2015,T1,2015.03.14 18：30,駿台学園,駿台学園,多摩大目黒,多摩大学目黒,3,0,終了,https://koko-soccer.com/score/40
2015,T1,2015.05.04 9：30,都立東久留米総合,東久留米総合,國學院久我山,国学院久我山,5,2,終了,https://koko-soccer.com/score/40
2015,T1,2015.03.17 17:30,実践学園,実践学園,成立学園,成立学園,0,3,終了,https://koko-soccer.com/score/40
2015,T1,2015.03.17 18：30,帝京,帝京,駿台学園,駿台学園,4,0,終了,https://koko-soccer.com/score/40
2015,T1,2015.03.21 19:00,横河武蔵野ＦＣユース,横河武蔵野FCユース,駒澤大学高等学校,駒澤大高,2,1,終了,https://koko-soccer.com/score/40
2015,T1,2015.03.21 9：30,都立東久留米総合,東久留米総合,多摩大目黒,多摩大学目黒,4,0,終了,https://koko-soccer.com/score/40
2015,T1,2015.07.05 10：00,関東一,関東第一,國學院久我山,国学院久我山,0,0,終了,https://koko-soccer.com/score/40
2015,T1,2015.03.31 15：30,駿台学園,駿台学園,都立東久留米総合,東久留米総合,0,2,終了,https://koko-soccer.com/score/40
2015,T1,2015.04.01 12:00,國學院久我山,国学院久我山,成立学園,成立学園,0,0,終了,https://koko-soccer.com/score/40
2015,T1,2015.04.01 14:00,多摩大目黒,多摩大学目黒,関東一,関東第一,0,5,終了,https://koko-soccer.com/score/40
2015,T1,2015.04.01 17:00,実践学園,実践学園,横河武蔵野ＦＣユース,横河武蔵野FCユース,2,4,終了,https://koko-soccer.com/score/40
2015,T1,2015.04.02 16：00,駒澤大学高等学校,駒澤大高,帝京,帝京,4,2,終了,https://koko-soccer.com/score/40
2015,T1,2015.04.07 10：00,関東一,関東第一,都立東久留米総合,東久留米総合,2,1,終了,https://koko-soccer.com/score/40
2015,T1,2015.04.08 17：00,実践学園,実践学園,帝京,帝京,2,3,終了,https://koko-soccer.com/score/40
2015,T1,2015.04.08 18：00,駿台学園,駿台学園,駒澤大学高等学校,駒澤大高,0,1,終了,https://koko-soccer.com/score/40
2015,T1,2015.04.09 18：00,横河武蔵野ＦＣユース,横河武蔵野FCユース,國學院久我山,国学院久我山,0,2,終了,https://koko-soccer.com/score/40
2015,T1,2015.04.15 18：00,成立学園,成立学園,多摩大目黒,多摩大学目黒,5,2,終了,https://koko-soccer.com/score/40
2015,T1,2015.04.16 18：00,関東一,関東第一,駿台学園,駿台学園,2,1,終了,https://koko-soccer.com/score/40
2015,T1,2015.04.21 18：30,多摩大目黒,多摩大学目黒,横河武蔵野ＦＣユース,横河武蔵野FCユース,1,6,終了,https://koko-soccer.com/score/40
2015,T1,2015.04.22 18：30,帝京,帝京,國學院久我山,国学院久我山,1,1,終了,https://koko-soccer.com/score/40
2015,T1,2015.04.29 17：00,実践学園,実践学園,駒澤大学高等学校,駒澤大高,4,1,終了,https://koko-soccer.com/score/40
2015,T1,2015.04.29 9：30,都立東久留米総合,東久留米総合,成立学園,成立学園,3,1,終了,https://koko-soccer.com/score/40
2015,T1,2015.05.02 17：30,実践学園,実践学園,駿台学園,駿台学園,3,0,終了,https://koko-soccer.com/score/40
2015,T1,2015.05.03 10：00,成立学園,成立学園,関東一,関東第一,0,3,終了,https://koko-soccer.com/score/40
2015,T1,2015.05.13 18：00,横河武蔵野ＦＣユース,横河武蔵野FCユース,都立東久留米総合,東久留米総合,0,2,終了,https://koko-soccer.com/score/40
2015,T1,2015.05.13 18：30,駒澤大学高等学校,駒澤大高,國學院久我山,国学院久我山,1,3,終了,https://koko-soccer.com/score/40
2015,T1,2015.05.20 18：30,帝京,帝京,多摩大目黒,多摩大学目黒,1,0,終了,https://koko-soccer.com/score/40
2015,T1,2015.05.20 18：30,関東一,関東第一,横河武蔵野ＦＣユース,横河武蔵野FCユース,7,0,終了,https://koko-soccer.com/score/40
2015,T1,2015.05.27 18：30,駿台学園,駿台学園,成立学園,成立学園,0,2,終了,https://koko-soccer.com/score/40
2015,T1,2015.05.31 9：30,都立東久留米総合,東久留米総合,帝京,帝京,2,1,終了,https://koko-soccer.com/score/40
2015,T1,2015.06.03 18：00,多摩大目黒,多摩大学目黒,駒澤大学高等学校,駒澤大高,1,9,終了,https://koko-soccer.com/score/40
2015,T1,2015.06.28 10：00,國學院久我山,国学院久我山,実践学園,実践学園,3,4,終了,https://koko-soccer.com/score/40
2015,T1,2015.06.17 18：30,多摩大目黒,多摩大学目黒,実践学園,実践学園,2,4,終了,https://koko-soccer.com/score/40
2015,T1,2015.06.24 18：00,関東一,関東第一,帝京,帝京,0,0,終了,https://koko-soccer.com/score/40
2015,T1,2015.06.28 10：00,成立学園,成立学園,横河武蔵野ＦＣユース,横河武蔵野FCユース,2,2,終了,https://koko-soccer.com/score/40
2015,T1,2015.06.28 18：00,都立東久留米総合,東久留米総合,駒澤大学高等学校,駒澤大高,1,2,終了,https://koko-soccer.com/score/40
2015,T1,2015.10.04 17:45,駿台学園,駿台学園,國學院久我山,国学院久我山,1,6,終了,https://koko-soccer.com/score/40
2015,T1,2015.07.12 10：00,國學院久我山,国学院久我山,多摩大目黒,多摩大学目黒,9,1,終了,https://koko-soccer.com/score/40
2015,T1,2015.07.12 10：00,成立学園,成立学園,帝京,帝京,0,2,終了,https://koko-soccer.com/score/40
2015,T1,2015.07.13 15：30,駒澤大学高等学校,駒澤大高,関東一,関東第一,0,1,終了,https://koko-soccer.com/score/40
2015,T1,2015.07.14 17：00,実践学園,実践学園,都立東久留米総合,東久留米総合,1,2,終了,https://koko-soccer.com/score/40
2015,T1,2015.07.15 18：00,横河武蔵野ＦＣユース,横河武蔵野FCユース,駿台学園,駿台学園,4,2,終了,https://koko-soccer.com/score/40
2015,T1,2015.07.18 19：00,横河武蔵野ＦＣユース,横河武蔵野FCユース,帝京,帝京,4,1,終了,https://koko-soccer.com/score/40
2015,T1,2015.07.19 10：00,成立学園,成立学園,駒澤大学高等学校,駒澤大高,1,1,終了,https://koko-soccer.com/score/40
2015,T1,2015.07.19 17：00,関東一,関東第一,実践学園,実践学園,4,1,終了,https://koko-soccer.com/score/40
2015,T1,2015.07.20 10:00,國學院久我山,国学院久我山,都立東久留米総合,東久留米総合,1,4,終了,https://koko-soccer.com/score/40
2015,T1,2015.07.21 10：00,多摩大目黒,多摩大学目黒,駿台学園,駿台学園,0,3,終了,https://koko-soccer.com/score/40
2015,T1,2015.07.25 18：00,関東一,関東第一,國學院久我山,国学院久我山,0,1,終了,https://koko-soccer.com/score/40
2015,T1,2015.07.29 10：00,成立学園,成立学園,実践学園,実践学園,0,2,終了,https://koko-soccer.com/score/40
2015,T1,2015.08.04 18：30,駿台学園,駿台学園,帝京,帝京,2,3,終了,https://koko-soccer.com/score/40
2015,T1,2015.08.06 ９：30,多摩大目黒,多摩大学目黒,都立東久留米総合,東久留米総合,0,4,終了,https://koko-soccer.com/score/40
2015,T1,2015.08.24 18：00,駒澤大学高等学校,駒澤大高,横河武蔵野ＦＣユース,横河武蔵野FCユース,5,1,終了,https://koko-soccer.com/score/40
2015,T1,2015.08.23 ９：30,都立東久留米総合,東久留米総合,駿台学園,駿台学園,3,0,終了,https://koko-soccer.com/score/40
2015,T1,2015.08.25 10：00,関東一,関東第一,多摩大目黒,多摩大学目黒,2,0,終了,https://koko-soccer.com/score/40
2015,T1,2015.08.27 16：00,帝京,帝京,駒澤大学高等学校,駒澤大高,1,1,終了,https://koko-soccer.com/score/40
2015,T1,2015.08.29,横河武蔵野ＦＣユース,横河武蔵野FCユース,実践学園,実践学園,4,3,終了,https://koko-soccer.com/score/40
2015,T1,2015.08.30 10：00,成立学園,成立学園,國學院久我山,国学院久我山,0,2,終了,https://koko-soccer.com/score/40
2015,T1,2015.09.03 18：30,帝京,帝京,実践学園,実践学園,3,0,終了,https://koko-soccer.com/score/40
2015,T1,2015.09.04 18：30,駒澤大学高等学校,駒澤大高,駿台学園,駿台学園,4,0,終了,https://koko-soccer.com/score/40
2015,T1,2015.09.06 10：00,國學院久我山,国学院久我山,横河武蔵野ＦＣユース,横河武蔵野FCユース,2,2,終了,https://koko-soccer.com/score/40
2015,T1,2015.09.06 10：00,都立東久留米総合,東久留米総合,関東一,関東第一,3,0,終了,https://koko-soccer.com/score/40
2015,T1,2015.09.06 11：00,多摩大目黒,多摩大学目黒,成立学園,成立学園,1,5,終了,https://koko-soccer.com/score/40
2015,T1,2015.09.16 18：30,横河武蔵野ＦＣユース,横河武蔵野FCユース,多摩大目黒,多摩大学目黒,7,1,終了,https://koko-soccer.com/score/40
2015,T1,2015.09.23 18：00,駒澤大学高等学校,駒澤大高,実践学園,実践学園,0,1,終了,https://koko-soccer.com/score/40
2015,T1,2015.09.24 18：30,駿台学園,駿台学園,関東一,関東第一,1,1,終了,https://koko-soccer.com/score/40
2015,T1,2015.09.27 10：00,國學院久我山,国学院久我山,帝京,帝京,2,2,終了,https://koko-soccer.com/score/40
2015,T1,2015.09.27 10：00,成立学園,成立学園,都立東久留米総合,東久留米総合,0,3,終了,https://koko-soccer.com/score/40
2015,T1,2015.10.01 13：30,多摩大目黒,多摩大学目黒,帝京,帝京,0,3,終了,https://koko-soccer.com/score/40
2015,T1,2015.10.01 17：30,國學院久我山,国学院久我山,駒澤大学高等学校,駒澤大高,0,2,終了,https://koko-soccer.com/score/40
2015,T1,2015.10.01 9：30,駿台学園,駿台学園,実践学園,実践学園,0,0,終了,https://koko-soccer.com/score/40
2015,T1,2015.10.04 9：30,都立東久留米総合,東久留米総合,横河武蔵野ＦＣユース,横河武蔵野FCユース,1,5,終了,https://koko-soccer.com/score/40
2015,T1,2015.10.11 10：00,関東一,関東第一,成立学園,成立学園,2,1,終了,https://koko-soccer.com/score/40
2015,T1,2015.10.07 18：30,駒澤大学高等学校,駒澤大高,多摩大目黒,多摩大学目黒,7,0,終了,https://koko-soccer.com/score/40
2015,T1,2015.10.10 17：30,実践学園,実践学園,國學院久我山,国学院久我山,1,3,終了,https://koko-soccer.com/score/40
2015,T1,2015.10.11 9：30,帝京,帝京,都立東久留米総合,東久留米総合,2,0,終了,https://koko-soccer.com/score/40
2015,T1,2015.10.25 10：30,成立学園,成立学園,駿台学園,駿台学園,2,1,終了,https://koko-soccer.com/score/40
2015,T1,2015.10.28 18：00,横河武蔵野ＦＣユース,横河武蔵野FCユース,関東一,関東第一,2,3,終了,https://koko-soccer.com/score/40
2015,T2,2015.02.15 11：00,東京朝鮮中高級学校,東京朝鮮中高級学校,FC東京U-18(B),FC東京U-18,1,0,終了,https://koko-soccer.com/score/41
2015,T2,2015.02.15 12:00,都立駒場,駒場,大成,大成,0,0,終了,https://koko-soccer.com/score/41
2015,T2,2015.02.15 14：00,東海大高輪台,東海大高輪台,都立三鷹中等教育学校,三鷹中等教育学校,5,0,終了,https://koko-soccer.com/score/41
2015,T2,2015.02.15 16：00,堀越,堀越,東京実業,東京実業,1,4,終了,https://koko-soccer.com/score/41
2015,T2,2015.02.15 18:00,ＦＣトリプレッタユース,FCトリプレッタユース,国士舘,国士舘,2,1,終了,https://koko-soccer.com/score/41
2015,T2,2015.02.18 19：00,FC東京U-18(B),FC東京U-18,都立駒場,駒場,4,0,終了,https://koko-soccer.com/score/41
2015,T2,2015.02.19 18:00,大成,大成,都立三鷹中等教育学校,三鷹中等教育学校,5,1,終了,https://koko-soccer.com/score/41
2015,T2,2015.02.19 18:30,東京実業,東京実業,ＦＣトリプレッタユース,FCトリプレッタユース,5,1,終了,https://koko-soccer.com/score/41
2015,T2,2015.02.21 10:00,東京朝鮮中高級学校,東京朝鮮中高級学校,国士舘,国士舘,0,0,終了,https://koko-soccer.com/score/41
2015,T2,2015.02.22 12：30,東海大高輪台,東海大高輪台,堀越,堀越,1,3,終了,https://koko-soccer.com/score/41
2015,T2,2015.03.07 17:00,東京朝鮮中高級学校,東京朝鮮中高級学校,東京実業,東京実業,0,2,終了,https://koko-soccer.com/score/41
2015,T2,2015.03.12 14：00,堀越,堀越,大成,大成,0,4,終了,https://koko-soccer.com/score/41
2015,T2,2015.03.12 19:00,FC東京U-18(B),FC東京U-18,国士舘,国士舘,2,2,終了,https://koko-soccer.com/score/41
2015,T2,2015.03.15 18:00,都立三鷹中等教育学校,三鷹中等教育学校,都立駒場,駒場,1,4,終了,https://koko-soccer.com/score/41
2015,T2,2015.03.15 18：00,ＦＣトリプレッタユース,FCトリプレッタユース,東海大高輪台,東海大高輪台,2,1,終了,https://koko-soccer.com/score/41
2015,T2,2015.02.28 17：30,東海大高輪台,東海大高輪台,東京朝鮮中高級学校,東京朝鮮中高級学校,4,3,終了,https://koko-soccer.com/score/41
2015,T2,2015.03.18 19：00,FC東京U-18(B),FC東京U-18,都立三鷹中等教育学校,三鷹中等教育学校,7,0,終了,https://koko-soccer.com/score/41
2015,T2,2015.03.19 15:00,東京実業,東京実業,国士舘,国士舘,2,0,終了,https://koko-soccer.com/score/41
2015,T2,2015.03.19 18:30,大成,大成,ＦＣトリプレッタユース,FCトリプレッタユース,1,2,終了,https://koko-soccer.com/score/41
2015,T2,2015.03.20 18：00,都立駒場,駒場,堀越,堀越,3,2,終了,https://koko-soccer.com/score/41
2015,T2,2015.03.24 12：30,東海大高輪台,東海大高輪台,国士舘,国士舘,3,2,終了,https://koko-soccer.com/score/41
2015,T2,2015.03.25 16：00,東京朝鮮中高級学校,東京朝鮮中高級学校,大成,大成,2,2,終了,https://koko-soccer.com/score/41
2015,T2,2015.04.01 10:00,堀越,堀越,都立三鷹中等教育学校,三鷹中等教育学校,2,1,終了,https://koko-soccer.com/score/41
2015,T2,2015.04.03 18:00,都立駒場,駒場,ＦＣトリプレッタユース,FCトリプレッタユース,1,2,終了,https://koko-soccer.com/score/41
2015,T2,2015.04.08 19：00,FC東京U-18(B),FC東京U-18,東京実業,東京実業,1,0,終了,https://koko-soccer.com/score/41
2015,T2,2015.04.08 18：30,都立駒場,駒場,東京朝鮮中高級学校,東京朝鮮中高級学校,2,2,終了,https://koko-soccer.com/score/41
2015,T2,2015.04.09 18：30,都立三鷹中等教育学校,三鷹中等教育学校,ＦＣトリプレッタユース,FCトリプレッタユース,2,3,終了,https://koko-soccer.com/score/41
2015,T2,2015.04.15 18：30,東京実業,東京実業,東海大高輪台,東海大高輪台,3,1,終了,https://koko-soccer.com/score/41
2015,T2,2015.04.15 19：00,FC東京U-18(B),FC東京U-18,堀越,堀越,7,0,終了,https://koko-soccer.com/score/41
2015,T2,2015.04.16 18：30,大成,大成,国士舘,国士舘,3,1,終了,https://koko-soccer.com/score/41
2015,T2,2015.04.23 18：30,堀越,堀越,ＦＣトリプレッタユース,FCトリプレッタユース,3,3,終了,https://koko-soccer.com/score/41
2015,T2,2015.04.23 19：00,FC東京U-18(B),FC東京U-18,東海大高輪台,東海大高輪台,1,0,終了,https://koko-soccer.com/score/41
2015,T2,2015.04.27 18：00,国士舘,国士舘,都立駒場,駒場,3,1,終了,https://koko-soccer.com/score/41
2015,T2,2015.10.29 18：30,東京実業,東京実業,大成,大成,1,0,終了,https://koko-soccer.com/score/41
2015,T2,2015.11.18 18：00,東京朝鮮中高級学校,東京朝鮮中高級学校,都立三鷹中等教育学校,三鷹中等教育学校,9,0,終了,https://koko-soccer.com/score/41
2015,T2,2015.05.14 19：00,ＦＣトリプレッタユース,FCトリプレッタユース,FC東京U-18(B),FC東京U-18,2,1,終了,https://koko-soccer.com/score/41
2015,T2,2015.05.20 18：00,都立駒場,駒場,東京実業,東京実業,0,4,終了,https://koko-soccer.com/score/41
2015,T2,2015.07.08,東海大高輪台,東海大高輪台,大成,大成,3,1,終了,https://koko-soccer.com/score/41
2015,T2,2015.07.13 17：00,都立三鷹中等教育学校,三鷹中等教育学校,国士舘,国士舘,0,1,終了,https://koko-soccer.com/score/41
2015,T2,2015.11.29 11：00,東京朝鮮中高級学校,東京朝鮮中高級学校,堀越,堀越,0,1,終了,https://koko-soccer.com/score/41
2015,T2,2015.05.27 18：00,東京朝鮮中高級学校,東京朝鮮中高級学校,ＦＣトリプレッタユース,FCトリプレッタユース,3,2,終了,https://koko-soccer.com/score/41
2015,T2,2015.05.27 18：00,都立駒場,駒場,東海大高輪台,東海大高輪台,1,1,終了,https://koko-soccer.com/score/41
2015,T2,2015.05.27 19：00,FC東京U-18(B),FC東京U-18,大成,大成,4,1,終了,https://koko-soccer.com/score/41
2015,T2,2015.05.28 18：00,東京実業,東京実業,都立三鷹中等教育学校,三鷹中等教育学校,6,1,終了,https://koko-soccer.com/score/41
2015,T2,2015.06.03 18：30,国士舘,国士舘,堀越,堀越,3,0,終了,https://koko-soccer.com/score/41
2015,T2,2015.06.10 18：00,東京実業,東京実業,堀越,堀越,1,0,終了,https://koko-soccer.com/score/41
2015,T2,2015.06.10 18：30,国士舘,国士舘,ＦＣトリプレッタユース,FCトリプレッタユース,1,3,終了,https://koko-soccer.com/score/41
2015,T2,2015.06.10 19：00,FC東京U-18(B),FC東京U-18,東京朝鮮中高級学校,東京朝鮮中高級学校,5,2,終了,https://koko-soccer.com/score/41
2015,T2,2015.06.17 18：00,都立三鷹中等教育学校,三鷹中等教育学校,東海大高輪台,東海大高輪台,1,4,終了,https://koko-soccer.com/score/41
2015,T2,2015.06.22 18：00,大成,大成,都立駒場,駒場,0,0,終了,https://koko-soccer.com/score/41
2015,T2,2015.06.24 18：30,国士舘,国士舘,東京朝鮮中高級学校,東京朝鮮中高級学校,0,2,終了,https://koko-soccer.com/score/41
2015,T2,2015.07.13 18：00,ＦＣトリプレッタユース,FCトリプレッタユース,東京実業,東京実業,1,3,終了,https://koko-soccer.com/score/41
2015,T2,2015.07.13 18：00,堀越,堀越,東海大高輪台,東海大高輪台,0,3,終了,https://koko-soccer.com/score/41
2015,T2,2015.07.17 15：30,都立三鷹中等教育学校,三鷹中等教育学校,大成,大成,1,6,終了,https://koko-soccer.com/score/41
2015,T2,2015.11.03 14：00,都立駒場,駒場,FC東京U-18(B),FC東京U-18,1,3,終了,https://koko-soccer.com/score/41
2015,T2,2015.07.01 19：00,国士舘,国士舘,FC東京U-18(B),FC東京U-18,2,1,終了,https://koko-soccer.com/score/41
2015,T2,2015.07.10 18：00,都立駒場,駒場,都立三鷹中等教育学校,三鷹中等教育学校,3,0,終了,https://koko-soccer.com/score/41
2015,T2,2015.07.19 14：00,東海大高輪台,東海大高輪台,ＦＣトリプレッタユース,FCトリプレッタユース,3,1,終了,https://koko-soccer.com/score/41
2015,T2,2015.07.22 18：00,大成,大成,堀越,堀越,3,6,終了,https://koko-soccer.com/score/41
2015,T2,2015.08.04 17：00,東京実業,東京実業,東京朝鮮中高級学校,東京朝鮮中高級学校,2,3,終了,https://koko-soccer.com/score/41
2015,T2,2015.07.17 17：30,国士舘,国士舘,東京実業,東京実業,0,3,終了,https://koko-soccer.com/score/41
2015,T2,2015.07.26 17：00,東京朝鮮中高級学校,東京朝鮮中高級学校,東海大高輪台,東海大高輪台,0,2,終了,https://koko-soccer.com/score/41
2015,T2,2015.08.02 11：00,都立三鷹中等教育学校,三鷹中等教育学校,FC東京U-18(B),FC東京U-18,0,7,終了,https://koko-soccer.com/score/41
2015,T2,2015.08.04 16：00,ＦＣトリプレッタユース,FCトリプレッタユース,大成,大成,2,0,終了,https://koko-soccer.com/score/41
2015,T2,2015.08.06 18：00,堀越,堀越,都立駒場,駒場,3,1,終了,https://koko-soccer.com/score/41
2015,T2,2015.08.24 18：00,都立駒場,駒場,ＦＣトリプレッタユース,FCトリプレッタユース,4,3,終了,https://koko-soccer.com/score/41
2015,T2,2015.08.26 11：00,東京実業,東京実業,FC東京U-18(B),FC東京U-18,3,1,終了,https://koko-soccer.com/score/41
2015,T2,2015.08.26 18：00,大成,大成,東京朝鮮中高級学校,東京朝鮮中高級学校,4,0,終了,https://koko-soccer.com/score/41
2015,T2,2015.08.28 16：30,国士舘,国士舘,東海大高輪台,東海大高輪台,2,2,終了,https://koko-soccer.com/score/41
2015,T2,2015.08.31 18：00,都立三鷹中等教育学校,三鷹中等教育学校,堀越,堀越,0,4,終了,https://koko-soccer.com/score/41
2015,T2,2015.08.09 10：00,東京朝鮮中高級学校,東京朝鮮中高級学校,都立駒場,駒場,4,2,終了,https://koko-soccer.com/score/41
2015,T2,2015.09.02 18：30,国士舘,国士舘,大成,大成,2,1,終了,https://koko-soccer.com/score/41
2015,T2,2015.09.06 14：00,東海大高輪台,東海大高輪台,東京実業,東京実業,0,0,終了,https://koko-soccer.com/score/41
2015,T2,2015.09.16 18：00,ＦＣトリプレッタユース,FCトリプレッタユース,都立三鷹中等教育学校,三鷹中等教育学校,2,0,終了,https://koko-soccer.com/score/41
2015,T2,2015.12.09 19：00,堀越,堀越,FC東京U-18(B),FC東京U-18,6,2,終了,https://koko-soccer.com/score/41
2015,T2,2015.09.23 13：30,大成,大成,東京実業,東京実業,2,2,終了,https://koko-soccer.com/score/41
2015,T2,2015.09.23 9：30,都立駒場,駒場,国士舘,国士舘,2,4,終了,https://koko-soccer.com/score/41
2015,T2,2015.10.27 19：00,東海大高輪台,東海大高輪台,FC東京U-18(B),FC東京U-18,0,1,終了,https://koko-soccer.com/score/41
2015,T2,2015.10.29 18：00,ＦＣトリプレッタユース,FCトリプレッタユース,堀越,堀越,5,1,終了,https://koko-soccer.com/score/41
2015,T2,2015.12.05 17：15,都立三鷹中等教育学校,三鷹中等教育学校,東京朝鮮中高級学校,東京朝鮮中高級学校,0,5,終了,https://koko-soccer.com/score/41
2015,T2,2015.09.28 18：00,堀越,堀越,東京朝鮮中高級学校,東京朝鮮中高級学校,3,1,終了,https://koko-soccer.com/score/41
2015,T2,2015.10.01 11：30,東京実業,東京実業,都立駒場,駒場,0,0,終了,https://koko-soccer.com/score/41
2015,T2,2015.10.01 15：30,都立三鷹中等教育学校,三鷹中等教育学校,国士舘,国士舘,0,6,終了,https://koko-soccer.com/score/41
2015,T2,2015.10.07 19：00,FC東京U-18(B),FC東京U-18,ＦＣトリプレッタユース,FCトリプレッタユース,2,0,終了,https://koko-soccer.com/score/41
2015,T2,2015.11.01 13:00,大成,大成,東海大高輪台,東海大高輪台,2,0,終了,https://koko-soccer.com/score/41
2015,T2,2015.10.04 13：00,東海大高輪台,東海大高輪台,都立駒場,駒場,0,1,終了,https://koko-soccer.com/score/41
2015,T2,2015.10.06 18：30,都立三鷹中等教育学校,三鷹中等教育学校,東京実業,東京実業,0,5,終了,https://koko-soccer.com/score/41
2015,T2,2015.10.08 18：30,堀越,堀越,国士舘,国士舘,0,1,終了,https://koko-soccer.com/score/41
2015,T2,2015.10.21 18：00,大成,大成,FC東京U-18(B),FC東京U-18,2,1,終了,https://koko-soccer.com/score/41
2015,T2,2015.10.22 18：00,ＦＣトリプレッタユース,FCトリプレッタユース,東京朝鮮中高級学校,東京朝鮮中高級学校,2,1,終了,https://koko-soccer.com/score/41
2015,T3,2015.04.02 10：00,修徳,修徳,三菱養和SCユース（B）,三菱養和SCユース,2,2,終了,https://koko-soccer.com/score/51
2015,T3,2015.04.02 14：00,保善,保善,東京,東京,4,1,終了,https://koko-soccer.com/score/51
2015,T3,2015.04.02 16：00,暁星高等学校,暁星,都立日野台,日野台,2,1,終了,https://koko-soccer.com/score/51
2015,T3,2015.04.02 16：00,実践学園（B）,実践学園,東農大一,農大一,3,0,終了,https://koko-soccer.com/score/51
2015,T3,2015.04.03 16：00,東京成徳大高,東京成徳大高,都立石神井,石神井,2,0,終了,https://koko-soccer.com/score/51
2015,T3,2015.04.07 18：30,東京,東京,暁星高等学校,暁星,0,3,終了,https://koko-soccer.com/score/51
2015,T3,2015.04.14 18：30,都立石神井,石神井,修徳,修徳,2,2,終了,https://koko-soccer.com/score/51
2015,T3,2015.04.23 19：00,都立日野台,日野台,東京成徳大高,東京成徳大高,1,2,終了,https://koko-soccer.com/score/51
2015,T3,2015.05.03 13：00,東農大一,農大一,保善,保善,0,0,終了,https://koko-soccer.com/score/51
2015,T3,2015.05.03 14：00,三菱養和SCユース（B）,三菱養和SCユース,実践学園（B）,実践学園,1,1,終了,https://koko-soccer.com/score/51
2015,T3,2015.05.07 18：30,暁星高等学校,暁星,東農大一,農大一,3,0,終了,https://koko-soccer.com/score/51
2015,T3,2015.05.16 19：00,三菱養和SCユース（B）,三菱養和SCユース,都立石神井,石神井,4,0,終了,https://koko-soccer.com/score/51
2015,T3,2015.05.28 18：30,修徳,修徳,都立日野台,日野台,3,0,終了,https://koko-soccer.com/score/51
2015,T3,2015.06.21 12：00,保善,保善,実践学園（B）,実践学園,2,1,終了,https://koko-soccer.com/score/51
2015,T3,2015.07.16 9：45,東京成徳大高,東京成徳大高,東京,東京,0,3,終了,https://koko-soccer.com/score/51
2015,T3,2015.06.04 18：00,東京,東京,修徳,修徳,0,3,終了,https://koko-soccer.com/score/51
2015,T3,2015.06.14 16：00,都立日野台,日野台,都立石神井,石神井,0,4,終了,https://koko-soccer.com/score/51
2015,T3,2015.06.16 18：30,東農大一,農大一,東京成徳大高,東京成徳大高,3,1,終了,https://koko-soccer.com/score/51
2015,T3,2015.06.27 17：00,実践学園（B）,実践学園,暁星高等学校,暁星,1,2,終了,https://koko-soccer.com/score/51
2015,T3,2015.06.28 19：00,保善,保善,三菱養和SCユース（B）,三菱養和SCユース,1,1,終了,https://koko-soccer.com/score/51
2015,T3,2015.07.17 18：00,修徳,修徳,東農大一,農大一,1,0,終了,https://koko-soccer.com/score/51
2015,T3,2015.07.20 18：00,三菱養和SCユース（B）,三菱養和SCユース,都立日野台,日野台,4,0,終了,https://koko-soccer.com/score/51
2015,T3,2015.07.22 10：00,東京成徳大高,東京成徳大高,実践学園（B）,実践学園,1,5,終了,https://koko-soccer.com/score/51
2015,T3,2015.07.22 12：00,暁星高等学校,暁星,保善,保善,2,1,終了,https://koko-soccer.com/score/51
2015,T3,2015.08.11 10:00,都立石神井,石神井,東京,東京,0,0,終了,https://koko-soccer.com/score/51
2015,T3,2015.07.26 14：00,東農大一,農大一,都立石神井,石神井,3,2,終了,https://koko-soccer.com/score/51
2015,T3,2015.07.30 18：45,保善,保善,東京成徳大高,東京成徳大高,1,1,終了,https://koko-soccer.com/score/51
2015,T3,2015.08.01 11:30,実践学園（B）,実践学園,修徳,修徳,2,1,終了,https://koko-soccer.com/score/51
2015,T3,2015.08.07 15：35,都立日野台,日野台,東京,東京,0,2,終了,https://koko-soccer.com/score/51
2015,T3,2015.08.24 19：00,三菱養和SCユース（B）,三菱養和SCユース,暁星高等学校,暁星,4,1,終了,https://koko-soccer.com/score/51
2015,T3,2015.08.26 15：30,都立日野台,日野台,東農大一,農大一,0,2,終了,https://koko-soccer.com/score/51
2015,T3,2015.08.27 9：30,修徳,修徳,保善,保善,1,0,終了,https://koko-soccer.com/score/51
2015,T3,2015.08.29 9：00,都立石神井,石神井,実践学園（B）,実践学園,1,5,終了,https://koko-soccer.com/score/51
2015,T3,2015.08.31 11：15,暁星高等学校,暁星,東京成徳大高,東京成徳大高,4,1,終了,https://koko-soccer.com/score/51
2015,T3,2015.09.21 19：00,東京,東京,三菱養和SCユース（B）,三菱養和SCユース,0,4,終了,https://koko-soccer.com/score/51
2015,T3,2015.09.04 10：00,暁星高等学校,暁星,修徳,修徳,2,0,終了,https://koko-soccer.com/score/51
2015,T3,2015.09.06,実践学園（B）,実践学園,都立日野台,日野台,3,0,終了,https://koko-soccer.com/score/51
2015,T3,2015.09.15 18：30,保善,保善,都立石神井,石神井,5,1,終了,https://koko-soccer.com/score/51
2015,T3,2015.09.28 18：30,東京成徳大高,東京成徳大高,三菱養和SCユース（B）,三菱養和SCユース,0,3,終了,https://koko-soccer.com/score/51
2015,T3,2015.10.11 17：30,東農大一,農大一,東京,東京,3,2,終了,https://koko-soccer.com/score/51
2015,T3,2015.10.01 12：00,都立石神井,石神井,暁星高等学校,暁星,1,5,終了,https://koko-soccer.com/score/51
2015,T3,2015.10.01 14：00,都立日野台,日野台,保善,保善,0,0,終了,https://koko-soccer.com/score/51
2015,T3,2015.10.03 19：00,三菱養和SCユース（B）,三菱養和SCユース,東農大一,農大一,5,1,終了,https://koko-soccer.com/score/51
2015,T3,2015.10.04,東京,東京,実践学園（B）,実践学園,3,2,終了,https://koko-soccer.com/score/51
2015,T3,2015.10.08 18：45,修徳,修徳,東京成徳大高,東京成徳大高,0,2,終了,https://koko-soccer.com/score/51
2015,T3,2015.04.02 12：00,早稲田実業,早稲田実業,駒澤大学高等学校（B）,駒澤大高,1,0,終了,https://koko-soccer.com/score/52
2015,T3,2015.04.02 12：00,杉並FCユース,杉並FCユース,都立国分寺,国分寺,6,1,終了,https://koko-soccer.com/score/52
2015,T3,2015.04.02 14：00,日本学園,日本学園,國學院久我山（B）,国学院久我山,2,0,終了,https://koko-soccer.com/score/52
2015,T3,2015.04.02 14：00,東海大菅生,東海大菅生,日大三,日大三,2,2,終了,https://koko-soccer.com/score/52
2015,T3,2015.04.02 18：00,かえつ有明,かえつ有明,都立東大和南,東大和南,6,5,終了,https://koko-soccer.com/score/52
2015,T3,2015.04.10 18：30,日大三,日大三,かえつ有明,かえつ有明,4,1,終了,https://koko-soccer.com/score/52
2015,T3,2015.04.17 18：00,駒澤大学高等学校（B）,駒澤大高,日本学園,日本学園,2,0,終了,https://koko-soccer.com/score/52
2015,T3,2015.04.23 18：00,都立国分寺,国分寺,東海大菅生,東海大菅生,1,2,終了,https://koko-soccer.com/score/52
2015,T3,2015.04.24 18：30,都立東大和南,東大和南,早稲田実業,早稲田実業,2,6,終了,https://koko-soccer.com/score/52
2015,T3,2015.04.29 11:05,國學院久我山（B）,国学院久我山,杉並FCユース,杉並FCユース,2,2,終了,https://koko-soccer.com/score/52
2015,T3,2015.05.06 10：00,國學院久我山（B）,国学院久我山,駒澤大学高等学校（B）,駒澤大高,2,0,終了,https://koko-soccer.com/score/52
2015,T3,2015.05.06 14：00,東海大菅生,東海大菅生,杉並FCユース,杉並FCユース,2,4,終了,https://koko-soccer.com/score/52
2015,T3,2015.05.15 18：00,日本学園,日本学園,都立東大和南,東大和南,1,2,終了,https://koko-soccer.com/score/52
2015,T3,2015.05.29 18：30,かえつ有明,かえつ有明,都立国分寺,国分寺,1,1,終了,https://koko-soccer.com/score/52
2015,T3,2015.05.31 15：30,早稲田実業,早稲田実業,日大三,日大三,0,0,終了,https://koko-soccer.com/score/52
2015,T3,2015.06.02 18：30,都立東大和南,東大和南,駒澤大学高等学校（B）,駒澤大高,0,4,終了,https://koko-soccer.com/score/52
2015,T3,2015.06.04 18：30,杉並FCユース,杉並FCユース,かえつ有明,かえつ有明,2,0,終了,https://koko-soccer.com/score/52
2015,T3,2015.06.18 18：30,都立国分寺,国分寺,早稲田実業,早稲田実業,0,3,終了,https://koko-soccer.com/score/52
2015,T3,2015.06.19 18：00,日大三,日大三,日本学園,日本学園,0,5,終了,https://koko-soccer.com/score/52
2015,T3,2015.06.21 16：00,東海大菅生,東海大菅生,國學院久我山（B）,国学院久我山,1,2,終了,https://koko-soccer.com/score/52
2015,T3,2015.07.05 17：45,國學院久我山（B）,国学院久我山,都立東大和南,東大和南,3,1,終了,https://koko-soccer.com/score/52
2015,T3,2015.07.16 18：30,日本学園,日本学園,都立国分寺,国分寺,2,0,終了,https://koko-soccer.com/score/52
2015,T3,2015.07.21 16：00,早稲田実業,早稲田実業,杉並FCユース,杉並FCユース,2,0,終了,https://koko-soccer.com/score/52
2015,T3,2015.07.21 18：00,駒澤大学高等学校（B）,駒澤大高,日大三,日大三,1,1,終了,https://koko-soccer.com/score/52
2015,T3,2015.07.22 14：00,かえつ有明,かえつ有明,東海大菅生,東海大菅生,1,6,終了,https://koko-soccer.com/score/52
2015,T3,2015.08.04 12：00,都立東大和南,東大和南,日大三,日大三,2,2,終了,https://koko-soccer.com/score/52
2015,T3,2015.08.05 16：00,東海大菅生,東海大菅生,早稲田実業,早稲田実業,0,5,終了,https://koko-soccer.com/score/52
2015,T3,2015.08.05 18：00,杉並FCユース,杉並FCユース,日本学園,日本学園,1,0,終了,https://koko-soccer.com/score/52
2015,T3,2015.08.06 10：00,都立国分寺,国分寺,駒澤大学高等学校（B）,駒澤大高,1,2,終了,https://koko-soccer.com/score/52
2015,T3,2015.09.13,國學院久我山（B）,国学院久我山,かえつ有明,かえつ有明,14,0,終了,https://koko-soccer.com/score/52
2015,T3,2015.08.25 15：45,都立東大和南,東大和南,都立国分寺,国分寺,5,3,終了,https://koko-soccer.com/score/52
2015,T3,2015.08.25 18：00,駒澤大学高等学校（B）,駒澤大高,杉並FCユース,杉並FCユース,5,0,終了,https://koko-soccer.com/score/52
2015,T3,2015.08.30 10：30,日本学園,日本学園,東海大菅生,東海大菅生,4,0,終了,https://koko-soccer.com/score/52
2015,T3,2015.08.31 13：30,日大三,日大三,國學院久我山（B）,国学院久我山,0,3,終了,https://koko-soccer.com/score/52
2015,T3,2015.08.31 9：00,かえつ有明,かえつ有明,早稲田実業,早稲田実業,1,8,終了,https://koko-soccer.com/score/52
2015,T3,2015.09.06 17：30,早稲田実業,早稲田実業,國學院久我山（B）,国学院久我山,2,3,終了,https://koko-soccer.com/score/52
2015,T3,2015.09.11 18：00,杉並FCユース,杉並FCユース,都立東大和南,東大和南,4,2,終了,https://koko-soccer.com/score/52
2015,T3,2015.09.17 18：30,都立国分寺,国分寺,日大三,日大三,1,0,終了,https://koko-soccer.com/score/52
2015,T3,2015.09.23 10：00,東海大菅生,東海大菅生,駒澤大学高等学校（B）,駒澤大高,0,2,終了,https://koko-soccer.com/score/52
2015,T3,2015.09.25 18：30,かえつ有明,かえつ有明,日本学園,日本学園,0,3,終了,https://koko-soccer.com/score/52
2015,T3,2015.09.29 18：30,日大三,日大三,杉並FCユース,杉並FCユース,1,3,終了,https://koko-soccer.com/score/52
2015,T3,2015.09.30 18：30,駒澤大学高等学校（B）,駒澤大高,かえつ有明,かえつ有明,4,4,終了,https://koko-soccer.com/score/52
2015,T3,2015.10.01 11：00,國學院久我山（B）,国学院久我山,都立国分寺,国分寺,4,0,終了,https://koko-soccer.com/score/52
2015,T3,2015.10.11 14：00,都立東大和南,東大和南,東海大菅生,東海大菅生,1,4,終了,https://koko-soccer.com/score/52
2015,T3,2015.10.12 14：30,日本学園,日本学園,早稲田実業,早稲田実業,3,3,終了,https://koko-soccer.com/score/52
2015,T3,2015.11.19 18:00,暁星高等学校,暁星,國學院久我山（B）,国学院久我山,1,2,終了,https://koko-soccer.com/score/238
2015,T3,2015.11.02 19:00,三菱養和SCユース（B）,三菱養和SCユース,早稲田実業,早稲田実業,4,0,終了,https://koko-soccer.com/score/238
2015,T3,2015.10.28 17:45,実践学園（B）,実践学園,杉並FCユース,杉並FCユース,4,1,終了,https://koko-soccer.com/score/238
2015,T3,2015.11.18 18:30,修徳,修徳,駒澤大学高等学校（B）,駒澤大高,1,2,終了,https://koko-soccer.com/score/238
2015,T3,2015.10.28 18:30,保善,保善,日本学園,日本学園,1,2,終了,https://koko-soccer.com/score/238
2015,T3,2015.10.25 10:00,東農大一,農大一,東海大菅生,東海大菅生,0,6,終了,https://koko-soccer.com/score/238
2015,T3,2015.10.29 18:00,東京,東京,日大三,日大三,3,4,終了,https://koko-soccer.com/score/238
2015,T3,2015.11.05 18:45,東京成徳大高,東京成徳大高,都立東大和南,東大和南,1,4,終了,https://koko-soccer.com/score/238
2015,T3,2015.11.25 18:30,都立石神井,石神井,かえつ有明,かえつ有明,1,3,終了,https://koko-soccer.com/score/238
2015,T3,2015.11.17 18:30,都立日野台,日野台,都立国分寺,国分寺,0,1,終了,https://koko-soccer.com/score/238
2015,T4,2015.04.02 12：00,駒澤大学高等学校（C）,駒澤大高,正則学園,正則学園,4,2,終了,https://koko-soccer.com/score/53
2015,T4,2015.04.02 17：30,ＦＣ町田ゼルビアユース,FC町田ゼルビアユース,大東大一,大東大一,3,1,終了,https://koko-soccer.com/score/53
2015,T4,2015.04.03 18：30,横河武蔵野ＦＣユース(B),横河武蔵野FCユース,かえつ有明(B),かえつ有明,7,0,終了,https://koko-soccer.com/score/53
2015,T4,2015.05.05 13：30,本郷,本郷,都立野津田,野津田,5,3,終了,https://koko-soccer.com/score/53
2015,T4,2015.04.12 15：00,都立野津田,野津田,大東大一,大東大一,8,1,終了,https://koko-soccer.com/score/53
2015,T4,2015.04.12 9：00,かえつ有明(B),かえつ有明,本郷,本郷,1,3,終了,https://koko-soccer.com/score/53
2015,T4,2015.08.07 9：30,駒澤大学高等学校（C）,駒澤大高,横河武蔵野ＦＣユース(B),横河武蔵野FCユース,4,3,終了,https://koko-soccer.com/score/53
2015,T4,2015.09.12,正則学園,正則学園,ＦＣ町田ゼルビアユース,FC町田ゼルビアユース,0,6,終了,https://koko-soccer.com/score/53
2015,T4,2015.04.16 18：00,駒澤大学高等学校（C）,駒澤大高,都立野津田,野津田,5,1,終了,https://koko-soccer.com/score/53
2015,T4,2015.04.19 13：30,本郷,本郷,正則学園,正則学園,1,1,終了,https://koko-soccer.com/score/53
2015,T4,2015.06.28 17：30,ＦＣ町田ゼルビアユース,FC町田ゼルビアユース,かえつ有明,かえつ有明,6,0,終了,https://koko-soccer.com/score/53
2015,T4,2015.08.12 8：30,横河武蔵野ＦＣユース(B),横河武蔵野FCユース,大東大一,大東大一,3,5,終了,https://koko-soccer.com/score/53
2015,T4,2015.05.29 18：30,正則学園,正則学園,横河武蔵野ＦＣユース(B),横河武蔵野FCユース,3,3,終了,https://koko-soccer.com/score/53
2015,T4,2015.05.31 10：00,かえつ有明(B),かえつ有明,駒澤大学高等学校（C）,駒澤大高,2,6,終了,https://koko-soccer.com/score/53
2015,T4,2015.06.09 19：00,大東大一,大東大一,本郷,本郷,2,2,終了,https://koko-soccer.com/score/53
2015,T4,2015.07.19 17：30,都立野津田,野津田,ＦＣ町田ゼルビアユース,FC町田ゼルビアユース,0,9,終了,https://koko-soccer.com/score/53
2015,T4,2015.06.19 18：30,大東大一,大東大一,駒澤大学高等学校（C）,駒澤大高,1,5,終了,https://koko-soccer.com/score/53
2015,T4,2015.06.26 18：00,かえつ有明(B),かえつ有明,正則学園,正則学園,0,0,終了,https://koko-soccer.com/score/53
2015,T4,2015.07.12 17：30,ＦＣ町田ゼルビアユース,FC町田ゼルビアユース,本郷,本郷,5,3,終了,https://koko-soccer.com/score/53
2015,T4,2015.07.12 19：00,都立野津田,野津田,横河武蔵野ＦＣユース(B),横河武蔵野FCユース,2,1,終了,https://koko-soccer.com/score/53
2015,T4,2015.07.21 15：00,本郷,本郷,駒澤大学高等学校（C）,駒澤大高,1,4,終了,https://koko-soccer.com/score/53
2015,T4,2015.08.11 18：00,正則学園,正則学園,都立野津田,野津田,4,2,終了,https://koko-soccer.com/score/53
2015,T4,2015.09.06 12：00,大東大一,大東大一,かえつ有明(B),かえつ有明,7,4,終了,https://koko-soccer.com/score/53
2015,T4,2015.09.29,横河武蔵野ＦＣユース(B),横河武蔵野FCユース,ＦＣ町田ゼルビアユース,FC町田ゼルビアユース,1,2,終了,https://koko-soccer.com/score/53
2015,T4,2015.06.11 18：30,駒澤大学高等学校（C）,駒澤大高,ＦＣ町田ゼルビアユース,FC町田ゼルビアユース,0,1,終了,https://koko-soccer.com/score/53
2015,T4,2015.06.21 17：00,かえつ有明(B),かえつ有明,都立野津田,野津田,0,0,終了,https://koko-soccer.com/score/53
2015,T4,2015.07.19 15：30,本郷,本郷,横河武蔵野ＦＣユース(B),横河武蔵野FCユース,4,4,終了,https://koko-soccer.com/score/53
2015,T4,2015.09.18,大東大一,大東大一,正則学園,正則学園,3,0,終了,https://koko-soccer.com/score/53
2015,T4,2015.04.01 10：00,実践学園（C）,実践学園,武蔵,武蔵,3,0,終了,https://koko-soccer.com/score/54
2015,T4,2015.04.03 11：45,都立豊島,豊島,都立東久留米総合（B）,東久留米総合,2,2,終了,https://koko-soccer.com/score/54
2015,T4,2015.04.03 13：45,創価,創価,足立学園,足立学園,3,1,終了,https://koko-soccer.com/score/54
2015,T4,2015.04.03 9：45,桐朋,桐朋,都立保谷,保谷,3,3,終了,https://koko-soccer.com/score/54
2015,T4,2015.04.11 15：00,都立東久留米総合（B）,東久留米総合,桐朋,桐朋,3,2,終了,https://koko-soccer.com/score/54
2015,T4,2015.04.12 13：30,都立保谷,保谷,都立豊島,豊島,1,0,終了,https://koko-soccer.com/score/54
2015,T4,2015.06.28 17：00,足立学園,足立学園,実践学園（C）,実践学園,2,2,終了,https://koko-soccer.com/score/54
2015,T4,2015.08.29 9：30,武蔵,武蔵,創価,創価,2,0,終了,https://koko-soccer.com/score/54
2015,T4,2015.04.19 10：00,桐朋,桐朋,足立学園,足立学園,1,1,終了,https://koko-soccer.com/score/54
2015,T4,2015.04.19 10：00,創価,創価,都立保谷,保谷,2,1,終了,https://koko-soccer.com/score/54
2015,T4,2015.04.26 13：30,実践学園（C）,実践学園,都立東久留米総合（B）,東久留米総合,4,3,終了,https://koko-soccer.com/score/54
2015,T4,2015.08.09 9：30,都立豊島,豊島,武蔵,武蔵,2,2,終了,https://koko-soccer.com/score/54
2015,T4,2015.05.06 13：30,都立東久留米総合（B）,東久留米総合,創価,創価,0,0,終了,https://koko-soccer.com/score/54
2015,T4,2015.05.06 13：30,都立保谷,保谷,実践学園（C）,実践学園,1,4,終了,https://koko-soccer.com/score/54
2015,T4,2015.07.12 9：30,武蔵,武蔵,桐朋,桐朋,3,2,終了,https://koko-soccer.com/score/54
2015,T4,2015.07.20 16：00,足立学園,足立学園,都立豊島,豊島,0,2,終了,https://koko-soccer.com/score/54
2015,T4,2015.06.07 10：00,創価,創価,都立豊島,豊島,0,1,終了,https://koko-soccer.com/score/54
2015,T4,2015.06.07 9：30,都立保谷,保谷,武蔵,武蔵,0,7,終了,https://koko-soccer.com/score/54
2015,T4,2015.07.23 17：30,実践学園(C),実践学園,桐朋,桐朋,1,2,終了,https://koko-soccer.com/score/54
2015,T4,2015.08.28 13：30,都立東久留米総合（B）,東久留米総合,足立学園,足立学園,2,3,終了,https://koko-soccer.com/score/54
2015,T4,2015.06.14 10 :00,都立豊島,豊島,実践学園（C）,実践学園,2,2,終了,https://koko-soccer.com/score/54
2015,T4,2015.06.14 10：00,桐朋,桐朋,創価,創価,3,0,終了,https://koko-soccer.com/score/54
2015,T4,2015.06.14 13：30,足立学園,足立学園,都立保谷,保谷,0,0,終了,https://koko-soccer.com/score/54
2015,T4,2015.06.14 9：30,武蔵,武蔵,都立東久留米総合（B）,東久留米総合,1,3,終了,https://koko-soccer.com/score/54
2015,T4,2015.06.21 10：00,都立豊島,豊島,桐朋,桐朋,2,1,終了,https://koko-soccer.com/score/54
2015,T4,2015.06.21 9：30,足立学園,足立学園,武蔵,武蔵,0,1,終了,https://koko-soccer.com/score/54
2015,T4,2015.07.19 13：30,都立保谷,保谷,都立東久留米総合（B）,東久留米総合,1,1,終了,https://koko-soccer.com/score/54
2015,T4,2015.07.20 17：15,実践学園（C）,実践学園,創価,創価,1,1,終了,https://koko-soccer.com/score/54
2015,T4,2015.11.26 18：30,ＦＣ町田ゼルビアユース,FC町田ゼルビアユース,武蔵,武蔵,10,0,終了,https://koko-soccer.com/score/239
2015,T4,2015.11.01 16:00,駒澤大学高等学校（C）,駒澤大高,実践学園（C）,実践学園,1,2,終了,https://koko-soccer.com/score/239
2015,T4,2015.10.30 18:30,大東大一,大東大一,都立豊島,豊島,7,3,終了,https://koko-soccer.com/score/239
2015,T4,2015.11.03 13:30,本郷,本郷,都立東久留米総合（B）,東久留米総合,1,2,終了,https://koko-soccer.com/score/239
2015,T4,2015.11.19 18:30,都立野津田,野津田,桐朋,桐朋,4,3,終了,https://koko-soccer.com/score/239
2015,T4,2015.11.24 18:30,正則学園,正則学園,創価,創価,1,5,終了,https://koko-soccer.com/score/239
2015,T4,2015.10.30 18:30,横河武蔵野ＦＣユース(B),横河武蔵野FCユース,足立学園,足立学園,2,1,終了,https://koko-soccer.com/score/239
2015,T4,未定,かえつ有明(B),かえつ有明,都立保谷,保谷,2,4,終了,https://koko-soccer.com/score/239
2016,T1,2016.02.13 15:00,成立学園,成立学園,東京武蔵野シティFCU-18,東京武蔵野シティFCU-18,3,1,終了,https://koko-soccer.com/score/322
2016,T1,2016.02.14 14:30,実践学園,実践学園,國學院久我山,国学院久我山,0,0,終了,https://koko-soccer.com/score/322
2016,T1,2016.02.17 18:00,帝京,帝京,駒澤大学高等学校,駒澤大高,0,3,終了,https://koko-soccer.com/score/322
2016,T1,2016.02.18 18:30,関東一,関東第一,FC東京U-18(B),FC東京U-18,0,2,終了,https://koko-soccer.com/score/322
2016,T1,2016.02.21 9:30,都立東久留米総合,東久留米総合,東京実業,東京実業,1,1,終了,https://koko-soccer.com/score/322
2016,T1,2016.02.20 16:00,実践学園,実践学園,東京武蔵野シティFCU-18,東京武蔵野シティFCU-18,1,0,終了,https://koko-soccer.com/score/322
2016,T1,2016.02.24 19:00,FC東京U-18(B),FC東京U-18,帝京,帝京,2,0,終了,https://koko-soccer.com/score/322
2016,T1,2016.03.10 14:00,東京実業,東京実業,関東一,関東第一,1,4,終了,https://koko-soccer.com/score/322
2016,T1,2016.03.12 10:00,成立学園,成立学園,都立東久留米総合,東久留米総合,1,2,終了,https://koko-soccer.com/score/322
2016,T1,2016.04.28 18:00,駒澤大学高等学校,駒澤大高,國學院久我山,国学院久我山,2,2,終了,https://koko-soccer.com/score/322
2016,T1,2016.03.12 18:30,東京武蔵野シティFCU-18,東京武蔵野シティFCU-18,駒澤大学高等学校,駒澤大高,1,1,終了,https://koko-soccer.com/score/322
2016,T1,2016.03.17 17:45,関東一,関東第一,成立学園,成立学園,4,0,終了,https://koko-soccer.com/score/322
2016,T1,2016.03.21 9:30,都立東久留米総合,東久留米総合,実践学園,実践学園,3,3,終了,https://koko-soccer.com/score/322
2016,T1,2016.04.06 18:30,國學院久我山,国学院久我山,帝京,帝京,3,0,終了,https://koko-soccer.com/score/322
2016,T1,2016.04.29 11:00,FC東京U-18(B),FC東京U-18,東京実業,東京実業,3,0,終了,https://koko-soccer.com/score/322
2016,T1,2016.03.03 18:40,FC東京U-18(B),FC東京U-18,國學院久我山,国学院久我山,2,3,終了,https://koko-soccer.com/score/322
2016,T1,2016.03.17 18:30,帝京,帝京,東京武蔵野シティFCU-18,東京武蔵野シティFCU-18,0,1,終了,https://koko-soccer.com/score/322
2016,T1,2016.03.26 11:00,実践学園,実践学園,関東一,関東第一,0,2,終了,https://koko-soccer.com/score/322
2016,T1,2016.03.26 9:30,都立東久留米総合,東久留米総合,駒澤大学高等学校,駒澤大高,1,4,終了,https://koko-soccer.com/score/322
2016,T1,2016.03.27 10:00,成立学園,成立学園,東京実業,東京実業,2,1,終了,https://koko-soccer.com/score/322
2016,T1,2016.02.27 18:30,東京武蔵野シティFCU-18,東京武蔵野シティFCU-18,國學院久我山,国学院久我山,1,3,終了,https://koko-soccer.com/score/322
2016,T1,2016.03.30 17:00,実践学園,実践学園,東京実業,東京実業,1,1,終了,https://koko-soccer.com/score/322
2016,T1,2016.03.31 18:00,駒澤大学高等学校,駒澤大高,関東一,関東第一,1,3,終了,https://koko-soccer.com/score/322
2016,T1,2016.04.13 18:00,帝京,帝京,都立東久留米総合,東久留米総合,1,1,終了,https://koko-soccer.com/score/322
2016,T1,2016.04.13 19:00,FC東京U-18(B),FC東京U-18,成立学園,成立学園,3,1,終了,https://koko-soccer.com/score/322
2016,T1,2016.03.30 16:30,國學院久我山,国学院久我山,都立東久留米総合,東久留米総合,4,1,終了,https://koko-soccer.com/score/322
2016,T1,2016.04.21 19:00,FC東京U-18(B),FC東京U-18,東京武蔵野シティFCU-18,東京武蔵野シティFCU-18,1,1,終了,https://koko-soccer.com/score/322
2016,T1,2016.04.25 18:00,駒澤大学高等学校,駒澤大高,東京実業,東京実業,8,1,終了,https://koko-soccer.com/score/322
2016,T1,2016.04.27 18:00,帝京,帝京,関東一,関東第一,0,2,終了,https://koko-soccer.com/score/322
2016,T1,2016.04.29 10:00,成立学園,成立学園,実践学園,実践学園,5,0,終了,https://koko-soccer.com/score/322
2016,T1,2016.04.27 18:00,東京武蔵野シティFCU-18,東京武蔵野シティFCU-18,都立東久留米総合,東久留米総合,2,0,終了,https://koko-soccer.com/score/322
2016,T1,2016.05.06 18:30,東京実業,東京実業,帝京,帝京,0,6,終了,https://koko-soccer.com/score/322
2016,T1,2016.05.08 10:00,成立学園,成立学園,駒澤大学高等学校,駒澤大高,3,1,終了,https://koko-soccer.com/score/322
2016,T1,2016.05.11 18:00,実践学園,実践学園,FC東京U-18(B),FC東京U-18,0,3,終了,https://koko-soccer.com/score/322
2016,T1,2016.06.22 18:30,関東一,関東第一,國學院久我山,国学院久我山,0,1,終了,https://koko-soccer.com/score/322
2016,T1,2016.05.01 18:00,東京武蔵野シティFCU-18,東京武蔵野シティFCU-18,関東一,関東第一,1,0,終了,https://koko-soccer.com/score/322
2016,T1,2016.05.05 16:00,実践学園,実践学園,駒澤大学高等学校,駒澤大高,1,6,終了,https://koko-soccer.com/score/322
2016,T1,2016.05.05 9:30,都立東久留米総合,東久留米総合,FC東京U-18(B),FC東京U-18,1,1,終了,https://koko-soccer.com/score/322
2016,T1,2016.05.18 18:00,帝京,帝京,成立学園,成立学園,0,0,終了,https://koko-soccer.com/score/322
2016,T1,2016.07.10 17:30,國學院久我山,国学院久我山,東京実業,東京実業,3,1,終了,https://koko-soccer.com/score/322
2016,T1,2016.06.08 18:00,東京実業,東京実業,東京武蔵野シティFCU-18,東京武蔵野シティFCU-18,1,2,終了,https://koko-soccer.com/score/322
2016,T1,2016.06.22 18:00,実践学園,実践学園,帝京,帝京,1,1,終了,https://koko-soccer.com/score/322
2016,T1,2016.06.22 19:00,FC東京U-18(B),FC東京U-18,駒澤大学高等学校,駒澤大高,3,2,終了,https://koko-soccer.com/score/322
2016,T1,2016.06.26 11:30,成立学園,成立学園,國學院久我山,国学院久我山,2,0,終了,https://koko-soccer.com/score/322
2016,T1,2016.06.26 9:30,関東一,関東第一,都立東久留米総合,東久留米総合,1,0,終了,https://koko-soccer.com/score/322
2016,T1,2016.06.30 19:00,FC東京U-18(B),FC東京U-18,関東一,関東第一,1,1,終了,https://koko-soccer.com/score/322
2016,T1,2016.07.02 18:00,東京武蔵野シティFCU-18,東京武蔵野シティFCU-18,成立学園,成立学園,0,1,終了,https://koko-soccer.com/score/322
2016,T1,2016.07.03 17:30,國學院久我山,国学院久我山,実践学園,実践学園,3,6,終了,https://koko-soccer.com/score/322
2016,T1,2016.07.17 9:30,東京実業,東京実業,都立東久留米総合,東久留米総合,0,1,終了,https://koko-soccer.com/score/322
2016,T1,2016.08.25 16:00,駒澤大学高等学校,駒澤大高,帝京,帝京,4,1,終了,https://koko-soccer.com/score/322
2016,T1,2016.07.10 9:30,都立東久留米総合,東久留米総合,成立学園,成立学園,0,4,終了,https://koko-soccer.com/score/322
2016,T1,2016.07.17 11:30,國學院久我山,国学院久我山,駒澤大学高等学校,駒澤大高,4,2,終了,https://koko-soccer.com/score/322
2016,T1,2016.07.21 18:30,帝京,帝京,FC東京U-18(B),FC東京U-18,2,3,終了,https://koko-soccer.com/score/322
2016,T1,2016.08.17 9:30,東京武蔵野シティFCU-18,東京武蔵野シティFCU-18,実践学園,実践学園,2,5,終了,https://koko-soccer.com/score/322
2016,T1,2016.09.21,関東一,関東第一,東京実業,東京実業,1,1,終了,https://koko-soccer.com/score/322
2016,T1,2016.06.16 19:00,東京実業,東京実業,FC東京U-18(B),FC東京U-18,0,4,終了,https://koko-soccer.com/score/322
2016,T1,2016.07.17 10:00,成立学園,成立学園,関東一,関東第一,0,0,終了,https://koko-soccer.com/score/322
2016,T1,2016.08.28 9:30,実践学園,実践学園,都立東久留米総合,東久留米総合,2,2,終了,https://koko-soccer.com/score/322
2016,T1,2016.09.04 11:30,國學院久我山,国学院久我山,帝京,帝京,1,0,終了,https://koko-soccer.com/score/322
2016,T1,2016.11.17 18:30,駒澤大学高等学校,駒澤大高,東京武蔵野シティFCU-18,東京武蔵野シティFCU-18,1,0,終了,https://koko-soccer.com/score/322
2016,T1,2016.07.20 18:00,関東一,関東第一,実践学園,実践学園,1,0,終了,https://koko-soccer.com/score/322
2016,T1,2016.07.22 18:30,東京実業,東京実業,成立学園,成立学園,2,3,終了,https://koko-soccer.com/score/322
2016,T1,2016.09.22 11:30,國學院久我山,国学院久我山,FC東京U-18(B),FC東京U-18,2,1,終了,https://koko-soccer.com/score/322
2016,T1,2016.10.22,東京武蔵野シティFCU-18,東京武蔵野シティFCU-18,帝京,帝京,0,2,終了,https://koko-soccer.com/score/322
2016,T1,2016.10.23,駒澤大学高等学校,駒澤大高,都立東久留米総合,東久留米総合,1,0,終了,https://koko-soccer.com/score/322
2016,T1,2016.08.02 9:30,東京実業,東京実業,実践学園,実践学園,0,3,終了,https://koko-soccer.com/score/322
2016,T1,2016.08.30 18:30,関東一,関東第一,駒澤大学高等学校,駒澤大高,0,0,終了,https://koko-soccer.com/score/322
2016,T1,2016.08.31 15:00,成立学園,成立学園,FC東京U-18(B),FC東京U-18,4,3,終了,https://koko-soccer.com/score/322
2016,T1,2016.09.25 9:30,都立東久留米総合,東久留米総合,帝京,帝京,0,3,終了,https://koko-soccer.com/score/322
2016,T1,2016.10.16,國學院久我山,国学院久我山,東京武蔵野シティFCU-18,東京武蔵野シティFCU-18,4,3,終了,https://koko-soccer.com/score/322
2016,T1,2016.09.04 9:30,実践学園,実践学園,成立学園,成立学園,0,1,終了,https://koko-soccer.com/score/322
2016,T1,2016.09.06 18:30,東京実業,東京実業,駒澤大学高等学校,駒澤大高,0,0,終了,https://koko-soccer.com/score/322
2016,T1,2016.09.14 18:00,東京武蔵野シティFCU-18,東京武蔵野シティFCU-18,FC東京U-18(B),FC東京U-18,2,3,終了,https://koko-soccer.com/score/322
2016,T1,2016.09.30 18:00,関東一,関東第一,帝京,帝京,2,2,終了,https://koko-soccer.com/score/322
2016,T1,2016.10.02 10:00,都立東久留米総合,東久留米総合,國學院久我山,国学院久我山,2,1,終了,https://koko-soccer.com/score/322
2016,T1,2016.08.25 18:30,國學院久我山,国学院久我山,関東一,関東第一,2,3,終了,https://koko-soccer.com/score/322
2016,T1,2016.09.22 10:00,駒澤大学高等学校,駒澤大高,成立学園,成立学園,2,1,終了,https://koko-soccer.com/score/322
2016,T1,2016.10.05 18:00,帝京,帝京,東京実業,東京実業,1,0,終了,https://koko-soccer.com/score/322
2016,T1,2016.10.09 9:30,都立東久留米総合,東久留米総合,東京武蔵野シティFCU-18,東京武蔵野シティFCU-18,4,1,終了,https://koko-soccer.com/score/322
2016,T1,2016.10.19 19:00,FC東京U-18(B),FC東京U-18,実践学園,実践学園,0,1,終了,https://koko-soccer.com/score/322
2016,T1,2016.09.28 18:30,駒澤大学高等学校,駒澤大高,実践学園,実践学園,2,0,終了,https://koko-soccer.com/score/322
2016,T1,2016.10.05 18:30,関東一,関東第一,東京武蔵野シティFCU-18,東京武蔵野シティFCU-18,0,0,終了,https://koko-soccer.com/score/322
2016,T1,2016.10.23 11:30,國學院久我山,国学院久我山,東京実業,東京実業,5,3,終了,https://koko-soccer.com/score/322
2016,T1,2016.10.26 19:00,FC東京U-18(B),FC東京U-18,都立東久留米総合,東久留米総合,1,1,終了,https://koko-soccer.com/score/322
2016,T1,2016.10.30 10:00,成立学園,成立学園,帝京,帝京,6,1,終了,https://koko-soccer.com/score/322
2016,T1,2016.10.09 10:00,成立学園,成立学園,國學院久我山,国学院久我山,1,1,終了,https://koko-soccer.com/score/322
2016,T1,2016.10.09 11:00,駒澤大学高等学校,駒澤大高,FC東京U-18(B),FC東京U-18,1,0,終了,https://koko-soccer.com/score/322
2016,T1,2016.10.09 17:00,実践学園,実践学園,帝京,帝京,1,3,終了,https://koko-soccer.com/score/322
2016,T1,2016.10.29 18:30,東京武蔵野シティFCU-18,東京武蔵野シティFCU-18,東京実業,東京実業,1,0,終了,https://koko-soccer.com/score/322
2016,T1,2016.10.30 9:30,都立東久留米総合,東久留米総合,関東一,関東第一,0,2,終了,https://koko-soccer.com/score/322
2016,T2,2016.02.14 10:00,國學院久我山（B）,国学院久我山,多摩大目黒,多摩大学目黒,2,3,終了,https://koko-soccer.com/score/323
2016,T2,2016.02.14 14:00,東海大高輪台,東海大高輪台,堀越,堀越,2,0,終了,https://koko-soccer.com/score/323
2016,T2,2016.02.17 18:00,国士舘,国士舘,大成,大成,2,0,終了,https://koko-soccer.com/score/323
2016,T2,2016.02.18 18:30,FCトリプレッタユース,FCトリプレッタユース,東京朝鮮中高級学校,東京朝鮮中高級学校,0,2,終了,https://koko-soccer.com/score/323
2016,T2,2016.02.21 15:00,暁星高等学校,暁星,駿台学園,駿台学園,0,1,終了,https://koko-soccer.com/score/323
2016,T2,2016.02.24 18:00,多摩大目黒,多摩大学目黒,東京朝鮮中高級学校,東京朝鮮中高級学校,1,2,終了,https://koko-soccer.com/score/323
2016,T2,2016.02.24 18:00,堀越,堀越,FCトリプレッタユース,FCトリプレッタユース,5,3,終了,https://koko-soccer.com/score/323
2016,T2,2016.02.27 15:00,暁星高等学校,暁星,国士舘,国士舘,0,4,終了,https://koko-soccer.com/score/323
2016,T2,2016.03.17 14:30,大成,大成,東海大高輪台,東海大高輪台,1,1,終了,https://koko-soccer.com/score/323
2016,T2,2016.04.12 18:30,駿台学園,駿台学園,國學院久我山（B）,国学院久我山,1,2,終了,https://koko-soccer.com/score/323
2016,T2,2016.02.14 10:00,東京朝鮮中高級学校,東京朝鮮中高級学校,駿台学園,駿台学園,1,0,終了,https://koko-soccer.com/score/323
2016,T2,2016.02.23 18:00,東海大高輪台,東海大高輪台,国士舘,国士舘,0,2,終了,https://koko-soccer.com/score/323
2016,T2,2016.03.17 10:00,暁星高等学校,暁星,國學院久我山（B）,国学院久我山,0,5,終了,https://koko-soccer.com/score/323
2016,T2,2016.03.22 10:00,多摩大目黒,多摩大学目黒,堀越,堀越,1,8,終了,https://koko-soccer.com/score/323
2016,T2,2016.04.04 15:30,FCトリプレッタユース,FCトリプレッタユース,大成,大成,2,1,終了,https://koko-soccer.com/score/323
2016,T2,2016.03.01 18:00,東京朝鮮中高級学校,東京朝鮮中高級学校,國學院久我山（B）,国学院久我山,2,1,終了,https://koko-soccer.com/score/323
2016,T2,2016.03.14 10:00,駿台学園,駿台学園,堀越,堀越,0,1,終了,https://koko-soccer.com/score/323
2016,T2,2016.03.14 14:00,東海大高輪台,東海大高輪台,暁星高等学校,暁星,2,0,終了,https://koko-soccer.com/score/323
2016,T2,2016.03.19 16:00,国士舘,国士舘,FCトリプレッタユース,FCトリプレッタユース,1,5,終了,https://koko-soccer.com/score/323
2016,T2,2016.04.14 18:30,大成,大成,多摩大目黒,多摩大学目黒,5,2,終了,https://koko-soccer.com/score/323
2016,T2,2016.03.10 18:00,東京朝鮮中高級学校,東京朝鮮中高級学校,暁星高等学校,暁星,4,0,終了,https://koko-soccer.com/score/323
2016,T2,2016.04.01 16:00,駿台学園,駿台学園,大成,大成,1,2,終了,https://koko-soccer.com/score/323
2016,T2,2016.04.07 18:30,FCトリプレッタユース,FCトリプレッタユース,東海大高輪台,東海大高輪台,2,0,終了,https://koko-soccer.com/score/323
2016,T2,2016.04.21 18:30,國學院久我山（B）,国学院久我山,堀越,堀越,0,5,終了,https://koko-soccer.com/score/323
2016,T2,2016.05.06 18:00,多摩大目黒,多摩大学目黒,国士舘,国士舘,0,0,終了,https://koko-soccer.com/score/323
2016,T2,2016.03.05 17:00,東京朝鮮中高級学校,東京朝鮮中高級学校,堀越,堀越,3,1,終了,https://koko-soccer.com/score/323
2016,T2,2016.03.22 10:00,駿台学園,駿台学園,国士舘,国士舘,1,3,終了,https://koko-soccer.com/score/323
2016,T2,2016.04.13 18:30,FCトリプレッタユース,FCトリプレッタユース,暁星高等学校,暁星,4,0,終了,https://koko-soccer.com/score/323
2016,T2,2016.04.26 18:30,多摩大目黒,多摩大学目黒,東海大高輪台,東海大高輪台,0,2,終了,https://koko-soccer.com/score/323
2016,T2,2016.06.26 9:30,國學院久我山（B）,国学院久我山,大成,大成,1,2,終了,https://koko-soccer.com/score/323
2016,T2,2016.03.30 18:30,國學院久我山（B）,国学院久我山,国士舘,国士舘,2,1,終了,https://koko-soccer.com/score/323
2016,T2,2016.04.05 10:00,堀越,堀越,暁星高等学校,暁星,1,2,終了,https://koko-soccer.com/score/323
2016,T2,2016.04.19 18:30,駿台学園,駿台学園,東海大高輪台,東海大高輪台,0,3,終了,https://koko-soccer.com/score/323
2016,T2,2016.04.26 18:00,東京朝鮮中高級学校,東京朝鮮中高級学校,大成,大成,1,0,終了,https://koko-soccer.com/score/323
2016,T2,2016.06.15 18:00,FCトリプレッタユース,FCトリプレッタユース,多摩大目黒,多摩大学目黒,1,0,終了,https://koko-soccer.com/score/323
2016,T2,2016.03.13 16:00,国士舘,国士舘,東京朝鮮中高級学校,東京朝鮮中高級学校,0,0,終了,https://koko-soccer.com/score/323
2016,T2,2016.05.05 13:00,東海大高輪台,東海大高輪台,國學院久我山（B）,国学院久我山,0,2,終了,https://koko-soccer.com/score/323
2016,T2,2016.05.06 18:00,大成,大成,堀越,堀越,3,4,終了,https://koko-soccer.com/score/323
2016,T2,2016.05.18 18:30,多摩大目黒,多摩大学目黒,暁星高等学校,暁星,1,3,終了,https://koko-soccer.com/score/323
2016,T2,2016.06.01 18:30,FCトリプレッタユース,FCトリプレッタユース,駿台学園,駿台学園,2,0,終了,https://koko-soccer.com/score/323
2016,T2,2016.05.08 15:00,東京朝鮮中高級学校,東京朝鮮中高級学校,東海大高輪台,東海大高輪台,2,0,終了,https://koko-soccer.com/score/323
2016,T2,2016.05.11 18:30,堀越,堀越,国士舘,国士舘,0,5,終了,https://koko-soccer.com/score/323
2016,T2,2016.05.30 18:00,暁星高等学校,暁星,大成,大成,2,3,終了,https://koko-soccer.com/score/323
2016,T2,2016.06.20 18:30,駿台学園,駿台学園,多摩大目黒,多摩大学目黒,1,1,終了,https://koko-soccer.com/score/323
2016,T2,2016.07.24 11:30,國學院久我山（B）,国学院久我山,FCトリプレッタユース,FCトリプレッタユース,3,2,終了,https://koko-soccer.com/score/323
2016,T2,2016.06.01 18:00,堀越,堀越,東海大高輪台,東海大高輪台,2,0,終了,https://koko-soccer.com/score/323
2016,T2,2016.06.23 18:00,大成,大成,国士舘,国士舘,6,0,終了,https://koko-soccer.com/score/323
2016,T2,2016.07.14 15:30,多摩大目黒,多摩大学目黒,國學院久我山（B）,国学院久我山,0,6,終了,https://koko-soccer.com/score/323
2016,T2,2016.07.14 9:30,駿台学園,駿台学園,暁星高等学校,暁星,0,1,終了,https://koko-soccer.com/score/323
2016,T2,2016.07.30 17:00,東京朝鮮中高級学校,東京朝鮮中高級学校,FCトリプレッタユース,FCトリプレッタユース,4,1,終了,https://koko-soccer.com/score/323
2016,T2,2016.06.08 18:30,国士舘,国士舘,暁星高等学校,暁星,2,2,終了,https://koko-soccer.com/score/323
2016,T2,2016.06.09 18:00,FCトリプレッタユース,FCトリプレッタユース,堀越,堀越,2,0,終了,https://koko-soccer.com/score/323
2016,T2,2016.07.25 17:00,東京朝鮮中高級学校,東京朝鮮中高級学校,多摩大目黒,多摩大学目黒,7,1,終了,https://koko-soccer.com/score/323
2016,T2,2016.08.25 10:00,國學院久我山（B）,国学院久我山,駿台学園,駿台学園,4,1,終了,https://koko-soccer.com/score/323
2016,T2,2016.09.25,東海大高輪台,東海大高輪台,大成,大成,0,1,終了,https://koko-soccer.com/score/323
2016,T2,2016.06.26 9:30,多摩大目黒,多摩大学目黒,堀越,堀越,1,4,終了,https://koko-soccer.com/score/323
2016,T2,2016.07.13 18:00,大成,大成,FCトリプレッタユース,FCトリプレッタユース,1,1,終了,https://koko-soccer.com/score/323
2016,T2,2016.07.21 16:00,國學院久我山（B）,国学院久我山,暁星高等学校,暁星,4,0,終了,https://koko-soccer.com/score/323
2016,T2,2016.09.29 17:45,東海大高輪台,東海大高輪台,国士舘,国士舘,0,1,終了,https://koko-soccer.com/score/323
2016,T2,2016.10.22,駿台学園,駿台学園,東京朝鮮中高級学校,東京朝鮮中高級学校,1,1,終了,https://koko-soccer.com/score/323
2016,T2,2016.07.20 14:30,多摩大目黒,多摩大学目黒,大成,大成,2,1,終了,https://koko-soccer.com/score/323
2016,T2,2016.08.02 18:30,暁星高等学校,暁星,東海大高輪台,東海大高輪台,3,3,終了,https://koko-soccer.com/score/323
2016,T2,2016.08.05 18:00,堀越,堀越,駿台学園,駿台学園,0,3,終了,https://koko-soccer.com/score/323
2016,T2,2016.09.21 18:00,FCトリプレッタユース,FCトリプレッタユース,国士舘,国士舘,6,2,終了,https://koko-soccer.com/score/323
2016,T2,2016.10.13 17:00,國學院久我山（B）,国学院久我山,東京朝鮮中高級学校,東京朝鮮中高級学校,1,0,終了,https://koko-soccer.com/score/323
2016,T2,2016.07.17 16:00,東海大高輪台,東海大高輪台,FCトリプレッタユース,FCトリプレッタユース,0,2,終了,https://koko-soccer.com/score/323
2016,T2,2016.07.25 18:00,大成,大成,駿台学園,駿台学園,3,2,終了,https://koko-soccer.com/score/323
2016,T2,2016.08.29 15:30,暁星高等学校,暁星,東京朝鮮中高級学校,東京朝鮮中高級学校,0,2,終了,https://koko-soccer.com/score/323
2016,T2,2016.09.04 9:30,國學院久我山（B）,国学院久我山,堀越,堀越,3,2,終了,https://koko-soccer.com/score/323
2016,T2,2016.09.05 18:30,国士舘,国士舘,多摩大目黒,多摩大学目黒,0,0,終了,https://koko-soccer.com/score/323
2016,T2,2016.08.28 14:00,東海大高輪台,東海大高輪台,多摩大目黒,多摩大学目黒,1,0,終了,https://koko-soccer.com/score/323
2016,T2,2016.09.01 18:30,FCトリプレッタユース,FCトリプレッタユース,暁星高等学校,暁星,3,1,終了,https://koko-soccer.com/score/323
2016,T2,2016.09.23,大成,大成,國學院久我山（B）,国学院久我山,1,3,終了,https://koko-soccer.com/score/323
2016,T2,2016.09.27 18:30,国士舘,国士舘,駿台学園,駿台学園,4,1,終了,https://koko-soccer.com/score/323
2016,T2,2016.10.27 18:00,堀越,堀越,東京朝鮮中高級学校,東京朝鮮中高級学校,4,0,終了,https://koko-soccer.com/score/323
2016,T2,2016.07.10 16:00,東海大高輪台,東海大高輪台,駿台学園,駿台学園,0,0,終了,https://koko-soccer.com/score/323
2016,T2,2016.08.06 18:00,大成,大成,東京朝鮮中高級学校,東京朝鮮中高級学校,3,1,終了,https://koko-soccer.com/score/323
2016,T2,2016.09.29 18:30,暁星高等学校,暁星,堀越,堀越,1,4,終了,https://koko-soccer.com/score/323
2016,T2,2016.10.01 18:30,国士舘,国士舘,國學院久我山（B）,国学院久我山,0,1,終了,https://koko-soccer.com/score/323
2016,T2,2016.10.19 18:30,多摩大目黒,多摩大学目黒,FCトリプレッタユース,FCトリプレッタユース,2,2,終了,https://koko-soccer.com/score/323
2016,T2,2016.08.25 12:30,堀越,堀越,大成,大成,1,2,終了,https://koko-soccer.com/score/323
2016,T2,2016.10.04 18:30,暁星高等学校,暁星,多摩大目黒,多摩大学目黒,2,2,終了,https://koko-soccer.com/score/323
2016,T2,2016.10.06 18:30,駿台学園,駿台学園,FCトリプレッタユース,FCトリプレッタユース,1,0,終了,https://koko-soccer.com/score/323
2016,T2,2016.10.09,東京朝鮮中高級学校,東京朝鮮中高級学校,国士舘,国士舘,1,1,終了,https://koko-soccer.com/score/323
2016,T2,2016.10.23 9:30,國學院久我山（B）,国学院久我山,東海大高輪台,東海大高輪台,2,3,終了,https://koko-soccer.com/score/323
2016,T2,2016.08.30 16:00,国士舘,国士舘,堀越,堀越,2,2,終了,https://koko-soccer.com/score/323
2016,T2,2016.10.27 18:00,大成,大成,暁星高等学校,暁星,1,3,終了,https://koko-soccer.com/score/323
2016,T2,2016.10.31 18:00,FCトリプレッタユース,FCトリプレッタユース,國學院久我山（B）,国学院久我山,1,6,終了,https://koko-soccer.com/score/323
2016,T2,2016.11.03 18:00,多摩大目黒,多摩大学目黒,駿台学園,駿台学園,0,0,終了,https://koko-soccer.com/score/323
2016,T2,2016.11.23 10:00,東海大高輪台,東海大高輪台,東京朝鮮中高級学校,東京朝鮮中高級学校,0,1,終了,https://koko-soccer.com/score/323
2016,T3,2016.04.06 18:00,都立駒場,駒場,大東大一,大東大一,2,4,終了,https://koko-soccer.com/score/341
2016,T3,2016.04.07 18:00,修徳,修徳,日大三,日大三,3,2,終了,https://koko-soccer.com/score/341
2016,T3,2016.04.11 17:30,実践学園（B）,実践学園,東京成徳大高,東京成徳大高,3,3,終了,https://koko-soccer.com/score/341
2016,T3,2016.04.20 18:30,日本学園,日本学園,東農大一,農大一,0,0,終了,https://koko-soccer.com/score/341
2016,T3,2016.04.25 18:30,早稲田実業,早稲田実業,かえつ有明,かえつ有明,4,0,終了,https://koko-soccer.com/score/341
2016,T3,2016.05.08,日大三,日大三,実践学園（B）,実践学園,1,3,終了,https://koko-soccer.com/score/341
2016,T3,2016.05.12 18:00,かえつ有明,かえつ有明,都立駒場,駒場,2,1,終了,https://koko-soccer.com/score/341
2016,T3,2016.05.12 18:30,東農大一,農大一,修徳,修徳,0,5,終了,https://koko-soccer.com/score/341
2016,T3,2016.05.30 18:30,大東大一,大東大一,日本学園,日本学園,1,5,終了,https://koko-soccer.com/score/341
2016,T3,2016.06.26 09:30,東京成徳大高,東京成徳大高,早稲田実業,早稲田実業,1,0,終了,https://koko-soccer.com/score/341
2016,T3,2016.06.02 18:00,修徳,修徳,日本学園,日本学園,2,0,終了,https://koko-soccer.com/score/341
2016,T3,2016.06.12 10:00,実践学園（B）,実践学園,東農大一,農大一,3,1,終了,https://koko-soccer.com/score/341
2016,T3,2016.06.16 18:00,都立駒場,駒場,東京成徳大高,東京成徳大高,2,2,終了,https://koko-soccer.com/score/341
2016,T3,2016.06.16 18:30,大東大一,大東大一,かえつ有明,かえつ有明,1,4,終了,https://koko-soccer.com/score/341
2016,T3,2016.06.17 18:00,早稲田実業,早稲田実業,日大三,日大三,5,2,終了,https://koko-soccer.com/score/341
2016,T3,2016.07.14 15:30,東農大一,農大一,早稲田実業,早稲田実業,1,5,終了,https://koko-soccer.com/score/341
2016,T3,2016.07.17,日本学園,日本学園,実践学園（B）,実践学園,1,2,終了,https://koko-soccer.com/score/341
2016,T3,2016.07.21 13:30,東京成徳大高,東京成徳大高,かえつ有明,かえつ有明,3,1,終了,https://koko-soccer.com/score/341
2016,T3,2016.07.22 15:30,修徳,修徳,大東大一,大東大一,3,2,終了,https://koko-soccer.com/score/341
2016,T3,2016.10.11 18:15,日大三,日大三,都立駒場,駒場,3,2,終了,https://koko-soccer.com/score/341
2016,T3,2016.07.16 15:00,大東大一,大東大一,東京成徳大高,東京成徳大高,2,2,終了,https://koko-soccer.com/score/341
2016,T3,2016.07.20 15:00,都立駒場,駒場,東農大一,農大一,8,0,終了,https://koko-soccer.com/score/341
2016,T3,2016.07.25 9:30,かえつ有明,かえつ有明,日大三,日大三,1,2,終了,https://koko-soccer.com/score/341
2016,T3,2016.08.01 16:00,実践学園（B）,実践学園,修徳,修徳,1,0,終了,https://koko-soccer.com/score/341
2016,T3,2016.08.02 15:30,早稲田実業,早稲田実業,日本学園,日本学園,1,0,終了,https://koko-soccer.com/score/341
2016,T3,2016.08.29,大東大一,大東大一,実践学園（B）,実践学園,2,2,終了,https://koko-soccer.com/score/341
2016,T3,2016.09.01 15:30,修徳,修徳,早稲田実業,早稲田実業,0,2,終了,https://koko-soccer.com/score/341
2016,T3,2016.09.01 18:30,東京成徳大高,東京成徳大高,日大三,日大三,0,2,終了,https://koko-soccer.com/score/341
2016,T3,2016.09.02 18:30,東農大一,農大一,かえつ有明,かえつ有明,0,0,終了,https://koko-soccer.com/score/341
2016,T3,2016.09.13 18:30,日本学園,日本学園,都立駒場,駒場,1,1,終了,https://koko-soccer.com/score/341
2016,T3,2016.09.14 18:30,日大三,日大三,大東大一,大東大一,1,2,終了,https://koko-soccer.com/score/341
2016,T3,2016.09.23 18:00,都立駒場,駒場,修徳,修徳,2,2,終了,https://koko-soccer.com/score/341
2016,T3,2016.09.30 18:00,東京成徳大高,東京成徳大高,東農大一,農大一,0,1,終了,https://koko-soccer.com/score/341
2016,T3,2016.10.29 16:00,かえつ有明,かえつ有明,日本学園,日本学園,0,0,終了,https://koko-soccer.com/score/341
2016,T3,2016.11.13 15:00,実践学園（B）,実践学園,早稲田実業,早稲田実業,2,1,終了,https://koko-soccer.com/score/341
2016,T3,2016.10.01 12:30,修徳,修徳,かえつ有明,かえつ有明,1,3,終了,https://koko-soccer.com/score/341
2016,T3,2016.10.09,日本学園,日本学園,東京成徳大高,東京成徳大高,8,2,終了,https://koko-soccer.com/score/341
2016,T3,2016.10.10,早稲田実業,早稲田実業,大東大一,大東大一,3,0,終了,https://koko-soccer.com/score/341
2016,T3,2016.10.28 18:00,実践学園（B）,実践学園,都立駒場,駒場,1,0,終了,https://koko-soccer.com/score/341
2016,T3,2016.10.31 18:30,東農大一,農大一,日大三,日大三,1,3,終了,https://koko-soccer.com/score/341
2016,T3,2016.10.01 10:00,日大三,日大三,日本学園,日本学園,1,3,終了,https://koko-soccer.com/score/341
2016,T3,2016.10.10,かえつ有明,かえつ有明,実践学園（B）,実践学園,0,2,終了,https://koko-soccer.com/score/341
2016,T3,2016.10.25,都立駒場,駒場,早稲田実業,早稲田実業,0,1,終了,https://koko-soccer.com/score/341
2016,T3,2016.10.26 18:30,大東大一,大東大一,東農大一,農大一,0,1,終了,https://koko-soccer.com/score/341
2016,T3,2016.10.28 18:00,東京成徳大高,東京成徳大高,修徳,修徳,0,5,終了,https://koko-soccer.com/score/341
2016,T3,2016.04.05 10:00,駒澤大学高等学校（B）,駒澤大高,東京,東京,7,1,終了,https://koko-soccer.com/score/342
2016,T3,2016.04.05 13:00,杉並FCユース,杉並FCユース,都立東大和南,東大和南,0,5,終了,https://koko-soccer.com/score/342
2016,T3,2016.04.05 17:00,三菱養和SCユース（B）,三菱養和SCユース,ＦＣ町田ゼルビアユース,FC町田ゼルビアユース,1,1,終了,https://koko-soccer.com/score/342
2016,T3,2016.04.10 9:30,都立三鷹中等教育学校,三鷹中等教育学校,武蔵,武蔵,2,0,終了,https://koko-soccer.com/score/342
2016,T3,2016.08.06 10:00,保善,保善,東海大菅生,東海大菅生,2,2,終了,https://koko-soccer.com/score/342
2016,T3,2016.05.03 19:00,都立東大和南,東大和南,三菱養和SCユース（B）,三菱養和SCユース,0,4,終了,https://koko-soccer.com/score/342
2016,T3,2016.05.05 10:00,東海大菅生,東海大菅生,駒澤大学高等学校（B）,駒澤大高,0,1,終了,https://koko-soccer.com/score/342
2016,T3,2016.05.08 9:30,武蔵,武蔵,保善,保善,2,5,終了,https://koko-soccer.com/score/342
2016,T3,2016.05.12 18:40,ＦＣ町田ゼルビアユース,FC町田ゼルビアユース,都立三鷹中等教育学校,三鷹中等教育学校,5,2,終了,https://koko-soccer.com/score/342
2016,T3,2016.05.25 18:00,東京,東京,杉並FCユース,杉並FCユース,3,2,終了,https://koko-soccer.com/score/342
2016,T3,2016.06.03 18:00,都立三鷹中等教育学校,三鷹中等教育学校,都立東大和南,東大和南,0,3,終了,https://koko-soccer.com/score/342
2016,T3,2016.06.13 19:00,三菱養和SCユース（B）,三菱養和SCユース,東京,東京,5,0,終了,https://koko-soccer.com/score/342
2016,T3,2016.06.15 18:30,駒澤大学高等学校（B）,駒澤大高,保善,保善,2,1,終了,https://koko-soccer.com/score/342
2016,T3,2016.06.19 11:00,武蔵,武蔵,ＦＣ町田ゼルビアユース,FC町田ゼルビアユース,0,3,終了,https://koko-soccer.com/score/342
2016,T3,2016.06.19 14:00,杉並FCユース,杉並FCユース,東海大菅生,東海大菅生,1,5,終了,https://koko-soccer.com/score/342
2016,T3,2016.06.21 18:30,東京,東京,都立三鷹中等教育学校,三鷹中等教育学校,2,1,終了,https://koko-soccer.com/score/342
2016,T3,2016.06.26 17:30,都立東大和南,東大和南,ＦＣ町田ゼルビアユース,FC町田ゼルビアユース,0,6,終了,https://koko-soccer.com/score/342
2016,T3,2016.06.26 19:00,東海大菅生,東海大菅生,三菱養和SCユース（B）,三菱養和SCユース,1,1,終了,https://koko-soccer.com/score/342
2016,T3,2016.07.19 18:30,保善,保善,杉並FCユース,杉並FCユース,0,0,終了,https://koko-soccer.com/score/342
2016,T3,2016.07.20 18:30,駒澤大学高等学校（B）,駒澤大高,武蔵,武蔵,2,1,終了,https://koko-soccer.com/score/342
2016,T3,2016.07.17 17:30,ＦＣ町田ゼルビアユース,FC町田ゼルビアユース,東京,東京,1,1,終了,https://koko-soccer.com/score/342
2016,T3,2016.07.18 16:00,都立三鷹中等教育学校,三鷹中等教育学校,東海大菅生,東海大菅生,0,1,終了,https://koko-soccer.com/score/342
2016,T3,2016.08.06 9:30,武蔵,武蔵,都立東大和南,東大和南,2,1,終了,https://koko-soccer.com/score/342
2016,T3,2016.08.26 16:30,杉並FCユース,杉並FCユース,駒澤大学高等学校（B）,駒澤大高,1,4,終了,https://koko-soccer.com/score/342
2016,T3,2016.08.29 19:00,三菱養和SCユース（B）,三菱養和SCユース,保善,保善,3,0,終了,https://koko-soccer.com/score/342
2016,T3,2016.08.28 16:00,東海大菅生,東海大菅生,ＦＣ町田ゼルビアユース,FC町田ゼルビアユース,0,1,終了,https://koko-soccer.com/score/342
2016,T3,2016.08.31 9:30,武蔵,武蔵,杉並FCユース,杉並FCユース,4,1,終了,https://koko-soccer.com/score/342
2016,T3,2016.09.02 18:00,保善,保善,都立三鷹中等教育学校,三鷹中等教育学校,2,2,終了,https://koko-soccer.com/score/342
2016,T3,2016.09.05 19:00,駒澤大学高等学校（B）,駒澤大高,三菱養和SCユース（B）,三菱養和SCユース,0,6,終了,https://koko-soccer.com/score/342
2016,T3,2016.09.26 18:00,都立東大和南,東大和南,東京,東京,2,4,終了,https://koko-soccer.com/score/342
2016,T3,2016.09.14 19:00,杉並FCユース,杉並FCユース,三菱養和SCユース（B）,三菱養和SCユース,2,0,終了,https://koko-soccer.com/score/342
2016,T3,2016.09.22 14:00,都立東大和南,東大和南,東海大菅生,東海大菅生,0,1,終了,https://koko-soccer.com/score/342
2016,T3,2016.09.22 9:30,東京,東京,武蔵,武蔵,2,2,終了,https://koko-soccer.com/score/342
2016,T3,2016.09.25 17:30,ＦＣ町田ゼルビアユース,FC町田ゼルビアユース,保善,保善,2,1,終了,https://koko-soccer.com/score/342
2016,T3,2016.11.17 17:05,都立三鷹中等教育学校,三鷹中等教育学校,駒澤大学高等学校（B）,駒澤大高,0,8,終了,https://koko-soccer.com/score/342
2016,T3,2016.09.26 19:00,三菱養和SCユース（B）,三菱養和SCユース,武蔵,武蔵,7,0,終了,https://koko-soccer.com/score/342
2016,T3,2016.09.29 18:40,駒澤大学高等学校（B）,駒澤大高,ＦＣ町田ゼルビアユース,FC町田ゼルビアユース,2,2,終了,https://koko-soccer.com/score/342
2016,T3,2016.10.01 15:30,杉並FCユース,杉並FCユース,都立三鷹中等教育学校,三鷹中等教育学校,3,0,終了,https://koko-soccer.com/score/342
2016,T3,2016.10.09 14:00,東海大菅生,東海大菅生,東京,東京,1,2,終了,https://koko-soccer.com/score/342
2016,T3,2016.11.09 18:00,保善,保善,都立東大和南,東大和南,6,0,終了,https://koko-soccer.com/score/342
2016,T3,2016.10.27 18:40,ＦＣ町田ゼルビアユース,FC町田ゼルビアユース,杉並FCユース,杉並FCユース,5,1,終了,https://koko-soccer.com/score/342
2016,T3,2016.11.03 19:00,都立三鷹中等教育学校,三鷹中等教育学校,三菱養和SCユース（B）,三菱養和SCユース,0,6,終了,https://koko-soccer.com/score/342
2016,T3,2016.11.03 9:30,武蔵,武蔵,東海大菅生,東海大菅生,3,2,終了,https://koko-soccer.com/score/342
2016,T3,2016.11.15 18:30,都立東大和南,東大和南,駒澤大学高等学校（B）,駒澤大高,0,1,終了,https://koko-soccer.com/score/342
2016,T3,2016.11.16 18:30,東京,東京,保善,保善,2,1,終了,https://koko-soccer.com/score/342
2016,T4,2016.04.04 11:30,國學院久我山（C）,国学院久我山,都立石神井,石神井,2,3,終了,https://koko-soccer.com/score/345
2016,T4,2016.04.04 18:30,都立野津田,野津田,本郷,本郷,3,1,終了,https://koko-soccer.com/score/345
2016,T4,2016.04.05 14:00,東京武蔵野シティFCU-18（B）,東京武蔵野シティFCU-18,実践学園（C）,実践学園,6,3,終了,https://koko-soccer.com/score/345
2016,T4,2016.04.08 18:00,正則学園,正則学園,駒澤大学高等学校（C）,駒澤大高,2,0,終了,https://koko-soccer.com/score/345
2016,T4,2016.04.17 13:30,本郷,本郷,正則学園,正則学園,0,1,終了,https://koko-soccer.com/score/345
2016,T4,2016.05.01 17:00,駒澤大学高等学校（C）,駒澤大高,実践学園（C）,実践学園,0,2,終了,https://koko-soccer.com/score/345
2016,T4,2016.05.08 17:30,國學院久我山（C）,国学院久我山,都立野津田,野津田,3,0,終了,https://koko-soccer.com/score/345
2016,T4,2016.07.09,都立石神井,石神井,東京武蔵野シティFCU-18（B）,東京武蔵野シティFCU-18,1,5,終了,https://koko-soccer.com/score/345
2016,T4,2016.05.04 13:30,東京武蔵野シティFCU-18（B）,東京武蔵野シティFCU-18,本郷,本郷,2,1,終了,https://koko-soccer.com/score/345
2016,T4,2016.05.20 18:00,正則学園,正則学園,都立石神井,石神井,3,4,終了,https://koko-soccer.com/score/345
2016,T4,2016.06.02 18:30,國學院久我山（C）,国学院久我山,駒澤大学高等学校（C）,駒澤大高,0,1,終了,https://koko-soccer.com/score/345
2016,T4,2016.08.05 17:00,都立野津田,野津田,実践学園（C）,実践学園,3,1,終了,https://koko-soccer.com/score/345
2016,T4,2016.06.07 18:30,駒澤大学高等学校（C）,駒澤大高,東京武蔵野シティFCU-18（B）,東京武蔵野シティFCU-18,1,2,終了,https://koko-soccer.com/score/345
2016,T4,2016.06.10 18:00,本郷,本郷,國學院久我山（C）,国学院久我山,2,4,終了,https://koko-soccer.com/score/345
2016,T4,2016.06.12 13:30,都立石神井,石神井,都立野津田,野津田,2,0,終了,https://koko-soccer.com/score/345
2016,T4,2016.06.26 14:00,実践学園（C）,実践学園,正則学園,正則学園,0,1,終了,https://koko-soccer.com/score/345
2016,T4,2016.06.26 13:30,本郷,本郷,都立石神井,石神井,1,3,終了,https://koko-soccer.com/score/345
2016,T4,2016.07.17 16:00,駒澤大学高等学校（C）,駒澤大高,都立野津田,野津田,1,0,終了,https://koko-soccer.com/score/345
2016,T4,2016.07.19 14:00,東京武蔵野シティFCU-18（B）,東京武蔵野シティFCU-18,正則学園,正則学園,3,3,終了,https://koko-soccer.com/score/345
2016,T4,2016.08.23 16:00,実践学園（C）,実践学園,國學院久我山（C）,国学院久我山,1,3,終了,https://koko-soccer.com/score/345
2016,T4,2016.07.24 17:00,実践学園（C）,実践学園,本郷,本郷,0,0,終了,https://koko-soccer.com/score/345
2016,T4,2016.07.24 9:30,正則学園,正則学園,國學院久我山（C）,国学院久我山,2,4,終了,https://koko-soccer.com/score/345
2016,T4,2016.08.04 18:00,都立石神井,石神井,駒澤大学高等学校（C）,駒澤大高,4,4,終了,https://koko-soccer.com/score/345
2016,T4,2016.08.11 17:00,都立野津田,野津田,東京武蔵野シティFCU-18（B）,東京武蔵野シティFCU-18,2,7,終了,https://koko-soccer.com/score/345
2016,T4,2016.07.15 15:30,本郷,本郷,駒澤大学高等学校（C）,駒澤大高,1,1,終了,https://koko-soccer.com/score/345
2016,T4,2016.07.18 17:00,実践学園（C）,実践学園,都立石神井,石神井,2,4,終了,https://koko-soccer.com/score/345
2016,T4,2016.08.07 17:30,國學院久我山（C）,国学院久我山,東京武蔵野シティFCU-18（B）,東京武蔵野シティFCU-18,1,0,終了,https://koko-soccer.com/score/345
2016,T4,2016.09.02 18:00,正則学園,正則学園,都立野津田,野津田,9,1,終了,https://koko-soccer.com/score/345
2016,T4,2016.04.02 13:30,桐朋,桐朋,都立東久留米総合（B）,東久留米総合,0,3,終了,https://koko-soccer.com/score/346
2016,T4,2016.04.04 12:00,関東一（B）,関東第一,都立国分寺,国分寺,2,1,終了,https://koko-soccer.com/score/346
2016,T4,2016.05.13 18:30,日大豊山,日大豊山,都立日野台,日野台,3,1,終了,https://koko-soccer.com/score/346
2016,T4,2016.06.19 13:00,創価,創価,都立豊島,豊島,3,1,終了,https://koko-soccer.com/score/346
2016,T4,2016.04.17 10:00,都立豊島,豊島,桐朋,桐朋,3,4,終了,https://koko-soccer.com/score/346
2016,T4,2016.04.24 13:30,都立東久留米総合（B）,東久留米総合,創価,創価,1,3,終了,https://koko-soccer.com/score/346
2016,T4,2016.05.20 18:30,都立日野台,日野台,関東一（B）,関東第一,1,4,終了,https://koko-soccer.com/score/346
2016,T4,2016.05.31 18:30,都立国分寺,国分寺,日大豊山,日大豊山,4,0,終了,https://koko-soccer.com/score/346
2016,T4,2016.05.08 13:30,日大豊山,日大豊山,都立東久留米総合（B）,東久留米総合,2,1,終了,https://koko-soccer.com/score/346
2016,T4,2016.06.08 18:30,関東一（B）,関東第一,都立豊島,豊島,1,1,終了,https://koko-soccer.com/score/346
2016,T4,2016.06.12 10:00,桐朋,桐朋,都立日野台,日野台,0,2,終了,https://koko-soccer.com/score/346
2016,T4,2016.06.14 18:30,創価,創価,都立国分寺,国分寺,0,3,終了,https://koko-soccer.com/score/346
2016,T4,2016.04.10 10:00,都立国分寺,国分寺,桐朋,桐朋,3,1,終了,https://koko-soccer.com/score/346
2016,T4,2016.05.01 10:00,都立東久留米総合（B）,東久留米総合,関東一（B）,関東第一,0,1,終了,https://koko-soccer.com/score/346
2016,T4,2016.06.26 13:00,都立日野台,日野台,創価,創価,1,1,終了,https://koko-soccer.com/score/346
2016,T4,2016.08.08 15:30,都立豊島,豊島,日大豊山,日大豊山,2,3,終了,https://koko-soccer.com/score/346
2016,T4,2016.05.08 10:00,関東一（B）,関東第一,桐朋,桐朋,0,1,終了,https://koko-soccer.com/score/346
2016,T4,2016.07.16 13:30,都立東久留米総合（B）,東久留米総合,都立国分寺,国分寺,2,1,終了,https://koko-soccer.com/score/346
2016,T4,2016.07.17 13:00,日大豊山,日大豊山,創価,創価,3,4,終了,https://koko-soccer.com/score/346
2016,T4,2016.07.21 15:30,都立豊島,豊島,都立日野台,日野台,0,4,終了,https://koko-soccer.com/score/346
2016,T4,2016.05.05 15:30,創価,創価,関東一（B）,関東第一,1,2,終了,https://koko-soccer.com/score/346
2016,T4,2016.05.08 14:00,都立国分寺,国分寺,都立豊島,豊島,1,0,終了,https://koko-soccer.com/score/346
2016,T4,2016.06.19 10:00,桐朋,桐朋,日大豊山,日大豊山,3,2,終了,https://koko-soccer.com/score/346
2016,T4,2016.08.29 9:00,都立日野台,日野台,都立東久留米総合（B）,東久留米総合,2,0,終了,https://koko-soccer.com/score/346
2016,T4,2016.05.18 18:00,関東一（B）,関東第一,日大豊山,日大豊山,2,3,終了,https://koko-soccer.com/score/346
2016,T4,2016.05.29 10:00,創価,創価,桐朋,桐朋,0,0,終了,https://koko-soccer.com/score/346
2016,T4,2016.08.09 15:30,都立日野台,日野台,都立国分寺,国分寺,1,1,終了,https://koko-soccer.com/score/346
2016,T4,2016.09.04 13:30,都立東久留米総合（B）,東久留米総合,都立豊島,豊島,0,2,終了,https://koko-soccer.com/score/346
2017,T1,2017.02.15,國學院久我山,国学院久我山,東京朝鮮中高級学校,東京朝鮮中高級学校,3,0,終了,https://koko-soccer.com/score/658
2017,T1,2017.02.15,駒澤大学高等学校,駒澤大高,東京武蔵野シティFCU-18,東京武蔵野シティFCU-18,3,2,終了,https://koko-soccer.com/score/658
2017,T1,2017.02.15,関東一,関東第一,帝京,帝京,3,0,終了,https://koko-soccer.com/score/658
2017,T1,2017.02.15,FC東京U-18(B),FC東京U-18,実践学園,実践学園,2,2,終了,https://koko-soccer.com/score/658
2017,T1,2017.03.12,成立学園,成立学園,FCトリプレッタユース,FCトリプレッタユース,5,1,終了,https://koko-soccer.com/score/658
2017,T1,2017.02.23,FCトリプレッタユース,FCトリプレッタユース,FC東京U-18(B),FC東京U-18,0,7,終了,https://koko-soccer.com/score/658
2017,T1,2017.02.25,成立学園,成立学園,東京朝鮮中高級学校,東京朝鮮中高級学校,3,0,終了,https://koko-soccer.com/score/658
2017,T1,2017.02.25,実践学園,実践学園,関東一,関東第一,3,0,終了,https://koko-soccer.com/score/658
2017,T1,2017.02.26,國學院久我山,国学院久我山,東京武蔵野シティFCU-18,東京武蔵野シティFCU-18,2,1,終了,https://koko-soccer.com/score/658
2017,T1,2017.03.10,帝京,帝京,駒澤大学高等学校,駒澤大高,0,0,終了,https://koko-soccer.com/score/658
2017,T1,2017.03.02,東京朝鮮中高級学校,東京朝鮮中高級学校,FCトリプレッタユース,FCトリプレッタユース,1,0,終了,https://koko-soccer.com/score/658
2017,T1,2017.03.04,実践学園,実践学園,駒澤大学高等学校,駒澤大高,2,0,終了,https://koko-soccer.com/score/658
2017,T1,2017.03.05,成立学園,成立学園,東京武蔵野シティFCU-18,東京武蔵野シティFCU-18,4,0,終了,https://koko-soccer.com/score/658
2017,T1,2017.03.09,関東一,関東第一,FC東京U-18(B),FC東京U-18,0,1,終了,https://koko-soccer.com/score/658
2017,T1,2017.04.05,國學院久我山,国学院久我山,帝京,帝京,4,0,終了,https://koko-soccer.com/score/658
2017,T1,2017.03.24,成立学園,成立学園,帝京,帝京,1,0,終了,https://koko-soccer.com/score/658
2017,T1,2017.03.24,FC東京U-18(B),FC東京U-18,駒澤大学高等学校,駒澤大高,2,1,終了,https://koko-soccer.com/score/658
2017,T1,2017.03.25,関東一,関東第一,FCトリプレッタユース,FCトリプレッタユース,2,0,終了,https://koko-soccer.com/score/658
2017,T1,2017.03.29,國學院久我山,国学院久我山,実践学園,実践学園,0,1,終了,https://koko-soccer.com/score/658
2017,T1,2017.04.06,東京朝鮮中高級学校,東京朝鮮中高級学校,東京武蔵野シティFCU-18,東京武蔵野シティFCU-18,0,2,終了,https://koko-soccer.com/score/658
2017,T1,2017.04.01,東京朝鮮中高級学校,東京朝鮮中高級学校,帝京,帝京,0,1,終了,https://koko-soccer.com/score/658
2017,T1,2017.04.02,成立学園,成立学園,実践学園,実践学園,0,4,終了,https://koko-soccer.com/score/658
2017,T1,2017.04.04,駒澤大学高等学校,駒澤大高,関東一,関東第一,1,3,終了,https://koko-soccer.com/score/658
2017,T1,2017.04.26,FC東京U-18(B),FC東京U-18,國學院久我山,国学院久我山,0,1,終了,https://koko-soccer.com/score/658
2017,T1,2017.09.02,FCトリプレッタユース,FCトリプレッタユース,東京武蔵野シティFCU-18,東京武蔵野シティFCU-18,0,2,終了,https://koko-soccer.com/score/658
2017,T1,2017.04.26,東京武蔵野シティFCU-18,東京武蔵野シティFCU-18,帝京,帝京,1,3,終了,https://koko-soccer.com/score/658
2017,T1,2017.05.01,FCトリプレッタユース,FCトリプレッタユース,駒澤大学高等学校,駒澤大高,1,2,終了,https://koko-soccer.com/score/658
2017,T1,2017.05.03,FC東京U-18(B),FC東京U-18,成立学園,成立学園,1,0,終了,https://koko-soccer.com/score/658
2017,T1,2017.05.03,実践学園,実践学園,東京朝鮮中高級学校,東京朝鮮中高級学校,2,1,終了,https://koko-soccer.com/score/658
2017,T1,2017.05.05,國學院久我山,国学院久我山,関東一,関東第一,1,1,終了,https://koko-soccer.com/score/658
2017,T1,2017.04.12,駒澤大学高等学校,駒澤大高,國學院久我山,国学院久我山,0,4,終了,https://koko-soccer.com/score/658
2017,T1,2017.04.12,FC東京U-18(B),FC東京U-18,東京朝鮮中高級学校,東京朝鮮中高級学校,1,0,終了,https://koko-soccer.com/score/658
2017,T1,2017.04.13,関東一,関東第一,成立学園,成立学園,2,1,終了,https://koko-soccer.com/score/658
2017,T1,2017.04.19,東京武蔵野シティFCU-18,東京武蔵野シティFCU-18,実践学園,実践学園,0,2,終了,https://koko-soccer.com/score/658
2017,T1,2017.04.19,帝京,帝京,FCトリプレッタユース,FCトリプレッタユース,2,0,終了,https://koko-soccer.com/score/658
2017,T1,2017.05.10,駒澤大学高等学校,駒澤大高,成立学園,成立学園,0,2,終了,https://koko-soccer.com/score/658
2017,T1,2017.05.10,実践学園,実践学園,帝京,帝京,4,1,終了,https://koko-soccer.com/score/658
2017,T1,2017.05.10,FC東京U-18(B),FC東京U-18,東京武蔵野シティFCU-18,東京武蔵野シティFCU-18,1,2,終了,https://koko-soccer.com/score/658
2017,T1,2017.05.11,関東一,関東第一,東京朝鮮中高級学校,東京朝鮮中高級学校,0,1,終了,https://koko-soccer.com/score/658
2017,T1,2017.05.24,FCトリプレッタユース,FCトリプレッタユース,國學院久我山,国学院久我山,1,2,終了,https://koko-soccer.com/score/658
2017,T1,未定,東京朝鮮中高級学校,東京朝鮮中高級学校,駒澤大学高等学校,駒澤大高,1,2,終了,https://koko-soccer.com/score/658
2017,T1,2017.06.01,帝京,帝京,FC東京U-18(B),FC東京U-18,0,0,終了,https://koko-soccer.com/score/658
2017,T1,2017.07.01,実践学園,実践学園,FCトリプレッタユース,FCトリプレッタユース,3,1,終了,https://koko-soccer.com/score/658
2017,T1,2017.07.01,東京武蔵野シティFCU-18,東京武蔵野シティFCU-18,関東一,関東第一,2,1,終了,https://koko-soccer.com/score/658
2017,T1,2017.07.02,成立学園,成立学園,國學院久我山,国学院久我山,0,1,終了,https://koko-soccer.com/score/658
2017,T1,2017.07.10,帝京,帝京,関東一,関東第一,1,2,終了,https://koko-soccer.com/score/658
2017,T1,2017.07.12,FCトリプレッタユース,FCトリプレッタユース,成立学園,成立学園,0,2,終了,https://koko-soccer.com/score/658
2017,T1,2017.07.14,実践学園,実践学園,FC東京U-18(B),FC東京U-18,4,2,終了,https://koko-soccer.com/score/658
2017,T1,2017.07.14,東京武蔵野シティFCU-18,東京武蔵野シティFCU-18,駒澤大学高等学校,駒澤大高,1,1,終了,https://koko-soccer.com/score/658
2017,T1,2017.09.14,東京朝鮮中高級学校,東京朝鮮中高級学校,國學院久我山,国学院久我山,0,4,終了,https://koko-soccer.com/score/658
2017,T1,2017.06.14,FC東京U-18(B),FC東京U-18,FCトリプレッタユース,FCトリプレッタユース,7,0,終了,https://koko-soccer.com/score/658
2017,T1,2017.07.17,東京武蔵野シティFCU-18,東京武蔵野シティFCU-18,國學院久我山,国学院久我山,1,2,終了,https://koko-soccer.com/score/658
2017,T1,2017.07.20,関東一,関東第一,実践学園,実践学園,2,0,終了,https://koko-soccer.com/score/658
2017,T1,2017.07.25,東京朝鮮中高級学校,東京朝鮮中高級学校,成立学園,成立学園,1,3,終了,https://koko-soccer.com/score/658
2017,T1,2017.11.30,駒澤大学高等学校,駒澤大高,帝京,帝京,0,0,終了,https://koko-soccer.com/score/658
2017,T1,2017.08.10,東京武蔵野シティFCU-18,東京武蔵野シティFCU-18,成立学園,成立学園,0,2,終了,https://koko-soccer.com/score/658
2017,T1,2017.08.19,FC東京U-18(B),FC東京U-18,関東一,関東第一,2,2,終了,https://koko-soccer.com/score/658
2017,T1,2017.08.24,國學院久我山,国学院久我山,帝京,帝京,2,1,終了,https://koko-soccer.com/score/658
2017,T1,2017.08.25,駒澤大学高等学校,駒澤大高,実践学園,実践学園,1,1,終了,https://koko-soccer.com/score/658
2017,T1,2017.11.25,FCトリプレッタユース,FCトリプレッタユース,東京朝鮮中高級学校,東京朝鮮中高級学校,3,1,終了,https://koko-soccer.com/score/658
2017,T1,2017.08.29,東京武蔵野シティFCU-18,東京武蔵野シティFCU-18,東京朝鮮中高級学校,東京朝鮮中高級学校,2,0,終了,https://koko-soccer.com/score/658
2017,T1,2017.08.30,実践学園,実践学園,國學院久我山,国学院久我山,3,1,終了,https://koko-soccer.com/score/658
2017,T1,2017.08.31,帝京,帝京,成立学園,成立学園,2,1,終了,https://koko-soccer.com/score/658
2017,T1,2017.08.31,FCトリプレッタユース,FCトリプレッタユース,関東一,関東第一,2,1,終了,https://koko-soccer.com/score/658
2017,T1,2017.10.14,駒澤大学高等学校,駒澤大高,FC東京U-18(B),FC東京U-18,0,1,終了,https://koko-soccer.com/score/658
2017,T1,2017.09.03,國學院久我山,国学院久我山,FC東京U-18(B),FC東京U-18,0,1,終了,https://koko-soccer.com/score/658
2017,T1,2017.09.03,実践学園,実践学園,成立学園,成立学園,2,3,終了,https://koko-soccer.com/score/658
2017,T1,2017.09.05,関東一,関東第一,駒澤大学高等学校,駒澤大高,1,3,終了,https://koko-soccer.com/score/658
2017,T1,2017.09.06,帝京,帝京,東京朝鮮中高級学校,東京朝鮮中高級学校,3,1,終了,https://koko-soccer.com/score/658
2017,T1,2017.10.08,FCトリプレッタユース,FCトリプレッタユース,東京武蔵野シティFCU-18,東京武蔵野シティFCU-18,1,2,終了,https://koko-soccer.com/score/658
2017,T1,2017.09.09,成立学園,成立学園,FC東京U-18(B),FC東京U-18,5,3,終了,https://koko-soccer.com/score/658
2017,T1,2017.09.10,関東一,関東第一,國學院久我山,国学院久我山,1,2,終了,https://koko-soccer.com/score/658
2017,T1,2017.09.10,東京朝鮮中高級学校,東京朝鮮中高級学校,実践学園,実践学園,0,1,終了,https://koko-soccer.com/score/658
2017,T1,2017.09.13,帝京,帝京,東京武蔵野シティFCU-18,東京武蔵野シティFCU-18,1,3,終了,https://koko-soccer.com/score/658
2017,T1,2017.09.14,駒澤大学高等学校,駒澤大高,FCトリプレッタユース,FCトリプレッタユース,1,2,終了,https://koko-soccer.com/score/658
2017,T1,2017.09.18,成立学園,成立学園,関東一,関東第一,2,0,終了,https://koko-soccer.com/score/658
2017,T1,2017.09.18,國學院久我山,国学院久我山,駒澤大学高等学校,駒澤大高,0,1,終了,https://koko-soccer.com/score/658
2017,T1,2017.09.20,実践学園,実践学園,東京武蔵野シティFCU-18,東京武蔵野シティFCU-18,1,0,終了,https://koko-soccer.com/score/658
2017,T1,2017.09.20,FCトリプレッタユース,FCトリプレッタユース,帝京,帝京,2,2,終了,https://koko-soccer.com/score/658
2017,T1,2017.09.21,東京朝鮮中高級学校,東京朝鮮中高級学校,FC東京U-18(B),FC東京U-18,2,0,終了,https://koko-soccer.com/score/658
2017,T1,2017.09.24,國學院久我山,国学院久我山,FCトリプレッタユース,FCトリプレッタユース,5,2,終了,https://koko-soccer.com/score/658
2017,T1,2017.09.24,東京朝鮮中高級学校,東京朝鮮中高級学校,関東一,関東第一,0,3,終了,https://koko-soccer.com/score/658
2017,T1,2017.09.25,成立学園,成立学園,駒澤大学高等学校,駒澤大高,0,0,終了,https://koko-soccer.com/score/658
2017,T1,2017.09.26,帝京,帝京,実践学園,実践学園,1,1,終了,https://koko-soccer.com/score/658
2017,T1,2017.09.28,東京武蔵野シティFCU-18,東京武蔵野シティFCU-18,FC東京U-18(B),FC東京U-18,2,4,終了,https://koko-soccer.com/score/658
2017,T1,2017.10.01,國學院久我山,国学院久我山,成立学園,成立学園,4,2,終了,https://koko-soccer.com/score/658
2017,T1,2017.10.02,東京武蔵野シティFCU-18,東京武蔵野シティFCU-18,関東一,関東第一,2,3,終了,https://koko-soccer.com/score/658
2017,T1,2017.10.04,FCトリプレッタユース,FCトリプレッタユース,実践学園,実践学園,0,5,終了,https://koko-soccer.com/score/658
2017,T1,2017.10.07,駒澤大学高等学校,駒澤大高,東京朝鮮中高級学校,東京朝鮮中高級学校,1,1,終了,https://koko-soccer.com/score/658
2017,T1,2017.10.09,FC東京U-18(B),FC東京U-18,帝京,帝京,1,3,終了,https://koko-soccer.com/score/658
2017,T2,2017.02.14,国士舘,国士舘,堀越,堀越,1,0,終了,https://koko-soccer.com/score/659
2017,T2,2017.02.16,大成,大成,東海大高輪台,東海大高輪台,2,1,終了,https://koko-soccer.com/score/659
2017,T2,2017.02.18,國學院久我山（B）,国学院久我山,暁星高等学校,暁星,4,2,終了,https://koko-soccer.com/score/659
2017,T2,2017.02.19,都立東久留米総合,東久留米総合,駒澤大学高等学校（B）,駒澤大高,5,0,終了,https://koko-soccer.com/score/659
2017,T2,2017.02.19,東京実業,東京実業,実践学園（B）,実践学園,1,1,終了,https://koko-soccer.com/score/659
2017,T2,2017.02.21,国士舘,国士舘,大成,大成,1,0,終了,https://koko-soccer.com/score/659
2017,T2,2017.02.23,暁星高等学校,暁星,東京実業,東京実業,0,1,終了,https://koko-soccer.com/score/659
2017,T2,2017.02.26,國學院久我山（B）,国学院久我山,東海大高輪台,東海大高輪台,2,1,終了,https://koko-soccer.com/score/659
2017,T2,2017.03.10,駒澤大学高等学校（B）,駒澤大高,堀越,堀越,2,1,終了,https://koko-soccer.com/score/659
2017,T2,2017.03.20,実践学園（B）,実践学園,都立東久留米総合,東久留米総合,1,3,終了,https://koko-soccer.com/score/659
2017,T2,2017.02.27,実践学園（B）,実践学園,駒澤大学高等学校（B）,駒澤大高,0,1,終了,https://koko-soccer.com/score/659
2017,T2,2017.03.04,東海大高輪台,東海大高輪台,東京実業,東京実業,0,2,終了,https://koko-soccer.com/score/659
2017,T2,2017.03.17,大成,大成,堀越,堀越,2,2,終了,https://koko-soccer.com/score/659
2017,T2,2017.03.18,国士舘,国士舘,國學院久我山（B）,国学院久我山,2,0,終了,https://koko-soccer.com/score/659
2017,T2,2017.03.26,都立東久留米総合,東久留米総合,暁星高等学校,暁星,4,1,終了,https://koko-soccer.com/score/659
2017,T2,2017.03.29,國學院久我山（B）,国学院久我山,堀越,堀越,5,2,終了,https://koko-soccer.com/score/659
2017,T2,2017.03.30,大成,大成,駒澤大学高等学校（B）,駒澤大高,0,2,終了,https://koko-soccer.com/score/659
2017,T2,2017.03.30,国士舘,国士舘,東京実業,東京実業,2,1,終了,https://koko-soccer.com/score/659
2017,T2,2017.03.31,東海大高輪台,東海大高輪台,都立東久留米総合,東久留米総合,1,4,終了,https://koko-soccer.com/score/659
2017,T2,2017.03.31,実践学園（B）,実践学園,暁星高等学校,暁星,1,2,終了,https://koko-soccer.com/score/659
2017,T2,2017.04.04,都立東久留米総合,東久留米総合,国士舘,国士舘,0,1,終了,https://koko-soccer.com/score/659
2017,T2,2017.04.04,実践学園（B）,実践学園,東海大高輪台,東海大高輪台,1,0,終了,https://koko-soccer.com/score/659
2017,T2,2017.04.05,東京実業,東京実業,堀越,堀越,3,1,終了,https://koko-soccer.com/score/659
2017,T2,2017.04.05,大成,大成,國學院久我山（B）,国学院久我山,3,2,終了,https://koko-soccer.com/score/659
2017,T2,2017.04.05,駒澤大学高等学校（B）,駒澤大高,暁星高等学校,暁星,1,3,終了,https://koko-soccer.com/score/659
2017,T2,2017.04.12,大成,大成,東京実業,東京実業,1,1,終了,https://koko-soccer.com/score/659
2017,T2,2017.04.13,国士舘,国士舘,実践学園（B）,実践学園,1,3,終了,https://koko-soccer.com/score/659
2017,T2,2017.04.13,暁星高等学校,暁星,東海大高輪台,東海大高輪台,0,2,終了,https://koko-soccer.com/score/659
2017,T2,2017.04.16,都立東久留米総合,東久留米総合,堀越,堀越,0,0,終了,https://koko-soccer.com/score/659
2017,T2,2017.05.07,國學院久我山（B）,国学院久我山,駒澤大学高等学校（B）,駒澤大高,3,0,終了,https://koko-soccer.com/score/659
2017,T2,2017.05.07,都立東久留米総合,東久留米総合,大成,大成,2,3,終了,https://koko-soccer.com/score/659
2017,T2,2017.05.09,暁星高等学校,暁星,国士舘,国士舘,1,3,終了,https://koko-soccer.com/score/659
2017,T2,2017.05.11,実践学園（B）,実践学園,堀越,堀越,1,1,終了,https://koko-soccer.com/score/659
2017,T2,2017.05.17,國學院久我山（B）,国学院久我山,東京実業,東京実業,2,3,終了,https://koko-soccer.com/score/659
2017,T2,2017.06.04,東海大高輪台,東海大高輪台,駒澤大学高等学校（B）,駒澤大高,2,0,終了,https://koko-soccer.com/score/659
2017,T2,2017.05.31,国士舘,国士舘,東海大高輪台,東海大高輪台,0,0,終了,https://koko-soccer.com/score/659
2017,T2,2017.05.31,暁星高等学校,暁星,堀越,堀越,1,1,終了,https://koko-soccer.com/score/659
2017,T2,2017.06.04,都立東久留米総合,東久留米総合,國學院久我山（B）,国学院久我山,0,2,終了,https://koko-soccer.com/score/659
2017,T2,2017.06.07,東京実業,東京実業,駒澤大学高等学校（B）,駒澤大高,1,1,終了,https://koko-soccer.com/score/659
2017,T2,2017.06.07,大成,大成,実践学園（B）,実践学園,0,0,終了,https://koko-soccer.com/score/659
2017,T2,2017.06.25,都立東久留米総合,東久留米総合,東京実業,東京実業,2,1,終了,https://koko-soccer.com/score/659
2017,T2,2017.06.26,駒澤大学高等学校（B）,駒澤大高,国士舘,国士舘,2,1,終了,https://koko-soccer.com/score/659
2017,T2,2017.06.28,暁星高等学校,暁星,大成,大成,2,0,終了,https://koko-soccer.com/score/659
2017,T2,2017.07.01,実践学園（B）,実践学園,國學院久我山（B）,国学院久我山,0,2,終了,https://koko-soccer.com/score/659
2017,T2,2017.07.02,東海大高輪台,東海大高輪台,堀越,堀越,4,0,終了,https://koko-soccer.com/score/659
2017,T2,2017.07.09,駒澤大学高等学校（B）,駒澤大高,都立東久留米総合,東久留米総合,0,4,終了,https://koko-soccer.com/score/659
2017,T2,2017.07.09,東海大高輪台,東海大高輪台,大成,大成,0,0,終了,https://koko-soccer.com/score/659
2017,T2,2017.07.09,暁星高等学校,暁星,國學院久我山（B）,国学院久我山,1,3,終了,https://koko-soccer.com/score/659
2017,T2,2017.08.26,堀越,堀越,国士舘,国士舘,3,2,終了,https://koko-soccer.com/score/659
2017,T2,2017.10.05,実践学園（B）,実践学園,東京実業,東京実業,5,2,終了,https://koko-soccer.com/score/659
2017,T2,2017.07.16,都立東久留米総合,東久留米総合,実践学園（B）,実践学園,3,1,終了,https://koko-soccer.com/score/659
2017,T2,2017.07.16,東海大高輪台,東海大高輪台,國學院久我山（B）,国学院久我山,0,2,終了,https://koko-soccer.com/score/659
2017,T2,2017.07.16,堀越,堀越,駒澤大学高等学校（B）,駒澤大高,4,0,終了,https://koko-soccer.com/score/659
2017,T2,2017.07.18,東京実業,東京実業,暁星高等学校,暁星,4,2,終了,https://koko-soccer.com/score/659
2017,T2,2017.07.20,大成,大成,国士舘,国士舘,0,0,終了,https://koko-soccer.com/score/659
2017,T2,2017.07.23,國學院久我山（B）,国学院久我山,国士舘,国士舘,0,3,終了,https://koko-soccer.com/score/659
2017,T2,2017.07.23,東海大高輪台,東海大高輪台,東京実業,東京実業,4,1,終了,https://koko-soccer.com/score/659
2017,T2,2017.08.06,堀越,堀越,大成,大成,1,2,終了,https://koko-soccer.com/score/659
2017,T2,2017.08.06,暁星高等学校,暁星,都立東久留米総合,東久留米総合,1,4,終了,https://koko-soccer.com/score/659
2017,T2,2017.08.26,駒澤大学高等学校（B）,駒澤大高,実践学園（B）,実践学園,1,0,終了,https://koko-soccer.com/score/659
2017,T2,2017.07.21,暁星高等学校,暁星,実践学園（B）,実践学園,1,2,終了,https://koko-soccer.com/score/659
2017,T2,2017.08.27,都立東久留米総合,東久留米総合,東海大高輪台,東海大高輪台,8,0,終了,https://koko-soccer.com/score/659
2017,T2,2017.08.30,堀越,堀越,國學院久我山（B）,国学院久我山,2,1,終了,https://koko-soccer.com/score/659
2017,T2,2017.08.30,駒澤大学高等学校（B）,駒澤大高,大成,大成,0,1,終了,https://koko-soccer.com/score/659
2017,T2,2017.08.31,東京実業,東京実業,国士舘,国士舘,2,5,終了,https://koko-soccer.com/score/659
2017,T2,2017.09.02,東海大高輪台,東海大高輪台,実践学園（B）,実践学園,2,0,終了,https://koko-soccer.com/score/659
2017,T2,2017.09.03,堀越,堀越,東京実業,東京実業,0,3,終了,https://koko-soccer.com/score/659
2017,T2,2017.09.03,国士舘,国士舘,都立東久留米総合,東久留米総合,1,3,終了,https://koko-soccer.com/score/659
2017,T2,2017.09.03,國學院久我山（B）,国学院久我山,大成,大成,4,1,終了,https://koko-soccer.com/score/659
2017,T2,2017.09.06,暁星高等学校,暁星,駒澤大学高等学校（B）,駒澤大高,1,2,終了,https://koko-soccer.com/score/659
2017,T2,2017.08.23,駒澤大学高等学校（B）,駒澤大高,國學院久我山（B）,国学院久我山,3,4,終了,https://koko-soccer.com/score/659
2017,T2,2017.09.09,実践学園（B）,実践学園,国士舘,国士舘,2,5,終了,https://koko-soccer.com/score/659
2017,T2,2017.09.10,東海大高輪台,東海大高輪台,暁星高等学校,暁星,1,1,終了,https://koko-soccer.com/score/659
2017,T2,2017.09.12,東京実業,東京実業,大成,大成,1,0,終了,https://koko-soccer.com/score/659
2017,T2,2017.10.08,堀越,堀越,都立東久留米総合,東久留米総合,0,2,終了,https://koko-soccer.com/score/659
2017,T2,2017.09.17,大成,大成,都立東久留米総合,東久留米総合,0,1,終了,https://koko-soccer.com/score/659
2017,T2,2017.09.17,堀越,堀越,実践学園（B）,実践学園,3,2,終了,https://koko-soccer.com/score/659
2017,T2,2017.09.19,東京実業,東京実業,國學院久我山（B）,国学院久我山,2,1,終了,https://koko-soccer.com/score/659
2017,T2,2017.09.20,国士舘,国士舘,暁星高等学校,暁星,0,0,終了,https://koko-soccer.com/score/659
2017,T2,2017.11.05,駒澤大学高等学校（B）,駒澤大高,東海大高輪台,東海大高輪台,1,0,終了,https://koko-soccer.com/score/659
2017,T2,2017.09.23,堀越,堀越,暁星高等学校,暁星,2,0,終了,https://koko-soccer.com/score/659
2017,T2,2017.09.24,國學院久我山（B）,国学院久我山,都立東久留米総合,東久留米総合,1,2,終了,https://koko-soccer.com/score/659
2017,T2,2017.09.24,東海大高輪台,東海大高輪台,国士舘,国士舘,3,1,終了,https://koko-soccer.com/score/659
2017,T2,2017.09.25,実践学園（B）,実践学園,大成,大成,6,0,終了,https://koko-soccer.com/score/659
2017,T2,2017.09.27,駒澤大学高等学校（B）,駒澤大高,東京実業,東京実業,1,0,終了,https://koko-soccer.com/score/659
2017,T2,2017.09.30,堀越,堀越,東海大高輪台,東海大高輪台,2,1,終了,https://koko-soccer.com/score/659
2017,T2,2017.10.01,東京実業,東京実業,都立東久留米総合,東久留米総合,0,4,終了,https://koko-soccer.com/score/659
2017,T2,2017.10.03,大成,大成,暁星高等学校,暁星,2,0,終了,https://koko-soccer.com/score/659
2017,T2,2017.10.04,国士舘,国士舘,駒澤大学高等学校（B）,駒澤大高,1,1,終了,https://koko-soccer.com/score/659
2017,T2,2017.10.08,國學院久我山（B）,国学院久我山,実践学園（B）,実践学園,0,1,終了,https://koko-soccer.com/score/659
2017,T3,2017.04.02,東海大菅生,東海大菅生,武蔵,武蔵,8,0,終了,https://koko-soccer.com/score/676
2017,T3,2017.04.04,早稲田実業,早稲田実業,東農大一,農大一,3,0,終了,https://koko-soccer.com/score/676
2017,T3,2017.04.04,駿台学園,駿台学園,関東一（B）,関東第一,0,3,終了,https://koko-soccer.com/score/676
2017,T3,2017.04.04,日本学園,日本学園,保善,保善,1,0,終了,https://koko-soccer.com/score/676
2017,T3,2017.04.10,三菱養和SCユース（B）,三菱養和SCユース,杉並FCユース,杉並FCユース,6,0,終了,https://koko-soccer.com/score/676
2017,T3,2017.04.14,東農大一,農大一,駿台学園,駿台学園,0,3,終了,https://koko-soccer.com/score/676
2017,T3,2017.04.23,関東一（B）,関東第一,東海大菅生,東海大菅生,1,4,終了,https://koko-soccer.com/score/676
2017,T3,2017.04.24,保善,保善,三菱養和SCユース（B）,三菱養和SCユース,1,2,終了,https://koko-soccer.com/score/676
2017,T3,2017.04.25,杉並FCユース,杉並FCユース,早稲田実業,早稲田実業,0,1,終了,https://koko-soccer.com/score/676
2017,T3,2017.06.11,武蔵,武蔵,日本学園,日本学園,0,2,終了,https://koko-soccer.com/score/676
2017,T3,2017.05.07,三菱養和SCユース（B）,三菱養和SCユース,武蔵,武蔵,0,1,終了,https://koko-soccer.com/score/676
2017,T3,2017.05.07,日本学園,日本学園,東海大菅生,東海大菅生,4,0,終了,https://koko-soccer.com/score/676
2017,T3,2017.05.10,駿台学園,駿台学園,杉並FCユース,杉並FCユース,3,0,終了,https://koko-soccer.com/score/676
2017,T3,2017.05.16,関東一（B）,関東第一,東農大一,農大一,1,0,終了,https://koko-soccer.com/score/676
2017,T3,2017.05.17,早稲田実業,早稲田実業,保善,保善,2,2,終了,https://koko-soccer.com/score/676
2017,T3,2017.06.04,武蔵,武蔵,早稲田実業,早稲田実業,1,10,終了,https://koko-soccer.com/score/676
2017,T3,2017.06.15,杉並FCユース,杉並FCユース,東農大一,農大一,0,3,終了,https://koko-soccer.com/score/676
2017,T3,2017.06.29,日本学園,日本学園,関東一（B）,関東第一,3,0,終了,https://koko-soccer.com/score/676
2017,T3,2017.08.10,保善,保善,駿台学園,駿台学園,1,3,終了,https://koko-soccer.com/score/676
2017,T3,2017.10.01,東海大菅生,東海大菅生,三菱養和SCユース（B）,三菱養和SCユース,1,1,終了,https://koko-soccer.com/score/676
2017,T3,2017.07.14,東農大一,農大一,保善,保善,1,3,終了,https://koko-soccer.com/score/676
2017,T3,2017.07.17,早稲田実業,早稲田実業,東海大菅生,東海大菅生,2,2,終了,https://koko-soccer.com/score/676
2017,T3,2017.07.20,駿台学園,駿台学園,武蔵,武蔵,6,0,終了,https://koko-soccer.com/score/676
2017,T3,2017.10.12,三菱養和SCユース（B）,三菱養和SCユース,日本学園,日本学園,2,1,終了,https://koko-soccer.com/score/676
2017,T3,2017.10.27,関東一（B）,関東第一,杉並FCユース,杉並FCユース,1,3,終了,https://koko-soccer.com/score/676
2017,T3,2017.07.23,武蔵,武蔵,東農大一,農大一,1,3,終了,https://koko-soccer.com/score/676
2017,T3,2017.08.03,日本学園,日本学園,早稲田実業,早稲田実業,1,2,終了,https://koko-soccer.com/score/676
2017,T3,2017.08.04,杉並FCユース,杉並FCユース,保善,保善,3,3,終了,https://koko-soccer.com/score/676
2017,T3,2017.08.05,東海大菅生,東海大菅生,駿台学園,駿台学園,0,0,終了,https://koko-soccer.com/score/676
2017,T3,2017.08.06,関東一（B）,関東第一,三菱養和SCユース（B）,三菱養和SCユース,0,3,終了,https://koko-soccer.com/score/676
2017,T3,2017.07.19,保善,保善,関東一（B）,関東第一,4,3,終了,https://koko-soccer.com/score/676
2017,T3,2017.08.26,杉並FCユース,杉並FCユース,武蔵,武蔵,2,1,終了,https://koko-soccer.com/score/676
2017,T3,2017.08.27,東農大一,農大一,東海大菅生,東海大菅生,4,2,終了,https://koko-soccer.com/score/676
2017,T3,2017.08.28,三菱養和SCユース（B）,三菱養和SCユース,早稲田実業,早稲田実業,0,2,終了,https://koko-soccer.com/score/676
2017,T3,2017.10.02,駿台学園,駿台学園,日本学園,日本学園,1,2,終了,https://koko-soccer.com/score/676
2017,T3,2017.06.14,早稲田実業,早稲田実業,関東一（B）,関東第一,2,0,終了,https://koko-soccer.com/score/676
2017,T3,2017.09.03,武蔵,武蔵,保善,保善,0,3,終了,https://koko-soccer.com/score/676
2017,T3,2017.09.04,三菱養和SCユース（B）,三菱養和SCユース,駿台学園,駿台学園,2,1,終了,https://koko-soccer.com/score/676
2017,T3,2017.09.21,日本学園,日本学園,東農大一,農大一,4,2,終了,https://koko-soccer.com/score/676
2017,T3,2017.10.15,東海大菅生,東海大菅生,杉並FCユース,杉並FCユース,3,0,終了,https://koko-soccer.com/score/676
2017,T3,2017.09.27,杉並FCユース,杉並FCユース,日本学園,日本学園,0,1,終了,https://koko-soccer.com/score/676
2017,T3,2017.10.01,関東一（B）,関東第一,武蔵,武蔵,0,2,終了,https://koko-soccer.com/score/676
2017,T3,2017.10.08,保善,保善,東海大菅生,東海大菅生,1,5,終了,https://koko-soccer.com/score/676
2017,T3,2017.10.09,東農大一,農大一,三菱養和SCユース（B）,三菱養和SCユース,0,8,終了,https://koko-soccer.com/score/676
2017,T3,2017.10.31,駿台学園,駿台学園,早稲田実業,早稲田実業,1,5,終了,https://koko-soccer.com/score/676
2017,T3,2017.04.04,多摩大目黒,多摩大学目黒,東京武蔵野シティFCU-18（B）,東京武蔵野シティFCU-18,3,0,終了,https://koko-soccer.com/score/677
2017,T3,2017.04.04,東京,東京,東京成徳大高,東京成徳大高,2,2,終了,https://koko-soccer.com/score/677
2017,T3,2017.04.04,修徳,修徳,大東大一,大東大一,1,0,終了,https://koko-soccer.com/score/677
2017,T3,2017.04.04,FC町田ゼルビアユース,FC町田ゼルビアユース,都立国分寺,国分寺,2,0,終了,https://koko-soccer.com/score/677
2017,T3,2017.04.04,日大三,日大三,かえつ有明,かえつ有明,2,2,終了,https://koko-soccer.com/score/677
2017,T3,2017.04.18,都立国分寺,国分寺,多摩大目黒,多摩大学目黒,2,2,終了,https://koko-soccer.com/score/677
2017,T3,2017.04.20,東京成徳大高,東京成徳大高,修徳,修徳,4,1,終了,https://koko-soccer.com/score/677
2017,T3,2017.04.21,かえつ有明,かえつ有明,東京,東京,0,2,終了,https://koko-soccer.com/score/677
2017,T3,2017.04.22,東京武蔵野シティFCU-18（B）,東京武蔵野シティFCU-18,日大三,日大三,2,1,終了,https://koko-soccer.com/score/677
2017,T3,2017.04.26,大東大一,大東大一,FC町田ゼルビアユース,FC町田ゼルビアユース,2,4,終了,https://koko-soccer.com/score/677
2017,T3,2017.05.29,東京,東京,日大三,日大三,1,2,終了,https://koko-soccer.com/score/677
2017,T3,2017.05.31,東京武蔵野シティFCU-18（B）,東京武蔵野シティFCU-18,都立国分寺,国分寺,1,1,終了,https://koko-soccer.com/score/677
2017,T3,2017.06.04,多摩大目黒,多摩大学目黒,大東大一,大東大一,3,2,終了,https://koko-soccer.com/score/677
2017,T3,2017.06.06,修徳,修徳,かえつ有明,かえつ有明,2,1,終了,https://koko-soccer.com/score/677
2017,T3,2017.06.16,FC町田ゼルビアユース,FC町田ゼルビアユース,東京成徳大高,東京成徳大高,6,1,終了,https://koko-soccer.com/score/677
2017,T3,2017.06.02,日大三,日大三,修徳,修徳,2,1,終了,https://koko-soccer.com/score/677
2017,T3,2017.06.14,東京,東京,東京武蔵野シティFCU-18（B）,東京武蔵野シティFCU-18,1,5,終了,https://koko-soccer.com/score/677
2017,T3,2017.06.23,大東大一,大東大一,都立国分寺,国分寺,0,1,終了,https://koko-soccer.com/score/677
2017,T3,2017.06.25,かえつ有明,かえつ有明,FC町田ゼルビアユース,FC町田ゼルビアユース,0,3,終了,https://koko-soccer.com/score/677
2017,T3,2017.07.22,東京成徳大高,東京成徳大高,多摩大目黒,多摩大学目黒,1,3,終了,https://koko-soccer.com/score/677
2017,T3,2017.07.14,修徳,修徳,東京,東京,4,1,終了,https://koko-soccer.com/score/677
2017,T3,2017.07.14,都立国分寺,国分寺,東京成徳大高,東京成徳大高,1,2,終了,https://koko-soccer.com/score/677
2017,T3,2017.07.15,多摩大目黒,多摩大学目黒,かえつ有明,かえつ有明,2,0,終了,https://koko-soccer.com/score/677
2017,T3,2017.07.16,FC町田ゼルビアユース,FC町田ゼルビアユース,日大三,日大三,4,1,終了,https://koko-soccer.com/score/677
2017,T3,2017.10.07,東京武蔵野シティFCU-18（B）,東京武蔵野シティFCU-18,大東大一,大東大一,3,2,終了,https://koko-soccer.com/score/677
2017,T3,2017.06.29,大東大一,大東大一,東京成徳大高,東京成徳大高,3,3,終了,https://koko-soccer.com/score/677
2017,T3,2017.07.28,日大三,日大三,多摩大目黒,多摩大学目黒,0,1,終了,https://koko-soccer.com/score/677
2017,T3,2017.08.03,東京武蔵野シティFCU-18（B）,東京武蔵野シティFCU-18,修徳,修徳,1,2,終了,https://koko-soccer.com/score/677
2017,T3,2017.08.09,かえつ有明,かえつ有明,都立国分寺,国分寺,2,2,終了,https://koko-soccer.com/score/677
2017,T3,2017.08.27,東京,東京,FC町田ゼルビアユース,FC町田ゼルビアユース,1,3,終了,https://koko-soccer.com/score/677
2017,T3,2017.06.24,多摩大目黒,多摩大学目黒,東京,東京,2,1,終了,https://koko-soccer.com/score/677
2017,T3,2017.08.03,都立国分寺,国分寺,日大三,日大三,3,1,終了,https://koko-soccer.com/score/677
2017,T3,2017.09.14,大東大一,大東大一,かえつ有明,かえつ有明,3,2,終了,https://koko-soccer.com/score/677
2017,T3,2017.09.17,修徳,修徳,FC町田ゼルビアユース,FC町田ゼルビアユース,0,1,終了,https://koko-soccer.com/score/677
2017,T3,2017.10.29,東京成徳大高,東京成徳大高,東京武蔵野シティFCU-18（B）,東京武蔵野シティFCU-18,3,1,終了,https://koko-soccer.com/score/677
2017,T3,2017.09.03,FC町田ゼルビアユース,FC町田ゼルビアユース,東京武蔵野シティFCU-18（B）,東京武蔵野シティFCU-18,3,1,終了,https://koko-soccer.com/score/677
2017,T3,2017.09.09,修徳,修徳,多摩大目黒,多摩大学目黒,2,4,終了,https://koko-soccer.com/score/677
2017,T3,2017.09.20,かえつ有明,かえつ有明,東京成徳大高,東京成徳大高,5,2,終了,https://koko-soccer.com/score/677
2017,T3,2017.09.29,東京,東京,都立国分寺,国分寺,2,1,終了,https://koko-soccer.com/score/677
2017,T3,2017.09.29,日大三,日大三,大東大一,大東大一,1,4,終了,https://koko-soccer.com/score/677
2017,T3,2017.06.14,都立国分寺,国分寺,修徳,修徳,3,0,終了,https://koko-soccer.com/score/677
2017,T3,2017.09.13,東京成徳大高,東京成徳大高,日大三,日大三,3,3,終了,https://koko-soccer.com/score/677
2017,T3,2017.09.29,東京武蔵野シティFCU-18（B）,東京武蔵野シティFCU-18,かえつ有明,かえつ有明,1,5,終了,https://koko-soccer.com/score/677
2017,T3,2017.09.30,多摩大目黒,多摩大学目黒,FC町田ゼルビアユース,FC町田ゼルビアユース,0,1,終了,https://koko-soccer.com/score/677
2017,T3,2017.10.31,大東大一,大東大一,東京,東京,1,2,終了,https://koko-soccer.com/score/677
2017,T4,2017.04.05,実践学園（C）,実践学園,都立石神井,石神井,4,0,終了,https://koko-soccer.com/score/678
2017,T4,2017.04.05,駒澤大学高等学校（C）,駒澤大高,都立日野台,日野台,3,4,終了,https://koko-soccer.com/score/678
2017,T4,2017.04.09,桐朋,桐朋,日大豊山,日大豊山,0,3,終了,https://koko-soccer.com/score/678
2017,T4,2017.04.23,東海大高輪台（B),東海大高輪台,都立東大和南,東大和南,2,0,終了,https://koko-soccer.com/score/678
2017,T4,2017.05.05,都立東大和南,東大和南,実践学園（C）,実践学園,0,3,終了,https://koko-soccer.com/score/678
2017,T4,2017.05.10,日大豊山,日大豊山,都立石神井,石神井,1,2,終了,https://koko-soccer.com/score/678
2017,T4,2017.06.04,東海大高輪台（B),東海大高輪台,駒澤大学高等学校（C）,駒澤大高,0,2,終了,https://koko-soccer.com/score/678
2017,T4,2017.06.11,都立日野台,日野台,桐朋,桐朋,3,1,終了,https://koko-soccer.com/score/678
2017,T4,2017.04.03,桐朋,桐朋,都立東大和南,東大和南,3,4,終了,https://koko-soccer.com/score/678
2017,T4,2017.06.17,実践学園（C）,実践学園,都立日野台,日野台,0,2,終了,https://koko-soccer.com/score/678
2017,T4,2017.06.25,東海大高輪台（B),東海大高輪台,日大豊山,日大豊山,1,2,終了,https://koko-soccer.com/score/678
2017,T4,2017.09.27,駒澤大学高等学校（C）,駒澤大高,都立石神井,石神井,2,2,終了,https://koko-soccer.com/score/678
2017,T4,2017.04.16,都立石神井,石神井,桐朋,桐朋,2,0,終了,https://koko-soccer.com/score/678
2017,T4,2017.05.07,都立日野台,日野台,東海大高輪台（B),東海大高輪台,2,1,終了,https://koko-soccer.com/score/678
2017,T4,2017.06.07,都立東大和南,東大和南,駒澤大学高等学校（C）,駒澤大高,2,1,終了,https://koko-soccer.com/score/678
2017,T4,2017.07.22,日大豊山,日大豊山,実践学園（C）,実践学園,1,0,終了,https://koko-soccer.com/score/678
2017,T4,2017.05.17,日大豊山,日大豊山,駒澤大学高等学校（C）,駒澤大高,0,1,終了,https://koko-soccer.com/score/678
2017,T4,2017.06.13,都立石神井,石神井,東海大高輪台（B),東海大高輪台,1,1,終了,https://koko-soccer.com/score/678
2017,T4,2017.07.14,都立日野台,日野台,都立東大和南,東大和南,2,1,終了,https://koko-soccer.com/score/678
2017,T4,2017.07.27,実践学園（C）,実践学園,桐朋,桐朋,4,0,終了,https://koko-soccer.com/score/678
2017,T4,2017.06.20,都立東大和南,東大和南,日大豊山,日大豊山,0,3,終了,https://koko-soccer.com/score/678
2017,T4,2017.07.08,桐朋,桐朋,東海大高輪台（B),東海大高輪台,0,4,終了,https://koko-soccer.com/score/678
2017,T4,2017.07.21,都立石神井,石神井,都立日野台,日野台,1,1,終了,https://koko-soccer.com/score/678
2017,T4,2017.08.27,駒澤大学高等学校（C）,駒澤大高,実践学園（C）,実践学園,2,2,終了,https://koko-soccer.com/score/678
2017,T4,2017.07.16,桐朋,桐朋,駒澤大学高等学校（C）,駒澤大高,0,4,終了,https://koko-soccer.com/score/678
2017,T4,2017.08.08,都立石神井,石神井,都立東大和南,東大和南,2,1,終了,https://koko-soccer.com/score/678
2017,T4,2017.08.09,都立日野台,日野台,日大豊山,日大豊山,3,2,終了,https://koko-soccer.com/score/678
2017,T4,2017.09.30,東海大高輪台（B),東海大高輪台,実践学園（C）,実践学園,0,1,終了,https://koko-soccer.com/score/678
2017,T4,2017.04.03,都立東久留米総合（B）,東久留米総合,都立三鷹中等教育学校,三鷹中等教育学校,3,1,終了,https://koko-soccer.com/score/679
2017,T4,2017.04.05,成立学園（B),成立学園,都立駒場,駒場,2,1,終了,https://koko-soccer.com/score/679
2017,T4,2017.04.16,都立野津田,野津田,國學院久我山（C）,国学院久我山,1,2,終了,https://koko-soccer.com/score/679
2017,T4,2017.06.28,創価,創価,正則学園,正則学園,1,3,終了,https://koko-soccer.com/score/679
2017,T4,2017.04.06,正則学園,正則学園,都立野津田,野津田,3,3,終了,https://koko-soccer.com/score/679
2017,T4,2017.05.06,都立駒場,駒場,都立東久留米総合（B）,東久留米総合,1,6,終了,https://koko-soccer.com/score/679
2017,T4,2017.07.16,國學院久我山（C）,国学院久我山,創価,創価,2,3,終了,https://koko-soccer.com/score/679
2017,T4,2017.09.30,都立三鷹中等教育学校,三鷹中等教育学校,成立学園（B),成立学園,1,10,終了,https://koko-soccer.com/score/679
2017,T4,2017.04.15,都立東久留米総合（B）,東久留米総合,正則学園,正則学園,0,2,終了,https://koko-soccer.com/score/679
2017,T4,2017.05.04,成立学園（B),成立学園,國學院久我山（C）,国学院久我山,1,1,終了,https://koko-soccer.com/score/679
2017,T4,2017.05.07,創価,創価,都立三鷹中等教育学校,三鷹中等教育学校,2,0,終了,https://koko-soccer.com/score/679
2017,T4,2017.09.01,都立野津田,野津田,都立駒場,駒場,0,1,終了,https://koko-soccer.com/score/679
2017,T4,2017.06.04,國學院久我山（C）,国学院久我山,都立東久留米総合（B）,東久留米総合,3,1,終了,https://koko-soccer.com/score/679
2017,T4,2017.06.11,都立三鷹中等教育学校,三鷹中等教育学校,都立野津田,野津田,1,4,終了,https://koko-soccer.com/score/679
2017,T4,2017.07.09,正則学園,正則学園,成立学園（B),成立学園,1,4,終了,https://koko-soccer.com/score/679
2017,T4,2017.09.08,都立駒場,駒場,創価,創価,4,1,終了,https://koko-soccer.com/score/679
2017,T4,2017.06.25,國學院久我山（C）,国学院久我山,都立三鷹中等教育学校,三鷹中等教育学校,3,1,終了,https://koko-soccer.com/score/679
2017,T4,2017.07.09,都立東久留米総合（B）,東久留米総合,都立野津田,野津田,1,0,終了,https://koko-soccer.com/score/679
2017,T4,2017.07.23,成立学園（B),成立学園,創価,創価,3,2,終了,https://koko-soccer.com/score/679
2017,T4,2017.09.12,正則学園,正則学園,都立駒場,駒場,0,4,終了,https://koko-soccer.com/score/679
2017,T4,2017.05.28,都立駒場,駒場,國學院久我山（C）,国学院久我山,3,0,終了,https://koko-soccer.com/score/679
2017,T4,2017.06.20,都立三鷹中等教育学校,三鷹中等教育学校,正則学園,正則学園,0,3,終了,https://koko-soccer.com/score/679
2017,T4,2017.08.06,成立学園（B),成立学園,都立野津田,野津田,6,0,終了,https://koko-soccer.com/score/679
2017,T4,2017.08.27,創価,創価,都立東久留米総合（B）,東久留米総合,0,3,終了,https://koko-soccer.com/score/679
2017,T4,2017.06.01,都立野津田,野津田,創価,創価,3,3,終了,https://koko-soccer.com/score/679
2017,T4,2017.07.17,都立東久留米総合（B）,東久留米総合,成立学園（B),成立学園,4,1,終了,https://koko-soccer.com/score/679
2017,T4,2017.07.23,正則学園,正則学園,國學院久我山（C）,国学院久我山,2,6,終了,https://koko-soccer.com/score/679
2017,T4,2017.09.15,都立三鷹中等教育学校,三鷹中等教育学校,都立駒場,駒場,0,6,終了,https://koko-soccer.com/score/679
2018,T4,2018.04.17 18:00,正則学園,正則学園,國學院久我山（C）,国学院久我山,1,1,終了,https://koko-soccer.com/score/1046
2018,T4,2018.04.22 09:00,FC町田ゼルビアユース（B）,FC町田ゼルビアユース,武蔵,武蔵,3,1,終了,https://koko-soccer.com/score/1046
2018,T4,2018.04.22 15:30,東海大高輪台（B),東海大高輪台,日大豊山,日大豊山,0,3,終了,https://koko-soccer.com/score/1046
2018,T4,2018.10.17,都立府中,府中,大東大一,大東大一,0,1,終了,https://koko-soccer.com/score/1046
2018,T4,2018.05.05 14:00,國學院久我山（C）,国学院久我山,東海大高輪台（B),東海大高輪台,3,1,終了,https://koko-soccer.com/score/1046
2018,T4,2018.05.15 17:30,日大豊山,日大豊山,正則学園,正則学園,5,0,終了,https://koko-soccer.com/score/1046
2018,T4,2018.05.18 18:30,大東大一,大東大一,FC町田ゼルビアユース（B）,FC町田ゼルビアユース,1,1,終了,https://koko-soccer.com/score/1046
2018,T4,2018.08.03 9:30,武蔵,武蔵,都立府中東,府中東,3,5,終了,https://koko-soccer.com/score/1046
2018,T4,2018.05.27 14:00,都立府中東,府中東,日大豊山,日大豊山,1,2,終了,https://koko-soccer.com/score/1046
2018,T4,2018.06.03 12:30,東海大高輪台（B),東海大高輪台,大東大一,大東大一,3,0,終了,https://koko-soccer.com/score/1046
2018,T4,2018.06.03 9:30,正則学園,正則学園,武蔵,武蔵,7,3,終了,https://koko-soccer.com/score/1046
2018,T4,2018.07.01 10:00,FC町田ゼルビアユース（B）,FC町田ゼルビアユース,國學院久我山（C）,国学院久我山,4,2,終了,https://koko-soccer.com/score/1046
2018,T4,2018.06.10 9:30,武蔵,武蔵,東海大高輪台（B),東海大高輪台,2,3,終了,https://koko-soccer.com/score/1046
2018,T4,2018.06.17 10:30,日大豊山,日大豊山,FC町田ゼルビアユース（B）,FC町田ゼルビアユース,9,0,終了,https://koko-soccer.com/score/1046
2018,T4,2018.06.26 18:30,大東大一,大東大一,正則学園,正則学園,0,3,終了,https://koko-soccer.com/score/1046
2018,T4,2018.09.16 14:00,國學院久我山（C）,国学院久我山,都立府中東,府中東,3,0,終了,https://koko-soccer.com/score/1046
2018,T4,2018.07.14 14:00,都立府中東,府中東,正則学園,正則学園,3,3,終了,https://koko-soccer.com/score/1046
2018,T4,2018.07.16 17:00,FC町田ゼルビアユース（B）,FC町田ゼルビアユース,東海大高輪台（B),東海大高輪台,3,2,終了,https://koko-soccer.com/score/1046
2018,T4,2018.07.19 9:30,國學院久我山（C）,国学院久我山,大東大一,大東大一,3,5,終了,https://koko-soccer.com/score/1046
2018,T4,2018.07.22 9:30,日大豊山,日大豊山,武蔵,武蔵,6,0,終了,https://koko-soccer.com/score/1046
2018,T4,2018.08.26 9:30,武蔵,武蔵,國學院久我山（C）,国学院久我山,3,2,終了,https://koko-soccer.com/score/1046
2018,T4,2018.08.28 14:00,正則学園,正則学園,FC町田ゼルビアユース（B）,FC町田ゼルビアユース,1,4,終了,https://koko-soccer.com/score/1046
2018,T4,2018.08.29 14:00,大東大一,大東大一,日大豊山,日大豊山,0,3,終了,https://koko-soccer.com/score/1046
2018,T4,2018.10.04,東海大高輪台（B),東海大高輪台,都立府中東,府中東,1,6,終了,https://koko-soccer.com/score/1046
2018,T4,2018.09.08 16:00,東海大高輪台（B),東海大高輪台,正則学園,正則学園,6,0,終了,https://koko-soccer.com/score/1046
2018,T4,2018.09.09 9:30,武蔵,武蔵,大東大一,大東大一,1,3,終了,https://koko-soccer.com/score/1046
2018,T4,2018.09.23 14:00,都立府中東,府中東,FC町田ゼルビアユース（B）,FC町田ゼルビアユース,1,1,終了,https://koko-soccer.com/score/1046
2018,T4,2018.10.04,國學院久我山（C）,国学院久我山,日大豊山,日大豊山,2,2,終了,https://koko-soccer.com/score/1046
2018,T4,2018.04.03 12:00,駒澤大学高等学校（C）,駒澤大高,都立石神井,石神井,5,2,終了,https://koko-soccer.com/score/1045
2018,T4,2018.04.03 14:00,都立東大和南,東大和南,都立駒場,駒場,3,1,終了,https://koko-soccer.com/score/1045
2018,T4,2018.04.22 13:30,創価,創価,都立東久留米総合（B）,東久留米総合,5,1,終了,https://koko-soccer.com/score/1045
2018,T4,2018.05.27 10:00,都立葛飾野,葛飾野,日大三,日大三,2,1,終了,https://koko-soccer.com/score/1045
2018,T4,2018.05.05 9:30,都立東久留米総合（B）,東久留米総合,都立駒場,駒場,1,1,終了,https://koko-soccer.com/score/1045
2018,T4,2018.05.06 14:00,日大三,日大三,都立東大和南,東大和南,5,2,終了,https://koko-soccer.com/score/1045
2018,T4,2018.05.06 14:00,都立石神井,石神井,創価,創価,0,2,終了,https://koko-soccer.com/score/1045
2018,T4,2018.06.30 15:30,都立葛飾野,葛飾野,駒澤大学高等学校（C）,駒澤大高,0,1,終了,https://koko-soccer.com/score/1045
2018,T4,2018.06.24 13:00,創価,創価,日大三,日大三,2,3,終了,https://koko-soccer.com/score/1045
2018,T4,2018.07.20,駒澤大学高等学校（C）,駒澤大高,都立駒場,駒場,2,2,終了,https://koko-soccer.com/score/1045
2018,T4,2018.07.23 17:00,都立東大和南,東大和南,都立石神井,石神井,3,2,終了,https://koko-soccer.com/score/1045
2018,T4,2018.09.09 10:00,都立葛飾野,葛飾野,都立東久留米総合（B）,東久留米総合,1,1,終了,https://koko-soccer.com/score/1045
2018,T4,2018.06.03 13:00,日大三,日大三,駒澤大学高等学校（C）,駒澤大高,3,1,終了,https://koko-soccer.com/score/1045
2018,T4,2018.06.24 9:30,都立石神井,石神井,都立葛飾野,葛飾野,2,1,終了,https://koko-soccer.com/score/1045
2018,T4,2018.08.26 13:30,都立東久留米総合（B）,東久留米総合,都立東大和南,東大和南,5,1,終了,https://koko-soccer.com/score/1045
2018,T4,2018.09.23 9:30,都立駒場,駒場,創価,創価,2,1,終了,https://koko-soccer.com/score/1045
2018,T4,2018.07.15 13:30,都立東久留米総合（B）,東久留米総合,駒澤大学高等学校（C）,駒澤大高,0,4,終了,https://koko-soccer.com/score/1045
2018,T4,2018.07.15 15:20,都立石神井,石神井,日大三,日大三,0,2,終了,https://koko-soccer.com/score/1045
2018,T4,2018.07.15 9:30,都立駒場,駒場,都立葛飾野,葛飾野,0,0,終了,https://koko-soccer.com/score/1045
2018,T4,2018.07.15 9:30,都立東大和南,東大和南,創価,創価,1,4,終了,https://koko-soccer.com/score/1045
2018,T4,2018.07.22 10:00,創価,創価,都立葛飾野,葛飾野,1,1,終了,https://koko-soccer.com/score/1045
2018,T4,2018.08.04 13:30,日大三,日大三,都立東久留米総合（B）,東久留米総合,1,5,終了,https://koko-soccer.com/score/1045
2018,T4,2018.08.26 11:30,都立駒場,駒場,都立石神井,石神井,2,3,終了,https://koko-soccer.com/score/1045
2018,T4,2018.10.17,駒澤大学高等学校（C）,駒澤大高,都立東大和南,東大和南,2,1,終了,https://koko-soccer.com/score/1045
2018,T4,2018.09.16 13:00,創価,創価,駒澤大学高等学校（C）,駒澤大高,1,1,終了,https://koko-soccer.com/score/1045
2018,T4,2018.09.17 10:00,都立駒場,駒場,日大三,日大三,2,0,終了,https://koko-soccer.com/score/1045
2018,T4,2018.09.23 10:00,都立葛飾野,葛飾野,都立東大和南,東大和南,3,1,終了,https://koko-soccer.com/score/1045
2018,T4,2018.09.24 9:30,都立石神井,石神井,都立東久留米総合（B）,東久留米総合,1,2,終了,https://koko-soccer.com/score/1045
2018,T3,2018.04.03 12:00,修徳,修徳,東京武蔵野シティFCU-18（B）,東京武蔵野シティFCU-18,3,2,終了,https://koko-soccer.com/score/1044
2018,T3,2018.04.03 14:30,都立国分寺,国分寺,かえつ有明,かえつ有明,3,3,終了,https://koko-soccer.com/score/1044
2018,T3,2018.04.03 9:30,多摩大目黒,多摩大学目黒,成立学園（B),成立学園,1,0,終了,https://koko-soccer.com/score/1044
2018,T3,2018.04.06 18:00,暁星高等学校,暁星,都立日野台,日野台,4,0,終了,https://koko-soccer.com/score/1044
2018,T3,2018.04.12 18:00,東京成徳大高,東京成徳大高,東京,東京,4,0,終了,https://koko-soccer.com/score/1044
2018,T3,2018.05.06 13:00,都立日野台,日野台,修徳,修徳,1,6,終了,https://koko-soccer.com/score/1044
2018,T3,2018.05.16 18:00,東京武蔵野シティFCU-18（B）,東京武蔵野シティFCU-18,東京成徳大高,東京成徳大高,4,1,終了,https://koko-soccer.com/score/1044
2018,T3,2018.06.01 18:00,成立学園（B),成立学園,暁星高等学校,暁星,1,3,終了,https://koko-soccer.com/score/1044
2018,T3,2018.06.03 11:00,かえつ有明,かえつ有明,多摩大目黒,多摩大学目黒,0,5,終了,https://koko-soccer.com/score/1044
2018,T3,2018.06.08 18:00,東京,東京,都立国分寺,国分寺,1,3,終了,https://koko-soccer.com/score/1044
2018,T3,2018.06.22 18:00,暁星高等学校,暁星,かえつ有明,かえつ有明,6,4,終了,https://koko-soccer.com/score/1044
2018,T3,2018.06.23 15:00,東京成徳大高,東京成徳大高,修徳,修徳,1,4,終了,https://koko-soccer.com/score/1044
2018,T3,2018.06.24 19:00,都立国分寺,国分寺,東京武蔵野シティFCU-18（B）,東京武蔵野シティFCU-18,3,2,終了,https://koko-soccer.com/score/1044
2018,T3,2018.06.30 11:00,都立日野台,日野台,成立学園（B),成立学園,1,3,終了,https://koko-soccer.com/score/1044
2018,T3,2018.07.16 18:00,多摩大目黒,多摩大学目黒,東京,東京,1,2,終了,https://koko-soccer.com/score/1044
2018,T3,2018.07.13 18:30,東京成徳大高,東京成徳大高,都立日野台,日野台,2,1,終了,https://koko-soccer.com/score/1044
2018,T3,2018.07.13 9:30,東京,東京,暁星高等学校,暁星,2,3,終了,https://koko-soccer.com/score/1044
2018,T3,2018.07.19 14:00,かえつ有明,かえつ有明,成立学園（B),成立学園,3,2,終了,https://koko-soccer.com/score/1044
2018,T3,2018.07.19 16:15,修徳,修徳,都立国分寺,国分寺,3,1,終了,https://koko-soccer.com/score/1044
2018,T3,2018.09.08 18:45,東京武蔵野シティFCU-18（B）,東京武蔵野シティFCU-18,多摩大目黒,多摩大学目黒,2,1,終了,https://koko-soccer.com/score/1044
2018,T3,2018.07.29 10:00,成立学園（B),成立学園,東京,東京,5,1,終了,https://koko-soccer.com/score/1044
2018,T3,2018.07.30 18:00,多摩大目黒,多摩大学目黒,修徳,修徳,1,2,終了,https://koko-soccer.com/score/1044
2018,T3,2018.07.31 13:00,都立国分寺,国分寺,東京成徳大高,東京成徳大高,2,4,終了,https://koko-soccer.com/score/1044
2018,T3,2018.08.03 13:00,暁星高等学校,暁星,東京武蔵野シティFCU-18（B）,東京武蔵野シティFCU-18,2,1,終了,https://koko-soccer.com/score/1044
2018,T3,2018.10.07 17:00,都立日野台,日野台,かえつ有明,かえつ有明,1,2,終了,https://koko-soccer.com/score/1044
2018,T3,2018.07.24 18:00,東京成徳大高,東京成徳大高,多摩大目黒,多摩大学目黒,0,1,終了,https://koko-soccer.com/score/1044
2018,T3,2018.08.04 13:00,都立日野台,日野台,都立国分寺,国分寺,2,3,終了,https://koko-soccer.com/score/1044
2018,T3,2018.08.30 16:15,東京武蔵野シティFCU-18（B）,東京武蔵野シティFCU-18,成立学園（B),成立学園,3,2,終了,https://koko-soccer.com/score/1044
2018,T3,2018.08.30 9:30,修徳,修徳,暁星高等学校,暁星,6,2,終了,https://koko-soccer.com/score/1044
2018,T3,2018.11.03,かえつ有明,かえつ有明,東京,東京,0,0,終了,https://koko-soccer.com/score/1044
2018,T3,2018.07.15 19:00,かえつ有明,かえつ有明,東京武蔵野シティFCU-18（B）,東京武蔵野シティFCU-18,1,3,終了,https://koko-soccer.com/score/1044
2018,T3,2018.09.01 18:00,東京,東京,都立日野台,日野台,3,1,終了,https://koko-soccer.com/score/1044
2018,T3,2018.09.09 10:00,成立学園（B),成立学園,修徳,修徳,1,2,終了,https://koko-soccer.com/score/1044
2018,T3,2018.09.09 18:30,暁星高等学校,暁星,東京成徳大高,東京成徳大高,0,3,終了,https://koko-soccer.com/score/1044
2018,T3,2018.10.08 18:00,都立国分寺,国分寺,多摩大目黒,多摩大学目黒,0,0,終了,https://koko-soccer.com/score/1044
2018,T3,2018.09.16 13:15,修徳,修徳,かえつ有明,かえつ有明,4,0,終了,https://koko-soccer.com/score/1044
2018,T3,2018.09.16 15:30,都立国分寺,国分寺,暁星高等学校,暁星,2,0,終了,https://koko-soccer.com/score/1044
2018,T3,2018.09.22 18:45,多摩大目黒,多摩大学目黒,都立日野台,日野台,8,0,終了,https://koko-soccer.com/score/1044
2018,T3,2018.10.06 19:00,東京武蔵野シティFCU-18（B）,東京武蔵野シティFCU-18,東京,東京,2,2,終了,https://koko-soccer.com/score/1044
2018,T3,2018.11.03,東京成徳大高,東京成徳大高,成立学園（B),成立学園,0,6,終了,https://koko-soccer.com/score/1044
2018,T3,2018.09.17 19:00,都立日野台,日野台,東京武蔵野シティFCU-18（B）,東京武蔵野シティFCU-18,1,4,終了,https://koko-soccer.com/score/1044
2018,T3,2018.09.23 18:00,東京,東京,修徳,修徳,0,6,終了,https://koko-soccer.com/score/1044
2018,T3,2018.09.24 17:00,かえつ有明,かえつ有明,東京成徳大高,東京成徳大高,2,1,終了,https://koko-soccer.com/score/1044
2018,T3,2018.10.01 10:00,成立学園（B),成立学園,都立国分寺,国分寺,3,0,終了,https://koko-soccer.com/score/1044
2018,T3,2018.10.01 14:00,暁星高等学校,暁星,多摩大目黒,多摩大学目黒,2,3,終了,https://koko-soccer.com/score/1044
2018,T3,2018.04.01 14:00,東海大菅生,東海大菅生,東農大一,農大一,0,1,終了,https://koko-soccer.com/score/1043
2018,T3,2018.04.02 18:30,駿台学園,駿台学園,保善,保善,7,0,終了,https://koko-soccer.com/score/1043
2018,T3,2018.04.06 18:00,日本学園,日本学園,関東一（B）,関東第一,0,4,終了,https://koko-soccer.com/score/1043
2018,T3,2018.04.09 19:00,三菱養和SCユース（B）,三菱養和SCユース,杉並FCユース,杉並FCユース,3,0,終了,https://koko-soccer.com/score/1043
2018,T3,2018.04.22 12:30,東海大高輪台,東海大高輪台,実践学園（C）,実践学園,9,0,終了,https://koko-soccer.com/score/1043
2018,T3,2018.04.25 19:00,関東一（B）,関東第一,東海大高輪台,東海大高輪台,3,1,終了,https://koko-soccer.com/score/1043
2018,T3,2018.05.06 14:00,保善,保善,東海大菅生,東海大菅生,3,4,終了,https://koko-soccer.com/score/1043
2018,T3,2018.05.07 19:00,東農大一,農大一,三菱養和SCユース（B）,三菱養和SCユース,0,3,終了,https://koko-soccer.com/score/1043
2018,T3,2018.05.30 18:00,杉並FCユース,杉並FCユース,日本学園,日本学園,1,4,終了,https://koko-soccer.com/score/1043
2018,T3,2018.11.04,実践学園（C）,実践学園,駿台学園,駿台学園,0,4,終了,https://koko-soccer.com/score/1043
2018,T3,2018.05.12 18:00,実践学園（C）,実践学園,関東一（B）,関東第一,0,1,終了,https://koko-soccer.com/score/1043
2018,T3,2018.06.15 18:00,日本学園,日本学園,東農大一,農大一,1,1,終了,https://koko-soccer.com/score/1043
2018,T3,2018.06.24 19:00,三菱養和SCユース（B）,三菱養和SCユース,保善,保善,6,0,終了,https://koko-soccer.com/score/1043
2018,T3,2018.07.08 13:00,東海大高輪台,東海大高輪台,杉並FCユース,杉並FCユース,5,1,終了,https://koko-soccer.com/score/1043
2018,T3,2018.07.16 16:00,東海大菅生,東海大菅生,駿台学園,駿台学園,2,3,終了,https://koko-soccer.com/score/1043
2018,T3,2018.07.13 18:00,杉並FCユース,杉並FCユース,関東一（B）,関東第一,0,4,終了,https://koko-soccer.com/score/1043
2018,T3,2018.07.15 16:00,東農大一,農大一,東海大高輪台,東海大高輪台,1,0,終了,https://koko-soccer.com/score/1043
2018,T3,2018.08.04 16:00,東海大菅生,東海大菅生,実践学園（C）,実践学園,0,1,終了,https://koko-soccer.com/score/1043
2018,T3,2018.08.05 19:00,駿台学園,駿台学園,三菱養和SCユース（B）,三菱養和SCユース,1,1,終了,https://koko-soccer.com/score/1043
2018,T3,2018.10.06,保善,保善,日本学園,日本学園,0,0,終了,https://koko-soccer.com/score/1043
2018,T3,2018.07.20 16:30,東海大高輪台,東海大高輪台,保善,保善,1,1,終了,https://koko-soccer.com/score/1043
2018,T3,2018.07.30 18:30,日本学園,日本学園,駿台学園,駿台学園,1,3,終了,https://koko-soccer.com/score/1043
2018,T3,2018.07.30 18:30,関東一（B）,関東第一,東農大一,農大一,0,1,終了,https://koko-soccer.com/score/1043
2018,T3,2018.09.17 19:00,三菱養和SCユース（B）,三菱養和SCユース,東海大菅生,東海大菅生,2,0,終了,https://koko-soccer.com/score/1043
2018,T3,2018.10.27,実践学園（C）,実践学園,杉並FCユース,杉並FCユース,7,1,終了,https://koko-soccer.com/score/1043
2018,T3,2018.08.10 19:00,実践学園（C）,実践学園,三菱養和SCユース（B）,三菱養和SCユース,1,2,終了,https://koko-soccer.com/score/1043
2018,T3,2018.08.28 11:45,杉並FCユース,杉並FCユース,東農大一,農大一,0,7,終了,https://koko-soccer.com/score/1043
2018,T3,2018.08.28 16:00,駿台学園,駿台学園,東海大高輪台,東海大高輪台,0,1,終了,https://koko-soccer.com/score/1043
2018,T3,2018.08.29 16:00,東海大菅生,東海大菅生,日本学園,日本学園,1,1,終了,https://koko-soccer.com/score/1043
2018,T3,2018.08.30 14:00,保善,保善,関東一（B）,関東第一,0,5,終了,https://koko-soccer.com/score/1043
2018,T3,2018.09.02 18:20,杉並FCユース,杉並FCユース,保善,保善,1,7,終了,https://koko-soccer.com/score/1043
2018,T3,2018.09.08 17:00,東農大一,農大一,実践学園（C）,実践学園,1,6,終了,https://koko-soccer.com/score/1043
2018,T3,2018.09.09 16:00,東海大高輪台,東海大高輪台,東海大菅生,東海大菅生,3,0,終了,https://koko-soccer.com/score/1043
2018,T3,2018.09.10 19:00,三菱養和SCユース（B）,三菱養和SCユース,日本学園,日本学園,1,1,終了,https://koko-soccer.com/score/1043
2018,T3,2018.09.16 10:00,関東一（B）,関東第一,駿台学園,駿台学園,0,3,終了,https://koko-soccer.com/score/1043
2018,T3,2018.09.17 14:00,保善,保善,東農大一,農大一,1,1,終了,https://koko-soccer.com/score/1043
2018,T3,2018.09.23 16:00,東海大菅生,東海大菅生,関東一（B）,関東第一,2,1,終了,https://koko-soccer.com/score/1043
2018,T3,2018.09.23 17:00,日本学園,日本学園,実践学園（C）,実践学園,2,2,終了,https://koko-soccer.com/score/1043
2018,T3,2018.09.23 19:00,三菱養和SCユース（B）,三菱養和SCユース,東海大高輪台,東海大高輪台,3,1,終了,https://koko-soccer.com/score/1043
2018,T3,2018.10.15,駿台学園,駿台学園,杉並FCユース,杉並FCユース,9,0,終了,https://koko-soccer.com/score/1043
2018,T3,2018.07.24 18:30,東農大一,農大一,駿台学園,駿台学園,1,3,終了,https://koko-soccer.com/score/1043
2018,T3,2018.09.16 15:00,東海大高輪台,東海大高輪台,日本学園,日本学園,3,0,終了,https://koko-soccer.com/score/1043
2018,T3,2018.10.07 14:00,杉並FCユース,杉並FCユース,東海大菅生,東海大菅生,0,5,終了,https://koko-soccer.com/score/1043
2018,T3,2018.10.13,実践学園（C）,実践学園,保善,保善,0,1,終了,https://koko-soccer.com/score/1043
2018,T3,2018.10.30 19:00,関東一（B）,関東第一,三菱養和SCユース（B）,三菱養和SCユース,0,1,終了,https://koko-soccer.com/score/1043
2018,T2,2018.03.07 14:00,大成,大成,駒澤大学高等学校（B）,駒澤大高,2,1,終了,https://koko-soccer.com/score/1033
2018,T2,2018.03.09 17:30,東京朝鮮中高級学校,東京朝鮮中高級学校,早稲田実業,早稲田実業,3,0,終了,https://koko-soccer.com/score/1033
2018,T2,2018.03.10 9:30,堀越,堀越,東京実業,東京実業,1,9,終了,https://koko-soccer.com/score/1033
2018,T2,2018.03.18 17:30,FC町田ゼルビアユース,FC町田ゼルビアユース,FCトリプレッタユース,FCトリプレッタユース,1,2,終了,https://koko-soccer.com/score/1033
2018,T2,2018.03.22 17:30,國學院久我山（B）,国学院久我山,実践学園（B）,実践学園,0,0,終了,https://koko-soccer.com/score/1033
2018,T2,2018.03.22 16:00,大成,大成,東京実業,東京実業,1,2,終了,https://koko-soccer.com/score/1033
2018,T2,2018.03.27 10:00,國學院久我山（B）,国学院久我山,堀越,堀越,4,0,終了,https://koko-soccer.com/score/1033
2018,T2,2018.03.27 17:00,実践学園（B）,実践学園,FCトリプレッタユース,FCトリプレッタユース,1,3,終了,https://koko-soccer.com/score/1033
2018,T2,2018.03.29 17:00,FC町田ゼルビアユース,FC町田ゼルビアユース,東京朝鮮中高級学校,東京朝鮮中高級学校,1,0,終了,https://koko-soccer.com/score/1033
2018,T2,2018.03.30 14:00,早稲田実業,早稲田実業,駒澤大学高等学校（B）,駒澤大高,2,1,終了,https://koko-soccer.com/score/1033
2018,T2,2018.04.03 14:30,早稲田実業,早稲田実業,FC町田ゼルビアユース,FC町田ゼルビアユース,1,3,終了,https://koko-soccer.com/score/1033
2018,T2,2018.04.04 14:00,大成,大成,國學院久我山（B）,国学院久我山,1,0,終了,https://koko-soccer.com/score/1033
2018,T2,2018.04.04 14:00,FCトリプレッタユース,FCトリプレッタユース,堀越,堀越,5,1,終了,https://koko-soccer.com/score/1033
2018,T2,2018.04.04 18:30,東京実業,東京実業,駒澤大学高等学校（B）,駒澤大高,1,2,終了,https://koko-soccer.com/score/1033
2018,T2,2018.04.25 18:30,東京朝鮮中高級学校,東京朝鮮中高級学校,実践学園（B）,実践学園,5,1,終了,https://koko-soccer.com/score/1033
2018,T2,2018.04.11 18:00,実践学園（B）,実践学園,FC町田ゼルビアユース,FC町田ゼルビアユース,1,2,終了,https://koko-soccer.com/score/1033
2018,T2,2018.04.18 18:00,東京実業,東京実業,早稲田実業,早稲田実業,0,2,終了,https://koko-soccer.com/score/1033
2018,T2,2018.04.25 18:00,大成,大成,FCトリプレッタユース,FCトリプレッタユース,0,1,終了,https://koko-soccer.com/score/1033
2018,T2,2018.06.06 18:00,駒澤大学高等学校（B）,駒澤大高,國學院久我山（B）,国学院久我山,2,4,終了,https://koko-soccer.com/score/1033
2018,T2,2018.12.01 17:00,堀越,堀越,東京朝鮮中高級学校,東京朝鮮中高級学校,0,2,終了,https://koko-soccer.com/score/1033
2018,T2,2018.06.03 10:00,國學院久我山（B）,国学院久我山,東京実業,東京実業,2,3,終了,https://koko-soccer.com/score/1033
2018,T2,2018.06.03 17:00,実践学園（B）,実践学園,早稲田実業,早稲田実業,0,5,終了,https://koko-soccer.com/score/1033
2018,T2,2018.06.13 18:00,FCトリプレッタユース,FCトリプレッタユース,駒澤大学高等学校（B）,駒澤大高,1,5,終了,https://koko-soccer.com/score/1033
2018,T2,2018.06.24 17:30,FC町田ゼルビアユース,FC町田ゼルビアユース,堀越,堀越,1,0,終了,https://koko-soccer.com/score/1033
2018,T2,2018.09.05 18:00,東京朝鮮中高級学校,東京朝鮮中高級学校,大成,大成,0,0,終了,https://koko-soccer.com/score/1033
2018,T2,2018.06.17 17:30,大成,大成,FC町田ゼルビアユース,FC町田ゼルビアユース,1,2,終了,https://koko-soccer.com/score/1033
2018,T2,2018.06.20 18:00,東京実業,東京実業,FCトリプレッタユース,FCトリプレッタユース,2,1,終了,https://koko-soccer.com/score/1033
2018,T2,2018.06.30 18:30,早稲田実業,早稲田実業,國學院久我山（B）,国学院久我山,1,0,終了,https://koko-soccer.com/score/1033
2018,T2,2018.07.01 10:00,実践学園（B）,実践学園,堀越,堀越,0,3,終了,https://koko-soccer.com/score/1033
2018,T2,2018.12.09,駒澤大学高等学校（B）,駒澤大高,東京朝鮮中高級学校,東京朝鮮中高級学校,2,0,終了,https://koko-soccer.com/score/1033
2018,T2,2018.07.01 17:30,FC町田ゼルビアユース,FC町田ゼルビアユース,駒澤大学高等学校（B）,駒澤大高,1,1,終了,https://koko-soccer.com/score/1033
2018,T2,2018.07.08 17:00,堀越,堀越,早稲田実業,早稲田実業,3,2,終了,https://koko-soccer.com/score/1033
2018,T2,2018.07.11 18:00,國學院久我山（B）,国学院久我山,FCトリプレッタユース,FCトリプレッタユース,1,1,終了,https://koko-soccer.com/score/1033
2018,T2,2018.07.13 18:00,実践学園（B）,実践学園,大成,大成,2,2,終了,https://koko-soccer.com/score/1033
2018,T2,2018.08.10 9:30,東京朝鮮中高級学校,東京朝鮮中高級学校,東京実業,東京実業,4,4,終了,https://koko-soccer.com/score/1033
2018,T2,2018.05.04 12:00,國學院久我山（B）,国学院久我山,東京朝鮮中高級学校,東京朝鮮中高級学校,3,0,終了,https://koko-soccer.com/score/1033
2018,T2,2018.07.15 17:30,東京実業,東京実業,FC町田ゼルビアユース,FC町田ゼルビアユース,1,6,終了,https://koko-soccer.com/score/1033
2018,T2,2018.07.16 15:30,早稲田実業,早稲田実業,FCトリプレッタユース,FCトリプレッタユース,3,1,終了,https://koko-soccer.com/score/1033
2018,T2,2018.07.16 9:30,大成,大成,堀越,堀越,4,3,終了,https://koko-soccer.com/score/1033
2018,T2,2018.07.17 17:00,駒澤大学高等学校（B）,駒澤大高,実践学園（B）,実践学園,1,3,終了,https://koko-soccer.com/score/1033
2018,T2,2018.04.30 18:00,FC町田ゼルビアユース,FC町田ゼルビアユース,國學院久我山（B）,国学院久我山,3,2,終了,https://koko-soccer.com/score/1033
2018,T2,2018.07.22 14:30,堀越,堀越,駒澤大学高等学校（B）,駒澤大高,3,2,終了,https://koko-soccer.com/score/1033
2018,T2,2018.07.29 17:00,東京朝鮮中高級学校,東京朝鮮中高級学校,FCトリプレッタユース,FCトリプレッタユース,3,1,終了,https://koko-soccer.com/score/1033
2018,T2,2018.07.29 18:00,実践学園（B）,実践学園,東京実業,東京実業,2,3,終了,https://koko-soccer.com/score/1033
2018,T2,2018.11.05 18:00,早稲田実業,早稲田実業,大成,大成,3,1,終了,https://koko-soccer.com/score/1033
2018,T2,2018.07.25 12:00,國學院久我山（B）,国学院久我山,実践学園（B）,実践学園,3,1,終了,https://koko-soccer.com/score/1033
2018,T2,2018.07.25 14:30,駒澤大学高等学校（B）,駒澤大高,大成,大成,2,1,終了,https://koko-soccer.com/score/1033
2018,T2,2018.08.03 18:00,東京実業,東京実業,堀越,堀越,2,3,終了,https://koko-soccer.com/score/1033
2018,T2,2018.08.07 18:00,早稲田実業,早稲田実業,東京朝鮮中高級学校,東京朝鮮中高級学校,0,1,終了,https://koko-soccer.com/score/1033
2018,T2,2018.08.13 17:00,FCトリプレッタユース,FCトリプレッタユース,FC町田ゼルビアユース,FC町田ゼルビアユース,1,1,終了,https://koko-soccer.com/score/1033
2018,T2,2018.08.25 17:00,FCトリプレッタユース,FCトリプレッタユース,実践学園（B）,実践学園,1,1,終了,https://koko-soccer.com/score/1033
2018,T2,2018.08.26 16:00,東京朝鮮中高級学校,東京朝鮮中高級学校,FC町田ゼルビアユース,FC町田ゼルビアユース,0,2,終了,https://koko-soccer.com/score/1033
2018,T2,2018.08.28 16:15,東京実業,東京実業,大成,大成,3,1,終了,https://koko-soccer.com/score/1033
2018,T2,2018.08.28 18:30,堀越,堀越,國學院久我山（B）,国学院久我山,2,2,終了,https://koko-soccer.com/score/1033
2018,T2,2018.08.30 18:30,駒澤大学高等学校（B）,駒澤大高,早稲田実業,早稲田実業,2,0,終了,https://koko-soccer.com/score/1033
2018,T2,2018.08.31 18:00,実践学園（B）,実践学園,東京朝鮮中高級学校,東京朝鮮中高級学校,0,2,終了,https://koko-soccer.com/score/1033
2018,T2,2018.09.02 10:00,國學院久我山（B）,国学院久我山,大成,大成,4,0,終了,https://koko-soccer.com/score/1033
2018,T2,2018.09.02 17:30,FC町田ゼルビアユース,FC町田ゼルビアユース,早稲田実業,早稲田実業,0,1,終了,https://koko-soccer.com/score/1033
2018,T2,2018.09.02 9:30,堀越,堀越,FCトリプレッタユース,FCトリプレッタユース,4,5,終了,https://koko-soccer.com/score/1033
2018,T2,2018.11.29 18:45,駒澤大学高等学校（B）,駒澤大高,東京実業,東京実業,3,0,終了,https://koko-soccer.com/score/1033
2018,T2,2018.09.08 18:30,早稲田実業,早稲田実業,東京実業,東京実業,1,2,終了,https://koko-soccer.com/score/1033
2018,T2,2018.09.09 10:00,東京朝鮮中高級学校,東京朝鮮中高級学校,堀越,堀越,3,1,終了,https://koko-soccer.com/score/1033
2018,T2,2018.09.09 17:30,FC町田ゼルビアユース,FC町田ゼルビアユース,実践学園（B）,実践学園,0,0,終了,https://koko-soccer.com/score/1033
2018,T2,2018.09.13 18:00,FCトリプレッタユース,FCトリプレッタユース,大成,大成,0,0,終了,https://koko-soccer.com/score/1033
2018,T2,2018.09.21 18:00,國學院久我山（B）,国学院久我山,駒澤大学高等学校（B）,駒澤大高,1,2,終了,https://koko-soccer.com/score/1033
2018,T2,2018.09.16 15:30,大成,大成,東京朝鮮中高級学校,東京朝鮮中高級学校,0,0,終了,https://koko-soccer.com/score/1033
2018,T2,2018.09.17 15:30,早稲田実業,早稲田実業,実践学園（B）,実践学園,1,0,終了,https://koko-soccer.com/score/1033
2018,T2,2018.11.01 18:00,東京実業,東京実業,國學院久我山（B）,国学院久我山,3,4,終了,https://koko-soccer.com/score/1033
2018,T2,2018.11.11 9:30,堀越,堀越,FC町田ゼルビアユース,FC町田ゼルビアユース,0,3,終了,https://koko-soccer.com/score/1033
2018,T2,2018.11.18 19:05,駒澤大学高等学校（B）,駒澤大高,FCトリプレッタユース,FCトリプレッタユース,4,0,終了,https://koko-soccer.com/score/1033
2018,T2,2018.04.11 18:00,國學院久我山（B）,国学院久我山,早稲田実業,早稲田実業,3,1,終了,https://koko-soccer.com/score/1033
2018,T2,2018.09.24 15:30,東京朝鮮中高級学校,東京朝鮮中高級学校,駒澤大学高等学校（B）,駒澤大高,1,1,終了,https://koko-soccer.com/score/1033
2018,T2,2018.09.24 17:00,FC町田ゼルビアユース,FC町田ゼルビアユース,大成,大成,3,1,終了,https://koko-soccer.com/score/1033
2018,T2,2018.09.24 9:30,堀越,堀越,実践学園（B）,実践学園,4,1,終了,https://koko-soccer.com/score/1033
2018,T2,2018.09.26 18:00,FCトリプレッタユース,FCトリプレッタユース,東京実業,東京実業,0,1,終了,https://koko-soccer.com/score/1033
2018,T2,2018.09.29 18:00,大成,大成,実践学園（B）,実践学園,2,0,終了,https://koko-soccer.com/score/1033
2018,T2,2018.09.29 18:30,早稲田実業,早稲田実業,堀越,堀越,1,2,終了,https://koko-soccer.com/score/1033
2018,T2,2018.10.01 18:30,駒澤大学高等学校（B）,駒澤大高,FC町田ゼルビアユース,FC町田ゼルビアユース,2,2,終了,https://koko-soccer.com/score/1033
2018,T2,2018.11.14 19:05,FCトリプレッタユース,FCトリプレッタユース,國學院久我山（B）,国学院久我山,5,0,終了,https://koko-soccer.com/score/1033
2018,T2,2018.11.18 17:05,東京実業,東京実業,東京朝鮮中高級学校,東京朝鮮中高級学校,1,1,終了,https://koko-soccer.com/score/1033
2018,T2,2018.10.05 18:30,東京朝鮮中高級学校,東京朝鮮中高級学校,國學院久我山（B）,国学院久我山,5,0,終了,https://koko-soccer.com/score/1033
2018,T2,2018.10.07 17:00,実践学園（B）,実践学園,駒澤大学高等学校（B）,駒澤大高,0,2,終了,https://koko-soccer.com/score/1033
2018,T2,2018.10.07 17:30,FC町田ゼルビアユース,FC町田ゼルビアユース,東京実業,東京実業,3,3,終了,https://koko-soccer.com/score/1033
2018,T2,2018.10.24 18:00,FCトリプレッタユース,FCトリプレッタユース,早稲田実業,早稲田実業,1,2,終了,https://koko-soccer.com/score/1033
2018,T2,2018.11.27 17:00,堀越,堀越,大成,大成,1,1,終了,https://koko-soccer.com/score/1033
2018,T2,2018.11.23 17:00,東京実業,東京実業,実践学園（B）,実践学園,0,0,終了,https://koko-soccer.com/score/1033
2018,T2,2018.11.23 9:30,駒澤大学高等学校（B）,駒澤大高,堀越,堀越,0,2,終了,https://koko-soccer.com/score/1033
2018,T2,2018.11.24 18:30,大成,大成,早稲田実業,早稲田実業,0,0,終了,https://koko-soccer.com/score/1033
2018,T2,2018.11.25 12:00,國學院久我山（B）,国学院久我山,FC町田ゼルビアユース,FC町田ゼルビアユース,1,3,終了,https://koko-soccer.com/score/1033
2018,T2,2018.12.05 18:30,FCトリプレッタユース,FCトリプレッタユース,東京朝鮮中高級学校,東京朝鮮中高級学校,6,2,終了,https://koko-soccer.com/score/1033
2018,T1,2018.03.11 18:00,駒澤大学高等学校,駒澤大高,成立学園,成立学園,1,0,終了,https://koko-soccer.com/score/1031
2018,T1,2018.03.15 18:00,実践学園,実践学園,国士舘,国士舘,3,0,終了,https://koko-soccer.com/score/1031
2018,T1,2018.03.15 18:00,関東一,関東第一,帝京,帝京,1,0,終了,https://koko-soccer.com/score/1031
2018,T1,2018.03.21 18:00,都立東久留米総合,東久留米総合,國學院久我山,国学院久我山,2,1,終了,https://koko-soccer.com/score/1031
2018,T1,2018.04.18 19:00,FC東京U-18(B),FC東京U-18,東京武蔵野シティFCU-18,東京武蔵野シティFCU-18,2,1,終了,https://koko-soccer.com/score/1031
2018,T1,2018.03.22,帝京,帝京,FC東京U-18(B),FC東京U-18,0,1,終了,https://koko-soccer.com/score/1031
2018,T1,2018.03.22 11:00,国士舘,国士舘,関東一,関東第一,2,1,終了,https://koko-soccer.com/score/1031
2018,T1,2018.03.25 11:00,都立東久留米総合,東久留米総合,実践学園,実践学園,0,1,終了,https://koko-soccer.com/score/1031
2018,T1,2018.03.25 15:30,東京武蔵野シティFCU-18,東京武蔵野シティFCU-18,成立学園,成立学園,4,0,終了,https://koko-soccer.com/score/1031
2018,T1,2018.03.28 09:30,國學院久我山,国学院久我山,駒澤大学高等学校,駒澤大高,0,0,終了,https://koko-soccer.com/score/1031
2018,T1,2018.04.01 09:30,国士舘,国士舘,都立東久留米総合,東久留米総合,1,0,終了,https://koko-soccer.com/score/1031
2018,T1,2018.04.03 09:30,駒澤大学高等学校,駒澤大高,実践学園,実践学園,0,1,終了,https://koko-soccer.com/score/1031
2018,T1,2018.04.04 09:30,帝京,帝京,成立学園,成立学園,1,3,終了,https://koko-soccer.com/score/1031
2018,T1,2018.04.04 11:45,東京武蔵野シティFCU-18,東京武蔵野シティFCU-18,國學院久我山,国学院久我山,0,2,終了,https://koko-soccer.com/score/1031
2018,T1,2018.04.12 18:00,関東一,関東第一,FC東京U-18(B),FC東京U-18,1,0,終了,https://koko-soccer.com/score/1031
2018,T1,2018.04.30 10:00,國學院久我山,国学院久我山,帝京,帝京,1,1,終了,https://koko-soccer.com/score/1031
2018,T1,2018.04.30 10:00,成立学園,成立学園,関東一,関東第一,1,0,終了,https://koko-soccer.com/score/1031
2018,T1,2018.04.30 14:00,国士舘,国士舘,FC東京U-18(B),FC東京U-18,1,1,終了,https://koko-soccer.com/score/1031
2018,T1,2018.04.30 19:00,東京武蔵野シティFCU-18,東京武蔵野シティFCU-18,実践学園,実践学園,0,3,終了,https://koko-soccer.com/score/1031
2018,T1,2018.04.30 9:30,都立東久留米総合,東久留米総合,駒澤大学高等学校,駒澤大高,0,3,終了,https://koko-soccer.com/score/1031
2018,T1,2018.05.03 10:00,FC東京U-18(B),FC東京U-18,成立学園,成立学園,0,0,終了,https://koko-soccer.com/score/1031
2018,T1,2018.05.03 17:00,実践学園,実践学園,帝京,帝京,0,2,終了,https://koko-soccer.com/score/1031
2018,T1,2018.05.03 17:00,国士舘,国士舘,駒澤大学高等学校,駒澤大高,1,2,終了,https://koko-soccer.com/score/1031
2018,T1,2018.05.04 10:00,國學院久我山,国学院久我山,関東一,関東第一,1,0,終了,https://koko-soccer.com/score/1031
2018,T1,2018.05.04 9:30,都立東久留米総合,東久留米総合,東京武蔵野シティFCU-18,東京武蔵野シティFCU-18,0,1,終了,https://koko-soccer.com/score/1031
2018,T1,2018.05.09 18:00,実践学園,実践学園,関東一,関東第一,2,1,終了,https://koko-soccer.com/score/1031
2018,T1,2018.05.30 19:00,FC東京U-18(B),FC東京U-18,國學院久我山,国学院久我山,0,1,終了,https://koko-soccer.com/score/1031
2018,T1,2018.05.31 18:00,帝京,帝京,都立東久留米総合,東久留米総合,2,1,終了,https://koko-soccer.com/score/1031
2018,T1,2018.06.03 10:00,成立学園,成立学園,国士舘,国士舘,1,3,終了,https://koko-soccer.com/score/1031
2018,T1,2018.07.18 18:00,駒澤大学高等学校,駒澤大高,東京武蔵野シティFCU-18,東京武蔵野シティFCU-18,0,0,終了,https://koko-soccer.com/score/1031
2018,T1,2018.06.27 18:00,駒澤大学高等学校,駒澤大高,帝京,帝京,2,0,終了,https://koko-soccer.com/score/1031
2018,T1,2018.06.30 16:30,FC東京U-18(B),FC東京U-18,実践学園,実践学園,1,0,終了,https://koko-soccer.com/score/1031
2018,T1,2018.07.01 10:00,成立学園,成立学園,國學院久我山,国学院久我山,3,1,終了,https://koko-soccer.com/score/1031
2018,T1,2018.07.01 19:00,東京武蔵野シティFCU-18,東京武蔵野シティFCU-18,国士舘,国士舘,1,1,終了,https://koko-soccer.com/score/1031
2018,T1,2018.07.01 9:30,都立東久留米総合,東久留米総合,関東一,関東第一,0,0,終了,https://koko-soccer.com/score/1031
2018,T1,2018.06.27 19:00,FC東京U-18(B),FC東京U-18,都立東久留米総合,東久留米総合,1,3,終了,https://koko-soccer.com/score/1031
2018,T1,2018.07.06 18:30,関東一,関東第一,駒澤大学高等学校,駒澤大高,0,0,終了,https://koko-soccer.com/score/1031
2018,T1,2018.07.07 19:00,東京武蔵野シティFCU-18,東京武蔵野シティFCU-18,帝京,帝京,3,1,終了,https://koko-soccer.com/score/1031
2018,T1,2018.07.08 10:00,國學院久我山,国学院久我山,国士舘,国士舘,1,3,終了,https://koko-soccer.com/score/1031
2018,T1,2018.07.12 16:30,実践学園,実践学園,成立学園,成立学園,1,2,終了,https://koko-soccer.com/score/1031
2018,T1,2018.05.09 19:00,駒澤大学高等学校,駒澤大高,FC東京U-18(B),FC東京U-18,1,2,終了,https://koko-soccer.com/score/1031
2018,T1,2018.07.14 19:00,東京武蔵野シティFCU-18,東京武蔵野シティFCU-18,関東一,関東第一,1,0,終了,https://koko-soccer.com/score/1031
2018,T1,2018.07.16,国士舘,国士舘,帝京,帝京,1,2,終了,https://koko-soccer.com/score/1031
2018,T1,2018.07.16 16:30,実践学園,実践学園,國學院久我山,国学院久我山,2,4,終了,https://koko-soccer.com/score/1031
2018,T1,2018.07.16 9:30,都立東久留米総合,東久留米総合,成立学園,成立学園,2,4,終了,https://koko-soccer.com/score/1031
2018,T1,2018.07.19 18:30,帝京,帝京,関東一,関東第一,3,2,終了,https://koko-soccer.com/score/1031
2018,T1,2018.07.21 17:00,国士舘,国士舘,実践学園,実践学園,1,5,終了,https://koko-soccer.com/score/1031
2018,T1,2018.07.21 9:30,國學院久我山,国学院久我山,都立東久留米総合,東久留米総合,0,2,終了,https://koko-soccer.com/score/1031
2018,T1,2018.07.22 10:00,成立学園,成立学園,駒澤大学高等学校,駒澤大高,3,1,終了,https://koko-soccer.com/score/1031
2018,T1,2018.11.14 19:00,東京武蔵野シティFCU-18,東京武蔵野シティFCU-18,FC東京U-18(B),FC東京U-18,1,2,終了,https://koko-soccer.com/score/1031
2018,T1,2018.07.25 9:30,駒澤大学高等学校,駒澤大高,國學院久我山,国学院久我山,0,0,終了,https://koko-soccer.com/score/1031
2018,T1,2018.07.30,関東一,関東第一,国士舘,国士舘,0,0,終了,https://koko-soccer.com/score/1031
2018,T1,2018.08.03 17:00,実践学園,実践学園,都立東久留米総合,東久留米総合,1,4,終了,https://koko-soccer.com/score/1031
2018,T1,2018.08.04 10:00,成立学園,成立学園,東京武蔵野シティFCU-18,東京武蔵野シティFCU-18,1,2,終了,https://koko-soccer.com/score/1031
2018,T1,2018.10.31 19:00,FC東京U-18(B),FC東京U-18,帝京,帝京,4,0,終了,https://koko-soccer.com/score/1031
2018,T1,2018.08.26 17:00,実践学園,実践学園,駒澤大学高等学校,駒澤大高,1,1,終了,https://koko-soccer.com/score/1031
2018,T1,2018.08.27 10:00,成立学園,成立学園,帝京,帝京,0,1,終了,https://koko-soccer.com/score/1031
2018,T1,2018.08.27 17:00,FC東京U-18(B),FC東京U-18,関東一,関東第一,1,2,終了,https://koko-soccer.com/score/1031
2018,T1,2018.08.27 9:30,都立東久留米総合,東久留米総合,国士舘,国士舘,0,0,終了,https://koko-soccer.com/score/1031
2018,T1,2018.08.28 9:30,國學院久我山,国学院久我山,東京武蔵野シティFCU-18,東京武蔵野シティFCU-18,2,0,終了,https://koko-soccer.com/score/1031
2018,T1,2018.09.02,帝京,帝京,國學院久我山,国学院久我山,2,1,終了,https://koko-soccer.com/score/1031
2018,T1,2018.09.02 17:00,実践学園,実践学園,東京武蔵野シティFCU-18,東京武蔵野シティFCU-18,0,1,終了,https://koko-soccer.com/score/1031
2018,T1,2018.09.02 9:30,駒澤大学高等学校,駒澤大高,都立東久留米総合,東久留米総合,0,1,終了,https://koko-soccer.com/score/1031
2018,T1,2018.10.04 19:30,FC東京U-18(B),FC東京U-18,国士舘,国士舘,4,0,終了,https://koko-soccer.com/score/1031
2018,T1,2018.11.28,関東一,関東第一,成立学園,成立学園,2,0,終了,https://koko-soccer.com/score/1031
2018,T1,2018.08.22 9:30,東京武蔵野シティFCU-18,東京武蔵野シティFCU-18,都立東久留米総合,東久留米総合,3,4,終了,https://koko-soccer.com/score/1031
2018,T1,2018.09.05 15:30,成立学園,成立学園,FC東京U-18(B),FC東京U-18,3,0,終了,https://koko-soccer.com/score/1031
2018,T1,2018.09.08,帝京,帝京,実践学園,実践学園,3,2,終了,https://koko-soccer.com/score/1031
2018,T1,2018.09.09 10:00,関東一,関東第一,國學院久我山,国学院久我山,1,0,終了,https://koko-soccer.com/score/1031
2018,T1,2018.09.09 9:30,駒澤大学高等学校,駒澤大高,国士舘,国士舘,2,1,終了,https://koko-soccer.com/score/1031
2018,T1,2018.09.12 18:00,東京武蔵野シティFCU-18,東京武蔵野シティFCU-18,駒澤大学高等学校,駒澤大高,1,1,終了,https://koko-soccer.com/score/1031
2018,T1,2018.09.15 15:00,国士舘,国士舘,成立学園,成立学園,1,2,終了,https://koko-soccer.com/score/1031
2018,T1,2018.09.16 17:00,関東一,関東第一,実践学園,実践学園,0,1,終了,https://koko-soccer.com/score/1031
2018,T1,2018.09.17 10:30,國學院久我山,国学院久我山,FC東京U-18(B),FC東京U-18,4,0,終了,https://koko-soccer.com/score/1031
2018,T1,2018.09.17 9:30,都立東久留米総合,東久留米総合,帝京,帝京,1,2,終了,https://koko-soccer.com/score/1031
2018,T1,2018.09.19 18:00,国士舘,国士舘,東京武蔵野シティFCU-18,東京武蔵野シティFCU-18,1,5,終了,https://koko-soccer.com/score/1031
2018,T1,2018.09.20 18:00,帝京,帝京,駒澤大学高等学校,駒澤大高,3,3,終了,https://koko-soccer.com/score/1031
2018,T1,2018.09.23 10:00,國學院久我山,国学院久我山,成立学園,成立学園,1,3,終了,https://koko-soccer.com/score/1031
2018,T1,2018.09.23 9:30,関東一,関東第一,都立東久留米総合,東久留米総合,2,0,終了,https://koko-soccer.com/score/1031
2018,T1,2018.09.27 18:00,実践学園,実践学園,FC東京U-18(B),FC東京U-18,1,2,終了,https://koko-soccer.com/score/1031
2018,T1,2018.09.26 18:00,帝京,帝京,東京武蔵野シティFCU-18,東京武蔵野シティFCU-18,2,1,終了,https://koko-soccer.com/score/1031
2018,T1,2018.09.30 10:00,成立学園,成立学園,実践学園,実践学園,0,2,終了,https://koko-soccer.com/score/1031
2018,T1,2018.10.01 16:15,駒澤大学高等学校,駒澤大高,関東一,関東第一,0,2,終了,https://koko-soccer.com/score/1031
2018,T1,2018.11.05 19:15,都立東久留米総合,東久留米総合,FC東京U-18(B),FC東京U-18,1,1,終了,https://koko-soccer.com/score/1031
2018,T1,2018.11.29 18:00,国士舘,国士舘,國學院久我山,国学院久我山,0,1,終了,https://koko-soccer.com/score/1031
2018,T1,2018.11.23 10:00,成立学園,成立学園,都立東久留米総合,東久留米総合,7,1,終了,https://koko-soccer.com/score/1031
2018,T1,2018.11.24 19:00,関東一,関東第一,東京武蔵野シティFCU-18,東京武蔵野シティFCU-18,2,0,終了,https://koko-soccer.com/score/1031
2018,T1,2018.11.25,帝京,帝京,国士舘,国士舘,2,1,終了,https://koko-soccer.com/score/1031
2018,T1,2018.11.25 10:00,國學院久我山,国学院久我山,実践学園,実践学園,4,1,終了,https://koko-soccer.com/score/1031
2018,T1,2018.11.28 19:00,FC東京U-18(B),FC東京U-18,駒澤大学高等学校,駒澤大高,1,0,終了,https://koko-soccer.com/score/1031
2019,T4,2019.04.01 13:30,都立駒場,駒場,都立東久留米総合（B）,東久留米総合,3,1,終了,https://koko-soccer.com/score/1458
2019,T4,2019.04.02 15:30,大森学園,大森学園,町田ゼルビアユース（B）,町田ゼルビアユース,0,0,終了,https://koko-soccer.com/score/1458
2019,T4,2019.06.23 18:45,駒澤大学高等学校（D）,駒澤大高,杉並FCユース,杉並FCユース,4,1,終了,https://koko-soccer.com/score/1458
2019,T4,2019.07.22 16:00,國學院久我山（C）,国学院久我山,東海大高輪台（B),東海大高輪台,1,1,終了,https://koko-soccer.com/score/1458
2019,T4,2019.04.28 10:00,都立東久留米総合（B）,東久留米総合,國學院久我山（C）,国学院久我山,0,6,終了,https://koko-soccer.com/score/1458
2019,T4,2019.04.30 9:45,杉並FCユース,杉並FCユース,大森学園,大森学園,0,5,終了,https://koko-soccer.com/score/1458
2019,T4,2019.05.02 17:00,駒澤大学高等学校（D）,駒澤大高,町田ゼルビアユース（B）,町田ゼルビアユース,3,5,終了,https://koko-soccer.com/score/1458
2019,T4,2019.05.06 13:00,東海大高輪台（B),東海大高輪台,都立駒場,駒場,3,1,終了,https://koko-soccer.com/score/1458
2019,T4,2019.05.12 17:00,國學院久我山（C）,国学院久我山,杉並FCユース,杉並FCユース,11,2,終了,https://koko-soccer.com/score/1458
2019,T4,2019.06.09,駒澤大学高等学校（D）,駒澤大高,東海大高輪台（B),東海大高輪台,2,3,終了,https://koko-soccer.com/score/1458
2019,T4,2019.06.16 17:30,都立駒場,駒場,町田ゼルビアユース（B）,町田ゼルビアユース,1,2,終了,https://koko-soccer.com/score/1458
2019,T4,2019.07.20,都立東久留米総合（B）,東久留米総合,大森学園,大森学園,1,2,終了,https://koko-soccer.com/score/1458
2019,T4,2019.06.30 9:30,杉並FCユース,杉並FCユース,都立駒場,駒場,3,0,終了,https://koko-soccer.com/score/1458
2019,T4,2019.07.15 16:00,東海大高輪台（B),東海大高輪台,大森学園,大森学園,8,0,終了,https://koko-soccer.com/score/1458
2019,T4,2019.07.15 17:10,町田ゼルビアユース（B）,町田ゼルビアユース,國學院久我山（C）,国学院久我山,4,3,終了,https://koko-soccer.com/score/1458
2019,T4,2019.07.15 9:30,都立東久留米総合（B）,東久留米総合,駒澤大学高等学校（D）,駒澤大高,1,1,終了,https://koko-soccer.com/score/1458
2019,T4,2019.08.04 9:30,都立東久留米総合（B）,東久留米総合,杉並FCユース,杉並FCユース,5,0,終了,https://koko-soccer.com/score/1458
2019,T4,2019.08.27 16:00,東海大高輪台（B),東海大高輪台,町田ゼルビアユース（B）,町田ゼルビアユース,0,0,終了,https://koko-soccer.com/score/1458
2019,T4,2019.08.27 9:30,都立駒場,駒場,駒澤大学高等学校（D）,駒澤大高,2,3,終了,https://koko-soccer.com/score/1458
2019,T4,2019.09.24 18:00,大森学園,大森学園,國學院久我山（C）,国学院久我山,1,6,終了,https://koko-soccer.com/score/1458
2019,T4,2019.09.01,都立駒場,駒場,大森学園,大森学園,2,3,終了,https://koko-soccer.com/score/1458
2019,T4,2019.09.01 10:00,國學院久我山（C）,国学院久我山,駒澤大学高等学校（D）,駒澤大高,1,0,終了,https://koko-soccer.com/score/1458
2019,T4,2019.09.01 13:00,杉並FCユース,杉並FCユース,東海大高輪台（B),東海大高輪台,0,17,終了,https://koko-soccer.com/score/1458
2019,T4,2019.09.01 17:30,町田ゼルビアユース（B）,町田ゼルビアユース,都立東久留米総合（B）,東久留米総合,1,0,終了,https://koko-soccer.com/score/1458
2019,T4,2019.09.07 18:00,國學院久我山（C）,国学院久我山,都立駒場,駒場,5,3,終了,https://koko-soccer.com/score/1458
2019,T4,2019.09.13 18:30,駒澤大学高等学校（D）,駒澤大高,大森学園,大森学園,4,1,終了,https://koko-soccer.com/score/1458
2019,T4,2019.09.16,都立東久留米総合（B）,東久留米総合,東海大高輪台（B),東海大高輪台,2,1,終了,https://koko-soccer.com/score/1458
2019,T4,2019.09.23 17:00,町田ゼルビアユース（B）,町田ゼルビアユース,杉並FCユース,杉並FCユース,3,0,終了,https://koko-soccer.com/score/1458
2019,T4,2019.04.03 11:30,都立石神井,石神井,大東大一,大東大一,2,0,終了,https://koko-soccer.com/score/1457
2019,T4,2019.04.03 13:30,都立府中東,府中東,都立葛飾野,葛飾野,5,3,終了,https://koko-soccer.com/score/1457
2019,T4,2019.04.17 18:00,都立狛江,狛江,実践学園（C）,実践学園,1,2,終了,https://koko-soccer.com/score/1457
2019,T4,2019.05.06 10:00,創価,創価,都立東大和南,東大和南,2,6,終了,https://koko-soccer.com/score/1457
2019,T4,2019.04.03 9:30,都立狛江,狛江,創価,創価,0,1,終了,https://koko-soccer.com/score/1457
2019,T4,2019.04.07,都立東大和南,東大和南,実践学園（C）,実践学園,0,2,終了,https://koko-soccer.com/score/1457
2019,T4,2019.07.26 9:30,都立葛飾野,葛飾野,大東大一,大東大一,3,1,終了,https://koko-soccer.com/score/1457
2019,T4,2019.09.21,都立石神井,石神井,都立府中東,府中東,3,2,終了,https://koko-soccer.com/score/1457
2019,T4,2019.05.17 18:00,都立狛江,狛江,大東大一,大東大一,4,1,終了,https://koko-soccer.com/score/1457
2019,T4,2019.06.23 14:00,都立東大和南,東大和南,都立府中東,府中東,2,3,終了,https://koko-soccer.com/score/1457
2019,T4,2019.06.23 9:30,都立葛飾野,葛飾野,創価,創価,1,6,終了,https://koko-soccer.com/score/1457
2019,T4,2019.06.29 14:00,都立石神井,石神井,実践学園（C）,実践学園,2,1,終了,https://koko-soccer.com/score/1457
2019,T4,2019.07.16 18:00,都立石神井,石神井,創価,創価,1,3,終了,https://koko-soccer.com/score/1457
2019,T4,2019.07.16 18:00,大東大一,大東大一,都立東大和南,東大和南,0,2,終了,https://koko-soccer.com/score/1457
2019,T4,2019.07.18 18:30,都立府中東,府中東,都立狛江,狛江,6,0,終了,https://koko-soccer.com/score/1457
2019,T4,2019.07.23 17:30,実践学園（C）,実践学園,都立葛飾野,葛飾野,2,0,終了,https://koko-soccer.com/score/1457
2019,T4,2019.08.09 18:00,都立東大和南,東大和南,都立石神井,石神井,1,4,終了,https://koko-soccer.com/score/1457
2019,T4,2019.08.09 9:30,都立葛飾野,葛飾野,都立狛江,狛江,1,2,終了,https://koko-soccer.com/score/1457
2019,T4,2019.09.06 18:00,大東大一,大東大一,創価,創価,2,3,終了,https://koko-soccer.com/score/1457
2019,T4,2019.09.29 17:00,都立府中東,府中東,実践学園（C）,実践学園,2,4,終了,https://koko-soccer.com/score/1457
2019,T4,2019.08.29 18:30,創価,創価,都立府中東,府中東,7,0,終了,https://koko-soccer.com/score/1457
2019,T4,2019.08.30 17:00,実践学園（C）,実践学園,大東大一,大東大一,10,0,終了,https://koko-soccer.com/score/1457
2019,T4,2019.09.06 18:00,都立狛江,狛江,都立石神井,石神井,0,1,終了,https://koko-soccer.com/score/1457
2019,T4,2019.09.20 18:30,都立東大和南,東大和南,都立葛飾野,葛飾野,3,6,終了,https://koko-soccer.com/score/1457
2019,T4,2019.09.13 18:00,大東大一,大東大一,都立府中東,府中東,2,7,終了,https://koko-soccer.com/score/1457
2019,T4,2019.09.16 17:00,創価,創価,実践学園（C）,実践学園,1,2,終了,https://koko-soccer.com/score/1457
2019,T4,2019.09.24 18:30,都立葛飾野,葛飾野,都立石神井,石神井,0,4,終了,https://koko-soccer.com/score/1457
2019,T4,2019.09.27 18:00,都立東大和南,東大和南,都立狛江,狛江,5,2,終了,https://koko-soccer.com/score/1457
2019,T3,2019.04.01 15:00,多摩大目黒,多摩大学目黒,駒澤大学高等学校（C）,駒澤大高,6,2,終了,https://koko-soccer.com/score/1456
2019,T3,2019.04.01 18:30,駿台学園,駿台学園,日大豊山,日大豊山,0,3,終了,https://koko-soccer.com/score/1456
2019,T3,2019.04.03 14:00,成立学園（B),成立学園,東海大菅生,東海大菅生,1,2,終了,https://koko-soccer.com/score/1456
2019,T3,2019.04.03 18:30,暁星高等学校,暁星,かえつ有明,かえつ有明,2,1,終了,https://koko-soccer.com/score/1456
2019,T3,2019.04.06 9:45,関東一（B）,関東第一,日本学園,日本学園,0,1,終了,https://koko-soccer.com/score/1456
2019,T3,2019.04.21 14:00,東海大菅生,東海大菅生,暁星高等学校,暁星,0,1,終了,https://koko-soccer.com/score/1456
2019,T3,2019.04.30 11:55,駒澤大学高等学校（C）,駒澤大高,駿台学園,駿台学園,4,3,終了,https://koko-soccer.com/score/1456
2019,T3,2019.04.30 14:05,日大豊山,日大豊山,成立学園（B),成立学園,2,0,終了,https://koko-soccer.com/score/1456
2019,T3,2019.05.06 18:00,日本学園,日本学園,多摩大目黒,多摩大学目黒,0,3,終了,https://koko-soccer.com/score/1456
2019,T3,2019.06.26 18:00,かえつ有明,かえつ有明,関東一（B）,関東第一,3,0,終了,https://koko-soccer.com/score/1456
2019,T3,2019.05.05 14:00,関東一（B）,関東第一,東海大菅生,東海大菅生,0,3,終了,https://koko-soccer.com/score/1456
2019,T3,2019.06.02 11:00,多摩大目黒,多摩大学目黒,かえつ有明,かえつ有明,3,0,終了,https://koko-soccer.com/score/1456
2019,T3,2019.06.19 18:00,暁星高等学校,暁星,成立学園（B),成立学園,1,2,終了,https://koko-soccer.com/score/1456
2019,T3,2019.06.21 18:00,駿台学園,駿台学園,日本学園,日本学園,3,2,終了,https://koko-soccer.com/score/1456
2019,T3,2019.09.23,日大豊山,日大豊山,駒澤大学高等学校（C）,駒澤大高,3,2,終了,https://koko-soccer.com/score/1456
2019,T3,2019.07.14 14:00,成立学園（B),成立学園,関東一（B）,関東第一,2,3,終了,https://koko-soccer.com/score/1456
2019,T3,2019.07.14 16:00,東海大菅生,東海大菅生,多摩大目黒,多摩大学目黒,0,2,終了,https://koko-soccer.com/score/1456
2019,T3,2019.07.18 11:45,暁星高等学校,暁星,日大豊山,日大豊山,0,1,終了,https://koko-soccer.com/score/1456
2019,T3,2019.07.18 9:30,かえつ有明,かえつ有明,駿台学園,駿台学園,0,5,終了,https://koko-soccer.com/score/1456
2019,T3,2019.07.19 18:00,日本学園,日本学園,駒澤大学高等学校（C）,駒澤大高,1,2,終了,https://koko-soccer.com/score/1456
2019,T3,2019.07.22 18:00,多摩大目黒,多摩大学目黒,成立学園（B),成立学園,2,2,終了,https://koko-soccer.com/score/1456
2019,T3,2019.07.25 11:45,日大豊山,日大豊山,日本学園,日本学園,5,0,終了,https://koko-soccer.com/score/1456
2019,T3,2019.07.25 14:00,駒澤大学高等学校（C）,駒澤大高,かえつ有明,かえつ有明,2,4,終了,https://koko-soccer.com/score/1456
2019,T3,2019.08.02 18:00,関東一（B）,関東第一,暁星高等学校,暁星,1,2,終了,https://koko-soccer.com/score/1456
2019,T3,2019.08.03 16:00,駿台学園,駿台学園,東海大菅生,東海大菅生,6,3,終了,https://koko-soccer.com/score/1456
2019,T3,2019.07.27 18:00,暁星高等学校,暁星,多摩大目黒,多摩大学目黒,1,3,終了,https://koko-soccer.com/score/1456
2019,T3,2019.08.27 11:00,成立学園（B),成立学園,駿台学園,駿台学園,5,0,終了,https://koko-soccer.com/score/1456
2019,T3,2019.08.29 16:00,東海大菅生,東海大菅生,駒澤大学高等学校（C）,駒澤大高,1,1,終了,https://koko-soccer.com/score/1456
2019,T3,2019.08.30 14:45,日大豊山,日大豊山,関東一（B）,関東第一,1,1,終了,https://koko-soccer.com/score/1456
2019,T3,2019.09.02 18:00,日本学園,日本学園,かえつ有明,かえつ有明,1,1,終了,https://koko-soccer.com/score/1456
2019,T3,2019.09.08 14:00,日本学園,日本学園,東海大菅生,東海大菅生,1,2,終了,https://koko-soccer.com/score/1456
2019,T3,2019.09.09 18:00,かえつ有明,かえつ有明,日大豊山,日大豊山,2,2,終了,https://koko-soccer.com/score/1456
2019,T3,2019.09.12 18:30,駿台学園,駿台学園,暁星高等学校,暁星,1,1,終了,https://koko-soccer.com/score/1456
2019,T3,2019.09.15 11:00,駒澤大学高等学校（C）,駒澤大高,成立学園（B),成立学園,4,2,終了,https://koko-soccer.com/score/1456
2019,T3,2019.09.21 19:00,関東一（B）,関東第一,多摩大目黒,多摩大学目黒,2,2,終了,https://koko-soccer.com/score/1456
2019,T3,2019.09.16 14:00,東海大菅生,東海大菅生,かえつ有明,かえつ有明,1,1,終了,https://koko-soccer.com/score/1456
2019,T3,2019.09.20 18:00,暁星高等学校,暁星,駒澤大学高等学校（C）,駒澤大高,1,0,終了,https://koko-soccer.com/score/1456
2019,T3,2019.09.20 18:00,成立学園（B),成立学園,日本学園,日本学園,4,0,終了,https://koko-soccer.com/score/1456
2019,T3,2019.09.26 18:00,関東一（B）,関東第一,駿台学園,駿台学園,6,4,終了,https://koko-soccer.com/score/1456
2019,T3,2019.09.28 19:00,多摩大目黒,多摩大学目黒,日大豊山,日大豊山,2,0,終了,https://koko-soccer.com/score/1456
2019,T3,2019.09.27 18:00,かえつ有明,かえつ有明,成立学園（B),成立学園,3,0,終了,https://koko-soccer.com/score/1456
2019,T3,2019.10.01 11:45,駒澤大学高等学校（C）,駒澤大高,関東一（B）,関東第一,0,4,終了,https://koko-soccer.com/score/1456
2019,T3,2019.10.01 9:30,日本学園,日本学園,暁星高等学校,暁星,2,6,終了,https://koko-soccer.com/score/1456
2019,T3,2019.10.05 19:00,駿台学園,駿台学園,多摩大目黒,多摩大学目黒,1,3,終了,https://koko-soccer.com/score/1456
2019,T3,2019.10.06 14:00,日大豊山,日大豊山,東海大菅生,東海大菅生,1,1,終了,https://koko-soccer.com/score/1456
2019,T3,2019.04.03 11:45,都立国分寺,国分寺,保善,保善,2,0,終了,https://koko-soccer.com/score/1455
2019,T3,2019.04.03 14:00,東京武蔵野シティFCU-18（B）,東京武蔵野シティFCU-18,東京,東京,1,0,終了,https://koko-soccer.com/score/1455
2019,T3,2019.04.03 16:15,実践学園（B）,実践学園,日大三,日大三,5,1,終了,https://koko-soccer.com/score/1455
2019,T3,2019.09.29 13:00,東海大高輪台,東海大高輪台,都立日野台,日野台,12,0,終了,https://koko-soccer.com/score/1455
2019,T3,2019.10.06 17:00,東農大一,農大一,東京成徳大高,東京成徳大高,0,4,終了,https://koko-soccer.com/score/1455
2019,T3,2019.04.14 17:00,都立日野台,日野台,実践学園（B）,実践学園,3,1,終了,https://koko-soccer.com/score/1455
2019,T3,2019.04.24 18:30,日大三,日大三,東農大一,農大一,4,1,終了,https://koko-soccer.com/score/1455
2019,T3,2019.05.15 18:00,保善,保善,東京武蔵野シティFCU-18（B）,東京武蔵野シティFCU-18,3,0,終了,https://koko-soccer.com/score/1455
2019,T3,2019.05.31 18:00,東京成徳大高,東京成徳大高,都立国分寺,国分寺,0,3,終了,https://koko-soccer.com/score/1455
2019,T3,2019.10.05 16:30,東京,東京,東海大高輪台,東海大高輪台,1,2,終了,https://koko-soccer.com/score/1455
2019,T3,2019.06.07 18:30,日大三,日大三,都立日野台,日野台,3,2,終了,https://koko-soccer.com/score/1455
2019,T3,2019.06.12 18:00,都立国分寺,国分寺,東農大一,農大一,1,0,終了,https://koko-soccer.com/score/1455
2019,T3,2019.06.15 19:00,東京武蔵野シティFCU-18（B）,東京武蔵野シティFCU-18,東京成徳大高,東京成徳大高,3,0,終了,https://koko-soccer.com/score/1455
2019,T3,2019.06.24 18:00,実践学園（B）,実践学園,東京,東京,3,1,終了,https://koko-soccer.com/score/1455
2019,T3,2019.07.21 16:00,東海大高輪台,東海大高輪台,保善,保善,1,0,終了,https://koko-soccer.com/score/1455
2019,T3,未定,保善,保善,実践学園（B）,実践学園,,,-,https://koko-soccer.com/score/1455
2019,T3,2019.06.22 19:00,東農大一,農大一,東京武蔵野シティFCU-18（B）,東京武蔵野シティFCU-18,0,4,終了,https://koko-soccer.com/score/1455
2019,T3,2019.06.30 16:00,東京成徳大高,東京成徳大高,東海大高輪台,東海大高輪台,0,3,終了,https://koko-soccer.com/score/1455
2019,T3,2019.07.12 18:00,都立国分寺,国分寺,日大三,日大三,3,2,終了,https://koko-soccer.com/score/1455
2019,T3,2019.07.18 16:15,東京,東京,都立日野台,日野台,1,4,終了,https://koko-soccer.com/score/1455
2019,T3,2019.07.14 16:00,東海大高輪台,東海大高輪台,東農大一,農大一,7,0,終了,https://koko-soccer.com/score/1455
2019,T3,2019.07.25 9:30,実践学園（B）,実践学園,東京成徳大高,東京成徳大高,1,2,終了,https://koko-soccer.com/score/1455
2019,T3,2019.08.01 13:30,日大三,日大三,東京,東京,4,1,終了,https://koko-soccer.com/score/1455
2019,T3,2019.08.02 16:00,東京武蔵野シティFCU-18（B）,東京武蔵野シティFCU-18,都立国分寺,国分寺,0,2,終了,https://koko-soccer.com/score/1455
2019,T3,2019.08.06 18:00,都立日野台,日野台,保善,保善,1,1,終了,https://koko-soccer.com/score/1455
2019,T3,2019.08.29 16:15,東農大一,農大一,実践学園（B）,実践学園,1,3,終了,https://koko-soccer.com/score/1455
2019,T3,2019.08.29 9:30,東京,東京,保善,保善,0,8,終了,https://koko-soccer.com/score/1455
2019,T3,2019.08.30 9:30,日大三,日大三,東京武蔵野シティFCU-18（B）,東京武蔵野シティFCU-18,3,0,終了,https://koko-soccer.com/score/1455
2019,T3,2019.09.01,東京成徳大高,東京成徳大高,都立日野台,日野台,2,1,終了,https://koko-soccer.com/score/1455
2019,T3,2019.09.01 16:00,都立国分寺,国分寺,東海大高輪台,東海大高輪台,1,1,終了,https://koko-soccer.com/score/1455
2019,T3,2019.07.12 18:00,東京,東京,東京成徳大高,東京成徳大高,0,1,終了,https://koko-soccer.com/score/1455
2019,T3,2019.09.15 17:00,実践学園（B）,実践学園,都立国分寺,国分寺,2,2,終了,https://koko-soccer.com/score/1455
2019,T3,2019.09.16 15:00,東京武蔵野シティFCU-18（B）,東京武蔵野シティFCU-18,東海大高輪台,東海大高輪台,0,5,終了,https://koko-soccer.com/score/1455
2019,T3,2019.09.18 18:00,都立日野台,日野台,東農大一,農大一,4,1,終了,https://koko-soccer.com/score/1455
2019,T3,2019.09.19 18:00,保善,保善,日大三,日大三,5,1,終了,https://koko-soccer.com/score/1455
2019,T3,2019.05.29 18:00,東農大一,農大一,東京,東京,1,3,終了,https://koko-soccer.com/score/1455
2019,T3,2019.07.15 18:30,東京武蔵野シティFCU-18（B）,東京武蔵野シティFCU-18,実践学園（B）,実践学園,1,1,終了,https://koko-soccer.com/score/1455
2019,T3,2019.09.07 18:00,東京成徳大高,東京成徳大高,保善,保善,0,3,終了,https://koko-soccer.com/score/1455
2019,T3,2019.09.08 13:00,東海大高輪台,東海大高輪台,日大三,日大三,7,4,終了,https://koko-soccer.com/score/1455
2019,T3,2019.09.22 18:00,都立国分寺,国分寺,都立日野台,日野台,3,1,終了,https://koko-soccer.com/score/1455
2019,T3,2019.07.22 13:30,日大三,日大三,東京成徳大高,東京成徳大高,3,1,終了,https://koko-soccer.com/score/1455
2019,T3,2019.08.27 9:30,都立日野台,日野台,東京武蔵野シティFCU-18（B）,東京武蔵野シティFCU-18,2,0,終了,https://koko-soccer.com/score/1455
2019,T3,2019.09.22 13:00,実践学園（B）,実践学園,東海大高輪台,東海大高輪台,1,3,終了,https://koko-soccer.com/score/1455
2019,T3,2019.10.01 11:45,東京,東京,都立国分寺,国分寺,0,0,終了,https://koko-soccer.com/score/1455
2019,T3,2019.10.01 14:00,保善,保善,東農大一,農大一,3,1,終了,https://koko-soccer.com/score/1455
2019,T2,2019.03.10 19:00,三菱養和SCユース（B）,三菱養和SCユース,駒澤大学高等学校（B）,駒澤大高,4,1,終了,https://koko-soccer.com/score/1453
2019,T2,2019.03.17 09:30,堀越,堀越,早稲田実業,早稲田実業,1,0,終了,https://koko-soccer.com/score/1453
2019,T2,2019.03.19 14:30,国士舘,国士舘,修徳,修徳,2,2,終了,https://koko-soccer.com/score/1453
2019,T2,2019.03.19 18:00,東京実業,東京実業,大成,大成,2,3,終了,https://koko-soccer.com/score/1453
2019,T2,2019.03.21 12:00,國學院久我山（B）,国学院久我山,FCトリプレッタユース,FCトリプレッタユース,4,0,終了,https://koko-soccer.com/score/1453
2019,T2,2019.03.24 17:15,修徳,修徳,FCトリプレッタユース,FCトリプレッタユース,1,1,終了,https://koko-soccer.com/score/1453
2019,T2,2019.03.24 19:00,三菱養和SCユース（B）,三菱養和SCユース,国士舘,国士舘,1,3,終了,https://koko-soccer.com/score/1453
2019,T2,2019.03.25 10:00,堀越,堀越,東京実業,東京実業,1,2,終了,https://koko-soccer.com/score/1453
2019,T2,2019.03.27 12:00,國學院久我山（B）,国学院久我山,早稲田実業,早稲田実業,1,1,終了,https://koko-soccer.com/score/1453
2019,T2,2019.03.27 16:30,大成,大成,駒澤大学高等学校（B）,駒澤大高,2,1,終了,https://koko-soccer.com/score/1453
2019,T2,2019.04.02 10:00,修徳,修徳,三菱養和SCユース（B）,三菱養和SCユース,2,1,終了,https://koko-soccer.com/score/1453
2019,T2,2019.04.02 12:15,FCトリプレッタユース,FCトリプレッタユース,早稲田実業,早稲田実業,1,0,終了,https://koko-soccer.com/score/1453
2019,T2,2019.04.02 14:30,国士舘,国士舘,大成,大成,2,1,終了,https://koko-soccer.com/score/1453
2019,T2,2019.04.02 16:45,東京実業,東京実業,國學院久我山（B）,国学院久我山,2,3,終了,https://koko-soccer.com/score/1453
2019,T2,2019.04.02 19:00,駒澤大学高等学校（B）,駒澤大高,堀越,堀越,1,2,終了,https://koko-soccer.com/score/1453
2019,T2,2019.05.02 14:30,早稲田実業,早稲田実業,修徳,修徳,0,1,終了,https://koko-soccer.com/score/1453
2019,T2,2019.05.03 12:15,国士舘,国士舘,堀越,堀越,2,2,終了,https://koko-soccer.com/score/1453
2019,T2,2019.05.03 14:30,駒澤大学高等学校（B）,駒澤大高,國學院久我山（B）,国学院久我山,3,1,終了,https://koko-soccer.com/score/1453
2019,T2,2019.05.03 16:45,FCトリプレッタユース,FCトリプレッタユース,東京実業,東京実業,2,5,終了,https://koko-soccer.com/score/1453
2019,T2,2019.05.03 19:00,大成,大成,三菱養和SCユース（B）,三菱養和SCユース,2,1,終了,https://koko-soccer.com/score/1453
2019,T2,2019.06.29 16:00,国士舘,国士舘,國學院久我山（B）,国学院久我山,1,2,終了,https://koko-soccer.com/score/1453
2019,T2,2019.06.29 18:30,駒澤大学高等学校（B）,駒澤大高,FCトリプレッタユース,FCトリプレッタユース,1,3,終了,https://koko-soccer.com/score/1453
2019,T2,2019.06.29 18:30,早稲田実業,早稲田実業,東京実業,東京実業,2,1,終了,https://koko-soccer.com/score/1453
2019,T2,2019.06.30 19:10,大成,大成,修徳,修徳,2,1,終了,https://koko-soccer.com/score/1453
2019,T2,2019.06.30 9:30,堀越,堀越,三菱養和SCユース（B）,三菱養和SCユース,2,0,終了,https://koko-soccer.com/score/1453
2019,T2,2019.07.06 18:30,早稲田実業,早稲田実業,駒澤大学高等学校（B）,駒澤大高,1,4,終了,https://koko-soccer.com/score/1453
2019,T2,2019.07.06 18:30,修徳,修徳,東京実業,東京実業,3,4,終了,https://koko-soccer.com/score/1453
2019,T2,2019.07.07 10:00,國學院久我山（B）,国学院久我山,三菱養和SCユース（B）,三菱養和SCユース,2,5,終了,https://koko-soccer.com/score/1453
2019,T2,2019.07.07 12:00,FCトリプレッタユース,FCトリプレッタユース,国士舘,国士舘,1,3,終了,https://koko-soccer.com/score/1453
2019,T2,2019.07.07 9:30,大成,大成,堀越,堀越,0,1,終了,https://koko-soccer.com/score/1453
2019,T2,2019.07.13 10:00,國學院久我山（B）,国学院久我山,大成,大成,2,5,終了,https://koko-soccer.com/score/1453
2019,T2,2019.07.15 10:30,堀越,堀越,修徳,修徳,1,0,終了,https://koko-soccer.com/score/1453
2019,T2,2019.07.15 13:30,駒澤大学高等学校（B）,駒澤大高,東京実業,東京実業,2,0,終了,https://koko-soccer.com/score/1453
2019,T2,2019.07.15 15:45,国士舘,国士舘,早稲田実業,早稲田実業,2,1,終了,https://koko-soccer.com/score/1453
2019,T2,2019.07.15 19:00,FCトリプレッタユース,FCトリプレッタユース,三菱養和SCユース（B）,三菱養和SCユース,1,2,終了,https://koko-soccer.com/score/1453
2019,T2,2019.07.20 18:30,東京実業,東京実業,国士舘,国士舘,1,1,終了,https://koko-soccer.com/score/1453
2019,T2,2019.07.21 14:00,修徳,修徳,駒澤大学高等学校（B）,駒澤大高,0,1,終了,https://koko-soccer.com/score/1453
2019,T2,2019.07.21 15:00,堀越,堀越,國學院久我山（B）,国学院久我山,3,0,終了,https://koko-soccer.com/score/1453
2019,T2,2019.07.21 16:00,大成,大成,FCトリプレッタユース,FCトリプレッタユース,2,1,終了,https://koko-soccer.com/score/1453
2019,T2,2019.08.07 19:00,三菱養和SCユース（B）,三菱養和SCユース,早稲田実業,早稲田実業,1,1,終了,https://koko-soccer.com/score/1453
2019,T2,2019.08.24 10:00,國學院久我山（B）,国学院久我山,修徳,修徳,2,5,終了,https://koko-soccer.com/score/1453
2019,T2,2019.08.24 16:30,国士舘,国士舘,駒澤大学高等学校（B）,駒澤大高,0,1,終了,https://koko-soccer.com/score/1453
2019,T2,2019.08.24 18:30,早稲田実業,早稲田実業,大成,大成,1,1,終了,https://koko-soccer.com/score/1453
2019,T2,2019.08.24 19:00,東京実業,東京実業,三菱養和SCユース（B）,三菱養和SCユース,2,1,終了,https://koko-soccer.com/score/1453
2019,T2,2019.08.24 9:30,FCトリプレッタユース,FCトリプレッタユース,堀越,堀越,0,8,終了,https://koko-soccer.com/score/1453
2019,T2,2019.08.30 10:00,FCトリプレッタユース,FCトリプレッタユース,國學院久我山（B）,国学院久我山,0,3,終了,https://koko-soccer.com/score/1453
2019,T2,2019.08.30 14:30,大成,大成,東京実業,東京実業,1,1,終了,https://koko-soccer.com/score/1453
2019,T2,2019.08.30 16:45,修徳,修徳,国士舘,国士舘,2,1,終了,https://koko-soccer.com/score/1453
2019,T2,2019.08.31 19:00,駒澤大学高等学校（B）,駒澤大高,三菱養和SCユース（B）,三菱養和SCユース,1,2,終了,https://koko-soccer.com/score/1453
2019,T2,2019.09.01 9:30,早稲田実業,早稲田実業,堀越,堀越,1,1,終了,https://koko-soccer.com/score/1453
2019,T2,2019.09.07 19:00,駒澤大学高等学校（B）,駒澤大高,大成,大成,1,1,終了,https://koko-soccer.com/score/1453
2019,T2,2019.09.08 10:00,東京実業,東京実業,堀越,堀越,3,6,終了,https://koko-soccer.com/score/1453
2019,T2,2019.09.08 12:00,早稲田実業,早稲田実業,國學院久我山（B）,国学院久我山,0,0,終了,https://koko-soccer.com/score/1453
2019,T2,2019.11.12,国士舘,国士舘,三菱養和SCユース（B）,三菱養和SCユース,2,1,終了,https://koko-soccer.com/score/1453
2019,T2,2019.11.17,FCトリプレッタユース,FCトリプレッタユース,修徳,修徳,1,2,終了,https://koko-soccer.com/score/1453
2019,T2,2019.08.27 18:00,早稲田実業,早稲田実業,FCトリプレッタユース,FCトリプレッタユース,1,1,終了,https://koko-soccer.com/score/1453
2019,T2,2019.09.15 18:30,大成,大成,国士舘,国士舘,0,0,終了,https://koko-soccer.com/score/1453
2019,T2,2019.09.16 10:00,國學院久我山（B）,国学院久我山,東京実業,東京実業,4,1,終了,https://koko-soccer.com/score/1453
2019,T2,2019.09.16 19:00,三菱養和SCユース（B）,三菱養和SCユース,修徳,修徳,1,3,終了,https://koko-soccer.com/score/1453
2019,T2,2019.09.16 9:30,堀越,堀越,駒澤大学高等学校（B）,駒澤大高,1,3,終了,https://koko-soccer.com/score/1453
2019,T2,2019.08.07 18:30,東京実業,東京実業,FCトリプレッタユース,FCトリプレッタユース,3,0,終了,https://koko-soccer.com/score/1453
2019,T2,2019.09.22 10:00,駒澤大学高等学校（B）,駒澤大高,國學院久我山（B）,国学院久我山,0,2,終了,https://koko-soccer.com/score/1453
2019,T2,2019.09.23 15:30,早稲田実業,早稲田実業,修徳,修徳,1,1,終了,https://koko-soccer.com/score/1453
2019,T2,2019.09.23 19:00,三菱養和SCユース（B）,三菱養和SCユース,大成,大成,1,3,終了,https://koko-soccer.com/score/1453
2019,T2,2019.09.23 9:30,堀越,堀越,国士舘,国士舘,2,1,終了,https://koko-soccer.com/score/1453
2019,T2,2019.09.26 18:30,FCトリプレッタユース,FCトリプレッタユース,駒澤大学高等学校（B）,駒澤大高,1,2,終了,https://koko-soccer.com/score/1453
2019,T2,2019.09.28 18:30,東京実業,東京実業,早稲田実業,早稲田実業,0,1,終了,https://koko-soccer.com/score/1453
2019,T2,2019.09.29 12:00,國學院久我山（B）,国学院久我山,国士舘,国士舘,3,2,終了,https://koko-soccer.com/score/1453
2019,T2,2019.09.29 19:30,修徳,修徳,大成,大成,2,0,終了,https://koko-soccer.com/score/1453
2019,T2,2019.11.17,三菱養和SCユース（B）,三菱養和SCユース,堀越,堀越,1,2,終了,https://koko-soccer.com/score/1453
2019,T2,2019.10.05 18:00,国士舘,国士舘,FCトリプレッタユース,FCトリプレッタユース,0,1,終了,https://koko-soccer.com/score/1453
2019,T2,2019.10.05 18:30,駒澤大学高等学校（B）,駒澤大高,早稲田実業,早稲田実業,0,1,終了,https://koko-soccer.com/score/1453
2019,T2,2019.10.05 9:30,堀越,堀越,大成,大成,2,0,終了,https://koko-soccer.com/score/1453
2019,T2,2019.10.06 12:00,東京実業,東京実業,修徳,修徳,1,0,終了,https://koko-soccer.com/score/1453
2019,T2,2019.10.06 19:00,三菱養和SCユース（B）,三菱養和SCユース,國學院久我山（B）,国学院久我山,1,1,終了,https://koko-soccer.com/score/1453
2019,T2,2019.11.23 10:30,修徳,修徳,堀越,堀越,2,1,終了,https://koko-soccer.com/score/1453
2019,T2,2019.11.23 18:30,早稲田実業,早稲田実業,国士舘,国士舘,2,1,終了,https://koko-soccer.com/score/1453
2019,T2,2019.11.23 19:00,三菱養和SCユース（B）,三菱養和SCユース,FCトリプレッタユース,FCトリプレッタユース,4,2,終了,https://koko-soccer.com/score/1453
2019,T2,2019.11.24 12:00,東京実業,東京実業,駒澤大学高等学校（B）,駒澤大高,0,2,終了,https://koko-soccer.com/score/1453
2019,T2,2019.11.24 18:00,大成,大成,國學院久我山（B）,国学院久我山,2,0,終了,https://koko-soccer.com/score/1453
2019,T2,2019.11.30 16:30,国士舘,国士舘,東京実業,東京実業,4,2,終了,https://koko-soccer.com/score/1453
2019,T2,2019.11.30 18:30,早稲田実業,早稲田実業,三菱養和SCユース（B）,三菱養和SCユース,2,0,終了,https://koko-soccer.com/score/1453
2019,T2,2019.12.01 10:00,國學院久我山（B）,国学院久我山,堀越,堀越,1,4,終了,https://koko-soccer.com/score/1453
2019,T2,2019.12.01 11:00,駒澤大学高等学校（B）,駒澤大高,修徳,修徳,0,4,終了,https://koko-soccer.com/score/1453
2019,T2,2019.12.02 18:00,FCトリプレッタユース,FCトリプレッタユース,大成,大成,0,4,終了,https://koko-soccer.com/score/1453
2019,T2,2019.12.07 17:30,三菱養和SCユース（B）,三菱養和SCユース,東京実業,東京実業,1,0,終了,https://koko-soccer.com/score/1453
2019,T2,2019.12.07 18:30,大成,大成,早稲田実業,早稲田実業,2,1,終了,https://koko-soccer.com/score/1453
2019,T2,2019.12.08 12:00,駒澤大学高等学校（B）,駒澤大高,国士舘,国士舘,1,1,終了,https://koko-soccer.com/score/1453
2019,T2,2019.12.08 16:00,修徳,修徳,國學院久我山（B）,国学院久我山,2,4,終了,https://koko-soccer.com/score/1453
2019,T2,2019.12.08 9:30,堀越,堀越,FCトリプレッタユース,FCトリプレッタユース,7,0,終了,https://koko-soccer.com/score/1453
2019,T1,2019.03.12 18:30,関東一,関東第一,駒澤大学高等学校,駒澤大高,0,2,終了,https://koko-soccer.com/score/1452
2019,T1,2019.03.21 10:00,成立学園,成立学園,東京朝鮮中高級学校,東京朝鮮中高級学校,3,0,終了,https://koko-soccer.com/score/1452
2019,T1,2019.03.21 10:00,國學院久我山,国学院久我山,都立東久留米総合,東久留米総合,4,0,終了,https://koko-soccer.com/score/1452
2019,T1,2019.03.21 17:00,実践学園,実践学園,東京武蔵野シティFCU-18,東京武蔵野シティFCU-18,4,0,終了,https://koko-soccer.com/score/1452
2019,T1,2019.04.07 17:30,FC町田ゼルビアユース,FC町田ゼルビアユース,FC東京U-18(B),FC東京U-18,1,1,終了,https://koko-soccer.com/score/1452
2019,T1,2019.03.27 10:00,駒澤大学高等学校,駒澤大高,國學院久我山,国学院久我山,1,2,終了,https://koko-soccer.com/score/1452
2019,T1,2019.03.27 10:00,東京朝鮮中高級学校,東京朝鮮中高級学校,実践学園,実践学園,0,3,終了,https://koko-soccer.com/score/1452
2019,T1,2019.03.28 14:00,関東一,関東第一,東京武蔵野シティFCU-18,東京武蔵野シティFCU-18,1,2,終了,https://koko-soccer.com/score/1452
2019,T1,2019.03.28 14:00,FC町田ゼルビアユース,FC町田ゼルビアユース,成立学園,成立学園,1,2,終了,https://koko-soccer.com/score/1452
2019,T1,2019.03.30 15:00,都立東久留米総合,東久留米総合,FC東京U-18(B),FC東京U-18,1,3,終了,https://koko-soccer.com/score/1452
2019,T1,2019.04.02 10:00,成立学園,成立学園,都立東久留米総合,東久留米総合,2,2,終了,https://koko-soccer.com/score/1452
2019,T1,2019.04.02 10:00,関東一,関東第一,実践学園,実践学園,2,1,終了,https://koko-soccer.com/score/1452
2019,T1,2019.04.02 13:15,國學院久我山,国学院久我山,東京武蔵野シティFCU-18,東京武蔵野シティFCU-18,4,1,終了,https://koko-soccer.com/score/1452
2019,T1,2019.04.03 13:00,FC東京U-18(B),FC東京U-18,駒澤大学高等学校,駒澤大高,0,3,終了,https://koko-soccer.com/score/1452
2019,T1,2019.04.03 13:00,東京朝鮮中高級学校,東京朝鮮中高級学校,FC町田ゼルビアユース,FC町田ゼルビアユース,1,1,終了,https://koko-soccer.com/score/1452
2019,T1,2019.04.30 13:30,東京武蔵野シティFCU-18,東京武蔵野シティFCU-18,FC東京U-18(B),FC東京U-18,1,1,終了,https://koko-soccer.com/score/1452
2019,T1,2019.05.02 10:00,國學院久我山,国学院久我山,実践学園,実践学園,6,2,終了,https://koko-soccer.com/score/1452
2019,T1,2019.05.03 10:00,駒澤大学高等学校,駒澤大高,成立学園,成立学園,4,1,終了,https://koko-soccer.com/score/1452
2019,T1,2019.05.03 16:00,東京朝鮮中高級学校,東京朝鮮中高級学校,関東一,関東第一,1,0,終了,https://koko-soccer.com/score/1452
2019,T1,2019.05.03 16:00,FC町田ゼルビアユース,FC町田ゼルビアユース,都立東久留米総合,東久留米総合,3,0,終了,https://koko-soccer.com/score/1452
2019,T1,2019.06.29 16:00,FC東京U-18(B),FC東京U-18,実践学園,実践学園,2,1,終了,https://koko-soccer.com/score/1452
2019,T1,2019.06.30 10:00,國學院久我山,国学院久我山,関東一,関東第一,2,1,終了,https://koko-soccer.com/score/1452
2019,T1,2019.06.30 10:00,成立学園,成立学園,東京武蔵野シティFCU-18,東京武蔵野シティFCU-18,1,2,終了,https://koko-soccer.com/score/1452
2019,T1,2019.06.30 17:10,駒澤大学高等学校,駒澤大高,FC町田ゼルビアユース,FC町田ゼルビアユース,1,0,終了,https://koko-soccer.com/score/1452
2019,T1,2019.08.05 10:00,都立東久留米総合,東久留米総合,東京朝鮮中高級学校,東京朝鮮中高級学校,2,1,終了,https://koko-soccer.com/score/1452
2019,T1,2019.07.07 10:00,実践学園,実践学園,成立学園,成立学園,3,1,終了,https://koko-soccer.com/score/1452
2019,T1,2019.07.07 17:30,FC町田ゼルビアユース,FC町田ゼルビアユース,東京武蔵野シティFCU-18,東京武蔵野シティFCU-18,0,2,終了,https://koko-soccer.com/score/1452
2019,T1,2019.07.07 9:30,都立東久留米総合,東久留米総合,駒澤大学高等学校,駒澤大高,0,0,終了,https://koko-soccer.com/score/1452
2019,T1,2019.07.10 18:30,関東一,関東第一,FC東京U-18(B),FC東京U-18,2,3,終了,https://koko-soccer.com/score/1452
2019,T1,2019.09.18 18:00,東京朝鮮中高級学校,東京朝鮮中高級学校,國學院久我山,国学院久我山,1,5,終了,https://koko-soccer.com/score/1452
2019,T1,2019.07.13,東京武蔵野シティFCU-18,東京武蔵野シティFCU-18,都立東久留米総合,東久留米総合,1,0,終了,https://koko-soccer.com/score/1452
2019,T1,2019.07.14 10:00,成立学園,成立学園,関東一,関東第一,2,1,終了,https://koko-soccer.com/score/1452
2019,T1,2019.07.14 18:00,実践学園,実践学園,FC町田ゼルビアユース,FC町田ゼルビアユース,8,2,終了,https://koko-soccer.com/score/1452
2019,T1,2019.07.15 17:00,FC東京U-18(B),FC東京U-18,國學院久我山,国学院久我山,1,2,終了,https://koko-soccer.com/score/1452
2019,T1,2019.07.21 17:00,駒澤大学高等学校,駒澤大高,東京朝鮮中高級学校,東京朝鮮中高級学校,3,0,終了,https://koko-soccer.com/score/1452
2019,T1,2019.07.17 18:30,駒澤大学高等学校,駒澤大高,東京武蔵野シティFCU-18,東京武蔵野シティFCU-18,0,0,終了,https://koko-soccer.com/score/1452
2019,T1,2019.07.21 10:00,國學院久我山,国学院久我山,成立学園,成立学園,0,1,終了,https://koko-soccer.com/score/1452
2019,T1,2019.07.21 17:30,FC町田ゼルビアユース,FC町田ゼルビアユース,関東一,関東第一,2,0,終了,https://koko-soccer.com/score/1452
2019,T1,2019.07.21 18:00,実践学園,実践学園,都立東久留米総合,東久留米総合,1,0,終了,https://koko-soccer.com/score/1452
2019,T1,2019.08.18 10:00,東京朝鮮中高級学校,東京朝鮮中高級学校,FC東京U-18(B),FC東京U-18,2,3,終了,https://koko-soccer.com/score/1452
2019,T1,2019.08.24 10:00,成立学園,成立学園,FC東京U-18(B),FC東京U-18,2,0,終了,https://koko-soccer.com/score/1452
2019,T1,2019.08.24 10:00,関東一,関東第一,都立東久留米総合,東久留米総合,3,1,終了,https://koko-soccer.com/score/1452
2019,T1,2019.08.24 19:00,東京武蔵野シティFCU-18,東京武蔵野シティFCU-18,東京朝鮮中高級学校,東京朝鮮中高級学校,3,2,終了,https://koko-soccer.com/score/1452
2019,T1,2019.08.25 17:30,FC町田ゼルビアユース,FC町田ゼルビアユース,國學院久我山,国学院久我山,2,1,終了,https://koko-soccer.com/score/1452
2019,T1,2019.08.25 18:00,実践学園,実践学園,駒澤大学高等学校,駒澤大高,1,0,終了,https://koko-soccer.com/score/1452
2019,T1,2019.08.30 17:45,駒澤大学高等学校,駒澤大高,関東一,関東第一,0,0,終了,https://koko-soccer.com/score/1452
2019,T1,2019.09.01 10:00,東京朝鮮中高級学校,東京朝鮮中高級学校,成立学園,成立学園,0,1,終了,https://koko-soccer.com/score/1452
2019,T1,2019.09.01 10:00,都立東久留米総合,東久留米総合,國學院久我山,国学院久我山,0,3,終了,https://koko-soccer.com/score/1452
2019,T1,2019.09.01 18:00,東京武蔵野シティFCU-18,東京武蔵野シティFCU-18,実践学園,実践学園,0,1,終了,https://koko-soccer.com/score/1452
2019,T1,2019.09.02 19:15,FC東京U-18(B),FC東京U-18,FC町田ゼルビアユース,FC町田ゼルビアユース,0,2,終了,https://koko-soccer.com/score/1452
2019,T1,2019.08.04 18:30,東京武蔵野シティFCU-18,東京武蔵野シティFCU-18,関東一,関東第一,1,2,終了,https://koko-soccer.com/score/1452
2019,T1,2019.09.07 16:30,FC東京U-18(B),FC東京U-18,都立東久留米総合,東久留米総合,2,1,終了,https://koko-soccer.com/score/1452
2019,T1,2019.09.08 10:00,國學院久我山,国学院久我山,駒澤大学高等学校,駒澤大高,2,1,終了,https://koko-soccer.com/score/1452
2019,T1,2019.09.08 10:00,成立学園,成立学園,FC町田ゼルビアユース,FC町田ゼルビアユース,2,3,終了,https://koko-soccer.com/score/1452
2019,T1,2019.10.31,実践学園,実践学園,東京朝鮮中高級学校,東京朝鮮中高級学校,2,2,終了,https://koko-soccer.com/score/1452
2019,T1,2019.09.12 18:30,東京武蔵野シティFCU-18,東京武蔵野シティFCU-18,國學院久我山,国学院久我山,2,2,終了,https://koko-soccer.com/score/1452
2019,T1,2019.09.14 17:00,駒澤大学高等学校,駒澤大高,FC東京U-18(B),FC東京U-18,4,1,終了,https://koko-soccer.com/score/1452
2019,T1,2019.09.14 18:00,実践学園,実践学園,関東一,関東第一,2,4,終了,https://koko-soccer.com/score/1452
2019,T1,2019.09.15 17:30,FC町田ゼルビアユース,FC町田ゼルビアユース,東京朝鮮中高級学校,東京朝鮮中高級学校,1,0,終了,https://koko-soccer.com/score/1452
2019,T1,2019.09.16 10:00,都立東久留米総合,東久留米総合,成立学園,成立学園,0,8,終了,https://koko-soccer.com/score/1452
2019,T1,2019.09.22 10:00,成立学園,成立学園,駒澤大学高等学校,駒澤大高,0,4,終了,https://koko-soccer.com/score/1452
2019,T1,2019.09.22 15:00,都立東久留米総合,東久留米総合,FC町田ゼルビアユース,FC町田ゼルビアユース,2,2,終了,https://koko-soccer.com/score/1452
2019,T1,2019.09.23 16:00,関東一,関東第一,東京朝鮮中高級学校,東京朝鮮中高級学校,2,1,終了,https://koko-soccer.com/score/1452
2019,T1,2019.09.23 17:00,実践学園,実践学園,國學院久我山,国学院久我山,2,2,終了,https://koko-soccer.com/score/1452
2019,T1,2019.10.30 19:00,FC東京U-18(B),FC東京U-18,東京武蔵野シティFCU-18,東京武蔵野シティFCU-18,2,1,終了,https://koko-soccer.com/score/1452
2019,T1,2019.09.28 15:45,関東一,関東第一,國學院久我山,国学院久我山,1,3,終了,https://koko-soccer.com/score/1452
2019,T1,2019.09.29 16:00,東京朝鮮中高級学校,東京朝鮮中高級学校,都立東久留米総合,東久留米総合,0,1,終了,https://koko-soccer.com/score/1452
2019,T1,2019.09.29 18:00,FC町田ゼルビアユース,FC町田ゼルビアユース,駒澤大学高等学校,駒澤大高,1,0,終了,https://koko-soccer.com/score/1452
2019,T1,2019.10.01,東京武蔵野シティFCU-18,東京武蔵野シティFCU-18,成立学園,成立学園,2,2,終了,https://koko-soccer.com/score/1452
2019,T1,2019.11.14,実践学園,実践学園,FC東京U-18(B),FC東京U-18,0,2,終了,https://koko-soccer.com/score/1452
2019,T1,2019.10.05 16:00,國學院久我山,国学院久我山,東京朝鮮中高級学校,東京朝鮮中高級学校,2,0,終了,https://koko-soccer.com/score/1452
2019,T1,2019.10.05 19:00,東京武蔵野シティFCU-18,東京武蔵野シティFCU-18,FC町田ゼルビアユース,FC町田ゼルビアユース,0,3,終了,https://koko-soccer.com/score/1452
2019,T1,2019.10.06 10:00,成立学園,成立学園,実践学園,実践学園,1,2,終了,https://koko-soccer.com/score/1452
2019,T1,2019.10.06 16:30,FC東京U-18(B),FC東京U-18,関東一,関東第一,0,0,終了,https://koko-soccer.com/score/1452
2019,T1,2019.10.06 9:30,駒澤大学高等学校,駒澤大高,都立東久留米総合,東久留米総合,8,1,終了,https://koko-soccer.com/score/1452
2019,T1,2019.11.24 10:00,関東一,関東第一,成立学園,成立学園,1,0,終了,https://koko-soccer.com/score/1452
2019,T1,2019.11.24 16:00,國學院久我山,国学院久我山,FC東京U-18(B),FC東京U-18,3,3,終了,https://koko-soccer.com/score/1452
2019,T1,2019.11.24 17:00,東京朝鮮中高級学校,東京朝鮮中高級学校,駒澤大学高等学校,駒澤大高,1,3,終了,https://koko-soccer.com/score/1452
2019,T1,2019.11.24 17:30,FC町田ゼルビアユース,FC町田ゼルビアユース,実践学園,実践学園,2,1,終了,https://koko-soccer.com/score/1452
2019,T1,2019.11.24 9:30,都立東久留米総合,東久留米総合,東京武蔵野シティFCU-18,東京武蔵野シティFCU-18,1,4,終了,https://koko-soccer.com/score/1452
2019,T1,2019.11.30 16:00,都立東久留米総合,東久留米総合,実践学園,実践学園,3,2,終了,https://koko-soccer.com/score/1452
2019,T1,2019.11.30 17:10,関東一,関東第一,FC町田ゼルビアユース,FC町田ゼルビアユース,0,3,終了,https://koko-soccer.com/score/1452
2019,T1,2019.11.30 19:00,東京武蔵野シティFCU-18,東京武蔵野シティFCU-18,駒澤大学高等学校,駒澤大高,0,1,終了,https://koko-soccer.com/score/1452
2019,T1,2019.12.01 10:00,成立学園,成立学園,國學院久我山,国学院久我山,1,1,終了,https://koko-soccer.com/score/1452
2019,T1,2019.12.01 13:30,FC東京U-18(B),FC東京U-18,東京朝鮮中高級学校,東京朝鮮中高級学校,2,1,終了,https://koko-soccer.com/score/1452
2019,T1,2019.12.07 15:30,FC東京U-18(B),FC東京U-18,成立学園,成立学園,1,2,終了,https://koko-soccer.com/score/1452
2019,T1,2019.12.07 17:00,東京朝鮮中高級学校,東京朝鮮中高級学校,東京武蔵野シティFCU-18,東京武蔵野シティFCU-18,2,1,終了,https://koko-soccer.com/score/1452
2019,T1,2019.12.08 10:00,國學院久我山,国学院久我山,FC町田ゼルビアユース,FC町田ゼルビアユース,0,1,終了,https://koko-soccer.com/score/1452
2019,T1,2019.12.08 16:00,都立東久留米総合,東久留米総合,関東一,関東第一,0,4,終了,https://koko-soccer.com/score/1452
2019,T1,2019.12.08 9:30,駒澤大学高等学校,駒澤大高,実践学園,実践学園,1,1,終了,https://koko-soccer.com/score/1452
2020,T1,2020.09.22 18:00,FC東京U-18(B),FC東京U-18,実践学園,実践学園,2,5,終了,https://koko-soccer.com/score/1920
2020,T1,2020.10.04 15:30,駒澤大学高等学校,駒澤大高,東京武蔵野シティFCU-18,東京武蔵野シティFCU-18,2,2,終了,https://koko-soccer.com/score/1920
2020,T1,2020.11.10 10:00,成立学園,成立学園,関東一,関東第一,4,3,終了,https://koko-soccer.com/score/1920
2020,T1,2020.12.13 10:00,FC町田ゼルビアユース,FC町田ゼルビアユース,堀越,堀越,5,1,終了,https://koko-soccer.com/score/1920
2020,T1,2020.12.20 10:00,大成,大成,國學院久我山,国学院久我山,1,1,終了,https://koko-soccer.com/score/1920
2020,T1,2020.09.05 17:30,堀越,堀越,國學院久我山,国学院久我山,2,0,終了,https://koko-soccer.com/score/1920
2020,T1,2020.09.06 10:00,実践学園,実践学園,成立学園,成立学園,1,3,終了,https://koko-soccer.com/score/1920
2020,T1,2020.09.06 16:00,大成,大成,FC東京U-18(B),FC東京U-18,2,4,終了,https://koko-soccer.com/score/1920
2020,T1,2020.11.25 17:00,関東一,関東第一,駒澤大学高等学校,駒澤大高,1,1,終了,https://koko-soccer.com/score/1920
2020,T1,2020.12.20 17:30,東京武蔵野シティFCU-18,東京武蔵野シティFCU-18,FC町田ゼルビアユース,FC町田ゼルビアユース,1,0,終了,https://koko-soccer.com/score/1920
2020,T1,2020.09.12 18:00,駒澤大学高等学校,駒澤大高,実践学園,実践学園,1,0,終了,https://koko-soccer.com/score/1920
2020,T1,2020.09.12 19:00,國學院久我山,国学院久我山,東京武蔵野シティFCU-18,東京武蔵野シティFCU-18,0,2,終了,https://koko-soccer.com/score/1920
2020,T1,2020.09.13 10:00,堀越,堀越,大成,大成,1,0,終了,https://koko-soccer.com/score/1920
2020,T1,2020.09.13 10:00,成立学園,成立学園,FC東京U-18(B),FC東京U-18,2,0,終了,https://koko-soccer.com/score/1920
2020,T1,2020.09.13 17:10,FC町田ゼルビアユース,FC町田ゼルビアユース,関東一,関東第一,1,2,終了,https://koko-soccer.com/score/1920
2020,T1,2020.09.19 18:00,実践学園,実践学園,FC町田ゼルビアユース,FC町田ゼルビアユース,3,3,終了,https://koko-soccer.com/score/1920
2020,T1,2020.09.20 10:00,関東一,関東第一,國學院久我山,国学院久我山,2,1,終了,https://koko-soccer.com/score/1920
2020,T1,2020.09.20 13:00,駒澤大学高等学校,駒澤大高,FC東京U-18(B),FC東京U-18,2,3,終了,https://koko-soccer.com/score/1920
2020,T1,2020.09.21 10:00,大成,大成,成立学園,成立学園,0,4,終了,https://koko-soccer.com/score/1920
2020,T1,2020.09.21 10:00,東京武蔵野シティFCU-18,東京武蔵野シティFCU-18,堀越,堀越,0,4,終了,https://koko-soccer.com/score/1920
2020,T1,2020.09.26 10:00,駒澤大学高等学校,駒澤大高,成立学園,成立学園,3,2,終了,https://koko-soccer.com/score/1920
2020,T1,2020.09.27 10:00,関東一,関東第一,堀越,堀越,2,0,終了,https://koko-soccer.com/score/1920
2020,T1,2020.11.19 18:00,國學院久我山,国学院久我山,実践学園,実践学園,3,4,終了,https://koko-soccer.com/score/1920
2020,T1,2020.12.09 18:30,FC東京U-18(B),FC東京U-18,FC町田ゼルビアユース,FC町田ゼルビアユース,0,2,終了,https://koko-soccer.com/score/1920
2020,T1,2020.12.12 19:00,東京武蔵野シティFCU-18,東京武蔵野シティFCU-18,大成,大成,1,0,終了,https://koko-soccer.com/score/1920
2020,T1,2020.10.01 09:45,大成,大成,駒澤大学高等学校,駒澤大高,1,2,終了,https://koko-soccer.com/score/1920
2020,T1,2020.10.04 09:30,成立学園,成立学園,FC町田ゼルビアユース,FC町田ゼルビアユース,3,2,終了,https://koko-soccer.com/score/1920
2020,T1,2020.10.04 17:00,FC東京U-18(B),FC東京U-18,國學院久我山,国学院久我山,1,1,終了,https://koko-soccer.com/score/1920
2020,T1,2020.10.04 18:00,堀越,堀越,実践学園,実践学園,3,0,終了,https://koko-soccer.com/score/1920
2020,T1,2020.12.13,東京武蔵野シティFCU-18,東京武蔵野シティFCU-18,関東一,関東第一,2,2,終了,https://koko-soccer.com/score/1920
2020,T1,2020.11.22 17:30,FC町田ゼルビアユース,FC町田ゼルビアユース,駒澤大学高等学校,駒澤大高,0,0,終了,https://koko-soccer.com/score/1920
2020,T1,2020.11.22 19:00,実践学園,実践学園,東京武蔵野シティFCU-18,東京武蔵野シティFCU-18,2,1,終了,https://koko-soccer.com/score/1920
2020,T1,2020.11.23 10:00,成立学園,成立学園,國學院久我山,国学院久我山,4,0,終了,https://koko-soccer.com/score/1920
2020,T1,2020.11.25 18:00,FC東京U-18(B),FC東京U-18,堀越,堀越,2,1,終了,https://koko-soccer.com/score/1920
2020,T1,2020.12.18 13:00,関東一,関東第一,大成,大成,1,1,終了,https://koko-soccer.com/score/1920
2020,T1,2020.11.28 19:00,FC東京U-18(B),FC東京U-18,東京武蔵野シティFCU-18,東京武蔵野シティFCU-18,1,2,終了,https://koko-soccer.com/score/1920
2020,T1,2020.11.29 10:00,堀越,堀越,成立学園,成立学園,4,1,終了,https://koko-soccer.com/score/1920
2020,T1,2020.11.29 10:00,駒澤大学高等学校,駒澤大高,國學院久我山,国学院久我山,3,0,終了,https://koko-soccer.com/score/1920
2020,T1,2020.11.29 17:00,関東一,関東第一,実践学園,実践学園,1,0,終了,https://koko-soccer.com/score/1920
2020,T1,2020.12.25 15:20,大成,大成,FC町田ゼルビアユース,FC町田ゼルビアユース,,,試合中止 -,https://koko-soccer.com/score/1920
2020,T1,2020.12.05 15:00,実践学園,実践学園,大成,大成,6,1,終了,https://koko-soccer.com/score/1920
2020,T1,2020.12.05 16:00,FC東京U-18(B),FC東京U-18,関東一,関東第一,0,3,終了,https://koko-soccer.com/score/1920
2020,T1,2020.12.06 10:00,FC町田ゼルビアユース,FC町田ゼルビアユース,國學院久我山,国学院久我山,1,2,終了,https://koko-soccer.com/score/1920
2020,T1,2020.12.06 10:00,駒澤大学高等学校,駒澤大高,堀越,堀越,1,3,終了,https://koko-soccer.com/score/1920
2020,T1,2020.12.06 10:00,東京武蔵野シティFCU-18,東京武蔵野シティFCU-18,成立学園,成立学園,2,1,終了,https://koko-soccer.com/score/1920
2020,T2,2020.10.31 18:00,都立東久留米総合,東久留米総合,多摩大目黒,多摩大学目黒,2,4,終了,https://koko-soccer.com/score/1921
2020,T2,2020.11.15 15:30,修徳,修徳,三菱養和SCユース（B）,三菱養和SCユース,0,0,終了,https://koko-soccer.com/score/1921
2020,T2,2020.11.15 17:00,國學院久我山（B）,国学院久我山,早稲田実業,早稲田実業,0,1,終了,https://koko-soccer.com/score/1921
2020,T2,2020.11.26 17:15,駒澤大学高等学校（B）,駒澤大高,国士舘,国士舘,2,1,終了,https://koko-soccer.com/score/1921
2020,T2,2020.12.13 13:00,東京朝鮮中高級学校,東京朝鮮中高級学校,東海大高輪台,東海大高輪台,1,0,終了,https://koko-soccer.com/score/1921
2020,T2,2020.09.05 17:00,三菱養和SCユース（B）,三菱養和SCユース,東京朝鮮中高級学校,東京朝鮮中高級学校,6,2,終了,https://koko-soccer.com/score/1921
2020,T2,2020.09.05 17:30,国士舘,国士舘,國學院久我山（B）,国学院久我山,2,4,終了,https://koko-soccer.com/score/1921
2020,T2,2020.09.06 16:30,修徳,修徳,早稲田実業,早稲田実業,5,0,終了,https://koko-soccer.com/score/1921
2020,T2,2020.10.05 19:15,多摩大目黒,多摩大学目黒,駒澤大学高等学校（B）,駒澤大高,0,1,終了,https://koko-soccer.com/score/1921
2020,T2,2020.11.15 09:30,東海大高輪台,東海大高輪台,都立東久留米総合,東久留米総合,2,1,終了,https://koko-soccer.com/score/1921
2020,T2,2020.09.12 18:00,東海大高輪台,東海大高輪台,多摩大目黒,多摩大学目黒,1,1,終了,https://koko-soccer.com/score/1921
2020,T2,2020.09.12 18:30,東京朝鮮中高級学校,東京朝鮮中高級学校,早稲田実業,早稲田実業,1,1,終了,https://koko-soccer.com/score/1921
2020,T2,2020.09.12 18:30,駒澤大学高等学校（B）,駒澤大高,國學院久我山（B）,国学院久我山,3,4,終了,https://koko-soccer.com/score/1921
2020,T2,2020.09.13 15:00,修徳,修徳,国士舘,国士舘,2,1,終了,https://koko-soccer.com/score/1921
2020,T2,2020.11.07 19:00,都立東久留米総合,東久留米総合,三菱養和SCユース（B）,三菱養和SCユース,1,3,終了,https://koko-soccer.com/score/1921
2020,T2,2020.09.19 19:00,東海大高輪台,東海大高輪台,三菱養和SCユース（B）,三菱養和SCユース,1,0,終了,https://koko-soccer.com/score/1921
2020,T2,2020.09.20 17:15,駒澤大学高等学校（B）,駒澤大高,修徳,修徳,1,2,終了,https://koko-soccer.com/score/1921
2020,T2,2020.09.21 10:30,国士舘,国士舘,東京朝鮮中高級学校,東京朝鮮中高級学校,1,1,終了,https://koko-soccer.com/score/1921
2020,T2,2020.09.21 15:30,早稲田実業,早稲田実業,都立東久留米総合,東久留米総合,2,1,終了,https://koko-soccer.com/score/1921
2020,T2,2020.09.21 17:30,多摩大目黒,多摩大学目黒,國學院久我山（B）,国学院久我山,4,3,終了,https://koko-soccer.com/score/1921
2020,T2,2020.09.26 17:00,東京朝鮮中高級学校,東京朝鮮中高級学校,駒澤大学高等学校（B）,駒澤大高,3,0,終了,https://koko-soccer.com/score/1921
2020,T2,2020.09.26 18:30,修徳,修徳,國學院久我山（B）,国学院久我山,4,1,終了,https://koko-soccer.com/score/1921
2020,T2,2020.09.27 12:30,早稲田実業,早稲田実業,東海大高輪台,東海大高輪台,0,0,終了,https://koko-soccer.com/score/1921
2020,T2,2020.09.27 15:30,都立東久留米総合,東久留米総合,国士舘,国士舘,1,3,終了,https://koko-soccer.com/score/1921
2020,T2,2020.09.27 19:00,三菱養和SCユース（B）,三菱養和SCユース,多摩大目黒,多摩大学目黒,1,2,終了,https://koko-soccer.com/score/1921
2020,T2,2020.10.01 12:00,都立東久留米総合,東久留米総合,駒澤大学高等学校（B）,駒澤大高,2,1,終了,https://koko-soccer.com/score/1921
2020,T2,2020.10.01 13:00,東京朝鮮中高級学校,東京朝鮮中高級学校,國學院久我山（B）,国学院久我山,4,0,終了,https://koko-soccer.com/score/1921
2020,T2,2020.10.01 14:15,多摩大目黒,多摩大学目黒,修徳,修徳,1,1,終了,https://koko-soccer.com/score/1921
2020,T2,2020.10.04 10:00,早稲田実業,早稲田実業,三菱養和SCユース（B）,三菱養和SCユース,1,1,終了,https://koko-soccer.com/score/1921
2020,T2,2020.10.04 12:30,東海大高輪台,東海大高輪台,国士舘,国士舘,4,0,終了,https://koko-soccer.com/score/1921
2020,T2,2020.11.21 13:00,修徳,修徳,東京朝鮮中高級学校,東京朝鮮中高級学校,4,1,終了,https://koko-soccer.com/score/1921
2020,T2,2020.11.21 18:30,多摩大目黒,多摩大学目黒,早稲田実業,早稲田実業,1,0,終了,https://koko-soccer.com/score/1921
2020,T2,2020.11.22 12:30,駒澤大学高等学校（B）,駒澤大高,東海大高輪台,東海大高輪台,1,2,終了,https://koko-soccer.com/score/1921
2020,T2,2020.11.23 12:15,都立東久留米総合,東久留米総合,國學院久我山（B）,国学院久我山,3,1,終了,https://koko-soccer.com/score/1921
2020,T2,2020.11.23 16:00,国士舘,国士舘,三菱養和SCユース（B）,三菱養和SCユース,1,0,終了,https://koko-soccer.com/score/1921
2020,T2,2020.11.28 16:00,駒澤大学高等学校（B）,駒澤大高,三菱養和SCユース（B）,三菱養和SCユース,0,2,終了,https://koko-soccer.com/score/1921
2020,T2,2020.11.28 18:30,東海大高輪台,東海大高輪台,國學院久我山（B）,国学院久我山,4,0,終了,https://koko-soccer.com/score/1921
2020,T2,2020.11.28 18:30,早稲田実業,早稲田実業,国士舘,国士舘,3,1,終了,https://koko-soccer.com/score/1921
2020,T2,2020.11.29 10:00,修徳,修徳,都立東久留米総合,東久留米総合,1,1,終了,https://koko-soccer.com/score/1921
2020,T2,2020.11.29 13:00,多摩大目黒,多摩大学目黒,東京朝鮮中高級学校,東京朝鮮中高級学校,1,3,終了,https://koko-soccer.com/score/1921
2020,T2,2020.12.05 17:00,都立東久留米総合,東久留米総合,東京朝鮮中高級学校,東京朝鮮中高級学校,0,2,終了,https://koko-soccer.com/score/1921
2020,T2,2020.12.05 18:30,早稲田実業,早稲田実業,駒澤大学高等学校（B）,駒澤大高,2,0,終了,https://koko-soccer.com/score/1921
2020,T2,2020.12.06 11:00,多摩大目黒,多摩大学目黒,国士舘,国士舘,6,0,終了,https://koko-soccer.com/score/1921
2020,T2,2020.12.06 12:30,修徳,修徳,東海大高輪台,東海大高輪台,2,2,終了,https://koko-soccer.com/score/1921
2020,T2,2020.12.06 16:00,國學院久我山（B）,国学院久我山,三菱養和SCユース（B）,三菱養和SCユース,1,5,終了,https://koko-soccer.com/score/1921
2020,T3,2020.09.06 12:00,都立国分寺,国分寺,関東一（B）,関東第一,2,5,終了,https://koko-soccer.com/score/1922
2020,T3,2020.11.03 13:00,日大三,日大三,駿台学園,駿台学園,0,2,終了,https://koko-soccer.com/score/1922
2020,T3,2020.11.15 14:00,東海大菅生,東海大菅生,東京成徳大高,東京成徳大高,1,0,終了,https://koko-soccer.com/score/1922
2020,T3,2020.11.20 18:00,東京実業,東京実業,都立石神井,石神井,0,0,終了,https://koko-soccer.com/score/1922
2020,T3,2020.12.26 11:00,保善,保善,駒澤大学高等学校（C）,駒澤大高,0,3,終了,https://koko-soccer.com/score/1922
2020,T3,2020.09.13 14:00,都立石神井,石神井,東海大菅生,東海大菅生,0,2,終了,https://koko-soccer.com/score/1922
2020,T3,2020.10.05 18:30,駒澤大学高等学校（C）,駒澤大高,都立国分寺,国分寺,6,2,終了,https://koko-soccer.com/score/1922
2020,T3,2020.11.29,関東一（B）,関東第一,東京実業,東京実業,1,3,終了,https://koko-soccer.com/score/1922
2020,T3,2020.12.17,駿台学園,駿台学園,保善,保善,4,1,終了,https://koko-soccer.com/score/1922
2020,T3,非公開,東京成徳大高,東京成徳大高,日大三,日大三,,,試合中止 -,https://koko-soccer.com/score/1922
2020,T3,非公開,保善,保善,東京成徳大高,東京成徳大高,,,試合中止 -,https://koko-soccer.com/score/1922
2020,T3,2020.09.14 19:15,東京実業,東京実業,駒澤大学高等学校（C）,駒澤大高,1,0,終了,https://koko-soccer.com/score/1922
2020,T3,2020.11.06 18:00,都立国分寺,国分寺,駿台学園,駿台学園,0,0,終了,https://koko-soccer.com/score/1922
2020,T3,2020.11.23 09:30,日大三,日大三,東海大菅生,東海大菅生,0,2,終了,https://koko-soccer.com/score/1922
2020,T3,非公開,都立石神井,石神井,関東一（B）,関東第一,,,試合中止 -,https://koko-soccer.com/score/1922
2020,T3,2020.09.25 18:15,東京成徳大高,東京成徳大高,都立国分寺,国分寺,0,3,終了,https://koko-soccer.com/score/1922
2020,T3,2020.11.08 14:00,東海大菅生,東海大菅生,保善,保善,0,1,終了,https://koko-soccer.com/score/1922
2020,T3,2020.11.15 10:30,日大三,日大三,都立石神井,石神井,0,2,終了,https://koko-soccer.com/score/1922
2020,T3,2020.11.23 18:00,駒澤大学高等学校（C）,駒澤大高,関東一（B）,関東第一,0,1,終了,https://koko-soccer.com/score/1922
2020,T3,2020.11.30 18:30,駿台学園,駿台学園,東京実業,東京実業,2,5,終了,https://koko-soccer.com/score/1922
2020,T3,2020.09.30 18:30,関東一（B）,関東第一,駿台学園,駿台学園,1,0,終了,https://koko-soccer.com/score/1922
2020,T3,2020.10.01 09:30,保善,保善,日大三,日大三,1,0,終了,https://koko-soccer.com/score/1922
2020,T3,2020.10.01 09:30,都立石神井,石神井,駒澤大学高等学校（C）,駒澤大高,1,1,終了,https://koko-soccer.com/score/1922
2020,T3,2020.11.03 13:30,都立国分寺,国分寺,東海大菅生,東海大菅生,1,1,終了,https://koko-soccer.com/score/1922
2020,T3,非公開,東京実業,東京実業,東京成徳大高,東京成徳大高,,,試合中止 -,https://koko-soccer.com/score/1922
2020,T3,非公開,東海大菅生,東海大菅生,東京実業,東京実業,,,試合中止 -,https://koko-soccer.com/score/1922
2020,T3,2020.11.03 11:00,都立石神井,石神井,保善,保善,1,3,終了,https://koko-soccer.com/score/1922
2020,T3,2020.11.03 16:10,東京成徳大高,東京成徳大高,関東一（B）,関東第一,2,3,終了,https://koko-soccer.com/score/1922
2020,T3,2020.11.16 18:30,駒澤大学高等学校（C）,駒澤大高,駿台学園,駿台学園,2,0,終了,https://koko-soccer.com/score/1922
2020,T3,2020.12.17 18:00,日大三,日大三,都立国分寺,国分寺,3,1,終了,https://koko-soccer.com/score/1922
2020,T3,非公開,関東一（B）,関東第一,東海大菅生,東海大菅生,,,試合中止 -,https://koko-soccer.com/score/1922
2020,T3,2020.09.06 14:15,東京実業,東京実業,日大三,日大三,1,1,終了,https://koko-soccer.com/score/1922
2020,T3,2020.09.07 18:00,駿台学園,駿台学園,都立石神井,石神井,1,1,終了,https://koko-soccer.com/score/1922
2020,T3,2020.09.20 19:00,駒澤大学高等学校（C）,駒澤大高,東京成徳大高,東京成徳大高,2,0,終了,https://koko-soccer.com/score/1922
2020,T3,2020.11.01 10:00,保善,保善,都立国分寺,国分寺,1,2,終了,https://koko-soccer.com/score/1922
2020,T3,非公開,保善,保善,東京実業,東京実業,,,試合中止 -,https://koko-soccer.com/score/1922
2020,T3,2020.09.16 18:00,日大三,日大三,関東一（B）,関東第一,0,3,終了,https://koko-soccer.com/score/1922
2020,T3,2020.09.21 18:00,都立国分寺,国分寺,都立石神井,石神井,1,1,終了,https://koko-soccer.com/score/1922
2020,T3,2020.12.22 18:30,東京成徳大高,東京成徳大高,駿台学園,駿台学園,0,2,終了,https://koko-soccer.com/score/1922
2020,T3,2020.12.24 13:15,東海大菅生,東海大菅生,駒澤大学高等学校（C）,駒澤大高,0,1,終了,https://koko-soccer.com/score/1922
2020,T3,2020.09.26 18:00,駒澤大学高等学校（C）,駒澤大高,日大三,日大三,4,1,終了,https://koko-soccer.com/score/1922
2020,T3,2020.09.27 11:00,都立石神井,石神井,東京成徳大高,東京成徳大高,0,0,終了,https://koko-soccer.com/score/1922
2020,T3,2020.10.01 16:30,東京実業,東京実業,都立国分寺,国分寺,1,1,終了,https://koko-soccer.com/score/1922
2020,T3,2020.11.04 18:00,関東一（B）,関東第一,保善,保善,15,0,終了,https://koko-soccer.com/score/1922
2020,T3,2020.12.26,駿台学園,駿台学園,東海大菅生,東海大菅生,2,3,終了,https://koko-soccer.com/score/1922
2020,T3,2020.09.12 11:00,都立日野台,日野台,成立学園（B),成立学園,2,4,終了,https://koko-soccer.com/score/1923
2020,T3,2020.09.13 19:10,日大豊山,日大豊山,FC町田ゼルビアユース（B）,FC町田ゼルビアユース,1,2,終了,https://koko-soccer.com/score/1923
2020,T3,2020.09.23 18:00,暁星高等学校,暁星,東京武蔵野シティFCU-18（B）,東京武蔵野シティFCU-18,1,3,終了,https://koko-soccer.com/score/1923
2020,T3,2020.10.28 18:45,FCトリプレッタユース,FCトリプレッタユース,國學院久我山（C）,国学院久我山,1,0,終了,https://koko-soccer.com/score/1923
2020,T3,2020.11.15 13:00,かえつ有明,かえつ有明,実践学園（B）,実践学園,0,3,終了,https://koko-soccer.com/score/1923
2020,T3,未定,國學院久我山（C）,国学院久我山,都立日野台,日野台,,,試合中止 -,https://koko-soccer.com/score/1923
2020,T3,2020.09.06 18:00,実践学園（B）,実践学園,暁星高等学校,暁星,1,0,終了,https://koko-soccer.com/score/1923
2020,T3,2020.11.01 13:00,成立学園（B),成立学園,かえつ有明,かえつ有明,6,0,終了,https://koko-soccer.com/score/1923
2020,T3,2020.11.21 19:10,東京武蔵野シティFCU-18（B）,東京武蔵野シティFCU-18,日大豊山,日大豊山,2,1,終了,https://koko-soccer.com/score/1923
2020,T3,2020.12.09 19:05,FC町田ゼルビアユース（B）,FC町田ゼルビアユース,FCトリプレッタユース,FCトリプレッタユース,,,試合中止 -,https://koko-soccer.com/score/1923
2020,T3,未定,日大豊山,日大豊山,実践学園（B）,実践学園,,,試合中止 -,https://koko-soccer.com/score/1923
2020,T3,2020.09.21 17:00,國學院久我山（C）,国学院久我山,FC町田ゼルビアユース（B）,FC町田ゼルビアユース,1,0,終了,https://koko-soccer.com/score/1923
2020,T3,2020.09.27 11:00,暁星高等学校,暁星,成立学園（B),成立学園,1,4,終了,https://koko-soccer.com/score/1923
2020,T3,2020.12.19 19:00,FCトリプレッタユース,FCトリプレッタユース,東京武蔵野シティFCU-18（B）,東京武蔵野シティFCU-18,4,1,終了,https://koko-soccer.com/score/1923
2020,T3,2020.12.26 13:00,かえつ有明,かえつ有明,都立日野台,日野台,2,3,終了,https://koko-soccer.com/score/1923
2020,T3,2020.09.06 15:00,成立学園（B),成立学園,日大豊山,日大豊山,3,1,終了,https://koko-soccer.com/score/1923
2020,T3,2020.11.03 13:00,かえつ有明,かえつ有明,國學院久我山（C）,国学院久我山,3,2,終了,https://koko-soccer.com/score/1923
2020,T3,2020.11.03 18:00,実践学園（B）,実践学園,FCトリプレッタユース,FCトリプレッタユース,3,1,終了,https://koko-soccer.com/score/1923
2020,T3,2020.11.15 19:10,東京武蔵野シティFCU-18（B）,東京武蔵野シティFCU-18,FC町田ゼルビアユース（B）,FC町田ゼルビアユース,1,0,終了,https://koko-soccer.com/score/1923
2020,T3,2020.12.28 14:30,都立日野台,日野台,暁星高等学校,暁星,2,1,終了,https://koko-soccer.com/score/1923
2020,T3,2020.11.01 14:00,日大豊山,日大豊山,都立日野台,日野台,2,0,終了,https://koko-soccer.com/score/1923
2020,T3,2020.11.22 11:00,FCトリプレッタユース,FCトリプレッタユース,成立学園（B),成立学園,0,2,終了,https://koko-soccer.com/score/1923
2020,T3,2020.11.23 15:30,FC町田ゼルビアユース（B）,FC町田ゼルビアユース,実践学園（B）,実践学園,1,1,終了,https://koko-soccer.com/score/1923
2020,T3,2020.12.13 13:00,暁星高等学校,暁星,かえつ有明,かえつ有明,2,3,終了,https://koko-soccer.com/score/1923
2020,T3,2020.12.26 14:30,國學院久我山（C）,国学院久我山,東京武蔵野シティFCU-18（B）,東京武蔵野シティFCU-18,2,1,終了,https://koko-soccer.com/score/1923
2020,T3,2020.10.04 11:30,成立学園（B),成立学園,FC町田ゼルビアユース（B）,FC町田ゼルビアユース,1,2,終了,https://koko-soccer.com/score/1923
2020,T3,2020.10.04 14:20,かえつ有明,かえつ有明,日大豊山,日大豊山,1,2,終了,https://koko-soccer.com/score/1923
2020,T3,2020.11.29 19:00,東京武蔵野シティFCU-18（B）,東京武蔵野シティFCU-18,実践学園（B）,実践学園,3,1,終了,https://koko-soccer.com/score/1923
2020,T3,2020.12.23 12:30,國學院久我山（C）,国学院久我山,暁星高等学校,暁星,1,1,終了,https://koko-soccer.com/score/1923
2020,T3,2020.12.24 14:00,都立日野台,日野台,FCトリプレッタユース,FCトリプレッタユース,1,5,終了,https://koko-soccer.com/score/1923
2020,T3,2020.10.31 18:00,実践学園（B）,実践学園,國學院久我山（C）,国学院久我山,3,0,終了,https://koko-soccer.com/score/1923
2020,T3,2020.11.07 19:00,FC町田ゼルビアユース（B）,FC町田ゼルビアユース,都立日野台,日野台,1,1,終了,https://koko-soccer.com/score/1923
2020,T3,2020.11.08 13:00,FCトリプレッタユース,FCトリプレッタユース,かえつ有明,かえつ有明,8,2,終了,https://koko-soccer.com/score/1923
2020,T3,2020.11.15 14:00,暁星高等学校,暁星,日大豊山,日大豊山,4,0,終了,https://koko-soccer.com/score/1923
2020,T3,2020.12.06 12:00,東京武蔵野シティFCU-18（B）,東京武蔵野シティFCU-18,成立学園（B),成立学園,1,2,終了,https://koko-soccer.com/score/1923
2020,T3,未定,かえつ有明,かえつ有明,FC町田ゼルビアユース（B）,FC町田ゼルビアユース,,,試合中止 -,https://koko-soccer.com/score/1923
2020,T3,未定,都立日野台,日野台,東京武蔵野シティFCU-18（B）,東京武蔵野シティFCU-18,,,試合中止 -,https://koko-soccer.com/score/1923
2020,T3,2020.09.22 11:00,成立学園（B),成立学園,実践学園（B）,実践学園,3,0,終了,https://koko-soccer.com/score/1923
2020,T3,2020.11.09 18:00,暁星高等学校,暁星,FCトリプレッタユース,FCトリプレッタユース,1,1,終了,https://koko-soccer.com/score/1923
2020,T3,2020.11.29 17:00,日大豊山,日大豊山,國學院久我山（C）,国学院久我山,3,0,終了,https://koko-soccer.com/score/1923
2020,T3,2020.09.17 18:00,FCトリプレッタユース,FCトリプレッタユース,日大豊山,日大豊山,2,1,終了,https://koko-soccer.com/score/1923
2020,T3,2020.10.01 11:00,國學院久我山（C）,国学院久我山,成立学園（B),成立学園,0,3,終了,https://koko-soccer.com/score/1923
2020,T3,2020.10.01 17:10,FC町田ゼルビアユース（B）,FC町田ゼルビアユース,暁星高等学校,暁星,0,0,終了,https://koko-soccer.com/score/1923
2020,T3,2020.10.03 18:00,実践学園（B）,実践学園,都立日野台,日野台,6,0,終了,https://koko-soccer.com/score/1923
2020,T3,2020.11.23 17:10,東京武蔵野シティFCU-18（B）,東京武蔵野シティFCU-18,かえつ有明,かえつ有明,3,1,終了,https://koko-soccer.com/score/1923
2020,T4,2020.09.05 17:00,東海大高輪台（B),東海大高輪台,大東大一,大東大一,1,0,終了,https://koko-soccer.com/score/1924
2020,T4,2020.10.25 13:30,東京,東京,日体大荏原,日体大荏原,1,0,終了,https://koko-soccer.com/score/1924
2020,T4,2020.11.01 18:00,実践学園（C）,実践学園,都立東大和,東大和,2,4,終了,https://koko-soccer.com/score/1924
2020,T4,2020.11.21 14:00,都立府中東,府中東,都立葛飾野,葛飾野,4,3,終了,https://koko-soccer.com/score/1924
2020,T4,2020.12.06 10:00,大森学園,大森学園,都立東久留米総合（B）,東久留米総合,5,0,終了,https://koko-soccer.com/score/1924
2020,T4,2020.10.01 13:30,日体大荏原,日体大荏原,大森学園,大森学園,3,1,終了,https://koko-soccer.com/score/1924
2020,T4,2020.10.04 16:00,都立葛飾野,葛飾野,東海大高輪台（B),東海大高輪台,0,4,終了,https://koko-soccer.com/score/1924
2020,T4,2020.11.12 18:15,大東大一,大東大一,実践学園（C）,実践学園,1,2,終了,https://koko-soccer.com/score/1924
2020,T4,2020.12.20 09:30,都立東久留米総合（B）,東久留米総合,都立府中東,府中東,3,3,終了,https://koko-soccer.com/score/1924
2020,T4,2020.12.21 16:00,都立東大和,東大和,東京,東京,3,4,終了,https://koko-soccer.com/score/1924
2020,T4,2020.09.05 16:45,実践学園（C）,実践学園,都立葛飾野,葛飾野,1,1,終了,https://koko-soccer.com/score/1924
2020,T4,2020.09.19 12:30,東海大高輪台（B),東海大高輪台,都立東久留米総合（B）,東久留米総合,2,0,終了,https://koko-soccer.com/score/1924
2020,T4,2020.10.01 13:30,東京,東京,大東大一,大東大一,3,1,終了,https://koko-soccer.com/score/1924
2020,T4,2020.10.04 14:00,都立府中東,府中東,大森学園,大森学園,3,4,終了,https://koko-soccer.com/score/1924
2020,T4,2020.10.04 14:00,日体大荏原,日体大荏原,都立東大和,東大和,1,3,終了,https://koko-soccer.com/score/1924
2020,T4,2020.09.27 15:00,大森学園,大森学園,東海大高輪台（B),東海大高輪台,1,1,終了,https://koko-soccer.com/score/1924
2020,T4,2020.11.08 14:00,都立府中東,府中東,日体大荏原,日体大荏原,1,1,終了,https://koko-soccer.com/score/1924
2020,T4,2020.11.22 09:30,都立東久留米総合（B）,東久留米総合,実践学園（C）,実践学園,0,2,終了,https://koko-soccer.com/score/1924
2020,T4,2020.12.25 13:15,大東大一,大東大一,都立東大和,東大和,2,0,終了,https://koko-soccer.com/score/1924
2020,T4,2020.12.29,都立葛飾野,葛飾野,東京,東京,,,試合中止 -,https://koko-soccer.com/score/1924
2020,T4,2020.09.20 18:00,実践学園（C）,実践学園,大森学園,大森学園,1,2,終了,https://koko-soccer.com/score/1924
2020,T4,2020.10.01 10:00,都立東大和,東大和,都立葛飾野,葛飾野,3,0,終了,https://koko-soccer.com/score/1924
2020,T4,2020.11.08 10:00,東京,東京,都立東久留米総合（B）,東久留米総合,1,0,終了,https://koko-soccer.com/score/1924
2020,T4,2020.11.14 16:20,日体大荏原,日体大荏原,大東大一,大東大一,5,0,終了,https://koko-soccer.com/score/1924
2020,T4,2020.12.06 16:00,東海大高輪台（B),東海大高輪台,都立府中東,府中東,7,0,終了,https://koko-soccer.com/score/1924
2020,T4,2020.09.13 12:30,日体大荏原,日体大荏原,東海大高輪台（B),東海大高輪台,0,6,終了,https://koko-soccer.com/score/1924
2020,T4,2020.10.29 19:15,大東大一,大東大一,都立葛飾野,葛飾野,5,1,終了,https://koko-soccer.com/score/1924
2020,T4,2020.11.03 08:30,大森学園,大森学園,東京,東京,0,1,終了,https://koko-soccer.com/score/1924
2020,T4,2020.11.26 18:00,都立府中東,府中東,実践学園（C）,実践学園,1,2,終了,https://koko-soccer.com/score/1924
2020,T4,2020.12.19 09:30,都立東久留米総合（B）,東久留米総合,都立東大和,東大和,0,0,終了,https://koko-soccer.com/score/1924
2020,T4,2020.11.01 10:00,大東大一,大東大一,都立東久留米総合（B）,東久留米総合,4,0,終了,https://koko-soccer.com/score/1924
2020,T4,2020.11.01 14:00,東京,東京,都立府中東,府中東,3,0,終了,https://koko-soccer.com/score/1924
2020,T4,2020.11.07 18:00,東海大高輪台（B),東海大高輪台,実践学園（C）,実践学園,0,0,終了,https://koko-soccer.com/score/1924
2020,T4,2020.12.11 18:15,都立東大和,東大和,大森学園,大森学園,1,2,終了,https://koko-soccer.com/score/1924
2020,T4,2020.12.15 18:30,都立葛飾野,葛飾野,日体大荏原,日体大荏原,2,1,終了,https://koko-soccer.com/score/1924
2020,T4,2020.09.22 10:00,都立東久留米総合（B）,東久留米総合,都立葛飾野,葛飾野,1,1,終了,https://koko-soccer.com/score/1924
2020,T4,2020.10.05 18:00,大森学園,大森学園,大東大一,大東大一,4,0,終了,https://koko-soccer.com/score/1924
2020,T4,2020.10.17 14:00,実践学園（C）,実践学園,日体大荏原,日体大荏原,5,0,終了,https://koko-soccer.com/score/1924
2020,T4,2020.11.15 14:00,都立府中東,府中東,都立東大和,東大和,0,4,終了,https://koko-soccer.com/score/1924
2020,T4,2020.12.12 17:00,東海大高輪台（B),東海大高輪台,東京,東京,2,0,終了,https://koko-soccer.com/score/1924
2020,T4,2020.09.13 14:00,大東大一,大東大一,都立府中東,府中東,0,0,終了,https://koko-soccer.com/score/1924
2020,T4,2020.09.24 18:45,東京,東京,実践学園（C）,実践学園,1,5,終了,https://koko-soccer.com/score/1924
2020,T4,2020.09.28 18:30,都立葛飾野,葛飾野,大森学園,大森学園,0,1,終了,https://koko-soccer.com/score/1924
2020,T4,2020.11.03 10:30,日体大荏原,日体大荏原,都立東久留米総合（B）,東久留米総合,1,0,終了,https://koko-soccer.com/score/1924
2020,T4,2020.11.23 17:00,都立東大和,東大和,東海大高輪台（B),東海大高輪台,1,2,終了,https://koko-soccer.com/score/1924
2020,T4,2020.11.03 10:00,創価,創価,都立駒場,駒場,0,3,終了,https://koko-soccer.com/score/1925
2020,T4,2020.11.08 09:30,日本学園,日本学園,目白研心,目白研心,1,0,終了,https://koko-soccer.com/score/1925
2020,T4,2020.12.05 17:45,駒澤大学高等学校（D）,駒澤大高,杉並FCユース,杉並FCユース,7,2,終了,https://koko-soccer.com/score/1925
2020,T4,2020.12.25 14:00,東農大一,農大一,早大学院,早大学院,1,3,終了,https://koko-soccer.com/score/1925
2020,T4,非公開,都立東大和南,東大和南,都立狛江,狛江,,,試合中止 -,https://koko-soccer.com/score/1925
2020,T4,2020.11.01 13:30,都立狛江,狛江,駒澤大学高等学校（D）,駒澤大高,2,0,終了,https://koko-soccer.com/score/1925
2020,T4,2020.11.03 10:00,目白研心,目白研心,東農大一,農大一,4,0,終了,https://koko-soccer.com/score/1925
2020,T4,2020.11.03 10:00,早大学院,早大学院,都立東大和南,東大和南,3,2,終了,https://koko-soccer.com/score/1925
2020,T4,2020.11.23 17:45,都立駒場,駒場,日本学園,日本学園,0,2,終了,https://koko-soccer.com/score/1925
2020,T4,非公開,杉並FCユース,杉並FCユース,創価,創価,,,試合中止 -,https://koko-soccer.com/score/1925
2020,T4,2020.10.04 09:30,駒澤大学高等学校（D）,駒澤大高,都立東大和南,東大和南,0,1,終了,https://koko-soccer.com/score/1925
2020,T4,2020.12.19 09:30,創価,創価,都立狛江,狛江,1,1,終了,https://koko-soccer.com/score/1925
2020,T4,2020.12.19 11:00,日本学園,日本学園,杉並FCユース,杉並FCユース,6,1,終了,https://koko-soccer.com/score/1925
2020,T4,2020.12.22 09:30,早大学院,早大学院,目白研心,目白研心,0,0,終了,https://koko-soccer.com/score/1925
2020,T4,非公開,東農大一,農大一,都立駒場,駒場,,,試合中止 -,https://koko-soccer.com/score/1925
2020,T4,2020.09.13 13:30,駒澤大学高等学校（D）,駒澤大高,早大学院,早大学院,1,2,終了,https://koko-soccer.com/score/1925
2020,T4,2020.11.18 17:10,都立狛江,狛江,日本学園,日本学園,1,1,終了,https://koko-soccer.com/score/1925
2020,T4,2020.12.27 09:30,都立東大和南,東大和南,創価,創価,2,1,終了,https://koko-soccer.com/score/1925
2020,T4,2020.12.27 09:30,都立駒場,駒場,目白研心,目白研心,,,試合中止 -,https://koko-soccer.com/score/1925
2020,T4,非公開,杉並FCユース,杉並FCユース,東農大一,農大一,,,試合中止 -,https://koko-soccer.com/score/1925
2020,T4,2020.10.27 18:30,目白研心,目白研心,杉並FCユース,杉並FCユース,4,1,終了,https://koko-soccer.com/score/1925
2020,T4,2020.11.08 09:30,創価,創価,駒澤大学高等学校（D）,駒澤大高,2,1,終了,https://koko-soccer.com/score/1925
2020,T4,非公開,東農大一,農大一,都立狛江,狛江,,,試合中止 -,https://koko-soccer.com/score/1925
2020,T4,非公開,日本学園,日本学園,都立東大和南,東大和南,,,試合中止 -,https://koko-soccer.com/score/1925
2020,T4,非公開,早大学院,早大学院,都立駒場,駒場,,,試合中止 -,https://koko-soccer.com/score/1925
2020,T4,2020.09.18 18:00,駒澤大学高等学校（D）,駒澤大高,日本学園,日本学園,2,3,終了,https://koko-soccer.com/score/1925
2020,T4,2020.11.27 18:30,都立狛江,狛江,目白研心,目白研心,0,1,終了,https://koko-soccer.com/score/1925
2020,T4,非公開,都立東大和南,東大和南,東農大一,農大一,,,試合中止 -,https://koko-soccer.com/score/1925
2020,T4,非公開,早大学院,早大学院,創価,創価,,,試合中止 -,https://koko-soccer.com/score/1925
2020,T4,非公開,都立駒場,駒場,杉並FCユース,杉並FCユース,,,試合中止 -,https://koko-soccer.com/score/1925
2020,T4,2020.09.13 13:00,創価,創価,日本学園,日本学園,2,1,終了,https://koko-soccer.com/score/1925
2020,T4,2020.10.29 18:00,東農大一,農大一,駒澤大学高等学校（D）,駒澤大高,1,2,終了,https://koko-soccer.com/score/1925
2020,T4,2020.11.15 13:30,都立駒場,駒場,都立狛江,狛江,0,3,終了,https://koko-soccer.com/score/1925
2020,T4,2020.11.18 18:30,目白研心,目白研心,都立東大和南,東大和南,3,1,終了,https://koko-soccer.com/score/1925
2020,T4,非公開,杉並FCユース,杉並FCユース,早大学院,早大学院,,,試合中止 -,https://koko-soccer.com/score/1925
2020,T4,2020.09.06 13:00,創価,創価,東農大一,農大一,4,0,終了,https://koko-soccer.com/score/1925
2020,T4,2020.09.25 18:00,都立狛江,狛江,杉並FCユース,杉並FCユース,2,5,終了,https://koko-soccer.com/score/1925
2020,T4,2020.11.08 09:30,都立東大和南,東大和南,都立駒場,駒場,0,3,終了,https://koko-soccer.com/score/1925
2020,T4,2020.12.20 09:30,駒澤大学高等学校（D）,駒澤大高,目白研心,目白研心,1,2,終了,https://koko-soccer.com/score/1925
2020,T4,2020.12.27 09:30,日本学園,日本学園,早大学院,早大学院,2,1,終了,https://koko-soccer.com/score/1925
2020,T4,2020.09.29 18:30,東農大一,農大一,日本学園,日本学園,1,3,終了,https://koko-soccer.com/score/1925
2020,T4,2020.10.04 09:30,早大学院,早大学院,都立狛江,狛江,2,2,終了,https://koko-soccer.com/score/1925
2020,T4,2020.11.01 09:30,目白研心,目白研心,創価,創価,1,0,終了,https://koko-soccer.com/score/1925
2020,T4,非公開,都立駒場,駒場,駒澤大学高等学校（D）,駒澤大高,,,試合中止 -,https://koko-soccer.com/score/1925
2020,T4,非公開,杉並FCユース,杉並FCユース,都立東大和南,東大和南,,,試合中止 -,https://koko-soccer.com/score/1925
