年度,大会,段階,日付,チームA,学校A,チームB,学校B,得点A,得点B,PK_A,PK_B,出典
2014,新人戦,都高校サッカー新人選手権大会 地区予選 第1地区,2014-12-14,都立東,東,都立小松川,小松川,1,4,,,https://koko-soccer.com/score/24
2014,新人戦,都高校サッカー新人選手権大会 地区予選 第1地区,2014-11-16,都立葛西工,葛西工,都立科学技術,科学技術,0,3,,,https://koko-soccer.com/score/24
2014,新人戦,都高校サッカー新人選手権大会 地区予選 第1地区,2014-11-16,都立篠崎,篠崎,都立日本橋,日本橋,3,4,,,https://koko-soccer.com/score/24
2014,新人戦,都高校サッカー新人選手権大会 地区予選 第1地区,2014-11-16,都立橘,橘,都立葛飾総合,葛飾総合,0,3,,,https://koko-soccer.com/score/24
2014,新人戦,都高校サッカー新人選手権大会 地区予選 第1地区,2014-11-16,開成,開成,都立深川,深川,2,1,,,https://koko-soccer.com/score/24
2014,新人戦,都高校サッカー新人選手権大会 地区予選 第1地区,2014-11-16,都立紅葉川,紅葉川,安田学園,安田学園,4,1,,,https://koko-soccer.com/score/24
2014,新人戦,都高校サッカー新人選手権大会 地区予選 第1地区,2014-11-16,竹台,竹台,東,東,0,12,,,https://koko-soccer.com/score/24
2014,新人戦,都高校サッカー新人選手権大会 地区予選 第1地区,2014-11-16,都立小松川,小松川,都立墨田工,墨田工,3,0,,,https://koko-soccer.com/score/24
2014,新人戦,都高校サッカー新人選手権大会 地区予選 第1地区,2014-11-16,立志舎,立志舎,都立農産,農産,1,7,,,https://koko-soccer.com/score/24
2014,新人戦,都高校サッカー新人選手権大会 地区予選 第1地区,2014-11-16,日大一,日大一,都立小岩,小岩,0,4,,,https://koko-soccer.com/score/24
2014,新人戦,都高校サッカー新人選手権大会 地区予選 第1地区,2014-11-16,都立江戸川,江戸川,都立葛西南,葛西南,4,1,,,https://koko-soccer.com/score/24
2014,新人戦,都高校サッカー新人選手権大会 地区予選 第1地区,2014-11-16,都立両国,両国,都立本所,本所,2,3,,,https://koko-soccer.com/score/24
2014,新人戦,都高校サッカー新人選手権大会 地区予選 第1地区,2014-11-16,第三商業,第三商業,都立葛飾商,葛飾商,1,5,,,https://koko-soccer.com/score/24
2014,新人戦,都高校サッカー新人選手権大会 地区予選 第1地区,2014-11-23,都立墨田川,墨田川,都立科学技術,科学技術,7,0,,,https://koko-soccer.com/score/24
2014,新人戦,都高校サッカー新人選手権大会 地区予選 第1地区,2014-11-23,都立日本橋,日本橋,都立葛飾総合,葛飾総合,3,4,,,https://koko-soccer.com/score/24
2014,新人戦,都高校サッカー新人選手権大会 地区予選 第1地区,2014-11-23,開成,開成,都立紅葉川,紅葉川,2,1,,,https://koko-soccer.com/score/24
2014,新人戦,都高校サッカー新人選手権大会 地区予選 第1地区,2014-11-23,都立東,東,都立葛飾野,葛飾野,0,0,4,3,https://koko-soccer.com/score/24
2014,新人戦,都高校サッカー新人選手権大会 地区予選 第1地区,2014-11-23,かえつ有明,かえつ有明,都立小松川,小松川,1,4,,,https://koko-soccer.com/score/24
2014,新人戦,都高校サッカー新人選手権大会 地区予選 第1地区,2014-11-23,都立農産,農産,都立小岩,小岩,0,8,,,https://koko-soccer.com/score/24
2014,新人戦,都高校サッカー新人選手権大会 地区予選 第1地区,2014-11-23,都立江戸川,江戸川,都立本所,本所,2,1,,,https://koko-soccer.com/score/24
2014,新人戦,都高校サッカー新人選手権大会 地区予選 第1地区,2014-11-23,都立葛飾商,葛飾商,都立城東,城東,0,3,,,https://koko-soccer.com/score/24
2014,新人戦,都高校サッカー新人選手権大会 地区予選 第1地区,2014-11-30,都立墨田川,墨田川,都立葛飾総合,葛飾総合,1,0,,,https://koko-soccer.com/score/24
2014,新人戦,都高校サッカー新人選手権大会 地区予選 第1地区,2014-11-30,開成,開成,都立東,東,0,0,1,4,https://koko-soccer.com/score/24
2014,新人戦,都高校サッカー新人選手権大会 地区予選 第1地区,2014-11-30,都立小松川,小松川,都立小岩,小岩,5,0,,,https://koko-soccer.com/score/24
2014,新人戦,都高校サッカー新人選手権大会 地区予選 第1地区,2014-11-30,都立江戸川,江戸川,都立城東,城東,0,5,,,https://koko-soccer.com/score/24
2014,新人戦,都高校サッカー新人選手権大会 地区予選 第1地区,2014-12-07,都立墨田川,墨田川,都立東,東,1,0,,,https://koko-soccer.com/score/24
2014,新人戦,都高校サッカー新人選手権大会 地区予選 第1地区,2014-12-07,都立小松川,小松川,都立城東,城東,0,2,,,https://koko-soccer.com/score/24
2014,新人戦,都高校サッカー新人選手権大会 地区予選 第1地区,2014-12-14,都立墨田川,墨田川,都立城東,城東,0,3,,,https://koko-soccer.com/score/24
2014,新人戦,都高校サッカー新人選手権大会 地区予選 第2地区,2014-12-23,都立豊島,豊島,都立江北,江北,0,0,4,5,https://koko-soccer.com/score/25
2014,新人戦,都高校サッカー新人選手権大会 地区予選 第2地区,2014-11-16,京北・京北白山,京北・京北白山,中大附,中大附属,0,4,,,https://koko-soccer.com/score/25
2014,新人戦,都高校サッカー新人選手権大会 地区予選 第2地区,2014-11-16,郁文館,郁文館,本郷,本郷,2,3,,,https://koko-soccer.com/score/25
2014,新人戦,都高校サッカー新人選手権大会 地区予選 第2地区,2014-11-16,獨協,獨協,都立足立,足立,0,5,,,https://koko-soccer.com/score/25
2014,新人戦,都高校サッカー新人選手権大会 地区予選 第2地区,2014-11-16,都立足立東,足立東,都立文京,文京,0,10,,,https://koko-soccer.com/score/25
2014,新人戦,都高校サッカー新人選手権大会 地区予選 第2地区,2014-11-16,都立豊島,豊島,豊島学院,豊島学院,1,0,,,https://koko-soccer.com/score/25
2014,新人戦,都高校サッカー新人選手権大会 地区予選 第2地区,2014-11-16,筑波大附,筑波大学附属,京華商,京華商,3,2,,,https://koko-soccer.com/score/25
2014,新人戦,都高校サッカー新人選手権大会 地区予選 第2地区,2014-11-16,都立青井,青井,都立荒川商,荒川商,4,0,,,https://koko-soccer.com/score/25
2014,新人戦,都高校サッカー新人選手権大会 地区予選 第2地区,2014-11-16,小石川,小石川中等教育,京華,京華,4,0,,,https://koko-soccer.com/score/25
2014,新人戦,都高校サッカー新人選手権大会 地区予選 第2地区,2014-11-16,足立学園,足立学園,都立淵江,淵江,2,0,,,https://koko-soccer.com/score/25
2014,新人戦,都高校サッカー新人選手権大会 地区予選 第2地区,2014-11-16,都立足立工,足立工,都立江北,江北,0,10,,,https://koko-soccer.com/score/25
2014,新人戦,都高校サッカー新人選手権大会 地区予選 第2地区,2014-11-22,淑徳巣鴨,淑徳巣鴨,都立足立西,足立西,2,0,,,https://koko-soccer.com/score/25
2014,新人戦,都高校サッカー新人選手権大会 地区予選 第2地区,2014-11-22,城西大城西,城西大城西,都立竹早,竹早,1,1,5,6,https://koko-soccer.com/score/25
2014,新人戦,都高校サッカー新人選手権大会 地区予選 第2地区,2014-11-22,豊南,豊南,都立足立新田,足立新田,0,3,,,https://koko-soccer.com/score/25
2014,新人戦,都高校サッカー新人選手権大会 地区予選 第2地区,2014-11-22,巣鴨,巣鴨,貞静学園,貞静学園,6,0,,,https://koko-soccer.com/score/25
2014,新人戦,都高校サッカー新人選手権大会 地区予選 第2地区,2014-11-22,都立千早,千早,昭和一,昭和一,1,7,,,https://koko-soccer.com/score/25
2014,新人戦,都高校サッカー新人選手権大会 地区予選 第2地区,2014-11-24,日大豊山,日大豊山,中大附,中大附属,1,0,,,https://koko-soccer.com/score/25
2014,新人戦,都高校サッカー新人選手権大会 地区予選 第2地区,2014-11-24,向丘,向丘,学習院,学習院,1,1,,,https://koko-soccer.com/score/25
2014,新人戦,都高校サッカー新人選手権大会 地区予選 第2地区,2014-11-24,立教池袋,立教池袋,本郷,本郷,1,7,,,https://koko-soccer.com/score/25
2014,新人戦,都高校サッカー新人選手権大会 地区予選 第2地区,2014-11-24,都立足立,足立,駒込,駒込,4,1,,,https://koko-soccer.com/score/25
2014,新人戦,都高校サッカー新人選手権大会 地区予選 第2地区,2014-11-30,日大豊山,日大豊山,都立文京,文京,6,0,,,https://koko-soccer.com/score/25
2014,新人戦,都高校サッカー新人選手権大会 地区予選 第2地区,2014-11-30,淑徳巣鴨,淑徳巣鴨,都立竹早,竹早,1,1,5,6,https://koko-soccer.com/score/25
2014,新人戦,都高校サッカー新人選手権大会 地区予選 第2地区,2014-11-30,都立豊島,豊島,筑波大附,筑波大学附属,4,0,,,https://koko-soccer.com/score/25
2014,新人戦,都高校サッカー新人選手権大会 地区予選 第2地区,2014-11-30,都立足立新田,足立新田,都立向丘,向丘,2,4,,,https://koko-soccer.com/score/25
2014,新人戦,都高校サッカー新人選手権大会 地区予選 第2地区,2014-11-30,本郷,本郷,巣鴨,巣鴨,6,1,,,https://koko-soccer.com/score/25
2014,新人戦,都高校サッカー新人選手権大会 地区予選 第2地区,2014-11-30,都立青井,青井,都立小石川中等教育学校,小石川中等教育学校,2,3,,,https://koko-soccer.com/score/25
2014,新人戦,都高校サッカー新人選手権大会 地区予選 第2地区,2014-11-30,足立学園,足立学園,都立江北,江北,1,2,,,https://koko-soccer.com/score/25
2014,新人戦,都高校サッカー新人選手権大会 地区予選 第2地区,2014-11-30,昭和一,昭和一,都立足立,足立,1,1,3,5,https://koko-soccer.com/score/25
2014,新人戦,都高校サッカー新人選手権大会 地区予選 第2地区,2014-12-14,日大豊山,日大豊山,都立竹早,竹早,2,0,,,https://koko-soccer.com/score/25
2014,新人戦,都高校サッカー新人選手権大会 地区予選 第2地区,2014-12-14,都立豊島,豊島,都立向丘,向丘,2,1,,,https://koko-soccer.com/score/25
2014,新人戦,都高校サッカー新人選手権大会 地区予選 第2地区,2014-12-14,本郷,本郷,都立小石川中等教育学校,小石川中等教育学校,5,1,,,https://koko-soccer.com/score/25
2014,新人戦,都高校サッカー新人選手権大会 地区予選 第2地区,2014-12-14,都立江北,江北,都立足立,足立,4,0,,,https://koko-soccer.com/score/25
2014,新人戦,都高校サッカー新人選手権大会 地区予選 第2地区,2014-12-21,日大豊山,日大豊山,都立豊島,豊島,1,0,,,https://koko-soccer.com/score/25
2014,新人戦,都高校サッカー新人選手権大会 地区予選 第2地区,2014-12-21,本郷,本郷,都立江北,江北,0,0,4,1,https://koko-soccer.com/score/25
2014,新人戦,都高校サッカー新人選手権大会 地区予選 第2地区,2014-12-23,日大豊山,日大豊山,本郷,本郷,4,0,,,https://koko-soccer.com/score/25
2014,新人戦,都高校サッカー新人選手権大会 地区予選 第3地区,2014-11-16,都立青山,青山,都立板橋有徳,板橋有徳,2,0,,,https://koko-soccer.com/score/26
2014,新人戦,都高校サッカー新人選手権大会 地区予選 第3地区,2014-11-16,都立白鴎,白鴎,都立北園,北園,2,5,,,https://koko-soccer.com/score/26
2014,新人戦,都高校サッカー新人選手権大会 地区予選 第3地区,2014-11-16,都立広尾,広尾,國學院,国学院,0,2,,,https://koko-soccer.com/score/26
2014,新人戦,都高校サッカー新人選手権大会 地区予選 第3地区,2014-11-16,上野学園,上野学園,都立板橋,板橋,1,6,,,https://koko-soccer.com/score/26
2014,新人戦,都高校サッカー新人選手権大会 地区予選 第3地区,2014-11-16,都立戸山,戸山,都立王子総合,王子総合,2,0,,,https://koko-soccer.com/score/26
2014,新人戦,都高校サッカー新人選手権大会 地区予選 第3地区,2014-11-16,都立上野,上野,聖学院,聖学院,3,1,,,https://koko-soccer.com/score/26
2014,新人戦,都高校サッカー新人選手権大会 地区予選 第3地区,2014-11-23,東京成徳大高,東京成徳大高,都立青山,青山,1,0,,,https://koko-soccer.com/score/26
2014,新人戦,都高校サッカー新人選手権大会 地区予選 第3地区,2014-11-23,淑徳,淑徳,早稲田,早稲田,3,3,,,https://koko-soccer.com/score/26
2014,新人戦,都高校サッカー新人選手権大会 地区予選 第3地区,2014-11-23,都立蔵前工,蔵前工,順天,順天,0,2,,,https://koko-soccer.com/score/26
2014,新人戦,都高校サッカー新人選手権大会 地区予選 第3地区,2014-11-23,渋谷教育学園渋谷,渋谷教育学園渋谷,日本ウェルネス,日本ウェルネス,0,1,,,https://koko-soccer.com/score/26
2014,新人戦,都高校サッカー新人選手権大会 地区予選 第3地区,2014-11-23,都立赤羽商,赤羽商,都立北園,北園,1,0,,,https://koko-soccer.com/score/26
2014,新人戦,都高校サッカー新人選手権大会 地区予選 第3地区,2014-11-23,目白研心,目白研心,海城,海城,1,0,,,https://koko-soccer.com/score/26
2014,新人戦,都高校サッカー新人選手権大会 地区予選 第3地区,2014-11-23,都立飛鳥,飛鳥,成城,成城,0,6,,,https://koko-soccer.com/score/26
2014,新人戦,都高校サッカー新人選手権大会 地区予選 第3地区,2014-11-23,國學院,国学院,帝京,帝京,0,3,,,https://koko-soccer.com/score/26
2014,新人戦,都高校サッカー新人選手権大会 地区予選 第3地区,2014-11-23,芝浦工大高,芝浦工大高,都立板橋,板橋,7,0,,,https://koko-soccer.com/score/26
2014,新人戦,都高校サッカー新人選手権大会 地区予選 第3地区,2014-11-23,都立新宿,新宿,城北,城北,3,1,,,https://koko-soccer.com/score/26
2014,新人戦,都高校サッカー新人選手権大会 地区予選 第3地区,2014-11-23,岩倉,岩倉,都立北豊島工,北豊島工,0,0,,,https://koko-soccer.com/score/26
2014,新人戦,都高校サッカー新人選手権大会 地区予選 第3地区,2014-11-23,都立戸山,戸山,都立大山,大山,1,0,,,https://koko-soccer.com/score/26
2014,新人戦,都高校サッカー新人選手権大会 地区予選 第3地区,2014-11-23,都立高島,高島,青山学院,青山学院,0,1,,,https://koko-soccer.com/score/26
2014,新人戦,都高校サッカー新人選手権大会 地区予選 第3地区,2014-11-23,桜丘,桜丘,第一商,第一商,3,1,,,https://koko-soccer.com/score/26
2014,新人戦,都高校サッカー新人選手権大会 地区予選 第3地区,2014-11-23,武蔵野,武蔵野,大東大一,大東大一,0,4,,,https://koko-soccer.com/score/26
2014,新人戦,都高校サッカー新人選手権大会 地区予選 第3地区,2014-11-23,都立上野,上野,成立学園,成立学園,0,6,,,https://koko-soccer.com/score/26
2014,新人戦,都高校サッカー新人選手権大会 地区予選 第3地区,2014-11-24,東京成徳大高,東京成徳大高,淑徳,淑徳,8,1,,,https://koko-soccer.com/score/26
2014,新人戦,都高校サッカー新人選手権大会 地区予選 第3地区,2014-11-24,順天,順天,日本ウェルネス,日本ウェルネス,0,1,,,https://koko-soccer.com/score/26
2014,新人戦,都高校サッカー新人選手権大会 地区予選 第3地区,2014-11-24,都立赤羽商,赤羽商,目白研心,目白研心,0,1,,,https://koko-soccer.com/score/26
2014,新人戦,都高校サッカー新人選手権大会 地区予選 第3地区,2014-11-24,成城,成城,帝京,帝京,0,1,,,https://koko-soccer.com/score/26
2014,新人戦,都高校サッカー新人選手権大会 地区予選 第3地区,2014-11-24,芝浦工大高,芝浦工大高,都立新宿,新宿,0,2,,,https://koko-soccer.com/score/26
2014,新人戦,都高校サッカー新人選手権大会 地区予選 第3地区,2014-11-24,都立北豊島工,北豊島工,都立戸山,戸山,0,8,,,https://koko-soccer.com/score/26
2014,新人戦,都高校サッカー新人選手権大会 地区予選 第3地区,2014-11-24,青山学院,青山学院,桜丘,桜丘,3,0,,,https://koko-soccer.com/score/26
2014,新人戦,都高校サッカー新人選手権大会 地区予選 第3地区,2014-11-24,大東大一,大東大一,成立学園,成立学園,0,0,5,4,https://koko-soccer.com/score/26
2014,新人戦,都高校サッカー新人選手権大会 地区予選 第3地区,2014-11-30,東京成徳大高,東京成徳大高,日本ウェルネス,日本ウェルネス,0,0,3,4,https://koko-soccer.com/score/26
2014,新人戦,都高校サッカー新人選手権大会 地区予選 第3地区,2014-11-30,目白研心,目白研心,帝京,帝京,0,1,,,https://koko-soccer.com/score/26
2014,新人戦,都高校サッカー新人選手権大会 地区予選 第3地区,2014-11-30,都立新宿,新宿,都立戸山,戸山,2,0,,,https://koko-soccer.com/score/26
2014,新人戦,都高校サッカー新人選手権大会 地区予選 第3地区,2014-11-30,青山学院,青山学院,大東大一,大東大一,2,4,,,https://koko-soccer.com/score/26
2014,新人戦,都高校サッカー新人選手権大会 地区予選 第3地区,2014-12-07,日本ウェルネス,日本ウェルネス,帝京,帝京,0,5,,,https://koko-soccer.com/score/26
2014,新人戦,都高校サッカー新人選手権大会 地区予選 第3地区,2014-12-07,都立新宿,新宿,大東大一,大東大一,0,1,,,https://koko-soccer.com/score/26
2014,新人戦,都高校サッカー新人選手権大会 地区予選 第3地区,2014-12-14,帝京,帝京,大東大一,大東大一,5,0,,,https://koko-soccer.com/score/26
2014,新人戦,都高校サッカー新人選手権大会 地区予選 第4地区,2014-11-16,都立田園調布,田園調布,芝,芝,1,2,,,https://koko-soccer.com/score/27
2014,新人戦,都高校サッカー新人選手権大会 地区予選 第4地区,2014-11-16,都立大田桜台,大田桜台,都立日比谷,日比谷,0,1,,,https://koko-soccer.com/score/27
2014,新人戦,都高校サッカー新人選手権大会 地区予選 第4地区,2014-11-16,都立小山台,小山台,都立大島海洋国際,大島海洋国際,11,1,,,https://koko-soccer.com/score/27
2014,新人戦,都高校サッカー新人選手権大会 地区予選 第4地区,2014-11-16,攻玉社,攻玉社,青稜,青稜,0,1,,,https://koko-soccer.com/score/27
2014,新人戦,都高校サッカー新人選手権大会 地区予選 第4地区,2014-11-16,麻布,麻布,都立芝商業,芝商業,4,0,,,https://koko-soccer.com/score/27
2014,新人戦,都高校サッカー新人選手権大会 地区予選 第4地区,2014-11-16,二松学舎大附,二松学舎大附,都立大崎,大崎,1,0,,,https://koko-soccer.com/score/27
2014,新人戦,都高校サッカー新人選手権大会 地区予選 第4地区,2014-11-23,高輪,高輪,東洋,東洋,1,0,,,https://koko-soccer.com/score/27
2014,新人戦,都高校サッカー新人選手権大会 地区予選 第4地区,2014-11-23,都立三田,三田,正則,正則,0,3,,,https://koko-soccer.com/score/27
2014,新人戦,都高校サッカー新人選手権大会 地区予選 第4地区,2014-11-23,都立八丈,八丈,明治学院,明治学院,1,3,,,https://koko-soccer.com/score/27
2014,新人戦,都高校サッカー新人選手権大会 地区予選 第4地区,2014-11-23,都立美原,美原,立正大立正,立正大立正,0,1,,,https://koko-soccer.com/score/27
2014,新人戦,都高校サッカー新人選手権大会 地区予選 第4地区,2014-11-23,東工大付,東工大付,文教大付,文教大付,5,0,,,https://koko-soccer.com/score/27
2014,新人戦,都高校サッカー新人選手権大会 地区予選 第4地区,2014-11-23,日体荏原,日体荏原,東京,東京,1,0,,,https://koko-soccer.com/score/27
2014,新人戦,都高校サッカー新人選手権大会 地区予選 第4地区,2014-11-23,都立大森,大森,麻布,麻布,1,7,,,https://koko-soccer.com/score/27
2014,新人戦,都高校サッカー新人選手権大会 地区予選 第4地区,2014-11-23,二松学舎大附,二松学舎大附,都立つばさ総合,つばさ総合,0,2,,,https://koko-soccer.com/score/27
2014,新人戦,都高校サッカー新人選手権大会 地区予選 第4地区,2014-11-24,芝,芝,広尾学園,広尾学園,0,0,,,https://koko-soccer.com/score/27
2014,新人戦,都高校サッカー新人選手権大会 地区予選 第4地区,2014-11-24,区立九段中等教育,九段中等教育,都立日比谷,日比谷,1,3,,,https://koko-soccer.com/score/27
2014,新人戦,都高校サッカー新人選手権大会 地区予選 第4地区,2014-11-24,都立蒲田,蒲田,都立小山台,小山台,0,12,,,https://koko-soccer.com/score/27
2014,新人戦,都高校サッカー新人選手権大会 地区予選 第4地区,2014-11-24,大森学園,大森学園,東海大高輪台,東海大高輪台,0,2,,,https://koko-soccer.com/score/27
2014,新人戦,都高校サッカー新人選手権大会 地区予選 第4地区,2014-11-24,東京実,東京実,都立八潮,八潮,11,0,,,https://koko-soccer.com/score/27
2014,新人戦,都高校サッカー新人選手権大会 地区予選 第4地区,2014-11-24,青稜,青稜,朋優学院,朋優学院,2,1,,,https://koko-soccer.com/score/27
2014,新人戦,都高校サッカー新人選手権大会 地区予選 第4地区,2014-11-24,錦城学園,錦城学園,正則学園,正則学園,0,4,,,https://koko-soccer.com/score/27
2014,新人戦,都高校サッカー新人選手権大会 地区予選 第4地区,2014-11-24,都立雪谷,雪谷,暁星高等学校,暁星,1,3,,,https://koko-soccer.com/score/27
2014,新人戦,都高校サッカー新人選手権大会 地区予選 第4地区,2014-11-30,高輪,高輪,正則,正則,5,0,,,https://koko-soccer.com/score/27
2014,新人戦,都高校サッカー新人選手権大会 地区予選 第4地区,2014-11-30,芝,芝,明治学院,明治学院,0,1,,,https://koko-soccer.com/score/27
2014,新人戦,都高校サッカー新人選手権大会 地区予選 第4地区,2014-11-30,立正大立正,立正大立正,都立日比谷,日比谷,5,0,,,https://koko-soccer.com/score/27
2014,新人戦,都高校サッカー新人選手権大会 地区予選 第4地区,2014-11-30,都立小山台,小山台,東海大高輪台,東海大高輪台,0,9,,,https://koko-soccer.com/score/27
2014,新人戦,都高校サッカー新人選手権大会 地区予選 第4地区,2014-11-30,東京実,東京実,東工大付,東工大付,5,0,,,https://koko-soccer.com/score/27
2014,新人戦,都高校サッカー新人選手権大会 地区予選 第4地区,2014-11-30,青稜,青稜,正則学園,正則学園,2,0,,,https://koko-soccer.com/score/27
2014,新人戦,都高校サッカー新人選手権大会 地区予選 第4地区,2014-11-30,日体荏原,日体荏原,麻布,麻布,3,0,,,https://koko-soccer.com/score/27
2014,新人戦,都高校サッカー新人選手権大会 地区予選 第4地区,2014-11-30,都立つばさ総合,つばさ総合,暁星高等学校,暁星,1,6,,,https://koko-soccer.com/score/27
2014,新人戦,都高校サッカー新人選手権大会 地区予選 第4地区,2014-12-21,高輪,高輪,明治学院,明治学院,2,0,,,https://koko-soccer.com/score/27
2014,新人戦,都高校サッカー新人選手権大会 地区予選 第4地区,2014-12-21,立正大立正,立正大立正,東海大高輪台,東海大高輪台,0,2,,,https://koko-soccer.com/score/27
2014,新人戦,都高校サッカー新人選手権大会 地区予選 第4地区,2014-12-21,東京実,東京実,青稜,青稜,3,0,,,https://koko-soccer.com/score/27
2014,新人戦,都高校サッカー新人選手権大会 地区予選 第4地区,2014-12-21,日体荏原,日体荏原,暁星高等学校,暁星,0,3,,,https://koko-soccer.com/score/27
2014,新人戦,都高校サッカー新人選手権大会 地区予選 第4地区,2014-12-23,高輪,高輪,東海大高輪台,東海大高輪台,0,2,,,https://koko-soccer.com/score/27
2014,新人戦,都高校サッカー新人選手権大会 地区予選 第4地区,2014-12-23,東京実,東京実,暁星高等学校,暁星,0,0,1,3,https://koko-soccer.com/score/27
2014,新人戦,都高校サッカー新人選手権大会 地区予選 第4地区,2015-01-18,東海大高輪台,東海大高輪台,暁星高等学校,暁星,2,1,,,https://koko-soccer.com/score/27
2014,新人戦,都高校サッカー新人選手権大会 地区予選 第5地区,2014-11-16,東大附,東大附属,都立杉並総合,杉並総合,4,2,,,https://koko-soccer.com/score/28
2014,新人戦,都高校サッカー新人選手権大会 地区予選 第5地区,2014-11-16,都立杉並工,杉並工,杉並学院,杉並学院,0,5,,,https://koko-soccer.com/score/28
2014,新人戦,都高校サッカー新人選手権大会 地区予選 第5地区,2014-11-16,都立田無工,田無工,都立杉並,杉並,0,1,,,https://koko-soccer.com/score/28
2014,新人戦,都高校サッカー新人選手権大会 地区予選 第5地区,2014-11-16,宝仙学園,宝仙学園,都立練馬工,練馬工,3,0,,,https://koko-soccer.com/score/28
2014,新人戦,都高校サッカー新人選手権大会 地区予選 第5地区,2014-11-16,都立井草,井草,中大杉並,中大杉並,0,5,,,https://koko-soccer.com/score/28
2014,新人戦,都高校サッカー新人選手権大会 地区予選 第5地区,2014-11-16,都立大泉,大泉,都立練馬,練馬,4,0,,,https://koko-soccer.com/score/28
2014,新人戦,都高校サッカー新人選手権大会 地区予選 第5地区,2014-11-16,佼成学園,佼成学園,日大二,日大二,1,4,,,https://koko-soccer.com/score/28
2014,新人戦,都高校サッカー新人選手権大会 地区予選 第5地区,2014-11-16,都立石神井,石神井,都立中野工,中野工,6,0,,,https://koko-soccer.com/score/28
2014,新人戦,都高校サッカー新人選手権大会 地区予選 第5地区,2014-11-16,日大鶴ヶ丘,日大鶴ヶ丘,都立光丘,光丘,2,1,,,https://koko-soccer.com/score/28
2014,新人戦,都高校サッカー新人選手権大会 地区予選 第5地区,2014-11-16,東京立正,東京立正,都立田柄,田柄,0,0,3,5,https://koko-soccer.com/score/28
2014,新人戦,都高校サッカー新人選手権大会 地区予選 第5地区,2014-11-16,早大学院,早大学院,都立保谷,保谷,1,2,,,https://koko-soccer.com/score/28
2014,新人戦,都高校サッカー新人選手権大会 地区予選 第5地区,2014-11-16,都立武蔵丘,武蔵丘,都立第四商,第四商,7,0,,,https://koko-soccer.com/score/28
2014,新人戦,都高校サッカー新人選手権大会 地区予選 第5地区,2014-11-23,明大中野,明大中野,東大附,東大附属,2,2,,,https://koko-soccer.com/score/28
2014,新人戦,都高校サッカー新人選手権大会 地区予選 第5地区,2014-11-23,都立豊多摩,豊多摩,都立田無,田無,1,1,,,https://koko-soccer.com/score/28
2014,新人戦,都高校サッカー新人選手権大会 地区予選 第5地区,2014-11-23,学芸大国際,学芸大国際,都立富士,富士,1,0,,,https://koko-soccer.com/score/28
2014,新人戦,都高校サッカー新人選手権大会 地区予選 第5地区,2014-11-23,杉並学院,杉並学院,専修大附,専修大附,1,1,,,https://koko-soccer.com/score/28
2014,新人戦,都高校サッカー新人選手権大会 地区予選 第5地区,2014-11-23,東亜学園,東亜学園,武蔵,武蔵,0,1,,,https://koko-soccer.com/score/28
2014,新人戦,都高校サッカー新人選手権大会 地区予選 第5地区,2014-11-23,都立杉並,杉並,都立西,西,2,6,,,https://koko-soccer.com/score/28
2014,新人戦,都高校サッカー新人選手権大会 地区予選 第5地区,2014-11-23,都立鷺宮,鷺宮,都立武蔵丘,武蔵丘,1,3,,,https://koko-soccer.com/score/28
2014,新人戦,都高校サッカー新人選手権大会 地区予選 第5地区,2014-11-23,宝仙学園,宝仙学園,中大杉並,中大杉並,0,7,,,https://koko-soccer.com/score/28
2014,新人戦,都高校サッカー新人選手権大会 地区予選 第5地区,2014-11-23,日大二,日大二,都立大泉,大泉,1,1,,,https://koko-soccer.com/score/28
2014,新人戦,都高校サッカー新人選手権大会 地区予選 第5地区,2014-11-23,都立石神井,石神井,日大鶴ヶ丘,日大鶴ヶ丘,2,0,,,https://koko-soccer.com/score/28
2014,新人戦,都高校サッカー新人選手権大会 地区予選 第5地区,2014-11-23,都立田柄,田柄,都立保谷,保谷,0,6,,,https://koko-soccer.com/score/28
2014,新人戦,都高校サッカー新人選手権大会 地区予選 第5地区,2014-11-24,明大中野,明大中野,都立田無,田無,2,0,,,https://koko-soccer.com/score/28
2014,新人戦,都高校サッカー新人選手権大会 地区予選 第5地区,2014-11-24,学芸大国際,学芸大国際,杉並学院,杉並学院,4,1,,,https://koko-soccer.com/score/28
2014,新人戦,都高校サッカー新人選手権大会 地区予選 第5地区,2014-11-24,武蔵,武蔵,都立西,西,3,1,,,https://koko-soccer.com/score/28
2014,新人戦,都高校サッカー新人選手権大会 地区予選 第5地区,2014-12-14,明大中野,明大中野,中大杉並,中大杉並,2,0,,,https://koko-soccer.com/score/28
2014,新人戦,都高校サッカー新人選手権大会 地区予選 第5地区,2014-12-14,都立大泉,大泉,学芸大国際,学芸大国際,0,1,,,https://koko-soccer.com/score/28
2014,新人戦,都高校サッカー新人選手権大会 地区予選 第5地区,2014-12-14,都立石神井,石神井,都立保谷,保谷,2,0,,,https://koko-soccer.com/score/28
2014,新人戦,都高校サッカー新人選手権大会 地区予選 第5地区,2014-12-14,都立武蔵丘,武蔵丘,都立武蔵,都立武蔵,0,1,,,https://koko-soccer.com/score/28
2014,新人戦,都高校サッカー新人選手権大会 地区予選 第5地区,2014-12-21,明大中野,明大中野,学芸大国際,学芸大国際,2,0,,,https://koko-soccer.com/score/28
2014,新人戦,都高校サッカー新人選手権大会 地区予選 第5地区,2014-12-21,都立石神井,石神井,武蔵,武蔵,1,2,,,https://koko-soccer.com/score/28
2014,新人戦,都高校サッカー新人選手権大会 地区予選 第5地区,2014-12-23,明大中野,明大中野,武蔵,武蔵,0,3,,,https://koko-soccer.com/score/28
2014,新人戦,都高校サッカー新人選手権大会 地区予選 第6地区,2014-11-16,東京学芸大附,東京学芸大附,都立町田総合,町田総合,5,0,,,https://koko-soccer.com/score/29
2014,新人戦,都高校サッカー新人選手権大会 地区予選 第6地区,2014-11-16,目黒学院,目黒学院,日工大駒場,日工大駒場,0,5,,,https://koko-soccer.com/score/29
2014,新人戦,都高校サッカー新人選手権大会 地区予選 第6地区,2014-11-16,玉川学園,玉川学園,都立町田,町田,1,2,,,https://koko-soccer.com/score/29
2014,新人戦,都高校サッカー新人選手権大会 地区予選 第6地区,2014-11-16,都立松原,松原,東京学園,東京学園,6,0,,,https://koko-soccer.com/score/29
2014,新人戦,都高校サッカー新人選手権大会 地区予選 第6地区,2014-11-23,都立目黒,目黒,都立国際,国際,4,2,,,https://koko-soccer.com/score/29
2014,新人戦,都高校サッカー新人選手権大会 地区予選 第6地区,2014-11-23,日本学園,日本学園,東京学芸大附,東京学芸大附,7,1,,,https://koko-soccer.com/score/29
2014,新人戦,都高校サッカー新人選手権大会 地区予選 第6地区,2014-11-23,都立世田谷総合,世田谷総合,都立芦花,芦花,0,0,,,https://koko-soccer.com/score/29
2014,新人戦,都高校サッカー新人選手権大会 地区予選 第6地区,2014-11-23,桜美林,桜美林,都立狛江,狛江,0,3,,,https://koko-soccer.com/score/29
2014,新人戦,都高校サッカー新人選手権大会 地区予選 第6地区,2014-11-23,都立千歳丘,千歳丘,都立桜修館,桜修館中等,2,3,,,https://koko-soccer.com/score/29
2014,新人戦,都高校サッカー新人選手権大会 地区予選 第6地区,2014-11-23,日大桜丘,日大櫻丘,都立若葉総合,若葉総合,10,3,,,https://koko-soccer.com/score/29
2014,新人戦,都高校サッカー新人選手権大会 地区予選 第6地区,2014-11-23,都立山崎,山崎,都立深沢,深沢,0,0,,,https://koko-soccer.com/score/29
2014,新人戦,都高校サッカー新人選手権大会 地区予選 第6地区,2014-11-23,世田谷学園,世田谷学園,駒場東邦,駒場東邦,0,1,,,https://koko-soccer.com/score/29
2014,新人戦,都高校サッカー新人選手権大会 地区予選 第6地区,2014-11-23,成城学園,成城学園,都立町田,町田,0,2,,,https://koko-soccer.com/score/29
2014,新人戦,都高校サッカー新人選手権大会 地区予選 第6地区,2014-11-23,大東学園,大東学園,日出,日出,2,0,,,https://koko-soccer.com/score/29
2014,新人戦,都高校サッカー新人選手権大会 地区予選 第6地区,2014-11-23,和光,和光,都立成瀬,成瀬,1,0,,,https://koko-soccer.com/score/29
2014,新人戦,都高校サッカー新人選手権大会 地区予選 第6地区,2014-11-23,都立松原,松原,日大三,日大三,1,0,,,https://koko-soccer.com/score/29
2014,新人戦,都高校サッカー新人選手権大会 地区予選 第6地区,2014-11-23,都立桜町,桜町,都立小川,小川,1,1,,,https://koko-soccer.com/score/29
2014,新人戦,都高校サッカー新人選手権大会 地区予選 第6地区,2014-11-23,都立総合工科,総合工科,筑波大駒場,筑波大駒場,1,0,,,https://koko-soccer.com/score/29
2014,新人戦,都高校サッカー新人選手権大会 地区予選 第6地区,2014-11-23,東京都市大等々力,東京都市大等々力,駒場学園,駒場学園,1,8,,,https://koko-soccer.com/score/29
2014,新人戦,都高校サッカー新人選手権大会 地区予選 第6地区,2014-11-24,東京都市大付,都市大付,日工大駒場,日工大駒場,3,3,5,3,https://koko-soccer.com/score/29
2014,新人戦,都高校サッカー新人選手権大会 地区予選 第6地区,2014-11-24,都立目黒,目黒,多摩大目黒,多摩大学目黒,0,4,,,https://koko-soccer.com/score/29
2014,新人戦,都高校サッカー新人選手権大会 地区予選 第6地区,2014-11-30,日本学園,日本学園,都立芦花,芦花,6,0,,,https://koko-soccer.com/score/29
2014,新人戦,都高校サッカー新人選手権大会 地区予選 第6地区,2014-11-30,都立狛江,狛江,都立桜修館,桜修館中等,0,1,,,https://koko-soccer.com/score/29
2014,新人戦,都高校サッカー新人選手権大会 地区予選 第6地区,2014-11-30,東京都市大付,都市大付,日大桜丘,日大櫻丘,2,1,,,https://koko-soccer.com/score/29
2014,新人戦,都高校サッカー新人選手権大会 地区予選 第6地区,2014-11-30,都立深沢,深沢,駒場東邦,駒場東邦,0,3,,,https://koko-soccer.com/score/29
2014,新人戦,都高校サッカー新人選手権大会 地区予選 第6地区,2014-11-30,都立町田,町田,大東学園,大東学園,1,0,,,https://koko-soccer.com/score/29
2014,新人戦,都高校サッカー新人選手権大会 地区予選 第6地区,2014-11-30,和光,和光,都立松原,松原,2,1,,,https://koko-soccer.com/score/29
2014,新人戦,都高校サッカー新人選手権大会 地区予選 第6地区,2014-11-30,多摩大目黒,多摩大学目黒,都立桜町,桜町,2,0,,,https://koko-soccer.com/score/29
2014,新人戦,都高校サッカー新人選手権大会 地区予選 第6地区,2014-11-30,都立総合工科,総合工科,駒場学園,駒場学園,0,5,,,https://koko-soccer.com/score/29
2014,新人戦,都高校サッカー新人選手権大会 地区予選 第6地区,2014-12-14,日本学園,日本学園,都立桜修館,桜修館中等,1,0,,,https://koko-soccer.com/score/29
2014,新人戦,都高校サッカー新人選手権大会 地区予選 第6地区,2014-12-14,東京都市大付,都市大付,駒場東邦,駒場東邦,2,2,5,4,https://koko-soccer.com/score/29
2014,新人戦,都高校サッカー新人選手権大会 地区予選 第6地区,2014-12-14,都立町田,町田,和光,和光,0,0,5,6,https://koko-soccer.com/score/29
2014,新人戦,都高校サッカー新人選手権大会 地区予選 第6地区,2014-12-14,多摩大目黒,多摩大学目黒,駒場学園,駒場学園,1,0,,,https://koko-soccer.com/score/29
2014,新人戦,都高校サッカー新人選手権大会 地区予選 第6地区,2014-12-21,日本学園,日本学園,東京都市大付,都市大付,3,0,,,https://koko-soccer.com/score/29
2014,新人戦,都高校サッカー新人選手権大会 地区予選 第6地区,2014-12-21,和光,和光,多摩大目黒,多摩大学目黒,1,4,,,https://koko-soccer.com/score/29
2014,新人戦,都高校サッカー新人選手権大会 地区予選 第6地区,2014-12-23,日本学園,日本学園,多摩大目黒,多摩大学目黒,2,1,,,https://koko-soccer.com/score/29
2014,新人戦,都高校サッカー新人選手権大会 地区予選 第7地区,2014-12-23,都立国立,国立,都立日野台,日野台,1,1,4,3,https://koko-soccer.com/score/30
2014,新人戦,都高校サッカー新人選手権大会 地区予選 第7地区,2014-11-16,都立南平,南平,都立永山,永山,2,1,,,https://koko-soccer.com/score/30
2014,新人戦,都高校サッカー新人選手権大会 地区予選 第7地区,2014-11-16,都立調布北,調布北,都立八王子北,八王子北,1,1,5,4,https://koko-soccer.com/score/30
2014,新人戦,都高校サッカー新人選手権大会 地区予選 第7地区,2014-11-16,都立神代,神代,明星学園,明星学園,3,2,,,https://koko-soccer.com/score/30
2014,新人戦,都高校サッカー新人選手権大会 地区予選 第7地区,2014-11-16,八王子,八王子,都立府中西,府中西,3,1,,,https://koko-soccer.com/score/30
2014,新人戦,都高校サッカー新人選手権大会 地区予選 第7地区,2014-11-16,都立府中工,府中工科,法政大高,法政大高,0,15,,,https://koko-soccer.com/score/30
2014,新人戦,都高校サッカー新人選手権大会 地区予選 第7地区,2014-11-16,都立府中,府中,聖パウロ学園,聖パウロ学園,20,0,,,https://koko-soccer.com/score/30
2014,新人戦,都高校サッカー新人選手権大会 地区予選 第7地区,2014-11-23,都立片倉,片倉,都立南平,南平,5,0,,,https://koko-soccer.com/score/30
2014,新人戦,都高校サッカー新人選手権大会 地区予選 第7地区,2014-11-23,多摩大聖ヶ丘,多摩大聖ヶ丘,昭和一,昭和一,0,1,,,https://koko-soccer.com/score/30
2014,新人戦,都高校サッカー新人選手権大会 地区予選 第7地区,2014-11-23,都立国立,国立,都立日野,日野,3,0,,,https://koko-soccer.com/score/30
2014,新人戦,都高校サッカー新人選手権大会 地区予選 第7地区,2014-11-23,工学院大附,工学院大附,明星,明星,1,1,5,6,https://koko-soccer.com/score/30
2014,新人戦,都高校サッカー新人選手権大会 地区予選 第7地区,2014-11-23,都立調布南,調布南,都立調布北,調布北,4,0,,,https://koko-soccer.com/score/30
2014,新人戦,都高校サッカー新人選手権大会 地区予選 第7地区,2014-11-23,穎明館,穎明館,明大明治,明大明治,0,1,,,https://koko-soccer.com/score/30
2014,新人戦,都高校サッカー新人選手権大会 地区予選 第7地区,2014-11-23,都立翔陽,翔陽,帝京大高,帝京大高,1,4,,,https://koko-soccer.com/score/30
2014,新人戦,都高校サッカー新人選手権大会 地区予選 第7地区,2014-11-23,都立神代,神代,桐朋,桐朋,1,5,,,https://koko-soccer.com/score/30
2014,新人戦,都高校サッカー新人選手権大会 地区予選 第7地区,2014-11-23,大成,大成,八王子,八王子,4,1,,,https://koko-soccer.com/score/30
2014,新人戦,都高校サッカー新人選手権大会 地区予選 第7地区,2014-11-23,都立南多摩,南多摩,明大中野八王子,明大中野八王子,1,10,,,https://koko-soccer.com/score/30
2014,新人戦,都高校サッカー新人選手権大会 地区予選 第7地区,2014-11-23,都立府中東,府中東,帝京八王子,帝京八王子,3,1,,,https://koko-soccer.com/score/30
2014,新人戦,都高校サッカー新人選手権大会 地区予選 第7地区,2014-11-23,法政大高,法政大高,都立八王子東,八王子東,3,3,3,1,https://koko-soccer.com/score/30
2014,新人戦,都高校サッカー新人選手権大会 地区予選 第7地区,2014-11-23,都立松が谷,松が谷,八王子実践,八王子実践,2,0,,,https://koko-soccer.com/score/30
2014,新人戦,都高校サッカー新人選手権大会 地区予選 第7地区,2014-11-23,都立立川国際中等教育学校,立川国際中等教育学校,都立立川,立川,1,0,,,https://koko-soccer.com/score/30
2014,新人戦,都高校サッカー新人選手権大会 地区予選 第7地区,2014-11-23,都立富士森,富士森,都立八王子桑志,八王子桑志,3,0,,,https://koko-soccer.com/score/30
2014,新人戦,都高校サッカー新人選手権大会 地区予選 第7地区,2014-11-23,都立府中,府中,都立日野台,日野台,0,2,,,https://koko-soccer.com/score/30
2014,新人戦,都高校サッカー新人選手権大会 地区予選 第7地区,2014-11-24,都立片倉,片倉,昭和一,昭和一,1,0,,,https://koko-soccer.com/score/30
2014,新人戦,都高校サッカー新人選手権大会 地区予選 第7地区,2014-11-24,都立国立,国立,明星,明星,2,0,,,https://koko-soccer.com/score/30
2014,新人戦,都高校サッカー新人選手権大会 地区予選 第7地区,2014-11-24,都立調布南,調布南,明大明治,明大明治,0,0,5,4,https://koko-soccer.com/score/30
2014,新人戦,都高校サッカー新人選手権大会 地区予選 第7地区,2014-11-24,帝京大高,帝京大高,桐朋,桐朋,0,1,,,https://koko-soccer.com/score/30
2014,新人戦,都高校サッカー新人選手権大会 地区予選 第7地区,2014-11-24,大成,大成,明大中野八王子,明大中野八王子,1,0,,,https://koko-soccer.com/score/30
2014,新人戦,都高校サッカー新人選手権大会 地区予選 第7地区,2014-11-24,都立府中東,府中東,法政大高,法政大高,3,1,,,https://koko-soccer.com/score/30
2014,新人戦,都高校サッカー新人選手権大会 地区予選 第7地区,2014-11-24,都立松が谷,松が谷,都立立川国際中等教育学校,立川国際中等教育学校,0,0,5,4,https://koko-soccer.com/score/30
2014,新人戦,都高校サッカー新人選手権大会 地区予選 第7地区,2014-11-24,都立富士森,富士森,都立日野台,日野台,0,1,,,https://koko-soccer.com/score/30
2014,新人戦,都高校サッカー新人選手権大会 地区予選 第7地区,2014-12-14,都立片倉,片倉,都立国立,国立,0,4,,,https://koko-soccer.com/score/30
2014,新人戦,都高校サッカー新人選手権大会 地区予選 第7地区,2014-12-14,都立調布南,調布南,桐朋,桐朋,2,1,,,https://koko-soccer.com/score/30
2014,新人戦,都高校サッカー新人選手権大会 地区予選 第7地区,2014-12-14,大成,大成,都立府中東,府中東,5,0,,,https://koko-soccer.com/score/30
2014,新人戦,都高校サッカー新人選手権大会 地区予選 第7地区,2014-12-14,都立松が谷,松が谷,都立日野台,日野台,2,3,,,https://koko-soccer.com/score/30
2014,新人戦,都高校サッカー新人選手権大会 地区予選 第7地区,2014-12-21,都立国立,国立,都立調布南,調布南,1,2,,,https://koko-soccer.com/score/30
2014,新人戦,都高校サッカー新人選手権大会 地区予選 第7地区,2014-12-21,大成,大成,都立日野台,日野台,4,1,,,https://koko-soccer.com/score/30
2014,新人戦,都高校サッカー新人選手権大会 地区予選 第7地区,2014-12-23,都立調布南,調布南,大成,大成,1,2,,,https://koko-soccer.com/score/30
2014,新人戦,都高校サッカー新人選手権大会 地区予選 第8地区,2014-11-16,国際基督教大高,国際基督教大高,明学東村山,明治学院東村山,0,1,,,https://koko-soccer.com/score/31
2014,新人戦,都高校サッカー新人選手権大会 地区予選 第8地区,2014-11-16,都立拝島,拝島,都立東村山,東村山,4,0,,,https://koko-soccer.com/score/31
2014,新人戦,都高校サッカー新人選手権大会 地区予選 第8地区,2014-11-16,中大附,中大附属,都立多摩科学技術,多摩科学技術,5,0,,,https://koko-soccer.com/score/31
2014,新人戦,都高校サッカー新人選手権大会 地区予選 第8地区,2014-11-23,成蹊,成蹊,明学東村山,明治学院東村山,0,2,,,https://koko-soccer.com/score/31
2014,新人戦,都高校サッカー新人選手権大会 地区予選 第8地区,2014-11-23,都立武蔵野北,武蔵野北,都立昭和,昭和,2,0,,,https://koko-soccer.com/score/31
2014,新人戦,都高校サッカー新人選手権大会 地区予選 第8地区,2014-11-23,都立秋留台,秋留台,都立武蔵,都立武蔵,0,2,,,https://koko-soccer.com/score/31
2014,新人戦,都高校サッカー新人選手権大会 地区予選 第8地区,2014-11-23,都立小平西,小平西,早稲田実業,早稲田実業,0,8,,,https://koko-soccer.com/score/31
2014,新人戦,都高校サッカー新人選手権大会 地区予選 第8地区,2014-11-23,明法,明法,都立久留米西,久留米西,2,0,,,https://koko-soccer.com/score/31
2014,新人戦,都高校サッカー新人選手権大会 地区予選 第8地区,2014-11-23,都立上水,上水,都立小平,小平,0,3,,,https://koko-soccer.com/score/31
2014,新人戦,都高校サッカー新人選手権大会 地区予選 第8地区,2014-11-23,都立清瀬,清瀬,都立小金井北,小金井北,0,0,,,https://koko-soccer.com/score/31
2014,新人戦,都高校サッカー新人選手権大会 地区予選 第8地区,2014-11-23,東京電機大高,東京電機大学,都立東大和南,東大和南,0,2,,,https://koko-soccer.com/score/31
2014,新人戦,都高校サッカー新人選手権大会 地区予選 第8地区,2014-11-23,錦城,錦城,都立拝島,拝島,1,1,,,https://koko-soccer.com/score/31
2014,新人戦,都高校サッカー新人選手権大会 地区予選 第8地区,2014-11-23,創価,創価,都立羽村,羽村,5,1,,,https://koko-soccer.com/score/31
2014,新人戦,都高校サッカー新人選手権大会 地区予選 第8地区,2014-11-23,都立小平南,小平南,都立武蔵村山,武蔵村山,0,1,,,https://koko-soccer.com/score/31
2014,新人戦,都高校サッカー新人選手権大会 地区予選 第8地区,2014-11-23,都立東村山西,東村山西,拓大一高,拓大一高,0,0,,,https://koko-soccer.com/score/31
2014,新人戦,都高校サッカー新人選手権大会 地区予選 第8地区,2014-11-23,都立国分寺,国分寺,都立五日市,五日市,17,0,,,https://koko-soccer.com/score/31
2014,新人戦,都高校サッカー新人選手権大会 地区予選 第8地区,2014-11-23,都立多摩,多摩,聖徳学園,聖徳学園,1,1,,,https://koko-soccer.com/score/31
2014,新人戦,都高校サッカー新人選手権大会 地区予選 第8地区,2014-11-23,都立福生,福生,都立青梅総合,青梅総合,6,0,,,https://koko-soccer.com/score/31
2014,新人戦,都高校サッカー新人選手権大会 地区予選 第8地区,2014-11-23,中大附,中大附属,都立東大和,東大和,0,1,,,https://koko-soccer.com/score/31
2014,新人戦,都高校サッカー新人選手権大会 地区予選 第8地区,2014-11-24,明学東村山,明治学院東村山,都立武蔵野北,武蔵野北,2,3,,,https://koko-soccer.com/score/31
2014,新人戦,都高校サッカー新人選手権大会 地区予選 第8地区,2014-11-24,都立武蔵,都立武蔵,早稲田実業,早稲田実業,0,6,,,https://koko-soccer.com/score/31
2014,新人戦,都高校サッカー新人選手権大会 地区予選 第8地区,2014-11-24,明法,明法,都立小平,小平,6,0,,,https://koko-soccer.com/score/31
2014,新人戦,都高校サッカー新人選手権大会 地区予選 第8地区,2014-11-24,都立小金井北,小金井北,都立東大和南,東大和南,1,0,,,https://koko-soccer.com/score/31
2014,新人戦,都高校サッカー新人選手権大会 地区予選 第8地区,2014-11-24,都立拝島,拝島,創価,創価,0,1,,,https://koko-soccer.com/score/31
2014,新人戦,都高校サッカー新人選手権大会 地区予選 第8地区,2014-11-24,都立武蔵村山,武蔵村山,拓大一高,拓大一高,0,1,,,https://koko-soccer.com/score/31
2014,新人戦,都高校サッカー新人選手権大会 地区予選 第8地区,2014-11-24,都立国分寺,国分寺,聖徳学園,聖徳学園,7,0,,,https://koko-soccer.com/score/31
2014,新人戦,都高校サッカー新人選手権大会 地区予選 第8地区,2014-11-24,都立福生,福生,都立東大和,東大和,0,2,,,https://koko-soccer.com/score/31
2014,新人戦,都高校サッカー新人選手権大会 地区予選 第8地区,2014-12-14,都立武蔵野北,武蔵野北,早稲田実業,早稲田実業,1,1,4,5,https://koko-soccer.com/score/31
2014,新人戦,都高校サッカー新人選手権大会 地区予選 第8地区,2014-12-14,明法,明法,都立小金井北,小金井北,1,0,,,https://koko-soccer.com/score/31
2014,新人戦,都高校サッカー新人選手権大会 地区予選 第8地区,2014-12-14,創価,創価,拓大一高,拓大一高,0,0,2,4,https://koko-soccer.com/score/31
2014,新人戦,都高校サッカー新人選手権大会 地区予選 第8地区,2014-12-14,都立国分寺,国分寺,都立東大和,東大和,0,1,,,https://koko-soccer.com/score/31
2014,新人戦,都高校サッカー新人選手権大会 地区予選 第8地区,2014-12-21,早稲田実業,早稲田実業,明法,明法,1,0,,,https://koko-soccer.com/score/31
2014,新人戦,都高校サッカー新人選手権大会 地区予選 第8地区,2014-12-21,拓大一,拓大一,都立東大和,東大和,2,2,4,3,https://koko-soccer.com/score/31
2014,新人戦,都高校サッカー新人選手権大会 地区予選 第8地区,2014-12-23,早稲田実業,早稲田実業,拓大一高,拓大一高,2,0,,,https://koko-soccer.com/score/31
2014,総体,都高等学校総合体育大会 二次予選,2014-06-07,国士舘,国士舘,多摩大目黒,多摩大学目黒,2,1,,,https://koko-soccer.com/score/14
2014,総体,都高等学校総合体育大会 二次予選,2014-06-07,関東一,関東第一,修徳,修徳,3,2,,,https://koko-soccer.com/score/14
2014,総体,都高等学校総合体育大会 二次予選,2014-06-07,東海大高輪台,東海大高輪台,都立野津田,野津田,3,3,3,4,https://koko-soccer.com/score/14
2014,総体,都高等学校総合体育大会 二次予選,2014-06-14,國學院久我山,国学院久我山,国士舘,国士舘,0,1,,,https://koko-soccer.com/score/14
2014,総体,都高等学校総合体育大会 二次予選,2014-06-14,暁星高等学校,暁星,成立学園,成立学園,3,6,,,https://koko-soccer.com/score/14
2014,総体,都高等学校総合体育大会 二次予選,2014-06-15,駒澤大学高等学校,駒澤大高,関東一,関東第一,1,0,,,https://koko-soccer.com/score/14
2014,総体,都高等学校総合体育大会 二次予選,2014-06-15,都立野津田,野津田,都立駒場,駒場,2,4,,,https://koko-soccer.com/score/14
2014,総体,都高等学校総合体育大会 二次予選,2014-06-21,国士舘,国士舘,成立学園,成立学園,0,1,,,https://koko-soccer.com/score/14
2014,総体,都高等学校総合体育大会 二次予選,2014-06-21,駒澤大学高等学校,駒澤大高,都立駒場,駒場,1,0,,,https://koko-soccer.com/score/14
2014,総体,都高等学校総合体育大会 二次予選,2014-06-22,成立学園,成立学園,駒澤大学高等学校,駒澤大高,1,2,,,https://koko-soccer.com/score/14
2014,総体,都高等学校総合体育大会 一次予選,2014-05-10,都立葛飾総合,葛飾総合,東工大付,東工大付,2,3,,,https://koko-soccer.com/score/12
2014,総体,都高等学校総合体育大会 一次予選,2014-05-10,都立城東,城東,中大附,中大附属,1,1,3,5,https://koko-soccer.com/score/12
2014,総体,都高等学校総合体育大会 一次予選,2014-05-10,正則学園,正則学園,本郷,本郷,4,1,,,https://koko-soccer.com/score/12
2014,総体,都高等学校総合体育大会 一次予選,2014-05-11,国士舘,国士舘,学習院,学習院,5,0,,,https://koko-soccer.com/score/12
2014,総体,都高等学校総合体育大会 一次予選,2014-05-11,八王子,八王子,淑徳,淑徳,2,3,,,https://koko-soccer.com/score/12
2014,総体,都高等学校総合体育大会 一次予選,2014-05-11,都立小松川,小松川,武蔵,武蔵,0,1,,,https://koko-soccer.com/score/12
2014,総体,都高等学校総合体育大会 一次予選,2014-05-11,都立国分寺,国分寺,都立保谷,保谷,2,1,,,https://koko-soccer.com/score/12
2014,総体,都高等学校総合体育大会 一次予選,2014-05-11,大成,大成,多摩大目黒,多摩大学目黒,0,1,,,https://koko-soccer.com/score/12
2014,総体,都高等学校総合体育大会 一次予選,2014-05-11,都立調布北,調布北,東京朝鮮中高級学校,東京朝鮮中高級学校,0,5,,,https://koko-soccer.com/score/12
2014,総体,都高等学校総合体育大会 一次予選,2014-05-11,暁星高等学校,暁星,都立北園,北園,5,2,,,https://koko-soccer.com/score/12
2014,総体,都高等学校総合体育大会 一次予選,2014-05-11,東農大一,農大一,実践学園,実践学園,0,4,,,https://koko-soccer.com/score/12
2014,総体,都高等学校総合体育大会 一次予選,2014-05-11,明大中野八王子,明大中野八王子,都立江北,江北,2,1,,,https://koko-soccer.com/score/12
2014,総体,都高等学校総合体育大会 一次予選,2014-05-11,都立松が谷,松が谷,郁文館,郁文館,1,2,,,https://koko-soccer.com/score/12
2014,総体,都高等学校総合体育大会 一次予選,2014-05-11,高輪,高輪,都立日野台,日野台,0,0,,,https://koko-soccer.com/score/12
2014,総体,都高等学校総合体育大会 一次予選,2014-05-11,かえつ有明,かえつ有明,専修大附,専修大附,4,1,,,https://koko-soccer.com/score/12
2014,総体,都高等学校総合体育大会 一次予選,2014-05-11,関東一,関東第一,都立三鷹,三鷹,1,0,,,https://koko-soccer.com/score/12
2014,総体,都高等学校総合体育大会 一次予選,2014-05-11,都立大泉,大泉,堀越,堀越,1,6,,,https://koko-soccer.com/score/12
2014,総体,都高等学校総合体育大会 一次予選,2014-05-11,駿台学園,駿台学園,早稲田実業,早稲田実業,1,0,,,https://koko-soccer.com/score/12
2014,総体,都高等学校総合体育大会 一次予選,2014-05-11,都立田無,田無,東海大菅生,東海大菅生,0,6,,,https://koko-soccer.com/score/12
2014,総体,都高等学校総合体育大会 一次予選,2014-05-11,東海大高輪台,東海大高輪台,青山学院,青山学院,3,0,,,https://koko-soccer.com/score/12
2014,総体,都高等学校総合体育大会 一次予選,2014-05-11,創価,創価,駒込,駒込,5,3,,,https://koko-soccer.com/score/12
2014,総体,都高等学校総合体育大会 一次予選,2014-05-11,保善,保善,都立野津田,野津田,0,2,,,https://koko-soccer.com/score/12
2014,総体,都高等学校総合体育大会 一次予選,2014-05-11,海城,海城,日体荏原,日体荏原,1,3,,,https://koko-soccer.com/score/12
2014,総体,都高等学校総合体育大会 一次予選,2014-05-11,日大二,日大二,都立東大和,東大和,1,5,,,https://koko-soccer.com/score/12
2014,総体,都高等学校総合体育大会 一次予選,2014-05-17,東工大付,東工大付,多摩大目黒,多摩大学目黒,1,5,,,https://koko-soccer.com/score/12
2014,総体,都高等学校総合体育大会 一次予選,2014-05-17,都立東久留米総合,東久留米総合,東京朝鮮中高級学校,東京朝鮮中高級学校,1,2,,,https://koko-soccer.com/score/12
2014,総体,都高等学校総合体育大会 一次予選,2014-05-17,暁星高等学校,暁星,中大附,中大附属,3,0,,,https://koko-soccer.com/score/12
2014,総体,都高等学校総合体育大会 一次予選,2014-05-17,都立葛飾野,葛飾野,高輪,高輪,0,5,,,https://koko-soccer.com/score/12
2014,総体,都高等学校総合体育大会 一次予選,2014-05-17,かえつ有明,かえつ有明,関東一,関東第一,0,2,,,https://koko-soccer.com/score/12
2014,総体,都高等学校総合体育大会 一次予選,2014-05-17,帝京,帝京,東海大高輪台,東海大高輪台,0,2,,,https://koko-soccer.com/score/12
2014,総体,都高等学校総合体育大会 一次予選,2014-05-17,創価,創価,正則学園,正則学園,1,2,,,https://koko-soccer.com/score/12
2014,総体,都高等学校総合体育大会 一次予選,2014-05-18,都立石神井,石神井,国士舘,国士舘,0,2,,,https://koko-soccer.com/score/12
2014,総体,都高等学校総合体育大会 一次予選,2014-05-18,淑徳,淑徳,武蔵,武蔵,0,0,4,5,https://koko-soccer.com/score/12
2014,総体,都高等学校総合体育大会 一次予選,2014-05-18,都立西,西,都立国分寺,国分寺,1,2,,,https://koko-soccer.com/score/12
2014,総体,都高等学校総合体育大会 一次予選,2014-05-18,成立学園,成立学園,実践学園,実践学園,3,1,,,https://koko-soccer.com/score/12
2014,総体,都高等学校総合体育大会 一次予選,2014-05-18,明大中野八王子,明大中野八王子,郁文館,郁文館,1,0,,,https://koko-soccer.com/score/12
2014,総体,都高等学校総合体育大会 一次予選,2014-05-18,修徳,修徳,堀越,堀越,1,0,,,https://koko-soccer.com/score/12
2014,総体,都高等学校総合体育大会 一次予選,2014-05-18,駿台学園,駿台学園,東海大菅生,東海大菅生,0,2,,,https://koko-soccer.com/score/12
2014,総体,都高等学校総合体育大会 一次予選,2014-05-18,都立東大和南,東大和南,都立野津田,野津田,1,2,,,https://koko-soccer.com/score/12
2014,総体,都高等学校総合体育大会 一次予選,2014-05-18,日体荏原,日体荏原,都立東大和,東大和,1,2,,,https://koko-soccer.com/score/12
2014,総体,都高等学校総合体育大会 一次予選,2014-05-24,国士舘,国士舘,武蔵,武蔵,1,0,,,https://koko-soccer.com/score/12
2014,総体,都高等学校総合体育大会 一次予選,2014-05-24,都立国分寺,国分寺,多摩大目黒,多摩大学目黒,1,2,,,https://koko-soccer.com/score/12
2014,総体,都高等学校総合体育大会 一次予選,2014-05-24,東京朝鮮中高級学校,東京朝鮮中高級学校,暁星高等学校,暁星,1,3,,,https://koko-soccer.com/score/12
2014,総体,都高等学校総合体育大会 一次予選,2014-05-24,成立学園,成立学園,明大中野八王子,明大中野八王子,5,0,,,https://koko-soccer.com/score/12
2014,総体,都高等学校総合体育大会 一次予選,2014-05-24,都立野津田,野津田,都立東大和,東大和,3,0,,,https://koko-soccer.com/score/12
2014,総体,都高等学校総合体育大会 一次予選,2014-05-25,高輪,高輪,関東一,関東第一,1,3,,,https://koko-soccer.com/score/12
2014,総体,都高等学校総合体育大会 一次予選,2014-05-25,修徳,修徳,東海大菅生,東海大菅生,3,1,,,https://koko-soccer.com/score/12
2014,総体,都高等学校総合体育大会 一次予選,2014-05-25,東海大高輪台,東海大高輪台,正則学園,正則学園,1,0,,,https://koko-soccer.com/score/12
2014,選手権,都大会二次予選：Aブロック,2014-09-14,東海大高輪台,東海大高輪台,都立西,西,1,2,,,https://koko-soccer.com/score/21
2014,選手権,都大会二次予選：Aブロック,2014-09-14,都立大泉,大泉,修徳,修徳,1,1,4,5,https://koko-soccer.com/score/21
2014,選手権,都大会二次予選：Aブロック,2014-09-14,錦城,錦城,都立保谷,保谷,3,2,,,https://koko-soccer.com/score/21
2014,選手権,都大会二次予選：Aブロック,2014-09-14,都立東大和,東大和,桐朋,桐朋,1,0,,,https://koko-soccer.com/score/21
2014,選手権,都大会二次予選：Aブロック,2014-09-14,都立東大和南,東大和南,東海大菅生,東海大菅生,0,6,,,https://koko-soccer.com/score/21
2014,選手権,都大会二次予選：Aブロック,2014-09-14,都立国分寺,国分寺,堀越,堀越,0,3,,,https://koko-soccer.com/score/21
2014,選手権,都大会二次予選：Aブロック,2014-09-14,都立松が谷,松が谷,専修大附,専修大附,2,3,,,https://koko-soccer.com/score/21
2014,選手権,都大会二次予選：Aブロック,2014-09-14,東農大一,農大一,明法,明法,3,1,,,https://koko-soccer.com/score/21
2014,選手権,都大会二次予選：Aブロック,2014-09-14,都立美原,美原,明大中野,明大中野,0,1,,,https://koko-soccer.com/score/21
2014,選手権,都大会二次予選：Aブロック,2014-09-14,高輪,高輪,拓大一高,拓大一高,1,0,,,https://koko-soccer.com/score/21
2014,選手権,都大会二次予選：Aブロック,2014-09-15,東京実,東京実,早稲田実業,早稲田実業,0,0,4,2,https://koko-soccer.com/score/21
2014,選手権,都大会二次予選：Aブロック,2014-09-15,日体荏原,日体荏原,都立三鷹,三鷹,0,2,,,https://koko-soccer.com/score/21
2014,選手権,都大会二次予選：Aブロック,2014-10-04,駒澤大学高等学校,駒澤大高,都立西,西,7,0,,,https://koko-soccer.com/score/21
2014,選手権,都大会二次予選：Aブロック,2014-10-04,東京実,東京実,都立三鷹,三鷹,1,2,,,https://koko-soccer.com/score/21
2014,選手権,都大会二次予選：Aブロック,2014-10-04,修徳,修徳,錦城,錦城,4,0,,,https://koko-soccer.com/score/21
2014,選手権,都大会二次予選：Aブロック,2014-10-04,都立東大和,東大和,関東一,関東第一,0,7,,,https://koko-soccer.com/score/21
2014,選手権,都大会二次予選：Aブロック,2014-10-04,暁星高等学校,暁星,東海大菅生,東海大菅生,0,0,0,3,https://koko-soccer.com/score/21
2014,選手権,都大会二次予選：Aブロック,2014-10-04,堀越,堀越,専修大附,専修大附,5,2,,,https://koko-soccer.com/score/21
2014,選手権,都大会二次予選：Aブロック,2014-10-04,東農大一,農大一,明大中野,明大中野,4,0,,,https://koko-soccer.com/score/21
2014,選手権,都大会二次予選：Aブロック,2014-10-04,高輪,高輪,国士舘,国士舘,0,1,,,https://koko-soccer.com/score/21
2014,選手権,都大会二次予選：Aブロック,2014-10-12,駒澤大学高等学校,駒澤大高,都立三鷹,三鷹,0,1,,,https://koko-soccer.com/score/21
2014,選手権,都大会二次予選：Aブロック,2014-10-12,修徳,修徳,関東一,関東第一,1,0,,,https://koko-soccer.com/score/21
2014,選手権,都大会二次予選：Aブロック,2014-10-12,東海大菅生,東海大菅生,堀越,堀越,0,1,,,https://koko-soccer.com/score/21
2014,選手権,都大会二次予選：Aブロック,2014-10-12,東農大一,農大一,国士舘,国士舘,1,1,3,1,https://koko-soccer.com/score/21
2014,選手権,都大会二次予選：Aブロック,2014-11-08,都立三鷹,三鷹,修徳,修徳,2,1,,,https://koko-soccer.com/score/21
2014,選手権,都大会二次予選：Aブロック,2014-11-08,堀越,堀越,東農大一,農大一,5,1,,,https://koko-soccer.com/score/21
2014,選手権,都大会二次予選：Aブロック,2014-11-15,都立三鷹,三鷹,堀越,堀越,3,1,,,https://koko-soccer.com/score/21
2014,選手権,都大会二次予選：Bブロック,2014-09-15,成蹊,成蹊,都立城東,城東,6,2,,,https://koko-soccer.com/score/22
2014,選手権,都大会二次予選：Bブロック,2014-09-15,多摩大目黒,多摩大学目黒,都立東久留米総合,東久留米総合,1,2,,,https://koko-soccer.com/score/22
2014,選手権,都大会二次予選：Bブロック,2014-09-15,東京都市大付,都市大付,東京成徳大高,東京成徳大高,0,4,,,https://koko-soccer.com/score/22
2014,選手権,都大会二次予選：Bブロック,2014-09-15,駿台学園,駿台学園,都立日野台,日野台,6,0,,,https://koko-soccer.com/score/22
2014,選手権,都大会二次予選：Bブロック,2014-09-15,日本学園,日本学園,帝京,帝京,2,2,5,4,https://koko-soccer.com/score/22
2014,選手権,都大会二次予選：Bブロック,2014-09-15,駒込,駒込,都立石神井,石神井,2,2,6,5,https://koko-soccer.com/score/22
2014,選手権,都大会二次予選：Bブロック,2014-09-15,明治学院,明治学院,都立墨田川,墨田川,0,2,,,https://koko-soccer.com/score/22
2014,選手権,都大会二次予選：Bブロック,2014-09-15,都立片倉,片倉,芝浦工大高,芝浦工大高,1,0,,,https://koko-soccer.com/score/22
2014,選手権,都大会二次予選：Bブロック,2014-09-15,実践学園,実践学園,大成,大成,2,1,,,https://koko-soccer.com/score/22
2014,選手権,都大会二次予選：Bブロック,2014-09-15,日大豊山,日大豊山,成城学園,成城学園,2,0,,,https://koko-soccer.com/score/22
2014,選手権,都大会二次予選：Bブロック,2014-09-15,かえつ有明,かえつ有明,保善,保善,2,3,,,https://koko-soccer.com/score/22
2014,選手権,都大会二次予選：Bブロック,2014-09-15,正則学園,正則学園,東京朝鮮中高級学校,東京朝鮮中高級学校,2,3,,,https://koko-soccer.com/score/22
2014,選手権,都大会二次予選：Bブロック,2014-10-05,都立駒場,駒場,成蹊,成蹊,5,0,,,https://koko-soccer.com/score/22
2014,選手権,都大会二次予選：Bブロック,2014-10-05,都立東久留米総合,東久留米総合,東京成徳大高,東京成徳大高,3,0,,,https://koko-soccer.com/score/22
2014,選手権,都大会二次予選：Bブロック,2014-10-05,駿台学園,駿台学園,日本学園,日本学園,1,0,,,https://koko-soccer.com/score/22
2014,選手権,都大会二次予選：Bブロック,2014-10-05,駒込,駒込,國學院久我山,国学院久我山,0,7,,,https://koko-soccer.com/score/22
2014,選手権,都大会二次予選：Bブロック,2014-10-05,都立野津田,野津田,都立墨田川,墨田川,3,1,,,https://koko-soccer.com/score/22
2014,選手権,都大会二次予選：Bブロック,2014-10-05,都立片倉,片倉,実践学園,実践学園,1,3,,,https://koko-soccer.com/score/22
2014,選手権,都大会二次予選：Bブロック,2014-10-05,日大豊山,日大豊山,保善,保善,1,2,,,https://koko-soccer.com/score/22
2014,選手権,都大会二次予選：Bブロック,2014-10-05,東京朝鮮中高級学校,東京朝鮮中高級学校,成立学園,成立学園,2,1,,,https://koko-soccer.com/score/22
2014,選手権,都大会二次予選：Bブロック,2014-10-12,都立駒場,駒場,都立東久留米総合,東久留米総合,2,6,,,https://koko-soccer.com/score/22
2014,選手権,都大会二次予選：Bブロック,2014-10-12,駿台学園,駿台学園,國學院久我山,国学院久我山,0,2,,,https://koko-soccer.com/score/22
2014,選手権,都大会二次予選：Bブロック,2014-10-12,都立野津田,野津田,実践学園,実践学園,0,3,,,https://koko-soccer.com/score/22
2014,選手権,都大会二次予選：Bブロック,2014-10-12,保善,保善,東京朝鮮中高級学校,東京朝鮮中高級学校,2,1,,,https://koko-soccer.com/score/22
2014,選手権,都大会二次予選：Bブロック,2014-11-09,実践学園,実践学園,保善,保善,2,1,,,https://koko-soccer.com/score/22
2014,選手権,都大会二次予選：Bブロック,2014-11-09,都立東久留米総合,東久留米総合,國學院久我山,国学院久我山,0,1,,,https://koko-soccer.com/score/22
2014,選手権,都大会二次予選：Bブロック,2014-11-15,國學院久我山,国学院久我山,実践学園,実践学園,2,0,,,https://koko-soccer.com/score/22
2014,選手権,都大会一次予選：Aグループ,2014-08-11,早稲田,早稲田,都立本所,本所,0,1,,,https://koko-soccer.com/score/18
2014,選手権,都大会一次予選：Aグループ,2014-08-11,八王子実践,八王子実践,都立大崎,大崎,2,3,,,https://koko-soccer.com/score/18
2014,選手権,都大会一次予選：Aグループ,2014-08-11,都立豊多摩,豊多摩,都立上水,上水,7,0,,,https://koko-soccer.com/score/18
2014,選手権,都大会一次予選：Aグループ,2014-08-11,都立荒川工,荒川工,松蔭,松蔭,1,1,3,1,https://koko-soccer.com/score/18
2014,選手権,都大会一次予選：Aグループ,2014-08-11,都立永山,永山,都立竹早,竹早,2,0,,,https://koko-soccer.com/score/18
2014,選手権,都大会一次予選：Aグループ,2014-08-11,都立世田谷総合,世田谷総合,都立昭和,昭和,2,3,,,https://koko-soccer.com/score/18
2014,選手権,都大会一次予選：Aグループ,2014-08-11,明法,明法,都立広尾,広尾,9,0,,,https://koko-soccer.com/score/18
2014,選手権,都大会一次予選：Aグループ,2014-08-12,都立清瀬,清瀬,工学院大附,工学院大附,0,0,3,4,https://koko-soccer.com/score/18
2014,選手権,都大会一次予選：Aグループ,2014-08-12,都立井草,井草,都立国立,国立,0,3,,,https://koko-soccer.com/score/18
2014,選手権,都大会一次予選：Aグループ,2014-08-12,玉川学園,玉川学園,都立町田総合,町田総合,1,0,,,https://koko-soccer.com/score/18
2014,選手権,都大会一次予選：Aグループ,2014-08-14,武蔵,武蔵,都立本所,本所,2,0,,,https://koko-soccer.com/score/18
2014,選手権,都大会一次予選：Aグループ,2014-08-14,朋優学院,朋優学院,都立片倉,片倉,0,3,,,https://koko-soccer.com/score/18
2014,選手権,都大会一次予選：Aグループ,2014-08-14,都立山崎,山崎,都立科学技術,科学技術,8,0,,,https://koko-soccer.com/score/18
2014,選手権,都大会一次予選：Aグループ,2014-08-14,貞静学園,貞静学園,都立日比谷,日比谷,1,7,,,https://koko-soccer.com/score/18
2014,選手権,都大会一次予選：Aグループ,2014-08-14,高輪,高輪,都立大崎,大崎,4,0,,,https://koko-soccer.com/score/18
2014,選手権,都大会一次予選：Aグループ,2014-08-14,都立向丘,向丘,都立篠崎,篠崎,1,1,2,4,https://koko-soccer.com/score/18
2014,選手権,都大会一次予選：Aグループ,2014-08-14,京華,京華,都立富士森,富士森,2,0,,,https://koko-soccer.com/score/18
2014,選手権,都大会一次予選：Aグループ,2014-08-14,巣鴨,巣鴨,都立文京,文京,0,2,,,https://koko-soccer.com/score/18
2014,選手権,都大会一次予選：Aグループ,2014-08-14,都立石神井,石神井,都立豊多摩,豊多摩,2,1,,,https://koko-soccer.com/score/18
2014,選手権,都大会一次予選：Aグループ,2014-08-14,宝仙学園,宝仙学園,昭和一,昭和一,0,3,,,https://koko-soccer.com/score/18
2014,選手権,都大会一次予選：Aグループ,2014-08-14,桜美林,桜美林,日出,日出,5,1,,,https://koko-soccer.com/score/18
2014,選手権,都大会一次予選：Aグループ,2014-08-14,都立秋留台,秋留台,都立葛西南,葛西南,3,1,,,https://koko-soccer.com/score/18
2014,選手権,都大会一次予選：Aグループ,2014-08-14,淑徳,淑徳,都立荒川工,荒川工,4,1,,,https://koko-soccer.com/score/18
2014,選手権,都大会一次予選：Aグループ,2014-08-14,都立総合工科,総合工科,都立飛鳥,飛鳥,1,1,5,4,https://koko-soccer.com/score/18
2014,選手権,都大会一次予選：Aグループ,2014-08-14,都立小平南,小平南,都立武蔵村山,武蔵村山,1,1,2,4,https://koko-soccer.com/score/18
2014,選手権,都大会一次予選：Aグループ,2014-08-14,昭和一学園,昭和一学園,都立美原,美原,1,3,,,https://koko-soccer.com/score/18
2014,選手権,都大会一次予選：Aグループ,2014-08-14,かえつ有明,かえつ有明,都立永山,永山,6,0,,,https://koko-soccer.com/score/18
2014,選手権,都大会一次予選：Aグループ,2014-08-14,都立四商,四商,都立白鴎,白鴎,2,0,,,https://koko-soccer.com/score/18
2014,選手権,都大会一次予選：Aグループ,2014-08-14,上野学園,上野学園,都立桜町,桜町,2,6,,,https://koko-soccer.com/score/18
2014,選手権,都大会一次予選：Aグループ,2014-08-14,東京工業高専,東京工業高専,都立つばさ総合,つばさ総合,0,2,,,https://koko-soccer.com/score/18
2014,選手権,都大会一次予選：Aグループ,2014-08-14,都立城東,城東,工学院大附,工学院大附,6,0,,,https://koko-soccer.com/score/18
2014,選手権,都大会一次予選：Aグループ,2014-08-14,日本ウェルネス,日本ウェルネス,日大一,日大一,1,2,,,https://koko-soccer.com/score/18
2014,選手権,都大会一次予選：Aグループ,2014-08-14,都立小金井北,小金井北,世田谷学園,世田谷学園,0,0,2,3,https://koko-soccer.com/score/18
2014,選手権,都大会一次予選：Aグループ,2014-08-14,聖徳学園,聖徳学園,城北,城北,0,5,,,https://koko-soccer.com/score/18
2014,選手権,都大会一次予選：Aグループ,2014-08-14,駒込,駒込,都立昭和,昭和,3,2,,,https://koko-soccer.com/score/18
2014,選手権,都大会一次予選：Aグループ,2014-08-14,中大附,中大附属,安田学園,安田学園,0,6,,,https://koko-soccer.com/score/18
2014,選手権,都大会一次予選：Aグループ,2014-08-14,都立南葛飾,南葛飾,中大杉並,中大杉並,0,13,,,https://koko-soccer.com/score/18
2014,選手権,都大会一次予選：Aグループ,2014-08-14,専修大附,専修大附,都立国立,国立,3,2,,,https://koko-soccer.com/score/18
2014,選手権,都大会一次予選：Aグループ,2014-08-14,都立南平,南平,帝京大高,帝京大高,4,0,,,https://koko-soccer.com/score/18
2014,選手権,都大会一次予選：Aグループ,2014-08-14,東京学芸大附,東京学芸大附,都立鷺宮,鷺宮,3,0,,,https://koko-soccer.com/score/18
2014,選手権,都大会一次予選：Aグループ,2014-08-14,正則,正則,都立深川,深川,3,1,,,https://koko-soccer.com/score/18
2014,選手権,都大会一次予選：Aグループ,2014-08-14,都立松が谷,松が谷,玉川学園,玉川学園,8,0,,,https://koko-soccer.com/score/18
2014,選手権,都大会一次予選：Aグループ,2014-08-14,都立練馬工,練馬工,目黒学院,目黒学院,2,1,,,https://koko-soccer.com/score/18
2014,選手権,都大会一次予選：Aグループ,2014-08-14,淑徳巣鴨,淑徳巣鴨,駒場東邦,駒場東邦,0,0,3,5,https://koko-soccer.com/score/18
2014,選手権,都大会一次予選：Aグループ,2014-08-14,麻布,麻布,都立調布北,調布北,1,4,,,https://koko-soccer.com/score/18
2014,選手権,都大会一次予選：Aグループ,2014-08-14,日大二,日大二,明法,明法,0,1,,,https://koko-soccer.com/score/18
2014,選手権,都大会一次予選：Aグループ,2014-08-14,都立五日市,五日市,都立青梅総合,青梅総合,0,1,,,https://koko-soccer.com/score/18
2014,選手権,都大会一次予選：Aグループ,2014-08-14,國學院,国学院,和光,和光,1,1,3,5,https://koko-soccer.com/score/18
2014,選手権,都大会一次予選：Aグループ,2014-08-14,自由学園,自由学園,都立田無,田無,3,3,3,1,https://koko-soccer.com/score/18
2014,選手権,都大会一次予選：Aグループ,2014-08-15,立正大立正,立正大立正,都立小岩,小岩,2,1,,,https://koko-soccer.com/score/18
2014,選手権,都大会一次予選：Aグループ,2014-08-17,武蔵,武蔵,都立片倉,片倉,0,0,4,5,https://koko-soccer.com/score/18
2014,選手権,都大会一次予選：Aグループ,2014-08-17,都立山崎,山崎,都立日比谷,日比谷,3,0,,,https://koko-soccer.com/score/18
2014,選手権,都大会一次予選：Aグループ,2014-08-17,高輪,高輪,都立篠崎,篠崎,6,0,,,https://koko-soccer.com/score/18
2014,選手権,都大会一次予選：Aグループ,2014-08-17,京華,京華,都立文京,文京,4,2,,,https://koko-soccer.com/score/18
2014,選手権,都大会一次予選：Aグループ,2014-08-17,都立石神井,石神井,昭和一,昭和一,9,1,,,https://koko-soccer.com/score/18
2014,選手権,都大会一次予選：Aグループ,2014-08-17,桜美林,桜美林,都立秋留台,秋留台,2,0,,,https://koko-soccer.com/score/18
2014,選手権,都大会一次予選：Aグループ,2014-08-17,淑徳,淑徳,都立総合工科,総合工科,1,1,4,5,https://koko-soccer.com/score/18
2014,選手権,都大会一次予選：Aグループ,2014-08-17,都立武蔵村山,武蔵村山,都立美原,美原,1,6,,,https://koko-soccer.com/score/18
2014,選手権,都大会一次予選：Aグループ,2014-08-17,かえつ有明,かえつ有明,都立四商,四商,13,0,,,https://koko-soccer.com/score/18
2014,選手権,都大会一次予選：Aグループ,2014-08-17,都立桜町,桜町,都立つばさ総合,つばさ総合,0,8,,,https://koko-soccer.com/score/18
2014,選手権,都大会一次予選：Aグループ,2014-08-17,都立城東,城東,日大一,日大一,2,1,,,https://koko-soccer.com/score/18
2014,選手権,都大会一次予選：Aグループ,2014-08-17,城北,城北,世田谷学園,世田谷学園,6,0,,,https://koko-soccer.com/score/18
2014,選手権,都大会一次予選：Aグループ,2014-08-17,駒込,駒込,安田学園,安田学園,6,1,,,https://koko-soccer.com/score/18
2014,選手権,都大会一次予選：Aグループ,2014-08-17,立正大立正,立正大立正,中大杉並,中大杉並,0,5,,,https://koko-soccer.com/score/18
2014,選手権,都大会一次予選：Aグループ,2014-08-17,専修大附,専修大附,都立南平,南平,1,0,,,https://koko-soccer.com/score/18
2014,選手権,都大会一次予選：Aグループ,2014-08-17,東京学芸大附,東京学芸大附,正則,正則,2,3,,,https://koko-soccer.com/score/18
2014,選手権,都大会一次予選：Aグループ,2014-08-17,都立松が谷,松が谷,都立練馬工,練馬工,16,0,,,https://koko-soccer.com/score/18
2014,選手権,都大会一次予選：Aグループ,2014-08-17,駒場東邦,駒場東邦,都立調布北,調布北,1,0,,,https://koko-soccer.com/score/18
2014,選手権,都大会一次予選：Aグループ,2014-08-17,明法,明法,都立青梅総合,青梅総合,2,0,,,https://koko-soccer.com/score/18
2014,選手権,都大会一次予選：Aグループ,2014-08-17,和光,和光,自由学園,自由学園,7,0,,,https://koko-soccer.com/score/18
2014,選手権,都大会一次予選：Aグループ,2014-08-20,都立片倉,片倉,都立山崎,山崎,4,2,,,https://koko-soccer.com/score/18
2014,選手権,都大会一次予選：Aグループ,2014-08-20,高輪,高輪,京華,京華,4,0,,,https://koko-soccer.com/score/18
2014,選手権,都大会一次予選：Aグループ,2014-08-20,都立石神井,石神井,桜美林,桜美林,5,0,,,https://koko-soccer.com/score/18
2014,選手権,都大会一次予選：Aグループ,2014-08-20,都立総合工科,総合工科,都立美原,美原,0,5,,,https://koko-soccer.com/score/18
2014,選手権,都大会一次予選：Aグループ,2014-08-20,かえつ有明,かえつ有明,都立つばさ総合,つばさ総合,6,1,,,https://koko-soccer.com/score/18
2014,選手権,都大会一次予選：Aグループ,2014-08-20,都立城東,城東,城北,城北,2,1,,,https://koko-soccer.com/score/18
2014,選手権,都大会一次予選：Aグループ,2014-08-20,駒込,駒込,中大杉並,中大杉並,2,1,,,https://koko-soccer.com/score/18
2014,選手権,都大会一次予選：Aグループ,2014-08-20,専修大附,専修大附,正則,正則,5,1,,,https://koko-soccer.com/score/18
2014,選手権,都大会一次予選：Aグループ,2014-08-20,都立松が谷,松が谷,駒場東邦,駒場東邦,2,1,,,https://koko-soccer.com/score/18
2014,選手権,都大会一次予選：Aグループ,2014-08-20,明法,明法,和光,和光,3,1,,,https://koko-soccer.com/score/18
2014,選手権,都大会一次予選：Bグループ,2014-08-12,都立富士,富士,獨協,獨協,0,0,4,2,https://koko-soccer.com/score/19
2014,選手権,都大会一次予選：Bグループ,2014-08-12,大智学園,大智学園,聖学院,聖学院,1,0,,,https://koko-soccer.com/score/19
2014,選手権,都大会一次予選：Bグループ,2014-08-12,穎明館,穎明館,都立板橋有徳,板橋有徳,0,3,,,https://koko-soccer.com/score/19
2014,選手権,都大会一次予選：Bグループ,2014-08-12,足立学園,足立学園,青稜,青稜,2,1,,,https://koko-soccer.com/score/19
2014,選手権,都大会一次予選：Bグループ,2014-08-12,都立赤羽商,赤羽商,都立武蔵,都立武蔵,3,0,,,https://koko-soccer.com/score/19
2014,選手権,都大会一次予選：Bグループ,2014-08-12,都立小川,小川,文教大付,文教大付,5,0,,,https://koko-soccer.com/score/19
2014,選手権,都大会一次予選：Bグループ,2014-08-12,都立拝島,拝島,都立東村山西,東村山西,2,5,,,https://koko-soccer.com/score/19
2014,選手権,都大会一次予選：Bグループ,2014-08-12,都立大田桜台,大田桜台,都立福生,福生,0,11,,,https://koko-soccer.com/score/19
2014,選手権,都大会一次予選：Bグループ,2014-08-12,武蔵野,武蔵野,多摩大聖ヶ丘,多摩大聖ヶ丘,0,4,,,https://koko-soccer.com/score/19
2014,選手権,都大会一次予選：Bグループ,2014-08-12,順天,順天,開成,開成,0,3,,,https://koko-soccer.com/score/19
2014,選手権,都大会一次予選：Bグループ,2014-08-12,京北・京北白山,京北・京北白山,東亜学園,東亜学園,0,16,,,https://koko-soccer.com/score/19
2014,選手権,都大会一次予選：Bグループ,2014-08-15,東海大菅生,東海大菅生,都立富士,富士,8,0,,,https://koko-soccer.com/score/19
2014,選手権,都大会一次予選：Bグループ,2014-08-15,都立八王子北,八王子北,都立羽村,羽村,2,1,,,https://koko-soccer.com/score/19
2014,選手権,都大会一次予選：Bグループ,2014-08-15,都立足立新田,足立新田,駒場学園,駒場学園,0,2,,,https://koko-soccer.com/score/19
2014,選手権,都大会一次予選：Bグループ,2014-08-15,都立中野工,中野工,都立府中西,府中西,1,0,,,https://koko-soccer.com/score/19
2014,選手権,都大会一次予選：Bグループ,2014-08-15,都立国分寺,国分寺,大智学園,大智学園,7,0,,,https://koko-soccer.com/score/19
2014,選手権,都大会一次予選：Bグループ,2014-08-15,成城,成城,都立若葉総合,若葉総合,3,0,,,https://koko-soccer.com/score/19
2014,選手権,都大会一次予選：Bグループ,2014-08-15,都立久留米西,久留米西,都立大泉桜,大泉桜,15,0,,,https://koko-soccer.com/score/19
2014,選手権,都大会一次予選：Bグループ,2014-08-15,大東大一,大東大一,都立荒川商,荒川商,7,0,,,https://koko-soccer.com/score/19
2014,選手権,都大会一次予選：Bグループ,2014-08-15,都立東大和,東大和,都立板橋有徳,板橋有徳,5,1,,,https://koko-soccer.com/score/19
2014,選手権,都大会一次予選：Bグループ,2014-08-15,都立葛飾商,葛飾商,攻玉社,攻玉社,1,2,,,https://koko-soccer.com/score/19
2014,選手権,都大会一次予選：Bグループ,2014-08-15,都立両国,両国,都立深沢,深沢,1,3,,,https://koko-soccer.com/score/19
2014,選手権,都大会一次予選：Bグループ,2014-08-15,都立青山,青山,都立上野,上野,4,0,,,https://koko-soccer.com/score/19
2014,選手権,都大会一次予選：Bグループ,2014-08-15,明大中野八王子,明大中野八王子,足立学園,足立学園,0,1,,,https://koko-soccer.com/score/19
2014,選手権,都大会一次予選：Bグループ,2014-08-15,都立国際,国際,大森学園,大森学園,0,9,,,https://koko-soccer.com/score/19
2014,選手権,都大会一次予選：Bグループ,2014-08-15,都立目黒,目黒,明大中野,明大中野,1,2,,,https://koko-soccer.com/score/19
2014,選手権,都大会一次予選：Bグループ,2014-08-15,明星学園,明星学園,明大明治,明大明治,1,1,2,4,https://koko-soccer.com/score/19
2014,選手権,都大会一次予選：Bグループ,2014-08-15,都立西,西,都立赤羽商,赤羽商,2,0,,,https://koko-soccer.com/score/19
2014,選手権,都大会一次予選：Bグループ,2014-08-15,都立戸山,戸山,渋谷教育学園渋谷,渋谷教育学園渋谷,6,1,,,https://koko-soccer.com/score/19
2014,選手権,都大会一次予選：Bグループ,2014-08-15,大東学園,大東学園,都立翔陽,翔陽,6,0,,,https://koko-soccer.com/score/19
2014,選手権,都大会一次予選：Bグループ,2014-08-15,芝,芝,都立八王子東,八王子東,0,1,,,https://koko-soccer.com/score/19
2014,選手権,都大会一次予選：Bグループ,2014-08-15,日体荏原,日体荏原,都立小川,小川,6,0,,,https://koko-soccer.com/score/19
2014,選手権,都大会一次予選：Bグループ,2014-08-15,都立八丈,八丈,東京立正,東京立正,0,2,,,https://koko-soccer.com/score/19
2014,選手権,都大会一次予選：Bグループ,2014-08-15,都立大山,大山,都立葛西工,葛西工,6,0,,,https://koko-soccer.com/score/19
2014,選手権,都大会一次予選：Bグループ,2014-08-15,東洋,東洋,日大桜丘,日大櫻丘,1,0,,,https://koko-soccer.com/score/19
2014,選手権,都大会一次予選：Bグループ,2014-08-15,中大附,中大附属,都立東村山西,東村山西,3,3,9,10,https://koko-soccer.com/score/19
2014,選手権,都大会一次予選：Bグループ,2014-08-15,東京電機大高,東京電機大学,都立高島,高島,0,1,,,https://koko-soccer.com/score/19
2014,選手権,都大会一次予選：Bグループ,2014-08-15,都立杉並総合,杉並総合,錦城,錦城,1,5,,,https://koko-soccer.com/score/19
2014,選手権,都大会一次予選：Bグループ,2014-08-15,都立王子総合,王子総合,都立新宿,新宿,0,5,,,https://koko-soccer.com/score/19
2014,選手権,都大会一次予選：Bグループ,2014-08-15,郁文館,郁文館,都立福生,福生,1,5,,,https://koko-soccer.com/score/19
2014,選手権,都大会一次予選：Bグループ,2014-08-15,国際基督教大高,国際基督教大高,都立小石川中等教育学校,小石川中等教育学校,2,1,,,https://koko-soccer.com/score/19
2014,選手権,都大会一次予選：Bグループ,2014-08-15,都立八潮,八潮,日大豊山,日大豊山,0,14,,,https://koko-soccer.com/score/19
2014,選手権,都大会一次予選：Bグループ,2014-08-15,都立三田,三田,日大鶴ヶ丘,日大鶴ヶ丘,0,10,,,https://koko-soccer.com/score/19
2014,選手権,都大会一次予選：Bグループ,2014-08-15,東工大付,東工大付,多摩大聖ヶ丘,多摩大聖ヶ丘,0,1,,,https://koko-soccer.com/score/19
2014,選手権,都大会一次予選：Bグループ,2014-08-15,芝浦工大高,芝浦工大高,都立青井,青井,0,0,4,2,https://koko-soccer.com/score/19
2014,選手権,都大会一次予選：Bグループ,2014-08-15,都立北豊島工,北豊島工,都立小平西,小平西,0,8,,,https://koko-soccer.com/score/19
2014,選手権,都大会一次予選：Bグループ,2014-08-15,都立光丘,光丘,都立小平,小平,7,0,,,https://koko-soccer.com/score/19
2014,選手権,都大会一次予選：Bグループ,2014-08-15,本郷,本郷,開成,開成,4,0,,,https://koko-soccer.com/score/19
2014,選手権,都大会一次予選：Bグループ,2014-08-15,都立調布南,調布南,筑波大駒場,筑波大駒場,3,0,,,https://koko-soccer.com/score/19
2014,選手権,都大会一次予選：Bグループ,2014-08-15,都立狛江,狛江,都立府中工,府中工科,9,0,,,https://koko-soccer.com/score/19
2014,選手権,都大会一次予選：Bグループ,2014-08-15,都立杉並,杉並,桐朋,桐朋,0,14,,,https://koko-soccer.com/score/19
2014,選手権,都大会一次予選：Bグループ,2014-08-15,都立葛飾総合,葛飾総合,東亜学園,東亜学園,1,0,,,https://koko-soccer.com/score/19
2014,選手権,都大会一次予選：Bグループ,2014-08-15,都立立川,立川,都立南多摩,南多摩,4,1,,,https://koko-soccer.com/score/19
2014,選手権,都大会一次予選：Bグループ,2014-08-15,拓大一高,拓大一高,都立芝商業,芝商業,5,0,,,https://koko-soccer.com/score/19
2014,選手権,都大会一次予選：Bグループ,2014-08-15,佼成学園,佼成学園,早大学院,早大学院,0,0,7,6,https://koko-soccer.com/score/19
2014,選手権,都大会一次予選：Bグループ,2014-08-18,東海大菅生,東海大菅生,都立八王子北,八王子北,1,0,,,https://koko-soccer.com/score/19
2014,選手権,都大会一次予選：Bグループ,2014-08-18,駒場学園,駒場学園,都立中野工,中野工,2,0,,,https://koko-soccer.com/score/19
2014,選手権,都大会一次予選：Bグループ,2014-08-18,都立国分寺,国分寺,成城,成城,3,1,,,https://koko-soccer.com/score/19
2014,選手権,都大会一次予選：Bグループ,2014-08-18,都立久留米西,久留米西,大東大一,大東大一,1,2,,,https://koko-soccer.com/score/19
2014,選手権,都大会一次予選：Bグループ,2014-08-18,都立東大和,東大和,攻玉社,攻玉社,5,0,,,https://koko-soccer.com/score/19
2014,選手権,都大会一次予選：Bグループ,2014-08-18,都立深沢,深沢,都立青山,青山,1,3,,,https://koko-soccer.com/score/19
2014,選手権,都大会一次予選：Bグループ,2014-08-18,足立学園,足立学園,大森学園,大森学園,3,0,,,https://koko-soccer.com/score/19
2014,選手権,都大会一次予選：Bグループ,2014-08-18,明大中野,明大中野,明大明治,明大明治,1,1,4,3,https://koko-soccer.com/score/19
2014,選手権,都大会一次予選：Bグループ,2014-08-18,都立西,西,都立戸山,戸山,3,1,,,https://koko-soccer.com/score/19
2014,選手権,都大会一次予選：Bグループ,2014-08-18,大東学園,大東学園,都立八王子東,八王子東,1,3,,,https://koko-soccer.com/score/19
2014,選手権,都大会一次予選：Bグループ,2014-08-18,日体荏原,日体荏原,立正,立正,5,0,,,https://koko-soccer.com/score/19
2014,選手権,都大会一次予選：Bグループ,2014-08-18,都立大山,大山,東洋,東洋,2,1,,,https://koko-soccer.com/score/19
2014,選手権,都大会一次予選：Bグループ,2014-08-18,都立東村山西,東村山西,都立高島,高島,1,1,7,8,https://koko-soccer.com/score/19
2014,選手権,都大会一次予選：Bグループ,2014-08-18,錦城,錦城,都立新宿,新宿,3,0,,,https://koko-soccer.com/score/19
2014,選手権,都大会一次予選：Bグループ,2014-08-18,都立福生,福生,国際基督教大高,国際基督教大高,6,0,,,https://koko-soccer.com/score/19
2014,選手権,都大会一次予選：Bグループ,2014-08-18,日大豊山,日大豊山,日大鶴ヶ丘,日大鶴ヶ丘,1,0,,,https://koko-soccer.com/score/19
2014,選手権,都大会一次予選：Bグループ,2014-08-18,多摩大聖ヶ丘,多摩大聖ヶ丘,芝浦工大高,芝浦工大高,0,2,,,https://koko-soccer.com/score/19
2014,選手権,都大会一次予選：Bグループ,2014-08-18,都立小平西,小平西,都立光丘,光丘,3,1,,,https://koko-soccer.com/score/19
2014,選手権,都大会一次予選：Bグループ,2014-08-18,本郷,本郷,都立調布南,調布南,1,2,,,https://koko-soccer.com/score/19
2014,選手権,都大会一次予選：Bグループ,2014-08-18,都立狛江,狛江,桐朋,桐朋,0,3,,,https://koko-soccer.com/score/19
2014,選手権,都大会一次予選：Bグループ,2014-08-18,都立葛飾総合,葛飾総合,都立立川,立川,2,0,,,https://koko-soccer.com/score/19
2014,選手権,都大会一次予選：Bグループ,2014-08-18,拓大一高,拓大一高,佼成学園,佼成学園,2,0,,,https://koko-soccer.com/score/19
2014,選手権,都大会一次予選：Bグループ,2014-08-21,東海大菅生,東海大菅生,駒場学園,駒場学園,3,0,,,https://koko-soccer.com/score/19
2014,選手権,都大会一次予選：Bグループ,2014-08-21,都立国分寺,国分寺,大東大一,大東大一,2,1,,,https://koko-soccer.com/score/19
2014,選手権,都大会一次予選：Bグループ,2014-08-21,都立東大和,東大和,都立青山,青山,6,0,,,https://koko-soccer.com/score/19
2014,選手権,都大会一次予選：Bグループ,2014-08-21,足立学園,足立学園,明大中野,明大中野,0,0,3,5,https://koko-soccer.com/score/19
2014,選手権,都大会一次予選：Bグループ,2014-08-21,都立西,西,都立八王子東,八王子東,1,1,4,1,https://koko-soccer.com/score/19
2014,選手権,都大会一次予選：Bグループ,2014-08-21,日体荏原,日体荏原,都立大山,大山,5,0,,,https://koko-soccer.com/score/19
2014,選手権,都大会一次予選：Bグループ,2014-08-21,都立高島,高島,錦城,錦城,3,5,,,https://koko-soccer.com/score/19
2014,選手権,都大会一次予選：Bグループ,2014-08-21,都立福生,福生,日大豊山,日大豊山,2,4,,,https://koko-soccer.com/score/19
2014,選手権,都大会一次予選：Bグループ,2014-08-21,芝浦工大高,芝浦工大高,都立小平西,小平西,2,2,3,1,https://koko-soccer.com/score/19
2014,選手権,都大会一次予選：Bグループ,2014-08-21,都立調布南,調布南,桐朋,桐朋,0,2,,,https://koko-soccer.com/score/19
2014,選手権,都大会一次予選：Bグループ,2014-08-21,都立葛飾総合,葛飾総合,拓大一高,拓大一高,2,3,,,https://koko-soccer.com/score/19
2014,選手権,都大会一次予選：Cグループ,2014-08-13,都立蔵前工,蔵前工,都立日本橋,日本橋,5,3,,,https://koko-soccer.com/score/20
2014,選手権,都大会一次予選：Cグループ,2014-08-13,都立千早,千早,都立多摩,多摩,3,0,,,https://koko-soccer.com/score/20
2014,選手権,都大会一次予選：Cグループ,2014-08-13,都立小山台,小山台,広尾学園,広尾学園,7,0,,,https://koko-soccer.com/score/20
2014,選手権,都大会一次予選：Cグループ,2014-08-13,都立雪谷,雪谷,都立町田工,町田工,11,0,,,https://koko-soccer.com/score/20
2014,選手権,都大会一次予選：Cグループ,2014-08-13,都立府中東,府中東,法政大高,法政大高,4,1,,,https://koko-soccer.com/score/20
2014,選手権,都大会一次予選：Cグループ,2014-08-13,都立東,東,都立三商,三商,3,0,,,https://koko-soccer.com/score/20
2014,選手権,都大会一次予選：Cグループ,2014-08-13,明学東村山,明治学院東村山,東京都市大等々力,東京都市大等々力,5,0,,,https://koko-soccer.com/score/20
2014,選手権,都大会一次予選：Cグループ,2014-08-13,京華商,京華商,都立府中,府中,1,1,3,1,https://koko-soccer.com/score/20
2014,選手権,都大会一次予選：Cグループ,2014-08-13,都立成瀬,成瀬,都立紅葉川,紅葉川,0,1,,,https://koko-soccer.com/score/20
2014,選手権,都大会一次予選：Cグループ,2014-08-16,正則学園,正則学園,都立蔵前工,蔵前工,8,0,,,https://koko-soccer.com/score/20
2014,選手権,都大会一次予選：Cグループ,2014-08-16,目白研心,目白研心,豊南,豊南,2,0,,,https://koko-soccer.com/score/20
2014,選手権,都大会一次予選：Cグループ,2014-08-16,都立農芸,農芸,都立第一商業,第一商業,1,1,2,4,https://koko-soccer.com/score/20
2014,選手権,都大会一次予選：Cグループ,2014-08-16,都立足立東,足立東,都立多摩科学技術,多摩科学技術,3,1,,,https://koko-soccer.com/score/20
2014,選手権,都大会一次予選：Cグループ,2014-08-16,創価,創価,都立千早,千早,8,0,,,https://koko-soccer.com/score/20
2014,選手権,都大会一次予選：Cグループ,2014-08-16,帝京八王子,帝京八王子,明治学院,明治学院,1,4,,,https://koko-soccer.com/score/20
2014,選手権,都大会一次予選：Cグループ,2014-08-16,都立武蔵野北,武蔵野北,都立墨田工,墨田工,7,0,,,https://koko-soccer.com/score/20
2014,選手権,都大会一次予選：Cグループ,2014-08-16,都立多摩工,多摩工,都立江戸川,江戸川,0,3,,,https://koko-soccer.com/score/20
2014,選手権,都大会一次予選：Cグループ,2014-08-16,都立葛飾野,葛飾野,都立小山台,小山台,0,0,5,3,https://koko-soccer.com/score/20
2014,選手権,都大会一次予選：Cグループ,2014-08-16,筑波大附,筑波大学附属,都立杉並工,杉並工,1,3,,,https://koko-soccer.com/score/20
2014,選手権,都大会一次予選：Cグループ,2014-08-16,都立田園調布,田園調布,日工大駒場,日工大駒場,0,4,,,https://koko-soccer.com/score/20
2014,選手権,都大会一次予選：Cグループ,2014-08-16,学芸大国際,学芸大国際,東京成徳大高,東京成徳大高,1,5,,,https://koko-soccer.com/score/20
2014,選手権,都大会一次予選：Cグループ,2014-08-16,都立東大和南,東大和南,都立雪谷,雪谷,8,0,,,https://koko-soccer.com/score/20
2014,選手権,都大会一次予選：Cグループ,2014-08-16,都立足立西,足立西,都立蒲田,蒲田,6,2,,,https://koko-soccer.com/score/20
2014,選手権,都大会一次予選：Cグループ,2014-08-16,都立町田,町田,区立九段中等教育,九段中等教育,0,0,5,3,https://koko-soccer.com/score/20
2014,選手権,都大会一次予選：Cグループ,2014-08-16,桜丘,桜丘,都立豊島,豊島,0,2,,,https://koko-soccer.com/score/20
2014,選手権,都大会一次予選：Cグループ,2014-08-16,東農大一,農大一,都立府中東,府中東,2,1,,,https://koko-soccer.com/score/20
2014,選手権,都大会一次予選：Cグループ,2014-08-16,都立東村山,東村山,中央学院,中央学院,5,1,,,https://koko-soccer.com/score/20
2014,選手権,都大会一次予選：Cグループ,2014-08-16,明星,明星,都立日野,日野,0,1,,,https://koko-soccer.com/score/20
2014,選手権,都大会一次予選：Cグループ,2014-08-16,東京,東京,都立芦花,芦花,2,1,,,https://koko-soccer.com/score/20
2014,選手権,都大会一次予選：Cグループ,2014-08-16,都立小松川,小松川,都立東,東,2,3,,,https://koko-soccer.com/score/20
2014,選手権,都大会一次予選：Cグループ,2014-08-16,東京都市大付,都市大付,都立田無工,田無工,2,0,,,https://koko-soccer.com/score/20
2014,選手権,都大会一次予選：Cグループ,2014-08-16,立教池袋,立教池袋,都立橘,橘,3,1,,,https://koko-soccer.com/score/20
2014,選手権,都大会一次予選：Cグループ,2014-08-16,都立淵江,淵江,豊島学院,豊島学院,0,7,,,https://koko-soccer.com/score/20
2014,選手権,都大会一次予選：Cグループ,2014-08-16,都立日野台,日野台,明学東村山,明治学院東村山,3,1,,,https://koko-soccer.com/score/20
2014,選手権,都大会一次予選：Cグループ,2014-08-16,都立大森,大森,都立練馬,練馬,0,3,,,https://koko-soccer.com/score/20
2014,選手権,都大会一次予選：Cグループ,2014-08-16,都立武蔵丘,武蔵丘,東京学園,東京学園,11,0,,,https://koko-soccer.com/score/20
2014,選手権,都大会一次予選：Cグループ,2014-08-16,城西大城西,城西大城西,都立江北,江北,0,6,,,https://koko-soccer.com/score/20
2014,選手権,都大会一次予選：Cグループ,2014-08-16,都立大泉,大泉,京華商,京華商,6,0,,,https://koko-soccer.com/score/20
2014,選手権,都大会一次予選：Cグループ,2014-08-16,都立千歳丘,千歳丘,錦城学園,錦城学園,2,1,,,https://koko-soccer.com/score/20
2014,選手権,都大会一次予選：Cグループ,2014-08-16,日大三,日大三,都立松原,松原,6,0,,,https://koko-soccer.com/score/20
2014,選手権,都大会一次予選：Cグループ,2014-08-16,都立神代,神代,海城,海城,4,0,,,https://koko-soccer.com/score/20
2014,選手権,都大会一次予選：Cグループ,2014-08-16,都立保谷,保谷,都立紅葉川,紅葉川,4,0,,,https://koko-soccer.com/score/20
2014,選手権,都大会一次予選：Cグループ,2014-08-16,都立板橋,板橋,東大附,東大附属,0,0,2,4,https://koko-soccer.com/score/20
2014,選手権,都大会一次予選：Cグループ,2014-08-16,杉並学院,杉並学院,都立八王子桑志,八王子桑志,4,1,,,https://koko-soccer.com/score/20
2014,選手権,都大会一次予選：Cグループ,2014-08-16,共栄学園,共栄学園,青山学院,青山学院,0,4,,,https://koko-soccer.com/score/20
2014,選手権,都大会一次予選：Cグループ,2014-08-16,都立大島海洋国際,大島海洋国際,都立足立工,足立工,4,0,,,https://koko-soccer.com/score/20
2014,選手権,都大会一次予選：Cグループ,2014-08-16,成蹊,成蹊,都立農産,農産,11,0,,,https://koko-soccer.com/score/20
2014,選手権,都大会一次予選：Cグループ,2014-08-16,都立竹台,竹台,八王子,八王子,0,17,,,https://koko-soccer.com/score/20
2014,選手権,都大会一次予選：Cグループ,2014-08-16,都立北園,北園,都立足立,足立,3,0,,,https://koko-soccer.com/score/20
2014,選手権,都大会一次予選：Cグループ,2014-08-16,都立立川国際中等教育学校,立川国際中等教育学校,都立桜修館,桜修館中等,0,1,,,https://koko-soccer.com/score/20
2014,選手権,都大会一次予選：Cグループ,2014-08-16,都立田柄,田柄,岩倉,岩倉,9,2,,,https://koko-soccer.com/score/20
2014,選手権,都大会一次予選：Cグループ,2014-08-16,二松学舎大附,二松学舎大附,保善,保善,0,2,,,https://koko-soccer.com/score/20
2014,選手権,都大会一次予選：Cグループ,2014-08-19,正則学園,正則学園,目白研心,目白研心,6,0,,,https://koko-soccer.com/score/20
2014,選手権,都大会一次予選：Cグループ,2014-08-19,都立第一商業,第一商業,都立足立東,足立東,1,1,5,4,https://koko-soccer.com/score/20
2014,選手権,都大会一次予選：Cグループ,2014-08-19,創価,創価,明治学院,明治学院,1,1,3,5,https://koko-soccer.com/score/20
2014,選手権,都大会一次予選：Cグループ,2014-08-19,都立武蔵野北,武蔵野北,都立江戸川,江戸川,3,2,,,https://koko-soccer.com/score/20
2014,選手権,都大会一次予選：Cグループ,2014-08-19,都立葛飾野,葛飾野,都立杉並工,杉並工,7,2,,,https://koko-soccer.com/score/20
2014,選手権,都大会一次予選：Cグループ,2014-08-19,日工大駒場,日工大駒場,東京成徳大高,東京成徳大高,0,8,,,https://koko-soccer.com/score/20
2014,選手権,都大会一次予選：Cグループ,2014-08-19,都立東大和南,東大和南,都立足立西,足立西,4,0,,,https://koko-soccer.com/score/20
2014,選手権,都大会一次予選：Cグループ,2014-08-19,都立町田,町田,都立豊島,豊島,0,5,,,https://koko-soccer.com/score/20
2014,選手権,都大会一次予選：Cグループ,2014-08-19,東農大一,農大一,都立東村山,東村山,15,0,,,https://koko-soccer.com/score/20
2014,選手権,都大会一次予選：Cグループ,2014-08-19,都立日野,日野,東京,東京,0,3,,,https://koko-soccer.com/score/20
2014,選手権,都大会一次予選：Cグループ,2014-08-19,都立東,東,東京都市大付,都市大付,0,0,8,9,https://koko-soccer.com/score/20
2014,選手権,都大会一次予選：Cグループ,2014-08-19,立教池袋,立教池袋,豊島学院,豊島学院,3,0,,,https://koko-soccer.com/score/20
2014,選手権,都大会一次予選：Cグループ,2014-08-19,都立日野台,日野台,都立練馬,練馬,9,0,,,https://koko-soccer.com/score/20
2014,選手権,都大会一次予選：Cグループ,2014-08-19,都立武蔵丘,武蔵丘,都立江北,江北,1,1,6,5,https://koko-soccer.com/score/20
2014,選手権,都大会一次予選：Cグループ,2014-08-19,都立大泉,大泉,都立千歳丘,千歳丘,5,0,,,https://koko-soccer.com/score/20
2014,選手権,都大会一次予選：Cグループ,2014-08-19,日大三,日大三,都立神代,神代,3,0,,,https://koko-soccer.com/score/20
2014,選手権,都大会一次予選：Cグループ,2014-08-19,都立保谷,保谷,東大附,東大附属,13,0,,,https://koko-soccer.com/score/20
2014,選手権,都大会一次予選：Cグループ,2014-08-19,杉並学院,杉並学院,青山学院,青山学院,0,5,,,https://koko-soccer.com/score/20
2014,選手権,都大会一次予選：Cグループ,2014-08-19,学習院,学習院,都立大島海洋国際,大島海洋国際,6,2,,,https://koko-soccer.com/score/20
2014,選手権,都大会一次予選：Cグループ,2014-08-19,成蹊,成蹊,八王子,八王子,5,2,,,https://koko-soccer.com/score/20
2014,選手権,都大会一次予選：Cグループ,2014-08-19,都立北園,北園,都立桜修館,桜修館中等,0,1,,,https://koko-soccer.com/score/20
2014,選手権,都大会一次予選：Cグループ,2014-08-19,都立田柄,田柄,保善,保善,0,10,,,https://koko-soccer.com/score/20
2014,選手権,都大会一次予選：Cグループ,2014-08-22,正則学園,正則学園,都立第一商業,第一商業,4,1,,,https://koko-soccer.com/score/20
2014,選手権,都大会一次予選：Cグループ,2014-08-22,明治学院,明治学院,都立武蔵野北,武蔵野北,4,3,,,https://koko-soccer.com/score/20
2014,選手権,都大会一次予選：Cグループ,2014-08-22,都立葛飾野,葛飾野,東京成徳大高,東京成徳大高,1,2,,,https://koko-soccer.com/score/20
2014,選手権,都大会一次予選：Cグループ,2014-08-22,都立東大和南,東大和南,都立豊島,豊島,3,1,,,https://koko-soccer.com/score/20
2014,選手権,都大会一次予選：Cグループ,2014-08-22,東農大一,農大一,東京,東京,2,1,,,https://koko-soccer.com/score/20
2014,選手権,都大会一次予選：Cグループ,2014-08-22,東京都市大付,都市大付,立教池袋,立教池袋,2,2,4,3,https://koko-soccer.com/score/20
2014,選手権,都大会一次予選：Cグループ,2014-08-22,都立日野台,日野台,都立武蔵丘,武蔵丘,3,1,,,https://koko-soccer.com/score/20
2014,選手権,都大会一次予選：Cグループ,2014-08-22,都立大泉,大泉,日大三,日大三,0,0,7,6,https://koko-soccer.com/score/20
2014,選手権,都大会一次予選：Cグループ,2014-08-22,都立保谷,保谷,青山学院,青山学院,1,0,,,https://koko-soccer.com/score/20
2014,選手権,都大会一次予選：Cグループ,2014-08-22,学習院,学習院,成蹊,成蹊,0,1,,,https://koko-soccer.com/score/20
2014,選手権,都大会一次予選：Cグループ,2014-08-22,都立桜修館,桜修館中等,保善,保善,0,5,,,https://koko-soccer.com/score/20
2014,関東,都予選,2014-04-06,中大杉並,中大杉並,東京朝鮮中高級学校,東京朝鮮中高級学校,1,2,,,https://koko-soccer.com/score/8
2014,関東,都予選,2014-04-06,都立東久留米総合,東久留米総合,日大豊山,日大豊山,3,0,,,https://koko-soccer.com/score/8
2014,関東,都予選,2014-04-06,かえつ有明,かえつ有明,実践学園,実践学園,0,0,5,6,https://koko-soccer.com/score/8
2014,関東,都予選,2014-04-06,東海大菅生,東海大菅生,都立駒場,駒場,0,1,,,https://koko-soccer.com/score/8
2014,関東,都予選,2014-04-06,多摩大目黒,多摩大学目黒,都立三鷹,三鷹,2,0,,,https://koko-soccer.com/score/8
2014,関東,都予選,2014-04-06,都立野津田,野津田,早稲田実業,早稲田実業,0,4,,,https://koko-soccer.com/score/8
2014,関東,都予選,2014-04-06,都立永山,永山,帝京,帝京,0,7,,,https://koko-soccer.com/score/8
2014,関東,都予選,2014-04-06,成立学園,成立学園,足立学園,足立学園,5,1,,,https://koko-soccer.com/score/8
2014,関東,都予選,2014-04-06,正則学園,正則学園,都立狛江,狛江,5,2,,,https://koko-soccer.com/score/8
2014,関東,都予選,2014-04-06,都立国分寺,国分寺,都立石神井,石神井,0,1,,,https://koko-soccer.com/score/8
2014,関東,都予選,2014-04-06,創価,創価,東京実,東京実,1,0,,,https://koko-soccer.com/score/8
2014,関東,都予選,2014-04-06,東海大高輪台,東海大高輪台,都立葛飾野,葛飾野,1,2,,,https://koko-soccer.com/score/8
2014,関東,都予選,2014-04-06,都立松が谷,松が谷,高輪,高輪,2,0,,,https://koko-soccer.com/score/8
2014,関東,都予選,2014-04-06,暁星高等学校,暁星,保善,保善,3,1,,,https://koko-soccer.com/score/8
2014,関東,都予選,2014-04-06,都立美原,美原,駒澤大学高等学校,駒澤大高,0,6,,,https://koko-soccer.com/score/8
2014,関東,都予選,2014-04-13,修徳,修徳,東京朝鮮中高級学校,東京朝鮮中高級学校,2,1,,,https://koko-soccer.com/score/8
2014,関東,都予選,2014-04-13,都立東久留米総合,東久留米総合,実践学園,実践学園,1,1,5,3,https://koko-soccer.com/score/8
2014,関東,都予選,2014-04-13,都立駒場,駒場,多摩大目黒,多摩大学目黒,3,2,,,https://koko-soccer.com/score/8
2014,関東,都予選,2014-04-13,早稲田実業,早稲田実業,帝京,帝京,4,4,4,5,https://koko-soccer.com/score/8
2014,関東,都予選,2014-04-13,成立学園,成立学園,正則学園,正則学園,4,1,,,https://koko-soccer.com/score/8
2014,関東,都予選,2014-04-13,都立石神井,石神井,創価,創価,4,1,,,https://koko-soccer.com/score/8
2014,関東,都予選,2014-04-13,都立葛飾野,葛飾野,都立松が谷,松が谷,4,2,,,https://koko-soccer.com/score/8
2014,関東,都予選,2014-04-13,暁星高等学校,暁星,駒澤大学高等学校,駒澤大高,0,2,,,https://koko-soccer.com/score/8
2014,関東,都予選,2014-04-20,修徳,修徳,都立東久留米総合,東久留米総合,0,3,,,https://koko-soccer.com/score/8
2014,関東,都予選,2014-04-20,都立駒場,駒場,帝京,帝京,0,0,4,2,https://koko-soccer.com/score/8
2014,関東,都予選,2014-04-20,成立学園,成立学園,都立石神井,石神井,4,1,,,https://koko-soccer.com/score/8
2014,関東,都予選,2014-04-20,都立葛飾野,葛飾野,駒澤大学高等学校,駒澤大高,1,6,,,https://koko-soccer.com/score/8
2014,関東,都予選,2014-04-26,都立東久留米総合,東久留米総合,都立駒場,駒場,1,3,,,https://koko-soccer.com/score/8
2014,関東,都予選,2014-04-26,成立学園,成立学園,駒澤大学高等学校,駒澤大高,2,2,4,5,https://koko-soccer.com/score/8
2014,関東,都予選,2014-05-06,都立駒場,駒場,駒澤大学高等学校,駒澤大高,2,1,,,https://koko-soccer.com/score/8
2015,新人戦,都新人戦（新人選手権大会）第1地区,2015-11-22,都立墨田工,墨田工,都立葛飾商,葛飾商,1,4,,,https://koko-soccer.com/score/243
2015,新人戦,都新人戦（新人選手権大会）第1地区,2015-11-22,都立小岩,小岩,安田学園,安田学園,2,3,,,https://koko-soccer.com/score/243
2015,新人戦,都新人戦（新人選手権大会）第1地区,2015-11-22,共栄学園,共栄学園,かえつ有明,かえつ有明,0,9,,,https://koko-soccer.com/score/243
2015,新人戦,都新人戦（新人選手権大会）第1地区,2015-11-22,都立葛飾総合,葛飾総合,都立本所,本所,2,3,,,https://koko-soccer.com/score/243
2015,新人戦,都新人戦（新人選手権大会）第1地区,2015-11-22,都立深川,深川,都立科学技術,科学技術,4,1,,,https://koko-soccer.com/score/243
2015,新人戦,都新人戦（新人選手権大会）第1地区,2015-11-22,都立日本橋,日本橋,都立竹台,竹台,14,0,,,https://koko-soccer.com/score/243
2015,新人戦,都新人戦（新人選手権大会）第1地区,2015-11-22,都立東,東,都立紅葉川,紅葉川,0,0,,,https://koko-soccer.com/score/243
2015,新人戦,都新人戦（新人選手権大会）第1地区,2015-11-22,都立城東,城東,都立三商,三商,9,0,,,https://koko-soccer.com/score/243
2015,新人戦,都新人戦（新人選手権大会）第1地区,2015-11-22,開成,開成,都立江戸川,江戸川,2,0,,,https://koko-soccer.com/score/243
2015,新人戦,都新人戦（新人選手権大会）第1地区,2015-11-22,日大一,日大一,都立墨田川,墨田川,1,2,,,https://koko-soccer.com/score/243
2015,新人戦,都新人戦（新人選手権大会）第1地区,2015-11-22,都立両国,両国,都立篠崎,篠崎,1,4,,,https://koko-soccer.com/score/243
2015,新人戦,都新人戦（新人選手権大会）第1地区,2015-11-22,都立葛飾野,葛飾野,都立橘,橘,8,0,,,https://koko-soccer.com/score/243
2015,新人戦,都新人戦（新人選手権大会）第1地区,2015-11-22,都立荒川工,荒川工,都立南葛飾,南葛飾,0,7,,,https://koko-soccer.com/score/243
2015,新人戦,都新人戦（新人選手権大会）第1地区,2015-11-22,都立葛西南,葛西南,都立葛西工,葛西工,2,0,,,https://koko-soccer.com/score/243
2015,新人戦,都新人戦（新人選手権大会）第1地区,2015-11-29,都立小松川,小松川,都立葛飾商,葛飾商,2,1,,,https://koko-soccer.com/score/243
2015,新人戦,都新人戦（新人選手権大会）第1地区,2015-11-29,安田学園,安田学園,かえつ有明,かえつ有明,0,2,,,https://koko-soccer.com/score/243
2015,新人戦,都新人戦（新人選手権大会）第1地区,2015-11-29,都立本所,本所,都立深川,深川,1,1,,,https://koko-soccer.com/score/243
2015,新人戦,都新人戦（新人選手権大会）第1地区,2015-11-29,都立日本橋,日本橋,都立紅葉川,紅葉川,0,3,,,https://koko-soccer.com/score/243
2015,新人戦,都新人戦（新人選手権大会）第1地区,2015-11-29,都立城東,城東,開成,開成,0,3,,,https://koko-soccer.com/score/243
2015,新人戦,都新人戦（新人選手権大会）第1地区,2015-11-29,都立墨田川,墨田川,都立篠崎,篠崎,4,1,,,https://koko-soccer.com/score/243
2015,新人戦,都新人戦（新人選手権大会）第1地区,2015-11-29,都立葛飾野,葛飾野,都立南葛飾,南葛飾,5,0,,,https://koko-soccer.com/score/243
2015,新人戦,都新人戦（新人選手権大会）第1地区,2015-12-06,都立葛西南,葛西南,修徳,修徳,0,2,,,https://koko-soccer.com/score/243
2015,新人戦,都新人戦（新人選手権大会）第1地区,2015-12-06,都立小松川,小松川,かえつ有明,かえつ有明,1,3,,,https://koko-soccer.com/score/243
2015,新人戦,都新人戦（新人選手権大会）第1地区,2015-12-06,都立深川,深川,都立紅葉川,紅葉川,1,1,,,https://koko-soccer.com/score/243
2015,新人戦,都新人戦（新人選手権大会）第1地区,2015-12-06,開成,開成,都立墨田川,墨田川,2,1,,,https://koko-soccer.com/score/243
2015,新人戦,都新人戦（新人選手権大会）第1地区,2015-12-13,都立葛飾野,葛飾野,修徳,修徳,1,1,,,https://koko-soccer.com/score/243
2015,新人戦,都新人戦（新人選手権大会）第1地区,2015-12-20,かえつ有明,かえつ有明,都立紅葉川,紅葉川,4,0,,,https://koko-soccer.com/score/243
2015,新人戦,都新人戦（新人選手権大会）第1地区,2015-12-20,開成,開成,修徳,修徳,0,3,,,https://koko-soccer.com/score/243
2015,新人戦,都新人戦（新人選手権大会）第1地区,2015-12-23,かえつ有明,かえつ有明,修徳,修徳,0,2,,,https://koko-soccer.com/score/243
2015,新人戦,都新人戦（新人選手権大会）第2地区,2015-11-15,都立小石川中等教育学校,小石川中等教育学校,獨協,獨協,0,3,,,https://koko-soccer.com/score/245
2015,新人戦,都新人戦（新人選手権大会）第2地区,2015-11-15,中大附,中大附属,足立学園,足立学園,0,1,,,https://koko-soccer.com/score/245
2015,新人戦,都新人戦（新人選手権大会）第2地区,2015-11-15,豊南,豊南,立教池袋,立教池袋,0,5,,,https://koko-soccer.com/score/245
2015,新人戦,都新人戦（新人選手権大会）第2地区,2015-11-15,貞静学園,貞静学園,都立江北,江北,1,4,,,https://koko-soccer.com/score/245
2015,新人戦,都新人戦（新人選手権大会）第2地区,2015-11-15,京北,京北,郁文館,郁文館,2,5,,,https://koko-soccer.com/score/245
2015,新人戦,都新人戦（新人選手権大会）第2地区,2015-11-15,都立豊島,豊島,筑波大附,筑波大学附属,4,1,,,https://koko-soccer.com/score/245
2015,新人戦,都新人戦（新人選手権大会）第2地区,2015-11-15,豊島学院,豊島学院,都立淵江,淵江,4,1,,,https://koko-soccer.com/score/245
2015,新人戦,都新人戦（新人選手権大会）第2地区,2015-11-15,都立荒川商,荒川商,都立足立西,足立西,3,5,,,https://koko-soccer.com/score/245
2015,新人戦,都新人戦（新人選手権大会）第2地区,2015-11-15,城西大城西,城西大城西,昭和一,昭和一,0,4,,,https://koko-soccer.com/score/245
2015,新人戦,都新人戦（新人選手権大会）第2地区,2015-11-15,都立足立新田,足立新田,京華,京華,0,4,,,https://koko-soccer.com/score/245
2015,新人戦,都新人戦（新人選手権大会）第2地区,2015-11-15,京華商,京華商,淑徳巣鴨,淑徳巣鴨,1,3,,,https://koko-soccer.com/score/245
2015,新人戦,都新人戦（新人選手権大会）第2地区,2015-11-22,駒込,駒込,獨協,獨協,7,1,,,https://koko-soccer.com/score/245
2015,新人戦,都新人戦（新人選手権大会）第2地区,2015-11-22,都立足立,足立,本郷,本郷,0,13,,,https://koko-soccer.com/score/245
2015,新人戦,都新人戦（新人選手権大会）第2地区,2015-11-22,都立竹早,竹早,都立千早,千早,4,0,,,https://koko-soccer.com/score/245
2015,新人戦,都新人戦（新人選手権大会）第2地区,2015-11-22,都立青井,青井,都立文京,文京,0,3,,,https://koko-soccer.com/score/245
2015,新人戦,都新人戦（新人選手権大会）第2地区,2015-11-22,巣鴨,巣鴨,都立足立工,足立工,2,2,,,https://koko-soccer.com/score/245
2015,新人戦,都新人戦（新人選手権大会）第2地区,2015-11-22,立教池袋,立教池袋,学習院,学習院,1,2,,,https://koko-soccer.com/score/245
2015,新人戦,都新人戦（新人選手権大会）第2地区,2015-11-23,日大豊山,日大豊山,足立学園,足立学園,2,2,,,https://koko-soccer.com/score/245
2015,新人戦,都新人戦（新人選手権大会）第2地区,2015-11-23,都立足立,足立,都立向丘,向丘,1,0,,,https://koko-soccer.com/score/245
2015,新人戦,都新人戦（新人選手権大会）第2地区,2015-11-22,都立江北,江北,郁文館,郁文館,1,1,,,https://koko-soccer.com/score/245
2015,新人戦,都新人戦（新人選手権大会）第2地区,2015-11-22,都立豊島,豊島,豊島学院,豊島学院,3,1,,,https://koko-soccer.com/score/245
2015,新人戦,都新人戦（新人選手権大会）第2地区,2015-11-23,都立足立西,足立西,昭和一,昭和一,1,2,,,https://koko-soccer.com/score/245
2015,新人戦,都新人戦（新人選手権大会）第2地区,2015-11-23,京華,京華,淑徳巣鴨,淑徳巣鴨,0,2,,,https://koko-soccer.com/score/245
2015,新人戦,都新人戦（新人選手権大会）第2地区,2015-11-23,駒込,駒込,本郷,本郷,1,1,,,https://koko-soccer.com/score/245
2015,新人戦,都新人戦（新人選手権大会）第2地区,2015-11-23,都立竹早,竹早,都立文京,文京,0,0,,,https://koko-soccer.com/score/245
2015,新人戦,都新人戦（新人選手権大会）第2地区,2015-11-23,都立足立工,足立工,学習院,学習院,0,15,,,https://koko-soccer.com/score/245
2015,新人戦,都新人戦（新人選手権大会）第2地区,2015-11-28,日大豊山,日大豊山,都立足立,足立,5,0,,,https://koko-soccer.com/score/245
2015,新人戦,都新人戦（新人選手権大会）第2地区,2015-11-29,本郷,本郷,都立江北,江北,2,0,,,https://koko-soccer.com/score/245
2015,新人戦,都新人戦（新人選手権大会）第2地区,2015-11-29,都立豊島,豊島,昭和一,昭和一,3,0,,,https://koko-soccer.com/score/245
2015,新人戦,都新人戦（新人選手権大会）第2地区,2015-11-29,日大豊山,日大豊山,淑徳巣鴨,淑徳巣鴨,3,1,,,https://koko-soccer.com/score/245
2015,新人戦,都新人戦（新人選手権大会）第2地区,2015-11-29,都立文京,文京,学習院,学習院,2,7,,,https://koko-soccer.com/score/245
2015,新人戦,都新人戦（新人選手権大会）第2地区,2015-12-13,本郷,本郷,都立豊島,豊島,0,2,,,https://koko-soccer.com/score/245
2015,新人戦,都新人戦（新人選手権大会）第2地区,2015-12-13,日大豊山,日大豊山,学習院,学習院,3,2,,,https://koko-soccer.com/score/245
2015,新人戦,都新人戦（新人選手権大会）第2地区,2015-12-20,都立豊島,豊島,日大豊山,日大豊山,2,1,,,https://koko-soccer.com/score/245
2015,新人戦,都新人戦（新人選手権大会）第3地区,2015-11-15,都立北園,北園,都立王子総合,王子総合,2,1,,,https://koko-soccer.com/score/246
2015,新人戦,都新人戦（新人選手権大会）第3地区,2015-11-15,國學院,国学院,都立白鴎,白鴎,9,1,,,https://koko-soccer.com/score/246
2015,新人戦,都新人戦（新人選手権大会）第3地区,2015-11-15,早稲田,早稲田,青山学院,青山学院,0,2,,,https://koko-soccer.com/score/246
2015,新人戦,都新人戦（新人選手権大会）第3地区,2015-11-15,日本ウェルネス,日本ウェルネス,都立青山,青山,3,2,,,https://koko-soccer.com/score/246
2015,新人戦,都新人戦（新人選手権大会）第3地区,2015-11-15,芝浦工大高,芝浦工大高,都立広尾,広尾,0,0,,,https://koko-soccer.com/score/246
2015,新人戦,都新人戦（新人選手権大会）第3地区,2015-11-15,聖学院,聖学院,順天,順天,0,12,,,https://koko-soccer.com/score/246
2015,新人戦,都新人戦（新人選手権大会）第3地区,2015-11-22,駿台学園,駿台学園,都立北園,北園,0,0,,,https://koko-soccer.com/score/246
2015,新人戦,都新人戦（新人選手権大会）第3地区,2015-11-22,都立板橋有徳,板橋有徳,淑徳,淑徳,0,6,,,https://koko-soccer.com/score/246
2015,新人戦,都新人戦（新人選手権大会）第3地区,2015-11-22,桜丘,桜丘,都立飛鳥,飛鳥,4,0,,,https://koko-soccer.com/score/246
2015,新人戦,都新人戦（新人選手権大会）第3地区,2015-11-22,都立高島,高島,國學院,国学院,1,1,,,https://koko-soccer.com/score/246
2015,新人戦,都新人戦（新人選手権大会）第3地区,2015-11-22,第一商,第一商,渋谷教育学園渋谷,渋谷教育学園渋谷,0,4,,,https://koko-soccer.com/score/246
2015,新人戦,都新人戦（新人選手権大会）第3地区,2015-11-22,都立新宿,新宿,都立赤羽商,赤羽商,1,0,,,https://koko-soccer.com/score/246
2015,新人戦,都新人戦（新人選手権大会）第3地区,2015-11-22,青山学院,青山学院,東京成徳大高,東京成徳大高,1,3,,,https://koko-soccer.com/score/246
2015,新人戦,都新人戦（新人選手権大会）第3地区,2015-11-22,目白研心,目白研心,日本ウェルネス,日本ウェルネス,4,0,,,https://koko-soccer.com/score/246
2015,新人戦,都新人戦（新人選手権大会）第3地区,2015-11-22,大智学園,大智学園,成城,成城,0,2,,,https://koko-soccer.com/score/246
2015,新人戦,都新人戦（新人選手権大会）第3地区,2015-11-22,都立蔵前工,蔵前工,岩倉,岩倉,12,0,,,https://koko-soccer.com/score/246
2015,新人戦,都新人戦（新人選手権大会）第3地区,2015-11-22,芝浦工大高,芝浦工大高,都立大山,大山,1,5,,,https://koko-soccer.com/score/246
2015,新人戦,都新人戦（新人選手権大会）第3地区,2015-11-22,城北,城北,上野学園,上野学園,10,0,,,https://koko-soccer.com/score/246
2015,新人戦,都新人戦（新人選手権大会）第3地区,2015-11-22,都立板橋,板橋,都立戸山,戸山,1,6,,,https://koko-soccer.com/score/246
2015,新人戦,都新人戦（新人選手権大会）第3地区,2015-11-22,武蔵野,武蔵野,都立上野,上野,1,0,,,https://koko-soccer.com/score/246
2015,新人戦,都新人戦（新人選手権大会）第3地区,2015-11-22,順天,順天,大東大一,大東大一,0,4,,,https://koko-soccer.com/score/246
2015,新人戦,都新人戦（新人選手権大会）第3地区,2015-11-23,都立北園,北園,淑徳,淑徳,1,2,,,https://koko-soccer.com/score/246
2015,新人戦,都新人戦（新人選手権大会）第3地区,2015-11-23,海城,海城,桜丘,桜丘,4,0,,,https://koko-soccer.com/score/246
2015,新人戦,都新人戦（新人選手権大会）第3地区,2015-11-23,國學院,国学院,渋谷教育学園渋谷,渋谷教育学園渋谷,5,1,,,https://koko-soccer.com/score/246
2015,新人戦,都新人戦（新人選手権大会）第3地区,2015-11-23,都立新宿,新宿,東京成徳大高,東京成徳大高,0,0,,,https://koko-soccer.com/score/246
2015,新人戦,都新人戦（新人選手権大会）第3地区,2015-11-23,目白研心,目白研心,成城,成城,1,1,,,https://koko-soccer.com/score/246
2015,新人戦,都新人戦（新人選手権大会）第3地区,2015-11-23,都立蔵前工,蔵前工,都立大山,大山,0,7,,,https://koko-soccer.com/score/246
2015,新人戦,都新人戦（新人選手権大会）第3地区,2015-11-23,城北,城北,都立戸山,戸山,6,0,,,https://koko-soccer.com/score/246
2015,新人戦,都新人戦（新人選手権大会）第3地区,2015-11-23,武蔵野,武蔵野,大東大一,大東大一,0,0,,,https://koko-soccer.com/score/246
2015,新人戦,都新人戦（新人選手権大会）第3地区,2015-11-29,淑徳,淑徳,海城,海城,0,1,,,https://koko-soccer.com/score/246
2015,新人戦,都新人戦（新人選手権大会）第3地区,2015-11-29,國學院,国学院,都立新宿,新宿,0,0,,,https://koko-soccer.com/score/246
2015,新人戦,都新人戦（新人選手権大会）第3地区,2015-11-29,成城,成城,都立大山,大山,0,0,,,https://koko-soccer.com/score/246
2015,新人戦,都新人戦（新人選手権大会）第3地区,2015-11-29,城北,城北,武蔵野,武蔵野,6,0,,,https://koko-soccer.com/score/246
2015,新人戦,都新人戦（新人選手権大会）第3地区,2015-12-13,海城,海城,國學院,国学院,1,0,,,https://koko-soccer.com/score/246
2015,新人戦,都新人戦（新人選手権大会）第3地区,2015-12-13,城北,城北,成城,成城,0,0,,,https://koko-soccer.com/score/246
2015,新人戦,都新人戦（新人選手権大会）第3地区,2015-12-20,海城,海城,城北,城北,1,0,,,https://koko-soccer.com/score/246
2015,新人戦,都新人戦（新人選手権大会）第4地区,2015-11-15,正則,正則,立正大立正,立正大立正,2,1,,,https://koko-soccer.com/score/250
2015,新人戦,都新人戦（新人選手権大会）第4地区,2015-11-15,朋優学院,朋優学院,都立八潮,八潮,8,0,,,https://koko-soccer.com/score/250
2015,新人戦,都新人戦（新人選手権大会）第4地区,2015-11-15,芝,芝,都立美原,美原,1,0,,,https://koko-soccer.com/score/250
2015,新人戦,都新人戦（新人選手権大会）第4地区,2015-11-15,東洋,東洋,都立雪谷,雪谷,1,2,,,https://koko-soccer.com/score/250
2015,新人戦,都新人戦（新人選手権大会）第4地区,2015-11-22,暁星高等学校,暁星,正則学園,正則学園,3,0,,,https://koko-soccer.com/score/250
2015,新人戦,都新人戦（新人選手権大会）第4地区,2015-11-22,二松学舎大附,二松学舎大附,都立大田桜台,大田桜台,0,1,,,https://koko-soccer.com/score/250
2015,新人戦,都新人戦（新人選手権大会）第4地区,2015-11-22,都立つばさ総合,つばさ総合,錦城学園,錦城学園,6,0,,,https://koko-soccer.com/score/250
2015,新人戦,都新人戦（新人選手権大会）第4地区,2015-11-22,青稜,青稜,都立小山台,小山台,2,0,,,https://koko-soccer.com/score/250
2015,新人戦,都新人戦（新人選手権大会）第4地区,2015-11-22,都立蒲田,蒲田,日体荏原,日体荏原,0,17,,,https://koko-soccer.com/score/250
2015,新人戦,都新人戦（新人選手権大会）第4地区,2015-11-22,高輪,高輪,都立三田,三田,3,1,,,https://koko-soccer.com/score/250
2015,新人戦,都新人戦（新人選手権大会）第4地区,2015-11-22,広尾学園,広尾学園,明治学院,明治学院,0,1,,,https://koko-soccer.com/score/250
2015,新人戦,都新人戦（新人選手権大会）第4地区,2015-11-22,東工大付,東工大付,都立大島,大島,9,0,,,https://koko-soccer.com/score/250
2015,新人戦,都新人戦（新人選手権大会）第4地区,2015-11-22,都立大崎,大崎,攻玉社,攻玉社,1,5,,,https://koko-soccer.com/score/250
2015,新人戦,都新人戦（新人選手権大会）第4地区,2015-11-22,都立雪谷,雪谷,都立八丈,八丈,3,2,,,https://koko-soccer.com/score/250
2015,新人戦,都新人戦（新人選手権大会）第4地区,2015-11-23,都立大森,大森,都立大島海洋国際,大島海洋国際,3,0,,,https://koko-soccer.com/score/250
2015,新人戦,都新人戦（新人選手権大会）第4地区,2015-11-23,文教大付,文教大付,正則,正則,0,1,,,https://koko-soccer.com/score/250
2015,新人戦,都新人戦（新人選手権大会）第4地区,2015-11-23,朋優学院,朋優学院,都立日比谷,日比谷,1,2,,,https://koko-soccer.com/score/250
2015,新人戦,都新人戦（新人選手権大会）第4地区,2015-11-23,麻布,麻布,区立九段中等教育,九段中等教育,2,0,,,https://koko-soccer.com/score/250
2015,新人戦,都新人戦（新人選手権大会）第4地区,2015-11-23,都立田園調布,田園調布,芝,芝,0,4,,,https://koko-soccer.com/score/250
2015,新人戦,都新人戦（新人選手権大会）第4地区,2015-11-23,東京,東京,大森学園,大森学園,1,1,,,https://koko-soccer.com/score/250
2015,新人戦,都新人戦（新人選手権大会）第4地区,2015-11-28,青稜,青稜,正則,正則,0,1,,,https://koko-soccer.com/score/250
2015,新人戦,都新人戦（新人選手権大会）第4地区,2015-11-28,都立日比谷,日比谷,日体荏原,日体荏原,0,5,,,https://koko-soccer.com/score/250
2015,新人戦,都新人戦（新人選手権大会）第4地区,2015-11-28,攻玉社,攻玉社,芝,芝,0,0,,,https://koko-soccer.com/score/250
2015,新人戦,都新人戦（新人選手権大会）第4地区,2015-11-28,都立雪谷,雪谷,大森学園,大森学園,0,3,,,https://koko-soccer.com/score/250
2015,新人戦,都新人戦（新人選手権大会）第4地区,2015-11-29,暁星高等学校,暁星,都立大森,大森,3,0,,,https://koko-soccer.com/score/250
2015,新人戦,都新人戦（新人選手権大会）第4地区,2015-11-29,都立大田桜台,大田桜台,都立つばさ総合,つばさ総合,0,6,,,https://koko-soccer.com/score/250
2015,新人戦,都新人戦（新人選手権大会）第4地区,2015-11-29,高輪,高輪,明治学院,明治学院,3,0,,,https://koko-soccer.com/score/250
2015,新人戦,都新人戦（新人選手権大会）第4地区,2015-11-29,麻布,麻布,東工大付,東工大付,4,3,,,https://koko-soccer.com/score/250
2015,新人戦,都新人戦（新人選手権大会）第4地区,2015-12-06,暁星高等学校,暁星,都立つばさ総合,つばさ総合,4,0,,,https://koko-soccer.com/score/250
2015,新人戦,都新人戦（新人選手権大会）第4地区,2015-12-06,正則,正則,日体荏原,日体荏原,0,2,,,https://koko-soccer.com/score/250
2015,新人戦,都新人戦（新人選手権大会）第4地区,2015-12-06,高輪,高輪,麻布,麻布,3,2,,,https://koko-soccer.com/score/250
2015,新人戦,都新人戦（新人選手権大会）第4地区,2015-12-06,攻玉社,攻玉社,大森学園,大森学園,2,1,,,https://koko-soccer.com/score/250
2015,新人戦,都新人戦（新人選手権大会）第4地区,2015-12-13,暁星高等学校,暁星,日体荏原,日体荏原,1,3,,,https://koko-soccer.com/score/250
2015,新人戦,都新人戦（新人選手権大会）第4地区,2015-12-13,高輪,高輪,攻玉社,攻玉社,1,0,,,https://koko-soccer.com/score/250
2015,新人戦,都新人戦（新人選手権大会）第4地区,2015-12-20,日体荏原,日体荏原,高輪,高輪,1,0,,,https://koko-soccer.com/score/250
2015,新人戦,都新人戦（新人選手権大会）第5地区,2015-11-15,都立第四商,第四商,東大附,東大附属,0,0,,,https://koko-soccer.com/score/251
2015,新人戦,都新人戦（新人選手権大会）第5地区,2015-11-15,都立光丘,光丘,宝仙学園,宝仙学園,5,1,,,https://koko-soccer.com/score/251
2015,新人戦,都新人戦（新人選手権大会）第5地区,2015-11-15,都立豊多摩,豊多摩,都立練馬工,練馬工,6,2,,,https://koko-soccer.com/score/251
2015,新人戦,都新人戦（新人選手権大会）第5地区,2015-11-15,東亜学園,東亜学園,杉並学院,杉並学院,1,0,,,https://koko-soccer.com/score/251
2015,新人戦,都新人戦（新人選手権大会）第5地区,2015-11-15,都立武蔵丘,武蔵丘,明大中野,明大中野,2,2,,,https://koko-soccer.com/score/251
2015,新人戦,都新人戦（新人選手権大会）第5地区,2015-11-15,都立中野工,中野工,都立田柄,田柄,1,2,,,https://koko-soccer.com/score/251
2015,新人戦,都新人戦（新人選手権大会）第5地区,2015-11-15,都立杉並総合,杉並総合,日大鶴ヶ丘,日大鶴ヶ丘,1,3,,,https://koko-soccer.com/score/251
2015,新人戦,都新人戦（新人選手権大会）第5地区,2015-11-15,都立杉並工,杉並工,早大学院,早大学院,0,8,,,https://koko-soccer.com/score/251
2015,新人戦,都新人戦（新人選手権大会）第5地区,2015-11-15,東京立正,東京立正,武蔵,武蔵,0,8,,,https://koko-soccer.com/score/251
2015,新人戦,都新人戦（新人選手権大会）第5地区,2015-11-22,中大杉並,中大杉並,都立第四商,第四商,8,0,,,https://koko-soccer.com/score/251
2015,新人戦,都新人戦（新人選手権大会）第5地区,2015-11-22,都立田無,田無,都立大泉,大泉,0,1,,,https://koko-soccer.com/score/251
2015,新人戦,都新人戦（新人選手権大会）第5地区,2015-11-22,専修大附,専修大附,都立鷺宮,鷺宮,1,0,,,https://koko-soccer.com/score/251
2015,新人戦,都新人戦（新人選手権大会）第5地区,2015-11-22,都立西,西,佼成学園,佼成学園,2,3,,,https://koko-soccer.com/score/251
2015,新人戦,都新人戦（新人選手権大会）第5地区,2015-11-22,都立杉並,杉並,都立富士,富士,0,3,,,https://koko-soccer.com/score/251
2015,新人戦,都新人戦（新人選手権大会）第5地区,2015-11-22,都立練馬,練馬,日大二,日大二,0,3,,,https://koko-soccer.com/score/251
2015,新人戦,都新人戦（新人選手権大会）第5地区,2015-11-22,都立保谷,保谷,都立井草,井草,2,0,,,https://koko-soccer.com/score/251
2015,新人戦,都新人戦（新人選手権大会）第5地区,2015-11-22,都立石神井,石神井,学芸大国際,学芸大国際,6,0,,,https://koko-soccer.com/score/251
2015,新人戦,都新人戦（新人選手権大会）第5地区,2015-11-22,都立光丘,光丘,実践学園,実践学園,0,2,,,https://koko-soccer.com/score/251
2015,新人戦,都新人戦（新人選手権大会）第5地区,2015-11-23,都立豊多摩,豊多摩,東亜学園,東亜学園,0,3,,,https://koko-soccer.com/score/251
2015,新人戦,都新人戦（新人選手権大会）第5地区,2015-11-23,日大鶴ヶ丘,日大鶴ヶ丘,早大学院,早大学院,2,2,,,https://koko-soccer.com/score/251
2015,新人戦,都新人戦（新人選手権大会）第5地区,2015-11-23,明大中野,明大中野,都立田柄,田柄,11,0,,,https://koko-soccer.com/score/251
2015,新人戦,都新人戦（新人選手権大会）第5地区,2015-11-23,専修大附,専修大附,佼成学園,佼成学園,2,1,,,https://koko-soccer.com/score/251
2015,新人戦,都新人戦（新人選手権大会）第5地区,2015-11-23,都立富士,富士,日大二,日大二,0,2,,,https://koko-soccer.com/score/251
2015,新人戦,都新人戦（新人選手権大会）第5地区,2015-11-23,都立保谷,保谷,武蔵,武蔵,3,1,,,https://koko-soccer.com/score/251
2015,新人戦,都新人戦（新人選手権大会）第5地区,2015-11-23,都立石神井,石神井,実践学園,実践学園,0,2,,,https://koko-soccer.com/score/251
2015,新人戦,都新人戦（新人選手権大会）第5地区,2015-11-29,中大杉並,中大杉並,都立大泉,大泉,3,0,,,https://koko-soccer.com/score/251
2015,新人戦,都新人戦（新人選手権大会）第5地区,2015-12-13,中大杉並,中大杉並,東亜学園,東亜学園,0,1,,,https://koko-soccer.com/score/251
2015,新人戦,都新人戦（新人選手権大会）第5地区,2015-12-13,明大中野,明大中野,日大鶴ヶ丘,日大鶴ヶ丘,2,1,,,https://koko-soccer.com/score/251
2015,新人戦,都新人戦（新人選手権大会）第5地区,2015-12-13,専修大附,専修大附,日大二,日大二,1,1,,,https://koko-soccer.com/score/251
2015,新人戦,都新人戦（新人選手権大会）第5地区,2015-12-13,都立保谷,保谷,実践学園,実践学園,0,3,,,https://koko-soccer.com/score/251
2015,新人戦,都新人戦（新人選手権大会）第5地区,2015-12-20,東亜学園,東亜学園,明大中野,明大中野,1,2,,,https://koko-soccer.com/score/251
2015,新人戦,都新人戦（新人選手権大会）第5地区,2015-12-20,実践学園,実践学園,専修大附,専修大附,8,0,,,https://koko-soccer.com/score/251
2015,新人戦,都新人戦（新人選手権大会）第5地区,2015-12-23,実践学園,実践学園,明大中野,明大中野,3,0,,,https://koko-soccer.com/score/251
2015,新人戦,都新人戦（新人選手権大会）第6地区,2015-11-15,都立芦花,芦花,三田国際,三田国際,2,3,,,https://koko-soccer.com/score/247
2015,新人戦,都新人戦（新人選手権大会）第6地区,2015-11-15,都立山崎,山崎,松蔭,松蔭,10,0,,,https://koko-soccer.com/score/247
2015,新人戦,都新人戦（新人選手権大会）第6地区,2015-11-15,都立町田総合,町田総合,都立松原,松原,0,4,,,https://koko-soccer.com/score/247
2015,新人戦,都新人戦（新人選手権大会）第6地区,2015-11-22,都立町田工,町田工,東京都市大付,都市大付,1,5,,,https://koko-soccer.com/score/247
2015,新人戦,都新人戦（新人選手権大会）第6地区,2015-11-22,成城学園,成城学園,都立若葉総合,若葉総合,1,0,,,https://koko-soccer.com/score/247
2015,新人戦,都新人戦（新人選手権大会）第6地区,2015-11-22,都立総合工科,総合工科,都立千歳丘,千歳丘,1,3,,,https://koko-soccer.com/score/247
2015,新人戦,都新人戦（新人選手権大会）第6地区,2015-11-22,和光,和光,日出,日出,3,0,,,https://koko-soccer.com/score/247
2015,新人戦,都新人戦（新人選手権大会）第6地区,2015-11-22,筑波大駒場,筑波大駒場,都立小川,小川,0,3,,,https://koko-soccer.com/score/247
2015,新人戦,都新人戦（新人選手権大会）第6地区,2015-11-22,東京学芸大附,東京学芸大附,三田国際,三田国際,5,0,,,https://koko-soccer.com/score/247
2015,新人戦,都新人戦（新人選手権大会）第6地区,2015-11-22,都立目黒,目黒,都立町田,町田,1,6,,,https://koko-soccer.com/score/247
2015,新人戦,都新人戦（新人選手権大会）第6地区,2015-11-22,桜美林,桜美林,大東学園,大東学園,3,0,,,https://koko-soccer.com/score/247
2015,新人戦,都新人戦（新人選手権大会）第6地区,2015-11-22,都立山崎,山崎,駒場東邦,駒場東邦,0,2,,,https://koko-soccer.com/score/247
2015,新人戦,都新人戦（新人選手権大会）第6地区,2015-11-23,都立世田谷総合,世田谷総合,都立桜修館,桜修館中等,0,4,,,https://koko-soccer.com/score/247
2015,新人戦,都新人戦（新人選手権大会）第6地区,2015-11-23,東京都市大付,都市大付,日本学園,日本学園,0,2,,,https://koko-soccer.com/score/247
2015,新人戦,都新人戦（新人選手権大会）第6地区,2015-11-23,都立成瀬,成瀬,成城学園,成城学園,0,2,,,https://koko-soccer.com/score/247
2015,新人戦,都新人戦（新人選手権大会）第6地区,2015-11-23,都立野津田,野津田,日工大駒場,日工大駒場,5,1,,,https://koko-soccer.com/score/247
2015,新人戦,都新人戦（新人選手権大会）第6地区,2015-11-23,玉川学園,玉川学園,世田谷学園,世田谷学園,0,5,,,https://koko-soccer.com/score/247
2015,新人戦,都新人戦（新人選手権大会）第6地区,2015-11-23,都立千歳丘,千歳丘,駒場学園,駒場学園,0,2,,,https://koko-soccer.com/score/247
2015,新人戦,都新人戦（新人選手権大会）第6地区,2015-11-23,日大三,日大三,和光,和光,4,0,,,https://koko-soccer.com/score/247
2015,新人戦,都新人戦（新人選手権大会）第6地区,2015-11-23,東京都市大等々力,東京都市大等々力,都立国際,国際,0,0,,,https://koko-soccer.com/score/247
2015,新人戦,都新人戦（新人選手権大会）第6地区,2015-11-23,東農大一,農大一,都立小川,小川,1,0,,,https://koko-soccer.com/score/247
2015,新人戦,都新人戦（新人選手権大会）第6地区,2015-11-23,都立深沢,深沢,目黒学院,目黒学院,3,1,,,https://koko-soccer.com/score/247
2015,新人戦,都新人戦（新人選手権大会）第6地区,2015-11-23,都立桜町,桜町,日大桜丘,日大櫻丘,1,6,,,https://koko-soccer.com/score/247
2015,新人戦,都新人戦（新人選手権大会）第6地区,2015-11-23,都立松原,松原,都立狛江,狛江,0,2,,,https://koko-soccer.com/score/247
2015,新人戦,都新人戦（新人選手権大会）第6地区,2015-11-29,東京学芸大附,東京学芸大附,都立町田,町田,0,0,,,https://koko-soccer.com/score/247
2015,新人戦,都新人戦（新人選手権大会）第6地区,2015-11-29,都立桜修館,桜修館中等,日本学園,日本学園,1,1,,,https://koko-soccer.com/score/247
2015,新人戦,都新人戦（新人選手権大会）第6地区,2015-11-29,成城学園,成城学園,都立野津田,野津田,1,2,,,https://koko-soccer.com/score/247
2015,新人戦,都新人戦（新人選手権大会）第6地区,2015-11-29,世田谷学園,世田谷学園,駒場学園,駒場学園,0,2,,,https://koko-soccer.com/score/247
2015,新人戦,都新人戦（新人選手権大会）第6地区,2015-11-29,日大三,日大三,東京都市大等々力,東京都市大等々力,4,0,,,https://koko-soccer.com/score/247
2015,新人戦,都新人戦（新人選手権大会）第6地区,2015-11-29,桜美林,桜美林,駒場東邦,駒場東邦,0,3,,,https://koko-soccer.com/score/247
2015,新人戦,都新人戦（新人選手権大会）第6地区,2015-11-29,東農大一,農大一,都立深川,深川,2,0,,,https://koko-soccer.com/score/247
2015,新人戦,都新人戦（新人選手権大会）第6地区,2015-11-29,日大桜丘,日大櫻丘,都立狛江,狛江,1,1,,,https://koko-soccer.com/score/247
2015,新人戦,都新人戦（新人選手権大会）第6地区,2015-12-13,都立町田,町田,都立桜修館,桜修館中等,1,1,,,https://koko-soccer.com/score/247
2015,新人戦,都新人戦（新人選手権大会）第6地区,2015-12-13,都立野津田,野津田,駒場学園,駒場学園,0,0,,,https://koko-soccer.com/score/247
2015,新人戦,都新人戦（新人選手権大会）第6地区,2015-12-13,日大三,日大三,駒場東邦,駒場東邦,2,0,,,https://koko-soccer.com/score/247
2015,新人戦,都新人戦（新人選手権大会）第6地区,2015-12-13,東農大一,農大一,日大桜丘,日大櫻丘,2,2,,,https://koko-soccer.com/score/247
2015,新人戦,都新人戦（新人選手権大会）第6地区,2015-12-20,都立町田,町田,駒場学園,駒場学園,0,3,,,https://koko-soccer.com/score/247
2015,新人戦,都新人戦（新人選手権大会）第6地区,2015-12-20,日大三,日大三,東農大一,農大一,1,2,,,https://koko-soccer.com/score/247
2015,新人戦,都新人戦（新人選手権大会）第6地区,2015-12-23,駒場学園,駒場学園,東農大一,農大一,3,1,,,https://koko-soccer.com/score/247
2015,新人戦,都新人戦（新人選手権大会）第7地区,2015-11-22,明大明治,明大明治,八王子実践,八王子実践,7,0,,,https://koko-soccer.com/score/248
2015,新人戦,都新人戦（新人選手権大会）第7地区,2015-11-22,八王子実践,八王子実践,都立富士森,富士森,5,1,,,https://koko-soccer.com/score/248
2015,新人戦,都新人戦（新人選手権大会）第7地区,2015-11-22,多摩大聖ヶ丘,多摩大聖ヶ丘,都立日野,日野,1,7,,,https://koko-soccer.com/score/248
2015,新人戦,都新人戦（新人選手権大会）第7地区,2015-11-22,都立八王子桑志,八王子桑志,都立府中工,府中工科,2,2,,,https://koko-soccer.com/score/248
2015,新人戦,都新人戦（新人選手権大会）第7地区,2015-11-23,大成,大成,明大明治,明大明治,0,0,,,https://koko-soccer.com/score/248
2015,新人戦,都新人戦（新人選手権大会）第7地区,2015-11-23,都立八王子東,八王子東,都立立川国際中等教育学校,立川国際中等教育学校,0,2,,,https://koko-soccer.com/score/248
2015,新人戦,都新人戦（新人選手権大会）第7地区,2015-11-23,都立府中西,府中西,都立南多摩,南多摩,5,1,,,https://koko-soccer.com/score/248
2015,新人戦,都新人戦（新人選手権大会）第7地区,2015-11-23,都立八王子北,八王子北,都立調布南,調布南,1,5,,,https://koko-soccer.com/score/248
2015,新人戦,都新人戦（新人選手権大会）第7地区,2015-11-23,都立片倉,片倉,都立翔陽,翔陽,1,2,,,https://koko-soccer.com/score/248
2015,新人戦,都新人戦（新人選手権大会）第7地区,2015-11-23,工学院大附,工学院大附,都立三鷹中等教育学校,三鷹中等教育学校,1,1,,,https://koko-soccer.com/score/248
2015,新人戦,都新人戦（新人選手権大会）第7地区,2015-11-23,明星学園,明星学園,帝京八王子,帝京八王子,4,1,,,https://koko-soccer.com/score/248
2015,新人戦,都新人戦（新人選手権大会）第7地区,2015-11-23,八王子実践,八王子実践,都立府中東,府中東,1,9,,,https://koko-soccer.com/score/248
2015,新人戦,都新人戦（新人選手権大会）第7地区,2015-11-23,昭和一,昭和一,都立日野,日野,2,0,,,https://koko-soccer.com/score/248
2015,新人戦,都新人戦（新人選手権大会）第7地区,2015-11-23,八王子,八王子,都立国立,国立,3,2,,,https://koko-soccer.com/score/248
2015,新人戦,都新人戦（新人選手権大会）第7地区,2015-11-23,都立永山,永山,都立調布北,調布北,1,1,,,https://koko-soccer.com/score/248
2015,新人戦,都新人戦（新人選手権大会）第7地区,2015-11-23,穎明館,穎明館,桐朋,桐朋,0,2,,,https://koko-soccer.com/score/248
2015,新人戦,都新人戦（新人選手権大会）第7地区,2015-11-23,法政大高,法政大高,都立南平,南平,2,2,,,https://koko-soccer.com/score/248
2015,新人戦,都新人戦（新人選手権大会）第7地区,2015-11-23,都立府中,府中,都立立川,立川,2,0,,,https://koko-soccer.com/score/248
2015,新人戦,都新人戦（新人選手権大会）第7地区,2015-11-23,帝京大高,帝京大高,明星,明星,1,3,,,https://koko-soccer.com/score/248
2015,新人戦,都新人戦（新人選手権大会）第7地区,2015-11-23,都立府中工,府中工科,明大中野八王子,明大中野八王子,1,5,,,https://koko-soccer.com/score/248
2015,新人戦,都新人戦（新人選手権大会）第7地区,2015-12-13,明大明治,明大明治,都立立川国際中等教育学校,立川国際中等教育学校,0,0,,,https://koko-soccer.com/score/248
2015,新人戦,都新人戦（新人選手権大会）第7地区,2015-12-13,都立府中西,府中西,都立調布南,調布南,0,3,,,https://koko-soccer.com/score/248
2015,新人戦,都新人戦（新人選手権大会）第7地区,2015-12-13,都立翔陽,翔陽,工学院大附,工学院大附,1,7,,,https://koko-soccer.com/score/248
2015,新人戦,都新人戦（新人選手権大会）第7地区,2015-12-13,明星学園,明星学園,都立府中東,府中東,1,5,,,https://koko-soccer.com/score/248
2015,新人戦,都新人戦（新人選手権大会）第7地区,2015-12-13,昭和一,昭和一,八王子,八王子,0,2,,,https://koko-soccer.com/score/248
2015,新人戦,都新人戦（新人選手権大会）第7地区,2015-12-13,都立調布北,調布北,桐朋,桐朋,2,2,,,https://koko-soccer.com/score/248
2015,新人戦,都新人戦（新人選手権大会）第7地区,2015-12-13,法政大高,法政大高,都立府中,府中,0,0,,,https://koko-soccer.com/score/248
2015,新人戦,都新人戦（新人選手権大会）第7地区,2015-12-13,明星,明星,明大中野八王子,明大中野八王子,2,3,,,https://koko-soccer.com/score/248
2015,新人戦,都新人戦（新人選手権大会）第7地区,2015-12-20,都立立川国際中等教育学校,立川国際中等教育学校,都立調布南,調布南,0,3,,,https://koko-soccer.com/score/248
2015,新人戦,都新人戦（新人選手権大会）第7地区,2015-12-20,工学院大附,工学院大附,都立府中東,府中東,2,6,,,https://koko-soccer.com/score/248
2015,新人戦,都新人戦（新人選手権大会）第7地区,2015-12-20,八王子,八王子,桐朋,桐朋,2,1,,,https://koko-soccer.com/score/248
2015,新人戦,都新人戦（新人選手権大会）第7地区,2015-12-20,都立府中,府中,明大中野八王子,明大中野八王子,0,3,,,https://koko-soccer.com/score/248
2015,新人戦,都新人戦（新人選手権大会）第7地区,2015-12-23,都立調布南,調布南,都立府中東,府中東,0,3,,,https://koko-soccer.com/score/248
2015,新人戦,都新人戦（新人選手権大会）第7地区,2015-12-23,八王子,八王子,明大中野八王子,明大中野八王子,0,2,,,https://koko-soccer.com/score/248
2015,新人戦,都新人戦（新人選手権大会）第7地区,2016-01-10,都立府中東,府中東,明大中野八王子,明大中野八王子,2,3,,,https://koko-soccer.com/score/248
2015,新人戦,都新人戦（新人選手権大会）第8地区,2015-11-22,都立羽村,羽村,都立昭和,昭和,0,2,,,https://koko-soccer.com/score/249
2015,新人戦,都新人戦（新人選手権大会）第8地区,2015-11-22,都立拝島,拝島,国際基督教大高,国際基督教大高,2,4,,,https://koko-soccer.com/score/249
2015,新人戦,都新人戦（新人選手権大会）第8地区,2015-11-22,都立武蔵野北,武蔵野北,都立久留米西,久留米西,1,2,,,https://koko-soccer.com/score/249
2015,新人戦,都新人戦（新人選手権大会）第8地区,2015-11-22,都立多摩工,多摩工,都立武蔵村山,武蔵村山,1,4,,,https://koko-soccer.com/score/249
2015,新人戦,都新人戦（新人選手権大会）第8地区,2015-11-22,都立多摩科学技術,多摩科学技術,中大附,中大附属,0,5,,,https://koko-soccer.com/score/249
2015,新人戦,都新人戦（新人選手権大会）第8地区,2015-11-22,都立小金井北,小金井北,都立多摩,多摩,4,1,,,https://koko-soccer.com/score/249
2015,新人戦,都新人戦（新人選手権大会）第8地区,2015-11-23,創価,創価,都立昭和,昭和,2,0,,,https://koko-soccer.com/score/249
2015,新人戦,都新人戦（新人選手権大会）第8地区,2015-11-23,都立武蔵,都立武蔵,都立上水,上水,8,1,,,https://koko-soccer.com/score/249
2015,新人戦,都新人戦（新人選手権大会）第8地区,2015-11-23,明法,明法,東京電機大高,東京電機大学,1,1,,,https://koko-soccer.com/score/249
2015,新人戦,都新人戦（新人選手権大会）第8地区,2015-11-23,都立小平南,小平南,明学東村山,明治学院東村山,0,0,,,https://koko-soccer.com/score/249
2015,新人戦,都新人戦（新人選手権大会）第8地区,2015-11-23,都立東村山,東村山,都立青梅総合,青梅総合,1,0,,,https://koko-soccer.com/score/249
2015,新人戦,都新人戦（新人選手権大会）第8地区,2015-11-23,都立福生,福生,都立小平西,小平西,13,0,,,https://koko-soccer.com/score/249
2015,新人戦,都新人戦（新人選手権大会）第8地区,2015-11-23,都立久留米西,久留米西,成蹊,成蹊,1,1,,,https://koko-soccer.com/score/249
2015,新人戦,都新人戦（新人選手権大会）第8地区,2015-11-23,早稲田実業,早稲田実業,都立武蔵村山,武蔵村山,7,0,,,https://koko-soccer.com/score/249
2015,新人戦,都新人戦（新人選手権大会）第8地区,2015-11-23,都立清瀬,清瀬,拓大一高,拓大一高,0,2,,,https://koko-soccer.com/score/249
2015,新人戦,都新人戦（新人選手権大会）第8地区,2015-11-23,都立五日市,五日市,都立東村山西,東村山西,0,9,,,https://koko-soccer.com/score/249
2015,新人戦,都新人戦（新人選手権大会）第8地区,2015-11-23,都立秋留台,秋留台,錦城,錦城,0,8,,,https://koko-soccer.com/score/249
2015,新人戦,都新人戦（新人選手権大会）第8地区,2015-11-23,都立東大和,東大和,聖徳学園,聖徳学園,1,0,,,https://koko-soccer.com/score/249
2015,新人戦,都新人戦（新人選手権大会）第8地区,2015-11-23,中大附,中大附属,自由学園,自由学園,4,0,,,https://koko-soccer.com/score/249
2015,新人戦,都新人戦（新人選手権大会）第8地区,2015-11-23,都立東大和南,東大和南,都立小平,小平,5,0,,,https://koko-soccer.com/score/249
2015,新人戦,都新人戦（新人選手権大会）第8地区,2015-11-23,都立小金井北,小金井北,都立国分寺,国分寺,2,3,,,https://koko-soccer.com/score/249
2015,新人戦,都新人戦（新人選手権大会）第8地区,2015-11-23,国際基督教大高,国際基督教大高,東海大菅生,東海大菅生,0,5,,,https://koko-soccer.com/score/249
2015,新人戦,都新人戦（新人選手権大会）第8地区,2015-12-13,創価,創価,都立武蔵,都立武蔵,1,0,,,https://koko-soccer.com/score/249
2015,新人戦,都新人戦（新人選手権大会）第8地区,2015-12-13,明法,明法,東海大菅生,東海大菅生,0,1,,,https://koko-soccer.com/score/249
2015,新人戦,都新人戦（新人選手権大会）第8地区,2015-12-13,明学東村山,明治学院東村山,都立東村山,東村山,0,2,,,https://koko-soccer.com/score/249
2015,新人戦,都新人戦（新人選手権大会）第8地区,2015-12-13,都立福生,福生,成蹊,成蹊,4,1,,,https://koko-soccer.com/score/249
2015,新人戦,都新人戦（新人選手権大会）第8地区,2015-12-13,早稲田実業,早稲田実業,拓大一高,拓大一高,1,1,,,https://koko-soccer.com/score/249
2015,新人戦,都新人戦（新人選手権大会）第8地区,2015-12-13,都立東村山西,東村山西,錦城,錦城,3,0,,,https://koko-soccer.com/score/249
2015,新人戦,都新人戦（新人選手権大会）第8地区,2015-12-13,都立東大和,東大和,中大附,中大附属,1,1,,,https://koko-soccer.com/score/249
2015,新人戦,都新人戦（新人選手権大会）第8地区,2015-12-13,都立東大和南,東大和南,都立国分寺,国分寺,1,0,,,https://koko-soccer.com/score/249
2015,新人戦,都新人戦（新人選手権大会）第8地区,2015-12-20,創価,創価,東海大菅生,東海大菅生,1,0,,,https://koko-soccer.com/score/249
2015,新人戦,都新人戦（新人選手権大会）第8地区,2015-12-20,明学東村山,明治学院東村山,都立福生,福生,0,2,,,https://koko-soccer.com/score/249
2015,新人戦,都新人戦（新人選手権大会）第8地区,2015-12-20,早稲田実業,早稲田実業,都立東村山西,東村山西,2,0,,,https://koko-soccer.com/score/249
2015,新人戦,都新人戦（新人選手権大会）第8地区,2015-12-20,中大附,中大附属,都立東大和南,東大和南,1,4,,,https://koko-soccer.com/score/249
2015,新人戦,都新人戦（新人選手権大会）第8地区,2015-12-23,創価,創価,都立福生,福生,1,0,,,https://koko-soccer.com/score/249
2015,新人戦,都新人戦（新人選手権大会）第8地区,2015-12-23,早稲田実業,早稲田実業,都立東大和南,東大和南,1,0,,,https://koko-soccer.com/score/249
2015,新人戦,都新人戦（新人選手権大会）第8地区,2016-01-10,創価,創価,早稲田実業,早稲田実業,1,2,,,https://koko-soccer.com/score/249
2015,総体,都,2015-06-06,東海大菅生,東海大菅生,早稲田実業,早稲田実業,0,1,,,https://koko-soccer.com/score/89
2015,総体,都,2015-06-06,暁星高等学校,暁星,駒澤大学高等学校,駒澤大高,0,2,,,https://koko-soccer.com/score/89
2015,総体,都,2015-06-13,駒澤大学高等学校,駒澤大高,國學院久我山,国学院久我山,1,3,,,https://koko-soccer.com/score/89
2015,総体,都,2015-06-13,東京実業,東京実業,都立東久留米総合,東久留米総合,0,1,,,https://koko-soccer.com/score/89
2015,総体,都,2015-06-14,関東一,関東第一,早稲田実業,早稲田実業,1,0,,,https://koko-soccer.com/score/89
2015,総体,都,2015-06-14,帝京,帝京,東京朝鮮中高級学校,東京朝鮮中高級学校,3,5,,,https://koko-soccer.com/score/89
2015,総体,都,2015-06-20,関東一,関東第一,東京朝鮮中高級学校,東京朝鮮中高級学校,2,1,,,https://koko-soccer.com/score/89
2015,総体,都,2015-06-20,國學院久我山,国学院久我山,都立東久留米総合,東久留米総合,0,0,5,3,https://koko-soccer.com/score/89
2015,総体,都,2015-06-21,國學院久我山,国学院久我山,関東一,関東第一,0,1,,,https://koko-soccer.com/score/89
2015,総体,都一次予選,2015-05-10,大東大一,大東大一,都立武蔵丘,武蔵丘,1,0,,,https://koko-soccer.com/score/73
2015,総体,都一次予選,2015-05-10,成城学園,成城学園,都立墨田川,墨田川,0,1,,,https://koko-soccer.com/score/73
2015,総体,都一次予選,2015-05-10,駒澤大学高等学校,駒澤大高,成蹊,成蹊,2,0,,,https://koko-soccer.com/score/73
2015,総体,都一次予選,2015-05-17,都立東,東,駒澤大学高等学校,駒澤大高,0,8,,,https://koko-soccer.com/score/73
2015,総体,都一次予選,2015-05-17,都立墨田川,墨田川,大東大一,大東大一,3,1,,,https://koko-soccer.com/score/73
2015,総体,都一次予選,2015-05-23,駒澤大学高等学校,駒澤大高,都立墨田川,墨田川,4,0,,,https://koko-soccer.com/score/73
2015,総体,都一次予選,2015-05-10,日体荏原,日体荏原,東京学芸大附,東京学芸大附,1,2,,,https://koko-soccer.com/score/73
2015,総体,都一次予選,2015-05-10,国士舘,国士舘,日大三,日大三,1,4,,,https://koko-soccer.com/score/73
2015,総体,都一次予選,2015-05-10,大成,大成,都立八王子東,八王子東,5,0,,,https://koko-soccer.com/score/73
2015,総体,都一次予選,2015-05-16,日大三,日大三,大成,大成,3,6,,,https://koko-soccer.com/score/73
2015,総体,都一次予選,2015-05-17,暁星高等学校,暁星,東京学芸大附,東京学芸大附,3,0,,,https://koko-soccer.com/score/73
2015,総体,都一次予選,2015-05-23,大成,大成,暁星高等学校,暁星,2,2,3,4,https://koko-soccer.com/score/73
2015,総体,都一次予選,2015-05-10,都立駒場,駒場,本郷,本郷,4,0,,,https://koko-soccer.com/score/73
2015,総体,都一次予選,2015-05-10,東亜学園,東亜学園,開成,開成,4,0,,,https://koko-soccer.com/score/73
2015,総体,都一次予選,2015-05-10,都立調布南,調布南,都立紅葉川,紅葉川,2,1,,,https://koko-soccer.com/score/73
2015,総体,都一次予選,2015-05-17,都立東久留米総合,東久留米総合,都立駒場,駒場,3,1,,,https://koko-soccer.com/score/73
2015,総体,都一次予選,2015-05-17,東亜学園,東亜学園,都立調布南,調布南,2,2,3,5,https://koko-soccer.com/score/73
2015,総体,都一次予選,2015-05-23,都立東久留米総合,東久留米総合,都立調布南,調布南,3,0,,,https://koko-soccer.com/score/73
2015,総体,都一次予選,2015-05-10,日大二,日大二,明治学院,明治学院,1,0,,,https://koko-soccer.com/score/73
2015,総体,都一次予選,2015-05-10,駿台学園,駿台学園,東京実業,東京実業,1,1,3,4,https://koko-soccer.com/score/73
2015,総体,都一次予選,2015-05-17,実践学園,実践学園,日大二,日大二,2,0,,,https://koko-soccer.com/score/73
2015,総体,都一次予選,2015-05-17,日大豊山,日大豊山,東京実業,東京実業,1,2,,,https://koko-soccer.com/score/73
2015,総体,都一次予選,2015-05-24,実践学園,実践学園,東京実業,東京実業,1,2,,,https://koko-soccer.com/score/73
2015,総体,都一次予選,2015-05-10,芝,芝,都立松が谷,松が谷,1,2,,,https://koko-soccer.com/score/73
2015,総体,都一次予選,2015-05-10,都立美原,美原,東京朝鮮中高級学校,東京朝鮮中高級学校,0,2,,,https://koko-soccer.com/score/73
2015,総体,都一次予選,2015-05-17,日本学園,日本学園,東京朝鮮中高級学校,東京朝鮮中高級学校,0,3,,,https://koko-soccer.com/score/73
2015,総体,都一次予選,2015-05-17,都立松が谷,松が谷,多摩大目黒,多摩大学目黒,1,3,,,https://koko-soccer.com/score/73
2015,総体,都一次予選,2015-05-24,東京朝鮮中高級学校,東京朝鮮中高級学校,多摩大目黒,多摩大学目黒,1,0,,,https://koko-soccer.com/score/73
2015,総体,都一次予選,2015-05-09,早大学院,早大学院,堀越,堀越,0,3,,,https://koko-soccer.com/score/73
2015,総体,都一次予選,2015-05-10,帝京,帝京,成立学園,成立学園,1,1,4,2,https://koko-soccer.com/score/73
2015,総体,都一次予選,2015-05-10,都立東大和,東大和,東農大一,農大一,1,2,,,https://koko-soccer.com/score/73
2015,総体,都一次予選,2015-05-16,修徳,修徳,堀越,堀越,2,2,5,6,https://koko-soccer.com/score/73
2015,総体,都一次予選,2015-05-16,東農大一,農大一,帝京,帝京,1,2,,,https://koko-soccer.com/score/73
2015,総体,都一次予選,2015-05-23,帝京,帝京,堀越,堀越,1,0,,,https://koko-soccer.com/score/73
2015,総体,都一次予選,2015-05-10,早稲田実業,早稲田実業,都立日野台,日野台,4,2,,,https://koko-soccer.com/score/73
2015,総体,都一次予選,2015-05-10,都立新宿,新宿,保善,保善,0,3,,,https://koko-soccer.com/score/73
2015,総体,都一次予選,2015-05-10,昭和一学園,昭和一学園,都立永山,永山,2,0,,,https://koko-soccer.com/score/73
2015,総体,都一次予選,2015-05-17,早稲田実業,早稲田実業,昭和一学園,昭和一学園,1,0,,,https://koko-soccer.com/score/73
2015,総体,都一次予選,2015-05-17,武蔵,武蔵,保善,保善,1,0,,,https://koko-soccer.com/score/73
2015,総体,都一次予選,2015-05-23,武蔵,武蔵,早稲田実業,早稲田実業,2,3,,,https://koko-soccer.com/score/73
2015,総体,都一次予選,2015-05-09,都立足立,足立,攻玉社,攻玉社,0,2,,,https://koko-soccer.com/score/73
2015,総体,都一次予選,2015-05-10,都立鷺宮,鷺宮,都立小松川,小松川,0,0,2,4,https://koko-soccer.com/score/73
2015,総体,都一次予選,2015-05-10,拓大一高,拓大一高,郁文館,郁文館,1,0,,,https://koko-soccer.com/score/73
2015,総体,都一次予選,2015-05-17,東海大菅生,東海大菅生,攻玉社,攻玉社,3,0,,,https://koko-soccer.com/score/73
2015,総体,都一次予選,2015-05-17,拓大一高,拓大一高,都立小松川,小松川,3,4,,,https://koko-soccer.com/score/73
2015,総体,都一次予選,2015-05-24,都立小松川,小松川,東海大菅生,東海大菅生,2,3,,,https://koko-soccer.com/score/73
2015,総体,都支部予選（中支部）,2015-04-25,都立青山,青山,都立大山,大山,1,1,6,5,https://koko-soccer.com/score/72
2015,総体,都支部予選（中支部）,2015-04-26,都立新宿,新宿,聖学院,聖学院,10,1,,,https://koko-soccer.com/score/72
2015,総体,都支部予選（中支部）,2015-04-26,都立芝商業,芝商業,東洋,東洋,1,3,,,https://koko-soccer.com/score/72
2015,総体,都支部予選（中支部）,2015-04-26,都立雪谷,雪谷,海城,海城,1,2,,,https://koko-soccer.com/score/72
2015,総体,都支部予選（中支部）,2015-04-29,都立新宿,新宿,東洋,東洋,3,0,,,https://koko-soccer.com/score/72
2015,総体,都支部予選（中支部）,2015-04-29,海城,海城,都立青山,青山,0,7,,,https://koko-soccer.com/score/72
2015,総体,都支部予選（中支部）,2015-05-03,都立新宿,新宿,都立青山,青山,1,0,,,https://koko-soccer.com/score/72
2015,総体,都支部予選（中支部）,2015-04-26,日本ウェルネス,日本ウェルネス,都立蒲田,蒲田,4,0,,,https://koko-soccer.com/score/72
2015,総体,都支部予選（中支部）,2015-04-26,武蔵野,武蔵野,大智学園,大智学園,0,0,3,4,https://koko-soccer.com/score/72
2015,総体,都支部予選（中支部）,2015-04-26,都立白鴎,白鴎,桜丘,桜丘,0,5,,,https://koko-soccer.com/score/72
2015,総体,都支部予選（中支部）,2015-04-26,岩倉,岩倉,明治学院,明治学院,0,5,,,https://koko-soccer.com/score/72
2015,総体,都支部予選（中支部）,2015-04-29,日本ウェルネス,日本ウェルネス,大智学園,大智学園,2,1,,,https://koko-soccer.com/score/72
2015,総体,都支部予選（中支部）,2015-04-29,桜丘,桜丘,明治学院,明治学院,0,3,,,https://koko-soccer.com/score/72
2015,総体,都支部予選（中支部）,2015-05-03,日本ウェルネス,日本ウェルネス,明治学院,明治学院,1,6,,,https://koko-soccer.com/score/72
2015,総体,都支部予選（中支部）,2015-04-25,第一商,第一商,都立蔵前工,蔵前工,1,3,,,https://koko-soccer.com/score/72
2015,総体,都支部予選（中支部）,2015-04-26,高輪,高輪,順天,順天,1,1,7,8,https://koko-soccer.com/score/72
2015,総体,都支部予選（中支部）,2015-04-26,日体荏原,日体荏原,都立日比谷,日比谷,2,0,,,https://koko-soccer.com/score/72
2015,総体,都支部予選（中支部）,2015-04-26,上野学園,上野学園,都立つばさ総合,つばさ総合,0,7,,,https://koko-soccer.com/score/72
2015,総体,都支部予選（中支部）,2015-04-29,順天,順天,都立蔵前工,蔵前工,2,0,,,https://koko-soccer.com/score/72
2015,総体,都支部予選（中支部）,2015-04-29,日体荏原,日体荏原,都立つばさ総合,つばさ総合,1,0,,,https://koko-soccer.com/score/72
2015,総体,都支部予選（中支部）,2015-05-03,順天,順天,日体荏原,日体荏原,1,2,,,https://koko-soccer.com/score/72
2015,総体,都支部予選（中支部）,2015-04-26,都立高島,高島,青山学院,青山学院,0,0,8,7,https://koko-soccer.com/score/72
2015,総体,都支部予選（中支部）,2015-04-26,文教大付,文教大付,都立赤羽商,赤羽商,0,2,,,https://koko-soccer.com/score/72
2015,総体,都支部予選（中支部）,2015-04-26,攻玉社,攻玉社,朋優学院,朋優学院,3,0,,,https://koko-soccer.com/score/72
2015,総体,都支部予選（中支部）,2015-04-26,青稜,青稜,城北,城北,0,1,,,https://koko-soccer.com/score/72
2015,総体,都支部予選（中支部）,2015-04-29,都立高島,高島,都立赤羽商,赤羽商,0,0,,,https://koko-soccer.com/score/72
2015,総体,都支部予選（中支部）,2015-04-29,攻玉社,攻玉社,城北,城北,1,0,,,https://koko-soccer.com/score/72
2015,総体,都支部予選（中支部）,2015-05-03,都立高島,高島,攻玉社,攻玉社,0,0,0,3,https://koko-soccer.com/score/72
2015,総体,都支部予選（中支部）,2015-04-25,都立大田桜台,大田桜台,芝,芝,0,3,,,https://koko-soccer.com/score/72
2015,総体,都支部予選（中支部）,2015-04-25,都立大森,大森,都立八潮,八潮,0,3,,,https://koko-soccer.com/score/72
2015,総体,都支部予選（中支部）,2015-04-26,目白研心,目白研心,都立北豊島工,北豊島工,4,0,,,https://koko-soccer.com/score/72
2015,総体,都支部予選（中支部）,2015-04-26,早稲田,早稲田,東京成徳大高,東京成徳大高,0,5,,,https://koko-soccer.com/score/72
2015,総体,都支部予選（中支部）,2015-04-29,目白研心,目白研心,芝,芝,1,2,,,https://koko-soccer.com/score/72
2015,総体,都支部予選（中支部）,2015-04-29,都立八潮,八潮,東京成徳大高,東京成徳大高,1,6,,,https://koko-soccer.com/score/72
2015,総体,都支部予選（中支部）,2015-05-03,芝,芝,東京成徳大高,東京成徳大高,0,0,4,3,https://koko-soccer.com/score/72
2015,総体,都支部予選（中支部）,2015-04-26,東京実,東京実,澁谷教育学園渋谷,澁谷教育学園渋谷,1,0,,,https://koko-soccer.com/score/72
2015,総体,都支部予選（中支部）,2015-04-26,都立王子総合,王子総合,都立大島,大島,12,0,,,https://koko-soccer.com/score/72
2015,総体,都支部予選（中支部）,2015-04-26,麻布,麻布,芝浦工大高,芝浦工大高,2,4,,,https://koko-soccer.com/score/72
2015,総体,都支部予選（中支部）,2015-04-26,大森学園,大森学園,東工大付,東工大付,2,2,3,0,https://koko-soccer.com/score/72
2015,総体,都支部予選（中支部）,2015-04-29,東京実,東京実,都立王子総合,王子総合,7,0,,,https://koko-soccer.com/score/72
2015,総体,都支部予選（中支部）,2015-04-29,芝浦工大高,芝浦工大高,大森学園,大森学園,0,4,,,https://koko-soccer.com/score/72
2015,総体,都支部予選（中支部）,2015-05-03,東京実,東京実,大森学園,大森学園,2,1,,,https://koko-soccer.com/score/72
2015,総体,都支部予選（中支部）,2015-04-26,東京朝鮮中高級学校,東京朝鮮中高級学校,都立板橋,板橋,13,0,,,https://koko-soccer.com/score/72
2015,総体,都支部予選（中支部）,2015-04-26,都立戸山,戸山,成城,成城,0,1,,,https://koko-soccer.com/score/72
2015,総体,都支部予選（中支部）,2015-04-26,区立九段中等教育,九段中等教育,都立大島海洋国際,大島海洋国際,3,0,,,https://koko-soccer.com/score/72
2015,総体,都支部予選（中支部）,2015-04-26,二松学舎大附,二松学舎大附,正則,正則,0,0,4,2,https://koko-soccer.com/score/72
2015,総体,都支部予選（中支部）,2015-04-29,東京朝鮮中高級学校,東京朝鮮中高級学校,成城,成城,3,1,,,https://koko-soccer.com/score/72
2015,総体,都支部予選（中支部）,2015-04-29,区立九段中等教育,九段中等教育,二松学舎大附,二松学舎大附,1,0,,,https://koko-soccer.com/score/72
2015,総体,都支部予選（中支部）,2015-05-03,東京朝鮮中高級学校,東京朝鮮中高級学校,区立九段中等教育,九段中等教育,7,0,,,https://koko-soccer.com/score/72
2015,総体,都支部予選（中支部）,2015-04-26,都立大崎,大崎,都立八丈,八丈,0,1,,,https://koko-soccer.com/score/72
2015,総体,都支部予選（中支部）,2015-04-26,錦城学園,錦城学園,都立板橋有徳,板橋有徳,0,4,,,https://koko-soccer.com/score/72
2015,総体,都支部予選（中支部）,2015-04-26,國學院,国学院,東京,東京,0,0,2,4,https://koko-soccer.com/score/72
2015,総体,都支部予選（中支部）,2015-04-29,暁星高等学校,暁星,都立八丈,八丈,5,0,,,https://koko-soccer.com/score/72
2015,総体,都支部予選（中支部）,2015-04-29,都立板橋有徳,板橋有徳,東京,東京,0,6,,,https://koko-soccer.com/score/72
2015,総体,都支部予選（中支部）,2015-05-03,暁星高等学校,暁星,東京,東京,3,0,,,https://koko-soccer.com/score/72
2015,総体,都支部予選（中支部）,2015-04-25,都立上野,上野,都立広尾,広尾,1,0,,,https://koko-soccer.com/score/72
2015,総体,都支部予選（中支部）,2015-04-26,都立田園調布,田園調布,都立小山台,小山台,1,3,,,https://koko-soccer.com/score/72
2015,総体,都支部予選（中支部）,2015-04-26,都立北園,北園,都立飛鳥,飛鳥,7,0,,,https://koko-soccer.com/score/72
2015,総体,都支部予選（中支部）,2015-04-29,大東大一,大東大一,都立上野,上野,5,0,,,https://koko-soccer.com/score/72
2015,総体,都支部予選（中支部）,2015-04-29,都立小山台,小山台,都立北園,北園,2,2,,,https://koko-soccer.com/score/72
2015,総体,都支部予選（中支部）,2015-05-03,大東大一,大東大一,都立小山台,小山台,5,1,,,https://koko-soccer.com/score/72
2015,総体,都支部予選（中支部）,2015-04-25,都立美原,美原,淑徳,淑徳,7,0,,,https://koko-soccer.com/score/72
2015,総体,都支部予選（中支部）,2015-04-25,立正大立正,立正大立正,正則学園,正則学園,0,1,,,https://koko-soccer.com/score/72
2015,総体,都支部予選（中支部）,2015-04-26,都立三田,三田,広尾学園,広尾学園,1,2,,,https://koko-soccer.com/score/72
2015,総体,都支部予選（中支部）,2015-04-29,東海大高輪台,東海大高輪台,都立美原,美原,0,0,3,5,https://koko-soccer.com/score/72
2015,総体,都支部予選（中支部）,2015-04-29,広尾学園,広尾学園,正則学園,正則学園,0,1,,,https://koko-soccer.com/score/72
2015,総体,都支部予選（中支部）,2015-05-03,都立美原,美原,正則学園,正則学園,4,1,,,https://koko-soccer.com/score/72
2015,総体,都支部予選（東支部）,2015-04-26,京華,京華,中大附,中大附属,0,1,,,https://koko-soccer.com/score/67
2015,総体,都支部予選（東支部）,2015-04-26,獨協,獨協,巣鴨,巣鴨,2,3,,,https://koko-soccer.com/score/67
2015,総体,都支部予選（東支部）,2015-04-26,都立葛飾総合,葛飾総合,都立農産,農産,7,0,,,https://koko-soccer.com/score/67
2015,総体,都支部予選（東支部）,2015-04-26,都立紅葉川,紅葉川,都立江戸川,江戸川,1,0,,,https://koko-soccer.com/score/67
2015,総体,都支部予選（東支部）,2015-04-29,都立葛飾総合,葛飾総合,中大附,中大附属,2,0,,,https://koko-soccer.com/score/67
2015,総体,都支部予選（東支部）,2015-04-29,巣鴨,巣鴨,都立紅葉川,紅葉川,0,1,,,https://koko-soccer.com/score/67
2015,総体,都支部予選（東支部）,2015-05-03,都立葛飾総合,葛飾総合,都立紅葉川,紅葉川,0,3,,,https://koko-soccer.com/score/67
2015,総体,都支部予選（東支部）,2015-04-26,豊島学院,豊島学院,足立学園,足立学園,0,1,,,https://koko-soccer.com/score/67
2015,総体,都支部予選（東支部）,2015-04-26,都立豊島,豊島,都立竹台,竹台,11,0,,,https://koko-soccer.com/score/67
2015,総体,都支部予選（東支部）,2015-04-26,貞静学園,貞静学園,都立日本橋,日本橋,0,5,,,https://koko-soccer.com/score/67
2015,総体,都支部予選（東支部）,2015-04-26,開成,開成,学習院,学習院,2,2,5,4,https://koko-soccer.com/score/67
2015,総体,都支部予選（東支部）,2015-04-29,都立豊島,豊島,足立学園,足立学園,1,1,5,4,https://koko-soccer.com/score/67
2015,総体,都支部予選（東支部）,2015-04-29,都立日本橋,日本橋,開成,開成,1,6,,,https://koko-soccer.com/score/67
2015,総体,都支部予選（東支部）,2015-05-03,都立豊島,豊島,開成,開成,0,1,,,https://koko-soccer.com/score/67
2015,総体,都支部予選（東支部）,2015-04-26,駒込,駒込,筑波大附,筑波大学附属,5,0,,,https://koko-soccer.com/score/67
2015,総体,都支部予選（東支部）,2015-04-26,淑徳巣鴨,淑徳巣鴨,都立墨田工,墨田工,1,0,,,https://koko-soccer.com/score/67
2015,総体,都支部予選（東支部）,2015-04-26,昭和一,昭和一,かえつ有明,かえつ有明,0,0,5,4,https://koko-soccer.com/score/67
2015,総体,都支部予選（東支部）,2015-04-29,日大豊山,日大豊山,淑徳巣鴨,淑徳巣鴨,3,0,,,https://koko-soccer.com/score/67
2015,総体,都支部予選（東支部）,2015-04-29,昭和一,昭和一,駒込,駒込,0,3,,,https://koko-soccer.com/score/67
2015,総体,都支部予選（東支部）,2015-05-03,日大豊山,日大豊山,駒込,駒込,3,1,,,https://koko-soccer.com/score/67
2015,総体,都支部予選（東支部）,2015-04-26,郁文館,郁文館,都立足立西,足立西,5,0,,,https://koko-soccer.com/score/67
2015,総体,都支部予選（東支部）,2015-04-26,城西大城西,城西大城西,都立足立東,足立東,1,0,,,https://koko-soccer.com/score/67
2015,総体,都支部予選（東支部）,2015-04-26,都立南葛飾,南葛飾,京華商,京華商,2,2,5,3,https://koko-soccer.com/score/67
2015,総体,都支部予選（東支部）,2015-04-29,都立城東,城東,郁文館,郁文館,1,2,,,https://koko-soccer.com/score/67
2015,総体,都支部予選（東支部）,2015-04-29,都立南葛飾,南葛飾,城西大城西,城西大城西,0,4,,,https://koko-soccer.com/score/67
2015,総体,都支部予選（東支部）,2015-05-03,郁文館,郁文館,城西大城西,城西大城西,1,1,8,7,https://koko-soccer.com/score/67
2015,総体,都支部予選（東支部）,2015-04-26,都立葛飾野,葛飾野,共栄学園,共栄学園,3,1,,,https://koko-soccer.com/score/67
2015,総体,都支部予選（東支部）,2015-04-26,東洋大京北,東洋大京北,都立篠崎,篠崎,0,8,,,https://koko-soccer.com/score/67
2015,総体,都支部予選（東支部）,2015-04-26,都立竹早,竹早,都立淵江,淵江,3,0,,,https://koko-soccer.com/score/67
2015,総体,都支部予選（東支部）,2015-04-29,都立墨田川,墨田川,都立葛飾野,葛飾野,2,1,,,https://koko-soccer.com/score/67
2015,総体,都支部予選（東支部）,2015-04-29,都立篠崎,篠崎,都立竹早,竹早,1,1,3,2,https://koko-soccer.com/score/67
2015,総体,都支部予選（東支部）,2015-05-03,都立墨田川,墨田川,都立篠崎,篠崎,3,0,,,https://koko-soccer.com/score/67
2015,総体,都支部予選（東支部）,2015-04-26,都立足立工,足立工,都立葛西工,葛西工,1,3,,,https://koko-soccer.com/score/67
2015,総体,都支部予選（東支部）,2015-04-26,都立葛西南,葛西南,都立小石川中等教育学校,小石川中等教育学校,0,3,,,https://koko-soccer.com/score/67
2015,総体,都支部予選（東支部）,2015-04-26,豊南,豊南,都立三商,三商,0,1,,,https://koko-soccer.com/score/67
2015,総体,都支部予選（東支部）,2015-04-29,都立葛西工,葛西工,都立三商,三商,0,1,,,https://koko-soccer.com/score/67
2015,総体,都支部予選（東支部）,2015-04-29,都立東,東,都立小石川中等教育学校,小石川中等教育学校,2,0,,,https://koko-soccer.com/score/67
2015,総体,都支部予選（東支部）,2015-05-03,都立東,東,都立三商,三商,2,0,,,https://koko-soccer.com/score/67
2015,総体,都支部予選（東支部）,2015-04-26,都立葛飾商,葛飾商,都立荒川商,荒川商,7,0,,,https://koko-soccer.com/score/67
2015,総体,都支部予選（東支部）,2015-04-26,都立向丘,向丘,都立小岩,小岩,1,3,,,https://koko-soccer.com/score/67
2015,総体,都支部予選（東支部）,2015-04-26,立教池袋,立教池袋,都立文京,文京,3,0,,,https://koko-soccer.com/score/67
2015,総体,都支部予選（東支部）,2015-04-29,都立小岩,小岩,都立葛飾商,葛飾商,1,0,,,https://koko-soccer.com/score/67
2015,総体,都支部予選（東支部）,2015-04-29,都立小松川,小松川,立教池袋,立教池袋,5,0,,,https://koko-soccer.com/score/67
2015,総体,都支部予選（東支部）,2015-05-03,都立小岩,小岩,都立小松川,小松川,0,3,,,https://koko-soccer.com/score/67
2015,総体,都支部予選（東支部）,2015-04-26,都立荒川商,荒川商,都立本所,本所,1,1,4,5,https://koko-soccer.com/score/67
2015,総体,都支部予選（東支部）,2015-04-26,都立両国,両国,都立橘,橘,3,1,,,https://koko-soccer.com/score/67
2015,総体,都支部予選（東支部）,2015-04-26,都立青井,青井,都立科学技術,科学技術,2,1,,,https://koko-soccer.com/score/67
2015,総体,都支部予選（東支部）,2015-04-29,本郷,本郷,都立青井,青井,13,0,,,https://koko-soccer.com/score/67
2015,総体,都支部予選（東支部）,2015-04-29,都立本所,本所,都立両国,両国,3,0,,,https://koko-soccer.com/score/67
2015,総体,都支部予選（東支部）,2015-05-03,本郷,本郷,都立本所,本所,6,2,,,https://koko-soccer.com/score/67
2015,総体,都支部予選（東支部）,2015-04-26,都立千早,千早,都立深川,深川,0,8,,,https://koko-soccer.com/score/67
2015,総体,都支部予選（東支部）,2015-04-26,日大一,日大一,都立足立,足立,0,0,3,5,https://koko-soccer.com/score/67
2015,総体,都支部予選（東支部）,2015-04-26,安田学園,安田学園,都立足立新田,足立新田,1,0,,,https://koko-soccer.com/score/67
2015,総体,都支部予選（東支部）,2015-04-29,都立江北,江北,都立深川,深川,4,1,,,https://koko-soccer.com/score/67
2015,総体,都支部予選（東支部）,2015-04-29,都立足立,足立,安田学園,安田学園,6,0,,,https://koko-soccer.com/score/67
2015,総体,都支部予選（東支部）,2015-05-03,都立江北,江北,都立足立,足立,0,1,,,https://koko-soccer.com/score/67
2015,総体,都支部予選（西支部）,2015-04-26,都立府中東,府中東,都立久留米西,久留米西,4,2,,,https://koko-soccer.com/score/70
2015,総体,都支部予選（西支部）,2015-04-26,都立東大和南,東大和南,都立昭和,昭和,1,1,6,5,https://koko-soccer.com/score/70
2015,総体,都支部予選（西支部）,2015-04-26,明星,明星,都立調布北,調布北,1,2,,,https://koko-soccer.com/score/70
2015,総体,都支部予選（西支部）,2015-04-26,都立松が谷,松が谷,都立府中西,府中西,4,0,,,https://koko-soccer.com/score/70
2015,総体,都支部予選（西支部）,2015-04-29,都立府中東,府中東,都立東大和南,東大和南,1,7,,,https://koko-soccer.com/score/70
2015,総体,都支部予選（西支部）,2015-04-29,都立松が谷,松が谷,都立調布北,調布北,2,1,,,https://koko-soccer.com/score/70
2015,総体,都支部予選（西支部）,2015-05-03,都立東大和南,東大和南,都立松が谷,松が谷,0,1,,,https://koko-soccer.com/score/70
2015,総体,都支部予選（西支部）,2015-04-26,都立日野台,日野台,都立五日市,五日市,11,0,,,https://koko-soccer.com/score/70
2015,総体,都支部予選（西支部）,2015-04-26,都立神代,神代,桐朋,桐朋,1,6,,,https://koko-soccer.com/score/70
2015,総体,都支部予選（西支部）,2015-04-26,都立羽村,羽村,中大附,中大附属,0,1,,,https://koko-soccer.com/score/70
2015,総体,都支部予選（西支部）,2015-04-26,錦城,錦城,都立府中,府中,0,0,2,1,https://koko-soccer.com/score/70
2015,総体,都支部予選（西支部）,2015-04-29,中大附,中大附属,錦城,錦城,1,2,,,https://koko-soccer.com/score/70
2015,総体,都支部予選（西支部）,2015-04-29,都立日野台,日野台,桐朋,桐朋,2,2,,,https://koko-soccer.com/score/70
2015,総体,都支部予選（西支部）,2015-05-03,錦城,錦城,都立日野台,日野台,0,2,,,https://koko-soccer.com/score/70
2015,総体,都支部予選（西支部）,2015-04-26,都立国立,国立,東京電機大高,東京電機大学,0,0,2,4,https://koko-soccer.com/score/70
2015,総体,都支部予選（西支部）,2015-04-26,都立片倉,片倉,都立府中工,府中工科,4,1,,,https://koko-soccer.com/score/70
2015,総体,都支部予選（西支部）,2015-04-26,都立南多摩・南多摩中央教育,南多摩・南多摩中央教育,都立八王子東,八王子東,0,1,,,https://koko-soccer.com/score/70
2015,総体,都支部予選（西支部）,2015-04-29,東京電機大高,東京電機大学,法政大高,法政大高,1,0,,,https://koko-soccer.com/score/70
2015,総体,都支部予選（西支部）,2015-04-29,都立片倉,片倉,都立八王子東,八王子東,0,2,,,https://koko-soccer.com/score/70
2015,総体,都支部予選（西支部）,2015-05-03,東京電機大高,東京電機大学,都立八王子東,八王子東,0,1,,,https://koko-soccer.com/score/70
2015,総体,都支部予選（西支部）,2015-04-26,明法,明法,都立翔陽,翔陽,7,0,,,https://koko-soccer.com/score/70
2015,総体,都支部予選（西支部）,2015-04-26,都立立川,立川,成蹊,成蹊,1,2,,,https://koko-soccer.com/score/70
2015,総体,都支部予選（西支部）,2015-04-26,都立武蔵村山,武蔵村山,都立多摩,多摩,2,0,,,https://koko-soccer.com/score/70
2015,総体,都支部予選（西支部）,2015-04-26,都立小平,小平,都立東村山,東村山,2,2,3,4,https://koko-soccer.com/score/70
2015,総体,都支部予選（西支部）,2015-04-29,明法,明法,都立武蔵村山,武蔵村山,1,0,,,https://koko-soccer.com/score/70
2015,総体,都支部予選（西支部）,2015-04-29,成蹊,成蹊,都立東村山,東村山,1,1,,,https://koko-soccer.com/score/70
2015,総体,都支部予選（西支部）,2015-05-03,明法,明法,成蹊,成蹊,0,7,,,https://koko-soccer.com/score/70
2015,総体,都支部予選（西支部）,2015-04-26,都立東大和,東大和,帝京八王子,帝京八王子,3,1,,,https://koko-soccer.com/score/70
2015,総体,都支部予選（西支部）,2015-04-26,明大明治,明大明治,帝京大高,帝京大高,2,0,,,https://koko-soccer.com/score/70
2015,総体,都支部予選（西支部）,2015-04-26,工学院大附,工学院大附,自由学園,自由学園,5,0,,,https://koko-soccer.com/score/70
2015,総体,都支部予選（西支部）,2015-04-26,都立小平西,小平西,明学東村山,明治学院東村山,0,4,,,https://koko-soccer.com/score/70
2015,総体,都支部予選（西支部）,2015-04-29,都立東大和,東大和,工学院大附,工学院大附,4,0,,,https://koko-soccer.com/score/70
2015,総体,都支部予選（西支部）,2015-04-29,明学東村山,明治学院東村山,明大明治,明大明治,1,3,,,https://koko-soccer.com/score/70
2015,総体,都支部予選（西支部）,2015-05-03,都立東大和,東大和,明大明治,明大明治,2,0,,,https://koko-soccer.com/score/70
2015,総体,都支部予選（西支部）,2015-04-26,都立武蔵野北,武蔵野北,都立多摩工,多摩工,10,1,,,https://koko-soccer.com/score/70
2015,総体,都支部予選（西支部）,2015-04-26,都立小金井北,小金井北,都立清瀬,清瀬,0,1,,,https://koko-soccer.com/score/70
2015,総体,都支部予選（西支部）,2015-04-26,穎明館,穎明館,都立八王子北,八王子北,1,0,,,https://koko-soccer.com/score/70
2015,総体,都支部予選（西支部）,2015-04-26,昭和一学園,昭和一学園,明星学園,明星学園,2,0,,,https://koko-soccer.com/score/70
2015,総体,都支部予選（西支部）,2015-04-29,都立武蔵野北,武蔵野北,都立清瀬,清瀬,0,2,,,https://koko-soccer.com/score/70
2015,総体,都支部予選（西支部）,2015-04-29,穎明館,穎明館,昭和一学園,昭和一学園,0,5,,,https://koko-soccer.com/score/70
2015,総体,都支部予選（西支部）,2015-05-03,都立清瀬,清瀬,昭和一学園,昭和一学園,0,1,,,https://koko-soccer.com/score/70
2015,総体,都支部予選（西支部）,2015-04-26,都立福生,福生,都立多摩科学技術,多摩科学技術,3,0,,,https://koko-soccer.com/score/70
2015,総体,都支部予選（西支部）,2015-04-26,都立青梅総合,青梅総合,都立永山,永山,0,4,,,https://koko-soccer.com/score/70
2015,総体,都支部予選（西支部）,2015-04-26,都立富士森,富士森,国際基督教大高,国際基督教大高,2,0,,,https://koko-soccer.com/score/70
2015,総体,都支部予選（西支部）,2015-04-29,都立三鷹中等教育学校,三鷹中等教育学校,都立福生,福生,0,1,,,https://koko-soccer.com/score/70
2015,総体,都支部予選（西支部）,2015-04-29,都立永山,永山,都立富士森,富士森,0,0,,,https://koko-soccer.com/score/70
2015,総体,都支部予選（西支部）,2015-05-03,都立福生,福生,都立永山,永山,1,1,9,10,https://koko-soccer.com/score/70
2015,総体,都支部予選（西支部）,2015-04-26,都立南平,南平,創価,創価,0,1,,,https://koko-soccer.com/score/70
2015,総体,都支部予選（西支部）,2015-04-26,八王子,八王子,多摩大聖ヶ丘,多摩大聖ヶ丘,3,1,,,https://koko-soccer.com/score/70
2015,総体,都支部予選（西支部）,2015-04-26,都立八王子桑志,八王子桑志,都立拝島,拝島,1,2,,,https://koko-soccer.com/score/70
2015,総体,都支部予選（西支部）,2015-04-26,早稲田実業,早稲田実業,都立拝島,拝島,4,1,,,https://koko-soccer.com/score/70
2015,総体,都支部予選（西支部）,2015-04-29,創価,創価,八王子,八王子,3,0,,,https://koko-soccer.com/score/70
2015,総体,都支部予選（西支部）,2015-05-03,早稲田実業,早稲田実業,創価,創価,2,0,,,https://koko-soccer.com/score/70
2015,総体,都支部予選（西支部）,2015-04-26,都立小平南,小平南,都立上水,上水,6,1,,,https://koko-soccer.com/score/70
2015,総体,都支部予選（西支部）,2015-04-26,啓明学園,啓明学園,都立日野,日野,0,1,,,https://koko-soccer.com/score/70
2015,総体,都支部予選（西支部）,2015-04-26,都立国分寺,国分寺,都立東村山西,東村山西,1,2,,,https://koko-soccer.com/score/70
2015,総体,都支部予選（西支部）,2015-04-29,拓大一高,拓大一高,都立日野,日野,2,0,,,https://koko-soccer.com/score/70
2015,総体,都支部予選（西支部）,2015-04-29,都立小平,小平,都立東村山西,東村山西,1,2,,,https://koko-soccer.com/score/70
2015,総体,都支部予選（西支部）,2015-05-03,拓大一高,拓大一高,都立東村山西,東村山西,1,0,,,https://koko-soccer.com/score/70
2015,総体,都支部予選（西支部）,2015-04-26,都立武蔵,都立武蔵,明大中野八王子,明大中野八王子,1,6,,,https://koko-soccer.com/score/70
2015,総体,都支部予選（西支部）,2015-04-26,聖パウロ学園,聖パウロ学園,都立秋留台,秋留台,1,10,,,https://koko-soccer.com/score/70
2015,総体,都支部予選（西支部）,2015-04-26,都立立川国際中等教育学校,立川国際中等教育学校,聖徳学園,聖徳学園,9,0,,,https://koko-soccer.com/score/70
2015,総体,都支部予選（西支部）,2015-04-29,都立調布南,調布南,明大中野八王子,明大中野八王子,4,0,,,https://koko-soccer.com/score/70
2015,総体,都支部予選（西支部）,2015-04-29,都立立川国際中等教育学校,立川国際中等教育学校,都立秋留台,秋留台,4,0,,,https://koko-soccer.com/score/70
2015,総体,都支部予選（西支部）,2015-05-03,都立調布南,調布南,都立立川国際中等教育学校,立川国際中等教育学校,1,0,,,https://koko-soccer.com/score/70
2015,総体,都支部予選（南支部）,2015-04-26,駒場東邦,駒場東邦,都立芦花,芦花,1,0,,,https://koko-soccer.com/score/71
2015,総体,都支部予選（南支部）,2015-04-26,佼成学園,佼成学園,東京学園,東京学園,12,0,,,https://koko-soccer.com/score/71
2015,総体,都支部予選（南支部）,2015-04-26,東大附,東大附属,大東学園,大東学園,5,2,,,https://koko-soccer.com/score/71
2015,総体,都支部予選（南支部）,2015-04-26,早大学院,早大学院,都立桜修館,桜修館中等,2,0,,,https://koko-soccer.com/score/71
2015,総体,都支部予選（南支部）,2015-04-29,駒場東邦,駒場東邦,佼成学園,佼成学園,0,6,,,https://koko-soccer.com/score/71
2015,総体,都支部予選（南支部）,2015-04-29,東大附,東大附属,早大学院,早大学院,0,6,,,https://koko-soccer.com/score/71
2015,総体,都支部予選（南支部）,2015-05-03,佼成学園,佼成学園,早大学院,早大学院,1,3,,,https://koko-soccer.com/score/71
2015,総体,都支部予選（南支部）,2015-04-26,都立大泉,大泉,都立目黒,目黒,1,2,,,https://koko-soccer.com/score/71
2015,総体,都支部予選（南支部）,2015-04-26,都立鷺宮,鷺宮,都立富士,富士,4,0,,,https://koko-soccer.com/score/71
2015,総体,都支部予選（南支部）,2015-04-26,都立光丘,光丘,都立西,西,2,2,4,2,https://koko-soccer.com/score/71
2015,総体,都支部予選（南支部）,2015-04-26,都立田無,田無,駒場学園,駒場学園,1,1,4,2,https://koko-soccer.com/score/71
2015,総体,都支部予選（南支部）,2015-04-29,都立目黒,目黒,都立鷺宮,鷺宮,1,3,,,https://koko-soccer.com/score/71
2015,総体,都支部予選（南支部）,2015-04-29,都立光丘,光丘,都立田無,田無,2,0,,,https://koko-soccer.com/score/71
2015,総体,都支部予選（南支部）,2015-05-04,都立鷺宮,鷺宮,都立光丘,光丘,2,1,,,https://koko-soccer.com/score/71
2015,総体,都支部予選（南支部）,2015-04-26,和光,和光,都立井草,井草,1,2,,,https://koko-soccer.com/score/71
2015,総体,都支部予選（南支部）,2015-04-26,宝仙学園,宝仙学園,都立町田総合,町田総合,0,0,4,3,https://koko-soccer.com/score/71
2015,総体,都支部予選（南支部）,2015-04-26,都立杉並,杉並,成城学園,成城学園,1,3,,,https://koko-soccer.com/score/71
2015,総体,都支部予選（南支部）,2015-04-26,都立総合工科,総合工科,都立町田,町田,0,6,,,https://koko-soccer.com/score/71
2015,総体,都支部予選（南支部）,2015-04-29,都立井草,井草,宝仙学園,宝仙学園,1,1,4,2,https://koko-soccer.com/score/71
2015,総体,都支部予選（南支部）,2015-04-29,成城学園,成城学園,都立町田,町田,1,1,4,2,https://koko-soccer.com/score/71
2015,総体,都支部予選（南支部）,2015-05-03,都立井草,井草,成城学園,成城学園,0,3,,,https://koko-soccer.com/score/71
2015,総体,都支部予選（南支部）,2015-04-26,都立国際,国際,都立成瀬,成瀬,1,2,,,https://koko-soccer.com/score/71
2015,総体,都支部予選（南支部）,2015-04-26,都立田無工,田無工,都立千歳丘,千歳丘,4,2,,,https://koko-soccer.com/score/71
2015,総体,都支部予選（南支部）,2015-04-26,杉並学院,杉並学院,都立武蔵丘,武蔵丘,2,3,,,https://koko-soccer.com/score/71
2015,総体,都支部予選（南支部）,2015-04-26,学芸大国際,学芸大国際,都立深沢,深沢,4,0,,,https://koko-soccer.com/score/71
2015,総体,都支部予選（南支部）,2015-04-29,学芸大国際,学芸大国際,都立成瀬,成瀬,2,1,,,https://koko-soccer.com/score/71
2015,総体,都支部予選（南支部）,2015-04-29,都立田無工,田無工,都立武蔵丘,武蔵丘,0,2,,,https://koko-soccer.com/score/71
2015,総体,都支部予選（南支部）,2015-05-03,学芸大国際,学芸大国際,都立武蔵丘,武蔵丘,0,2,,,https://koko-soccer.com/score/71
2015,総体,都支部予選（南支部）,2015-04-26,日大二,日大二,筑波大駒場,筑波大駒場,1,1,8,7,https://koko-soccer.com/score/71
2015,総体,都支部予選（南支部）,2015-04-26,日工大駒場,日工大駒場,東京立正,東京立正,1,2,,,https://koko-soccer.com/score/71
2015,総体,都支部予選（南支部）,2015-04-26,専修大附,専修大附,都立保谷,保谷,0,2,,,https://koko-soccer.com/score/71
2015,総体,都支部予選（南支部）,2015-04-29,東京都市大付,都市大付,日大二,日大二,0,3,,,https://koko-soccer.com/score/71
2015,総体,都支部予選（南支部）,2015-04-29,東京立正,東京立正,都立保谷,保谷,1,6,,,https://koko-soccer.com/score/71
2015,総体,都支部予選（南支部）,2015-05-03,日大二,日大二,都立保谷,保谷,2,2,,,https://koko-soccer.com/score/71
2015,総体,都支部予選（南支部）,2015-04-26,都立農芸,農芸,都立豊多摩,豊多摩,0,8,,,https://koko-soccer.com/score/71
2015,総体,都支部予選（南支部）,2015-04-29,東亜学園,東亜学園,都立杉並総合,杉並総合,7,0,,,https://koko-soccer.com/score/71
2015,総体,都支部予選（南支部）,2015-04-29,都立第四商,第四商,中大杉並,中大杉並,0,2,,,https://koko-soccer.com/score/71
2015,総体,都支部予選（南支部）,2015-04-29,都立石神井,石神井,都立豊多摩,豊多摩,2,0,,,https://koko-soccer.com/score/71
2015,総体,都支部予選（南支部）,2015-05-03,東亜学園,東亜学園,中大杉並,中大杉並,4,0,,,https://koko-soccer.com/score/71
2015,総体,都支部予選（南支部）,2015-05-04,都立石神井,石神井,東亜学園,東亜学園,0,1,,,https://koko-soccer.com/score/71
2015,総体,都支部予選（南支部）,2015-04-26,都立山崎,山崎,桜美林,桜美林,1,0,,,https://koko-soccer.com/score/71
2015,総体,都支部予選（南支部）,2015-04-26,日出,日出,都立狛江,狛江,0,4,,,https://koko-soccer.com/score/71
2015,総体,都支部予選（南支部）,2015-04-26,日大桜丘,日大櫻丘,日大三,日大三,0,3,,,https://koko-soccer.com/score/71
2015,総体,都支部予選（南支部）,2015-04-29,明大中野,明大中野,都立山崎,山崎,2,0,,,https://koko-soccer.com/score/71
2015,総体,都支部予選（南支部）,2015-04-29,都立狛江,狛江,日大三,日大三,1,1,2,3,https://koko-soccer.com/score/71
2015,総体,都支部予選（南支部）,2015-05-03,明大中野,明大中野,日大三,日大三,0,2,,,https://koko-soccer.com/score/71
2015,総体,都支部予選（南支部）,2015-04-26,都立松原,松原,松蔭,松蔭,12,0,,,https://koko-soccer.com/score/71
2015,総体,都支部予選（南支部）,2015-04-26,目黒学院,目黒学院,東京学芸大附,東京学芸大附,0,6,,,https://koko-soccer.com/score/71
2015,総体,都支部予選（南支部）,2015-04-26,都立桜町,桜町,玉川学園,玉川学園,0,1,,,https://koko-soccer.com/score/71
2015,総体,都支部予選（南支部）,2015-04-29,都立野津田,野津田,都立松原,松原,2,0,,,https://koko-soccer.com/score/71
2015,総体,都支部予選（南支部）,2015-04-29,東京学芸大附,東京学芸大附,玉川学園,玉川学園,5,0,,,https://koko-soccer.com/score/71
2015,総体,都支部予選（南支部）,2015-05-03,都立野津田,野津田,東京学芸大附,東京学芸大附,1,4,,,https://koko-soccer.com/score/71
2015,総体,都支部予選（南支部）,2015-04-26,東京都市大等々力,東京都市大等々力,都立杉並工,杉並工,1,1,1,4,https://koko-soccer.com/score/71
2015,総体,都支部予選（南支部）,2015-04-26,都立練馬,練馬,都立小川,小川,1,5,,,https://koko-soccer.com/score/71
2015,総体,都支部予選（南支部）,2015-04-26,世田谷学園,世田谷学園,日大鶴ヶ丘,日大鶴ヶ丘,0,4,,,https://koko-soccer.com/score/71
2015,総体,都支部予選（南支部）,2015-04-29,都立駒場,駒場,都立杉並工,杉並工,7,0,,,https://koko-soccer.com/score/71
2015,総体,都支部予選（南支部）,2015-04-29,都立小川,小川,日大鶴ヶ丘,日大鶴ヶ丘,1,4,,,https://koko-soccer.com/score/71
2015,総体,都支部予選（南支部）,2015-05-03,都立駒場,駒場,日大鶴ヶ丘,日大鶴ヶ丘,2,1,,,https://koko-soccer.com/score/71
2015,総体,都支部予選（南支部）,2015-04-26,都立町田工,町田工,都立田柄,田柄,0,3,,,https://koko-soccer.com/score/71
2015,総体,都支部予選（南支部）,2015-04-26,都立若葉総合,若葉総合,都立練馬工,練馬工,1,2,,,https://koko-soccer.com/score/71
2015,総体,都支部予選（南支部）,2015-04-26,都立中野工,中野工,都立世田谷総合,世田谷総合,2,1,,,https://koko-soccer.com/score/71
2015,総体,都支部予選（南支部）,2015-04-29,国士舘,国士舘,都立田柄,田柄,2,0,,,https://koko-soccer.com/score/71
2015,総体,都支部予選（南支部）,2015-04-29,都立練馬工,練馬工,都立中野工,中野工,1,5,,,https://koko-soccer.com/score/71
2015,総体,都支部予選（南支部）,2015-05-03,国士舘,国士舘,都立中野工,中野工,1,0,,,https://koko-soccer.com/score/71
2015,選手権,二次予選,2015-09-12,都立小平南,小平南,高輪,高輪,0,4,,,https://koko-soccer.com/score/194
2015,選手権,二次予選,2015-09-12,昭和一学園,昭和一学園,保善,保善,0,2,,,https://koko-soccer.com/score/194
2015,選手権,二次予選,2015-09-12,駒込,駒込,昭和一,昭和一,3,1,,,https://koko-soccer.com/score/194
2015,選手権,二次予選,2015-09-13,学習院,学習院,都立府中東,府中東,6,2,,,https://koko-soccer.com/score/194
2015,選手権,二次予選,2015-09-13,都立小松川,小松川,東京学芸大附,東京学芸大附,6,2,,,https://koko-soccer.com/score/194
2015,選手権,二次予選,2015-09-13,法政大高,法政大高,創価,創価,1,5,,,https://koko-soccer.com/score/194
2015,選手権,二次予選,2015-09-13,中大杉並,中大杉並,都立豊島,豊島,1,0,,,https://koko-soccer.com/score/194
2015,選手権,二次予選,2015-09-13,都立城東,城東,明大中野八王子,明大中野八王子,3,4,,,https://koko-soccer.com/score/194
2015,選手権,二次予選,2015-09-13,日大豊山,日大豊山,大森学園,大森学園,3,0,,,https://koko-soccer.com/score/194
2015,選手権,二次予選,2015-09-13,東農大一,農大一,都立駒場,駒場,0,3,,,https://koko-soccer.com/score/194
2015,選手権,二次予選,2015-09-13,堀越,堀越,日体荏原,日体荏原,4,1,,,https://koko-soccer.com/score/194
2015,選手権,二次予選,2015-09-13,多摩大目黒,多摩大学目黒,早大学院,早大学院,2,1,,,https://koko-soccer.com/score/194
2015,選手権,二次予選,2015-09-13,大成,大成,都立東大和,東大和,1,0,,,https://koko-soccer.com/score/194
2015,選手権,二次予選,2015-09-13,東海大菅生,東海大菅生,日大三,日大三,2,0,,,https://koko-soccer.com/score/194
2015,選手権,二次予選,2015-09-13,成立学園,成立学園,修徳,修徳,1,0,,,https://koko-soccer.com/score/194
2015,選手権,二次予選,2015-09-13,桐朋,桐朋,実践学園,実践学園,0,4,,,https://koko-soccer.com/score/194
2015,選手権,二次予選,2015-09-13,東海大高輪台,東海大高輪台,青稜,青稜,1,0,,,https://koko-soccer.com/score/194
2015,選手権,二次予選,2015-09-13,都立日野台,日野台,駒場学園,駒場学園,5,1,,,https://koko-soccer.com/score/194
2015,選手権,二次予選,2015-09-13,大東大一,大東大一,都立松が谷,松が谷,0,1,,,https://koko-soccer.com/score/194
2015,選手権,二次予選,2015-09-13,都立片倉,片倉,成蹊,成蹊,0,3,,,https://koko-soccer.com/score/194
2015,選手権,二次予選,2015-09-13,都立三鷹中等教育学校,三鷹中等教育学校,駿台学園,駿台学園,1,3,,,https://koko-soccer.com/score/194
2015,選手権,二次予選,2015-09-13,目白研心,目白研心,都立国分寺,国分寺,1,2,,,https://koko-soccer.com/score/194
2015,選手権,二次予選,2015-09-13,国士舘,国士舘,都立調布南,調布南,3,1,,,https://koko-soccer.com/score/194
2015,選手権,二次予選,2015-09-13,都立狛江,狛江,暁星高等学校,暁星,0,2,,,https://koko-soccer.com/score/194
2015,選手権,二次予選,2015-09-20,関東一,関東第一,創価,創価,3,0,,,https://koko-soccer.com/score/194
2015,選手権,二次予選,2015-09-20,駒込,駒込,都立東久留米総合,東久留米総合,1,4,,,https://koko-soccer.com/score/194
2015,選手権,二次予選,2015-09-20,日大豊山,日大豊山,堀越,堀越,2,4,,,https://koko-soccer.com/score/194
2015,選手権,二次予選,2015-09-20,高輪,高輪,保善,保善,1,2,,,https://koko-soccer.com/score/194
2015,選手権,二次予選,2015-09-20,都立小松川,小松川,東京実業,東京実業,0,2,,,https://koko-soccer.com/score/194
2015,選手権,二次予選,2015-09-20,駒澤大学高等学校,駒澤大高,中大杉並,中大杉並,4,1,,,https://koko-soccer.com/score/194
2015,選手権,二次予選,2015-09-20,多摩大目黒,多摩大学目黒,学習院,学習院,4,1,,,https://koko-soccer.com/score/194
2015,選手権,二次予選,2015-09-20,都立駒場,駒場,明大中野八王子,明大中野八王子,1,0,,,https://koko-soccer.com/score/194
2015,選手権,二次予選,2015-09-19,東京朝鮮中高級学校,東京朝鮮中高級学校,駿台学園,駿台学園,2,1,,,https://koko-soccer.com/score/194
2015,選手権,二次予選,2015-09-19,東海大菅生,東海大菅生,帝京,帝京,1,2,,,https://koko-soccer.com/score/194
2015,選手権,二次予選,2015-09-19,都立国分寺,国分寺,都立松が谷,松が谷,0,1,,,https://koko-soccer.com/score/194
2015,選手権,二次予選,2015-09-19,都立日野台,日野台,大成,大成,4,4,,,https://koko-soccer.com/score/194
2015,選手権,二次予選,2015-09-20,暁星高等学校,暁星,國學院久我山,国学院久我山,0,1,,,https://koko-soccer.com/score/194
2015,選手権,二次予選,2015-09-20,成蹊,成蹊,国士舘,国士舘,1,3,,,https://koko-soccer.com/score/194
2015,選手権,二次予選,2015-09-20,早稲田実業,早稲田実業,成立学園,成立学園,1,2,,,https://koko-soccer.com/score/194
2015,選手権,二次予選,2015-09-20,実践学園,実践学園,東海大高輪台,東海大高輪台,2,2,,,https://koko-soccer.com/score/194
2015,選手権,二次予選,2015-10-18,関東一,関東第一,堀越,堀越,1,2,,,https://koko-soccer.com/score/194
2015,選手権,二次予選,2015-10-18,保善,保善,都立東久留米総合,東久留米総合,0,2,,,https://koko-soccer.com/score/194
2015,選手権,二次予選,2015-10-18,多摩大目黒,多摩大学目黒,東京実業,東京実業,1,0,,,https://koko-soccer.com/score/194
2015,選手権,二次予選,2015-10-18,駒澤大学高等学校,駒澤大高,都立駒場,駒場,5,0,,,https://koko-soccer.com/score/194
2015,選手権,二次予選,2015-09-23,東京朝鮮中高級学校,東京朝鮮中高級学校,都立日野台,日野台,5,1,,,https://koko-soccer.com/score/194
2015,選手権,二次予選,2015-10-17,都立松が谷,松が谷,帝京,帝京,0,5,,,https://koko-soccer.com/score/194
2015,選手権,二次予選,2015-10-18,成立学園,成立学園,東海大高輪台,東海大高輪台,0,0,,,https://koko-soccer.com/score/194
2015,選手権,二次予選,2015-10-18,国士舘,国士舘,國學院久我山,国学院久我山,1,3,,,https://koko-soccer.com/score/194
2015,選手権,二次予選,2015-11-07,堀越,堀越,多摩大目黒,多摩大学目黒,3,0,,,https://koko-soccer.com/score/194
2015,選手権,二次予選,2015-11-07,駒澤大学高等学校,駒澤大高,都立東久留米総合,東久留米総合,1,0,,,https://koko-soccer.com/score/194
2015,選手権,二次予選,2015-11-08,成立学園,成立学園,國學院久我山,国学院久我山,0,1,,,https://koko-soccer.com/score/194
2015,選手権,二次予選,2015-11-08,東京朝鮮中高級学校,東京朝鮮中高級学校,帝京,帝京,1,2,,,https://koko-soccer.com/score/194
2015,選手権,二次予選,2015-11-14,堀越,堀越,駒澤大学高等学校,駒澤大高,0,2,,,https://koko-soccer.com/score/194
2015,選手権,二次予選,2015-11-14,國學院久我山,国学院久我山,帝京,帝京,0,0,6,5,https://koko-soccer.com/score/194
2015,選手権,一次予選,2015-08-14,岩倉,岩倉,都立狛江,狛江,0,13,,,https://koko-soccer.com/score/150
2015,選手権,一次予選,2015-08-14,穎明館,穎明館,都立翔陽,翔陽,4,0,,,https://koko-soccer.com/score/150
2015,選手権,一次予選,2015-08-14,明学東村山,明治学院東村山,都立足立新田,足立新田,5,0,,,https://koko-soccer.com/score/150
2015,選手権,一次予選,2015-08-14,日大桜丘,日大櫻丘,都立上野,上野,7,1,,,https://koko-soccer.com/score/150
2015,選手権,一次予選,2015-08-14,都立農産,農産,日出,日出,0,4,,,https://koko-soccer.com/score/150
2015,選手権,一次予選,2015-08-14,都立文京,文京,中央大学高,中央大学高,2,2,3,2,https://koko-soccer.com/score/150
2015,選手権,一次予選,2015-08-14,都立町田総合,町田総合,都立五日市,五日市,2,1,,,https://koko-soccer.com/score/150
2015,選手権,一次予選,2015-08-14,都立赤羽商,赤羽商,都立多摩科学技術,多摩科学技術,7,0,,,https://koko-soccer.com/score/150
2015,選手権,一次予選,2015-08-14,都立大崎,大崎,都立日比谷,日比谷,0,2,,,https://koko-soccer.com/score/150
2015,選手権,一次予選,2015-08-14,貞静学園,貞静学園,都立深沢,深沢,0,5,,,https://koko-soccer.com/score/150
2015,選手権,一次予選,2015-08-14,都立南葛飾,南葛飾,都立町田,町田,1,5,,,https://koko-soccer.com/score/150
2015,選手権,一次予選,2015-08-14,都立杉並工,杉並工,都立荒川工,荒川工,7,0,,,https://koko-soccer.com/score/150
2015,選手権,一次予選,2015-08-14,都立神代,神代,都立秋留台,秋留台,1,2,,,https://koko-soccer.com/score/150
2015,選手権,一次予選,2015-08-14,第一商,第一商,都立小金井北,小金井北,0,3,,,https://koko-soccer.com/score/150
2015,選手権,一次予選,2015-08-14,都立田無工,田無工,玉川学園,玉川学園,1,4,,,https://koko-soccer.com/score/150
2015,選手権,一次予選,2015-08-14,都立国際,国際,都立杉並,杉並,1,4,,,https://koko-soccer.com/score/150
2015,選手権,一次予選,2015-08-14,都立小石川中等教育学校,小石川中等教育学校,都立富士,富士,3,3,4,5,https://koko-soccer.com/score/150
2015,選手権,一次予選,2015-08-14,立志舎,立志舎,都立松原,松原,1,9,,,https://koko-soccer.com/score/150
2015,選手権,一次予選,2015-08-14,都立羽村,羽村,朋優学院,朋優学院,1,3,,,https://koko-soccer.com/score/150
2015,選手権,一次予選,2015-08-14,帝京八王子,帝京八王子,都立墨田工,墨田工,5,0,,,https://koko-soccer.com/score/150
2015,選手権,一次予選,2015-08-14,都立大泉桜,大泉桜,松蔭,松蔭,1,1,2,3,https://koko-soccer.com/score/150
2015,選手権,一次予選,2015-08-16,都立墨田川,墨田川,都立狛江,狛江,0,1,,,https://koko-soccer.com/score/150
2015,選手権,一次予選,2015-08-16,都立上水,上水,都立蔵前工,蔵前工,2,4,,,https://koko-soccer.com/score/150
2015,選手権,一次予選,2015-08-16,桜美林,桜美林,都立東村山,東村山,6,1,,,https://koko-soccer.com/score/150
2015,選手権,一次予選,2015-08-16,都立久留米西,久留米西,都立中野工,中野工,3,1,,,https://koko-soccer.com/score/150
2015,選手権,一次予選,2015-08-16,武蔵,武蔵,穎明館,穎明館,6,1,,,https://koko-soccer.com/score/150
2015,選手権,一次予選,2015-08-16,都立城東,城東,世田谷学園,世田谷学園,7,0,,,https://koko-soccer.com/score/150
2015,選手権,一次予選,2015-08-16,東京工業高専,東京工業高専,東工大付,東工大付,0,7,,,https://koko-soccer.com/score/150
2015,選手権,一次予選,2015-08-16,東京都市大付,都市大付,東京成徳大高,東京成徳大高,1,3,,,https://koko-soccer.com/score/150
2015,選手権,一次予選,2015-08-16,都立小松川,小松川,明学東村山,明治学院東村山,4,2,,,https://koko-soccer.com/score/150
2015,選手権,一次予選,2015-08-16,大東学園,大東学園,八王子実践,八王子実践,2,2,5,4,https://koko-soccer.com/score/150
2015,選手権,一次予選,2015-08-16,日工大駒場,日工大駒場,広尾学園,広尾学園,5,0,,,https://koko-soccer.com/score/150
2015,選手権,一次予選,2015-08-16,都立戸山,戸山,都立小岩,小岩,1,1,5,3,https://koko-soccer.com/score/150
2015,選手権,一次予選,2015-08-16,都立調布南,調布南,日大桜丘,日大櫻丘,1,1,,,https://koko-soccer.com/score/150
2015,選手権,一次予選,2015-08-16,かえつ有明,かえつ有明,豊島学院,豊島学院,2,2,4,5,https://koko-soccer.com/score/150
2015,選手権,一次予選,2015-08-16,都立成瀬,成瀬,都立世田谷総合,世田谷総合,3,0,,,https://koko-soccer.com/score/150
2015,選手権,一次予選,2015-08-16,目黒学院,目黒学院,都立本所,本所,1,0,,,https://koko-soccer.com/score/150
2015,選手権,一次予選,2015-08-16,保善,保善,日出,日出,14,0,,,https://koko-soccer.com/score/150
2015,選手権,一次予選,2015-08-16,東大附,東大附属,青山学院,青山学院,3,2,,,https://koko-soccer.com/score/150
2015,選手権,一次予選,2015-08-16,桜丘,桜丘,都立田柄,田柄,1,0,,,https://koko-soccer.com/score/150
2015,選手権,一次予選,2015-08-16,日大二,日大二,都立文京,文京,2,0,,,https://koko-soccer.com/score/150
2015,選手権,一次予選,2015-08-16,都立六郷工科,六郷工科,東洋大京北,東洋大京北,2,4,,,https://koko-soccer.com/score/150
2015,選手権,一次予選,2015-08-16,都立小平,小平,目白研心,目白研心,0,5,,,https://koko-soccer.com/score/150
2015,選手権,一次予選,2015-08-16,都立多摩,多摩,日大鶴ヶ丘,日大鶴ヶ丘,0,15,,,https://koko-soccer.com/score/150
2015,選手権,一次予選,2015-08-16,日大豊山,日大豊山,都立町田総合,町田総合,5,0,,,https://koko-soccer.com/score/150
2015,選手権,一次予選,2015-08-16,和光,和光,多摩大聖ヶ丘,多摩大聖ヶ丘,0,2,,,https://koko-soccer.com/score/150
2015,選手権,一次予選,2015-08-16,都立南平,南平,都立科学技術,科学技術,9,0,,,https://koko-soccer.com/score/150
2015,選手権,一次予選,2015-08-16,都立大泉,大泉,都立東大和南,東大和南,0,2,,,https://koko-soccer.com/score/150
2015,選手権,一次予選,2015-08-16,攻玉社,攻玉社,都立赤羽商,赤羽商,3,0,,,https://koko-soccer.com/score/150
2015,選手権,一次予選,2015-08-16,都立青井,青井,都立足立工,足立工,3,1,,,https://koko-soccer.com/score/150
2015,選手権,一次予選,2015-08-16,駒場学園,駒場学園,都立淵江,淵江,4,0,,,https://koko-soccer.com/score/150
2015,選手権,一次予選,2015-08-16,都立国立,国立,都立福生,福生,3,1,,,https://koko-soccer.com/score/150
2015,選手権,一次予選,2015-08-16,都立松が谷,松が谷,都立日比谷,日比谷,6,1,,,https://koko-soccer.com/score/150
2015,選手権,一次予選,2015-08-16,都立昭和,昭和,東京立正,東京立正,5,1,,,https://koko-soccer.com/score/150
2015,選手権,一次予選,2015-08-16,都立八丈,八丈,国際基督教大高,国際基督教大高,1,2,,,https://koko-soccer.com/score/150
2015,選手権,一次予選,2015-08-16,都立練馬工,練馬工,都立葛飾総合,葛飾総合,3,6,,,https://koko-soccer.com/score/150
2015,選手権,一次予選,2015-08-16,都立東,東,都立深沢,深沢,2,0,,,https://koko-soccer.com/score/150
2015,選手権,一次予選,2015-08-16,都立北豊島工,北豊島工,都立片倉,片倉,1,7,,,https://koko-soccer.com/score/150
2015,選手権,一次予選,2015-08-16,都立町田工,町田工,早稲田,早稲田,1,8,,,https://koko-soccer.com/score/150
2015,選手権,一次予選,2015-08-16,都立深川,深川,都立高島,高島,0,2,,,https://koko-soccer.com/score/150
2015,選手権,一次予選,2015-08-16,大東大一,大東大一,都立葛西南,葛西南,4,1,,,https://koko-soccer.com/score/150
2015,選手権,一次予選,2015-08-16,都立八王子北,八王子北,都立拝島,拝島,4,1,,,https://koko-soccer.com/score/150
2015,選手権,一次予選,2015-08-16,海城,海城,自由学園,自由学園,1,0,,,https://koko-soccer.com/score/150
2015,選手権,一次予選,2015-08-16,都立総合工科,総合工科,都立江北,江北,0,2,,,https://koko-soccer.com/score/150
2015,選手権,一次予選,2015-08-16,東京学芸大附,東京学芸大附,都立杉並工,杉並工,7,1,,,https://koko-soccer.com/score/150
2015,選手権,一次予選,2015-08-16,都立蒲田,蒲田,都立大島,大島,4,3,,,https://koko-soccer.com/score/150
2015,選手権,一次予選,2015-08-16,都立千早,千早,都立練馬,練馬,0,4,,,https://koko-soccer.com/score/150
2015,選手権,一次予選,2015-08-16,杉並学院,杉並学院,日本ウェルネス,日本ウェルネス,6,0,,,https://koko-soccer.com/score/150
2015,選手権,一次予選,2015-08-16,修徳,修徳,都立秋留台,秋留台,4,0,,,https://koko-soccer.com/score/150
2015,選手権,一次予選,2015-08-16,東京都市大等々力,東京都市大等々力,都立豊多摩,豊多摩,0,2,,,https://koko-soccer.com/score/150
2015,選手権,一次予選,2015-08-16,巣鴨,巣鴨,都立竹早,竹早,0,3,,,https://koko-soccer.com/score/150
2015,選手権,一次予選,2015-08-16,京華商,京華商,錦城,錦城,0,11,,,https://koko-soccer.com/score/150
2015,選手権,一次予選,2015-08-16,東亜学園,東亜学園,都立小金井北,小金井北,3,1,,,https://koko-soccer.com/score/150
2015,選手権,一次予選,2015-08-16,城北,城北,都立南多摩・南多摩中央教育,南多摩・南多摩中央教育,1,1,4,2,https://koko-soccer.com/score/150
2015,選手権,一次予選,2015-08-16,都立府中,府中,都立府中工,府中工科,4,1,,,https://koko-soccer.com/score/150
2015,選手権,一次予選,2015-08-16,都立大田桜台,大田桜台,駒込,駒込,0,5,,,https://koko-soccer.com/score/150
2015,選手権,一次予選,2015-08-16,日大三,日大三,玉川学園,玉川学園,5,0,,,https://koko-soccer.com/score/150
2015,選手権,一次予選,2015-08-16,都立三田,三田,渋谷教育学園渋谷,渋谷教育学園渋谷,8,0,,,https://koko-soccer.com/score/150
2015,選手権,一次予選,2015-08-16,都立小平西,小平西,都立小川,小川,0,1,,,https://koko-soccer.com/score/150
2015,選手権,一次予選,2015-08-16,都立大森,大森,都立小山台,小山台,0,1,,,https://koko-soccer.com/score/150
2015,選手権,一次予選,2015-08-16,日本学園,日本学園,都立杉並,杉並,16,0,,,https://koko-soccer.com/score/150
2015,選手権,一次予選,2015-08-16,立正大立正,立正大立正,筑波大附,筑波大学附属,9,0,,,https://koko-soccer.com/score/150
2015,選手権,一次予選,2015-08-16,足立学園,足立学園,明大中野八王子,明大中野八王子,0,1,,,https://koko-soccer.com/score/150
2015,選手権,一次予選,2015-08-16,帝京大高,帝京大高,都立井草,井草,0,2,,,https://koko-soccer.com/score/150
2015,選手権,一次予選,2015-08-16,昭和一学園,昭和一学園,都立富士,富士,4,0,,,https://koko-soccer.com/score/150
2015,選手権,一次予選,2015-08-16,都立武蔵村山,武蔵村山,共栄学園,共栄学園,3,0,,,https://koko-soccer.com/score/150
2015,選手権,一次予選,2015-08-16,都立青梅総合,青梅総合,都立足立東,足立東,2,0,,,https://koko-soccer.com/score/150
2015,選手権,一次予選,2015-08-16,二松学舎大附,二松学舎大附,都立三商,三商,1,0,,,https://koko-soccer.com/score/150
2015,選手権,一次予選,2015-08-16,拓大一高,拓大一高,都立松原,松原,0,0,3,1,https://koko-soccer.com/score/150
2015,選手権,一次予選,2015-08-16,都立白鴎,白鴎,武蔵野,武蔵野,0,3,,,https://koko-soccer.com/score/150
2015,選手権,一次予選,2015-08-16,法政大高,法政大高,安田学園,安田学園,4,0,,,https://koko-soccer.com/score/150
2015,選手権,一次予選,2015-08-16,明星学園,明星学園,都立清瀬,清瀬,2,0,,,https://koko-soccer.com/score/150
2015,選手権,一次予選,2015-08-16,郁文館,郁文館,朋優学院,朋優学院,3,0,,,https://koko-soccer.com/score/150
2015,選手権,一次予選,2015-08-16,都立江戸川,江戸川,文教大付,文教大付,1,1,3,4,https://koko-soccer.com/score/150
2015,選手権,一次予選,2015-08-16,青稜,青稜,筑波大駒場,筑波大駒場,1,0,,,https://koko-soccer.com/score/150
2015,選手権,一次予選,2015-08-16,芝浦工大高,芝浦工大高,都立鷺宮,鷺宮,1,4,,,https://koko-soccer.com/score/150
2015,選手権,一次予選,2015-08-16,成城学園,成城学園,帝京八王子,帝京八王子,1,0,,,https://koko-soccer.com/score/150
2015,選手権,一次予選,2015-08-16,学習院,学習院,都立板橋有徳,板橋有徳,7,0,,,https://koko-soccer.com/score/150
2015,選手権,一次予選,2015-08-16,國學院,国学院,都立山崎,山崎,1,3,,,https://koko-soccer.com/score/150
2015,選手権,一次予選,2015-08-16,豊南,豊南,都立武蔵丘,武蔵丘,1,5,,,https://koko-soccer.com/score/150
2015,選手権,一次予選,2015-08-16,都立新宿,新宿,都立桜町,桜町,3,0,,,https://koko-soccer.com/score/150
2015,選手権,一次予選,2015-08-16,都立橘,橘,都立南葛飾,南葛飾,1,4,,,https://koko-soccer.com/score/150
2015,選手権,一次予選,2015-08-16,獨協,獨協,都立調布北,調布北,0,6,,,https://koko-soccer.com/score/150
2015,選手権,一次予選,2015-08-16,聖パウロ学園,聖パウロ学園,都立豊島,豊島,0,12,,,https://koko-soccer.com/score/150
2015,選手権,一次予選,2015-08-16,都立足立,足立,淑徳,淑徳,2,1,,,https://koko-soccer.com/score/150
2015,選手権,一次予選,2015-08-16,都立葛飾野,葛飾野,都立王子総合,王子総合,4,0,,,https://koko-soccer.com/score/150
2015,選手権,一次予選,2015-08-16,都立広尾,広尾,都立板橋,板橋,1,0,,,https://koko-soccer.com/score/150
2015,選手権,一次予選,2015-08-16,高輪,高輪,都立野津田,野津田,2,0,,,https://koko-soccer.com/score/150
2015,選手権,一次予選,2015-08-16,都立八王子東,八王子東,都立両国,両国,8,0,,,https://koko-soccer.com/score/150
2015,選手権,一次予選,2015-08-16,都立つばさ総合,つばさ総合,都立田園調布,田園調布,10,0,,,https://koko-soccer.com/score/150
2015,選手権,一次予選,2015-08-16,都立日野,日野,成城,成城,0,3,,,https://koko-soccer.com/score/150
2015,選手権,一次予選,2015-08-16,都立千歳丘,千歳丘,創価,創価,0,8,,,https://koko-soccer.com/score/150
2015,選手権,一次予選,2015-08-16,都立永山,永山,都立武蔵野北,武蔵野北,0,1,,,https://koko-soccer.com/score/150
2015,選手権,一次予選,2015-08-16,都立第四商,第四商,都立立川,立川,1,8,,,https://koko-soccer.com/score/150
2015,選手権,一次予選,2015-08-16,都立大山,大山,都立田無,田無,5,1,,,https://koko-soccer.com/score/150
2015,選手権,一次予選,2015-08-16,工学院大附,工学院大附,大森学園,大森学園,1,1,4,5,https://koko-soccer.com/score/150
2015,選手権,一次予選,2015-08-16,都立美原,美原,中大附,中大附属,0,1,,,https://koko-soccer.com/score/150
2015,選手権,一次予選,2015-08-16,啓明学園,啓明学園,都立北園,北園,0,6,,,https://koko-soccer.com/score/150
2015,選手権,一次予選,2015-08-16,都立府中東,府中東,明星,明星,10,0,,,https://koko-soccer.com/score/150
2015,選手権,一次予選,2015-08-16,大智学園,大智学園,明大中野,明大中野,0,4,,,https://koko-soccer.com/score/150
2015,選手権,一次予選,2015-08-16,早大学院,早大学院,東洋,東洋,4,0,,,https://koko-soccer.com/score/150
2015,選手権,一次予選,2015-08-16,東京学園,東京学園,都立荒川商,荒川商,0,11,,,https://koko-soccer.com/score/150
2015,選手権,一次予選,2015-08-16,都立東村山西,東村山西,都立杉並総合,杉並総合,8,1,,,https://koko-soccer.com/score/150
2015,選手権,一次予選,2015-08-16,聖学院,聖学院,東京,東京,0,9,,,https://koko-soccer.com/score/150
2015,選手権,一次予選,2015-08-16,成蹊,成蹊,八王子,八王子,3,1,,,https://koko-soccer.com/score/150
2015,選手権,一次予選,2015-08-16,立教池袋,立教池袋,都立桜修館,桜修館中等,0,2,,,https://koko-soccer.com/score/150
2015,選手権,一次予選,2015-08-16,都立青山,青山,都立府中西,府中西,2,3,,,https://koko-soccer.com/score/150
2015,選手権,一次予選,2015-08-16,都立日本橋,日本橋,都立立川国際中等教育学校,立川国際中等教育学校,1,2,,,https://koko-soccer.com/score/150
2015,選手権,一次予選,2015-08-16,都立東大和,東大和,聖徳学園,聖徳学園,10,0,,,https://koko-soccer.com/score/150
2015,選手権,一次予選,2015-08-16,都立富士森,富士森,日大一,日大一,1,1,6,7,https://koko-soccer.com/score/150
2015,選手権,一次予選,2015-08-16,正則学園,正則学園,都立八王子桑志,八王子桑志,8,0,,,https://koko-soccer.com/score/150
2015,選手権,一次予選,2015-08-16,都立八潮,八潮,都立保谷,保谷,0,5,,,https://koko-soccer.com/score/150
2015,選手権,一次予選,2015-08-16,日体荏原,日体荏原,都立葛西工,葛西工,6,0,,,https://koko-soccer.com/score/150
2015,選手権,一次予選,2015-08-16,宝仙学園,宝仙学園,都立芝商業,芝商業,2,0,,,https://koko-soccer.com/score/150
2015,選手権,一次予選,2015-08-16,都立篠崎,篠崎,都立葛飾商,葛飾商,0,0,3,5,https://koko-soccer.com/score/150
2015,選手権,一次予選,2015-08-16,駒場東邦,駒場東邦,学芸大国際,学芸大国際,3,1,,,https://koko-soccer.com/score/150
2015,選手権,一次予選,2015-08-16,開成,開成,都立武蔵,都立武蔵,3,2,,,https://koko-soccer.com/score/150
2015,選手権,一次予選,2015-08-16,専修大附,専修大附,都立農芸,農芸,10,1,,,https://koko-soccer.com/score/150
2015,選手権,一次予選,2015-08-16,都立石神井,石神井,中大杉並,中大杉並,1,3,,,https://koko-soccer.com/score/150
2015,選手権,一次予選,2015-08-16,都立向丘,向丘,東京電機大高,東京電機大学,0,1,,,https://koko-soccer.com/score/150
2015,選手権,一次予選,2015-08-16,明治学院,明治学院,中央学院大中央,中央学院大学中央,7,0,,,https://koko-soccer.com/score/150
2015,選手権,一次予選,2015-08-16,都立多摩工,多摩工,都立目黒,目黒,0,5,,,https://koko-soccer.com/score/150
2015,選手権,一次予選,2015-08-16,明法,明法,都立国分寺,国分寺,0,2,,,https://koko-soccer.com/score/150
2015,選手権,一次予選,2015-08-16,都立足立西,足立西,城西大城西,城西大城西,1,0,,,https://koko-soccer.com/score/150
2015,選手権,一次予選,2015-08-16,都立日野台,日野台,京華,京華,2,0,,,https://koko-soccer.com/score/150
2015,選手権,一次予選,2015-08-16,都立芦花,芦花,上野学園,上野学園,7,0,,,https://koko-soccer.com/score/150
2015,選手権,一次予選,2015-08-16,佼成学園,佼成学園,淑徳巣鴨,淑徳巣鴨,0,1,,,https://koko-soccer.com/score/150
2015,選手権,一次予選,2015-08-16,正則,正則,都立光丘,光丘,0,3,,,https://koko-soccer.com/score/150
2015,選手権,一次予選,2015-08-16,芝,芝,昭和一,昭和一,0,0,2,4,https://koko-soccer.com/score/150
2015,選手権,一次予選,2015-08-16,都立竹台,竹台,都立若葉総合,若葉総合,1,3,,,https://koko-soccer.com/score/150
2015,選手権,一次予選,2015-08-16,順天,順天,都立西,西,0,4,,,https://koko-soccer.com/score/150
2015,選手権,一次予選,2015-08-16,錦城学園,錦城学園,区立九段中等教育,九段中等教育,2,2,1,3,https://koko-soccer.com/score/150
2015,選手権,一次予選,2015-08-16,桐朋,桐朋,都立大島海洋国際,大島海洋国際,9,0,,,https://koko-soccer.com/score/150
2015,選手権,一次予選,2015-08-16,都立雪谷,雪谷,麻布,麻布,4,0,,,https://koko-soccer.com/score/150
2015,選手権,一次予選,2015-08-16,都立飛鳥,飛鳥,都立紅葉川,紅葉川,1,10,,,https://koko-soccer.com/score/150
2015,選手権,一次予選,2015-08-18,都立狛江,狛江,都立蔵前工,蔵前工,6,0,,,https://koko-soccer.com/score/150
2015,選手権,一次予選,2015-08-18,桜美林,桜美林,都立久留米西,久留米西,1,0,,,https://koko-soccer.com/score/150
2015,選手権,一次予選,2015-08-18,武蔵,武蔵,都立城東,城東,0,1,,,https://koko-soccer.com/score/150
2015,選手権,一次予選,2015-08-18,東工大付,東工大付,東京成徳大高,東京成徳大高,1,3,,,https://koko-soccer.com/score/150
2015,選手権,一次予選,2015-08-18,都立小松川,小松川,大東学園,大東学園,8,1,,,https://koko-soccer.com/score/150
2015,選手権,一次予選,2015-08-18,日工大駒場,日工大駒場,都立戸山,戸山,3,0,,,https://koko-soccer.com/score/150
2015,選手権,一次予選,2015-08-18,都立調布南,調布南,豊島学院,豊島学院,1,0,,,https://koko-soccer.com/score/150
2015,選手権,一次予選,2015-08-18,都立成瀬,成瀬,目黒学院,目黒学院,3,1,,,https://koko-soccer.com/score/150
2015,選手権,一次予選,2015-08-18,保善,保善,東大附,東大附属,9,0,,,https://koko-soccer.com/score/150
2015,選手権,一次予選,2015-08-18,桜丘,桜丘,明大明治,明大明治,0,4,,,https://koko-soccer.com/score/150
2015,選手権,一次予選,2015-08-18,日大二,日大二,東洋大京北,東洋大京北,13,1,,,https://koko-soccer.com/score/150
2015,選手権,一次予選,2015-08-18,目白研心,目白研心,日大鶴ヶ丘,日大鶴ヶ丘,2,2,5,3,https://koko-soccer.com/score/150
2015,選手権,一次予選,2015-08-18,日大豊山,日大豊山,多摩大聖ヶ丘,多摩大聖ヶ丘,6,0,,,https://koko-soccer.com/score/150
2015,選手権,一次予選,2015-08-18,都立南平,南平,都立東大和南,東大和南,1,2,,,https://koko-soccer.com/score/150
2015,選手権,一次予選,2015-08-18,攻玉社,攻玉社,都立青井,青井,3,1,,,https://koko-soccer.com/score/150
2015,選手権,一次予選,2015-08-18,駒場学園,駒場学園,都立国立,国立,3,0,,,https://koko-soccer.com/score/150
2015,選手権,一次予選,2015-08-18,都立松が谷,松が谷,都立昭和,昭和,4,0,,,https://koko-soccer.com/score/150
2015,選手権,一次予選,2015-08-18,国際基督教大高,国際基督教大高,都立葛飾総合,葛飾総合,2,2,0,3,https://koko-soccer.com/score/150
2015,選手権,一次予選,2015-08-18,都立東,東,都立片倉,片倉,0,0,1,4,https://koko-soccer.com/score/150
2015,選手権,一次予選,2015-08-18,早稲田,早稲田,都立高島,高島,0,0,7,8,https://koko-soccer.com/score/150
2015,選手権,一次予選,2015-08-18,大東大一,大東大一,都立八王子北,八王子北,4,4,4,1,https://koko-soccer.com/score/150
2015,選手権,一次予選,2015-08-18,海城,海城,都立江北,江北,3,1,,,https://koko-soccer.com/score/150
2015,選手権,一次予選,2015-08-18,東京学芸大附,東京学芸大附,都立蒲田,蒲田,9,0,,,https://koko-soccer.com/score/150
2015,選手権,一次予選,2015-08-18,都立練馬,練馬,杉並学院,杉並学院,0,3,,,https://koko-soccer.com/score/150
2015,選手権,一次予選,2015-08-18,修徳,修徳,都立豊多摩,豊多摩,0,0,4,2,https://koko-soccer.com/score/150
2015,選手権,一次予選,2015-08-18,都立竹早,竹早,錦城,錦城,2,2,4,3,https://koko-soccer.com/score/150
2015,選手権,一次予選,2015-08-18,東亜学園,東亜学園,城北,城北,0,1,,,https://koko-soccer.com/score/150
2015,選手権,一次予選,2015-08-18,都立府中,府中,駒込,駒込,0,5,,,https://koko-soccer.com/score/150
2015,選手権,一次予選,2015-08-18,日大三,日大三,都立三田,三田,8,0,,,https://koko-soccer.com/score/150
2015,選手権,一次予選,2015-08-18,都立小川,小川,都立小山台,小山台,2,4,,,https://koko-soccer.com/score/150
2015,選手権,一次予選,2015-08-18,日本学園,日本学園,立正大立正,立正大立正,5,0,,,https://koko-soccer.com/score/150
2015,選手権,一次予選,2015-08-18,明大中野八王子,明大中野八王子,都立井草,井草,6,1,,,https://koko-soccer.com/score/150
2015,選手権,一次予選,2015-08-18,昭和一学園,昭和一学園,都立武蔵村山,武蔵村山,1,1,4,2,https://koko-soccer.com/score/150
2015,選手権,一次予選,2015-08-18,都立青梅総合,青梅総合,二松学舎大附,二松学舎大附,0,3,,,https://koko-soccer.com/score/150
2015,選手権,一次予選,2015-08-18,拓大一高,拓大一高,武蔵野,武蔵野,7,0,,,https://koko-soccer.com/score/150
2015,選手権,一次予選,2015-08-18,法政大高,法政大高,明星学園,明星学園,4,2,,,https://koko-soccer.com/score/150
2015,選手権,一次予選,2015-08-18,郁文館,郁文館,文教大付,文教大付,2,0,,,https://koko-soccer.com/score/150
2015,選手権,一次予選,2015-08-18,青稜,青稜,都立鷺宮,鷺宮,2,1,,,https://koko-soccer.com/score/150
2015,選手権,一次予選,2015-08-18,成城学園,成城学園,学習院,学習院,1,3,,,https://koko-soccer.com/score/150
2015,選手権,一次予選,2015-08-18,都立山崎,山崎,都立武蔵丘,武蔵丘,0,4,,,https://koko-soccer.com/score/150
2015,選手権,一次予選,2015-08-18,本郷,本郷,桐朋,桐朋,1,2,,,https://koko-soccer.com/score/150
2015,選手権,一次予選,2015-08-18,都立雪谷,雪谷,都立紅葉川,紅葉川,0,3,,,https://koko-soccer.com/score/150
2015,選手権,一次予選,2015-08-18,都立新宿,新宿,都立南葛飾,南葛飾,9,0,,,https://koko-soccer.com/score/150
2015,選手権,一次予選,2015-08-18,都立調布北,調布北,都立豊島,豊島,0,2,,,https://koko-soccer.com/score/150
2015,選手権,一次予選,2015-08-18,都立足立,足立,都立葛飾野,葛飾野,0,1,,,https://koko-soccer.com/score/150
2015,選手権,一次予選,2015-08-18,都立広尾,広尾,高輪,高輪,0,6,,,https://koko-soccer.com/score/150
2015,選手権,一次予選,2015-08-18,都立八王子東,八王子東,都立つばさ総合,つばさ総合,0,1,,,https://koko-soccer.com/score/150
2015,選手権,一次予選,2015-08-18,成城,成城,創価,創価,0,2,,,https://koko-soccer.com/score/150
2015,選手権,一次予選,2015-08-18,都立武蔵野北,武蔵野北,都立立川,立川,1,1,7,8,https://koko-soccer.com/score/150
2015,選手権,一次予選,2015-08-18,都立大山,大山,大森学園,大森学園,1,8,,,https://koko-soccer.com/score/150
2015,選手権,一次予選,2015-08-18,早大学院,早大学院,都立荒川商,荒川商,13,0,,,https://koko-soccer.com/score/150
2015,選手権,一次予選,2015-08-18,都立東村山西,東村山西,東京,東京,1,1,6,5,https://koko-soccer.com/score/150
2015,選手権,一次予選,2015-08-18,成蹊,成蹊,都立桜修館中等,桜修館中等,2,0,,,https://koko-soccer.com/score/150
2015,選手権,一次予選,2015-08-18,都立府中西,府中西,都立立川国際中等教育学校,立川国際中等教育学校,1,1,4,3,https://koko-soccer.com/score/150
2015,選手権,一次予選,2015-08-18,都立東大和,東大和,日大一,日大一,2,0,,,https://koko-soccer.com/score/150
2015,選手権,一次予選,2015-08-18,正則学園,正則学園,都立保谷,保谷,1,1,4,5,https://koko-soccer.com/score/150
2015,選手権,一次予選,2015-08-18,日体荏原,日体荏原,宝仙学園,宝仙学園,12,0,,,https://koko-soccer.com/score/150
2015,選手権,一次予選,2015-08-18,都立葛飾商,葛飾商,駒場東邦,駒場東邦,1,2,,,https://koko-soccer.com/score/150
2015,選手権,一次予選,2015-08-18,明治学院,明治学院,都立目黒,目黒,6,0,,,https://koko-soccer.com/score/150
2015,選手権,一次予選,2015-08-18,淑徳巣鴨,淑徳巣鴨,都立光丘,光丘,3,3,6,5,https://koko-soccer.com/score/150
2015,選手権,一次予選,2015-08-18,昭和一,昭和一,都立若葉総合,若葉総合,3,0,,,https://koko-soccer.com/score/150
2015,選手権,一次予選,2015-08-18,都立西,西,区立九段中等教育,九段中等教育,2,2,3,4,https://koko-soccer.com/score/150
2015,選手権,一次予選,2015-08-19,中大附,中大附属,都立北園,北園,1,2,,,https://koko-soccer.com/score/150
2015,選手権,一次予選,2015-08-19,都立府中東,府中東,明大中野,明大中野,3,1,,,https://koko-soccer.com/score/150
2015,選手権,一次予選,2015-08-19,開成,開成,専修大附,専修大附,1,2,,,https://koko-soccer.com/score/150
2015,選手権,一次予選,2015-08-19,中大杉並,中大杉並,東京電機大高,東京電機大学,2,0,,,https://koko-soccer.com/score/150
2015,選手権,一次予選,2015-08-19,都立国分寺,国分寺,都立足立西,足立西,2,0,,,https://koko-soccer.com/score/150
2015,選手権,一次予選,2015-08-19,都立日野台,日野台,都立芦花,芦花,5,1,,,https://koko-soccer.com/score/150
2015,選手権,一次予選,2015-08-20,都立狛江,狛江,桜美林,桜美林,3,0,,,https://koko-soccer.com/score/150
2015,選手権,一次予選,2015-08-20,都立城東,城東,東京成徳大高,東京成徳大高,0,0,3,2,https://koko-soccer.com/score/150
2015,選手権,一次予選,2015-08-20,都立小松川,小松川,日工大駒場,日工大駒場,5,0,,,https://koko-soccer.com/score/150
2015,選手権,一次予選,2015-08-20,都立調布南,調布南,都立成瀬,成瀬,4,1,,,https://koko-soccer.com/score/150
2015,選手権,一次予選,2015-08-20,保善,保善,明大明治,明大明治,1,0,,,https://koko-soccer.com/score/150
2015,選手権,一次予選,2015-08-20,日大二,日大二,目白研心,目白研心,0,1,,,https://koko-soccer.com/score/150
2015,選手権,一次予選,2015-08-20,日大豊山,日大豊山,都立東大和南,東大和南,2,0,,,https://koko-soccer.com/score/150
2015,選手権,一次予選,2015-08-20,攻玉社,攻玉社,駒場学園,駒場学園,0,3,,,https://koko-soccer.com/score/150
2015,選手権,一次予選,2015-08-20,都立松が谷,松が谷,都立葛飾総合,葛飾総合,2,0,,,https://koko-soccer.com/score/150
2015,選手権,一次予選,2015-08-20,都立片倉,片倉,都立高島,高島,3,2,,,https://koko-soccer.com/score/150
2015,選手権,一次予選,2015-08-20,大東大一,大東大一,海城,海城,7,1,,,https://koko-soccer.com/score/150
2015,選手権,一次予選,2015-08-20,東京学芸大附,東京学芸大附,杉並学院,杉並学院,4,3,,,https://koko-soccer.com/score/150
2015,選手権,一次予選,2015-08-20,修徳,修徳,都立竹早,竹早,5,1,,,https://koko-soccer.com/score/150
2015,選手権,一次予選,2015-08-20,城北,城北,駒込,駒込,0,1,,,https://koko-soccer.com/score/150
2015,選手権,一次予選,2015-08-20,日大三,日大三,都立小山台,小山台,4,0,,,https://koko-soccer.com/score/150
2015,選手権,一次予選,2015-08-20,日本学園,日本学園,明大中野八王子,明大中野八王子,0,2,,,https://koko-soccer.com/score/150
2015,選手権,一次予選,2015-08-20,昭和一学園,昭和一学園,二松学舎大附,二松学舎大附,2,0,,,https://koko-soccer.com/score/150
2015,選手権,一次予選,2015-08-20,拓大一高,拓大一高,法政大高,法政大高,1,2,,,https://koko-soccer.com/score/150
2015,選手権,一次予選,2015-08-20,郁文館,郁文館,青稜,青稜,0,2,,,https://koko-soccer.com/score/150
2015,選手権,一次予選,2015-08-20,都立北園,北園,都立府中東,府中東,2,5,,,https://koko-soccer.com/score/150
2015,選手権,一次予選,2015-08-20,早大学院,早大学院,都立東村山西,東村山西,5,1,,,https://koko-soccer.com/score/150
2015,選手権,一次予選,2015-08-20,成蹊,成蹊,都立府中西,府中西,5,1,,,https://koko-soccer.com/score/150
2015,選手権,一次予選,2015-08-20,日体荏原,日体荏原,駒場東邦,駒場東邦,7,1,,,https://koko-soccer.com/score/150
2015,選手権,一次予選,2015-08-20,都立日野台,日野台,淑徳巣鴨,淑徳巣鴨,6,1,,,https://koko-soccer.com/score/150
2015,選手権,一次予選,2015-08-21,学習院,学習院,都立武蔵丘,武蔵丘,4,0,,,https://koko-soccer.com/score/150
2015,選手権,一次予選,2015-08-21,桐朋,桐朋,都立紅葉川,紅葉川,2,0,,,https://koko-soccer.com/score/150
2015,選手権,一次予選,2015-08-21,都立新宿,新宿,都立豊島,豊島,1,3,,,https://koko-soccer.com/score/150
2015,選手権,一次予選,2015-08-21,都立葛飾野,葛飾野,高輪,高輪,0,5,,,https://koko-soccer.com/score/150
2015,選手権,一次予選,2015-08-21,都立つばさ総合,つばさ総合,創価,創価,0,3,,,https://koko-soccer.com/score/150
2015,選手権,一次予選,2015-08-21,都立立川,立川,大森学園,大森学園,0,2,,,https://koko-soccer.com/score/150
2015,選手権,一次予選,2015-08-21,都立東大和,東大和,都立保谷,保谷,1,1,2,1,https://koko-soccer.com/score/150
2015,選手権,一次予選,2015-08-21,専修大附,専修大附,中大杉並,中大杉並,2,2,4,5,https://koko-soccer.com/score/150
2015,選手権,一次予選,2015-08-21,明治学院,明治学院,都立国分寺,国分寺,0,1,,,https://koko-soccer.com/score/150
2015,選手権,一次予選,2015-08-21,昭和一,昭和一,区立九段中等教育,九段中等教育,3,0,,,https://koko-soccer.com/score/150
2015,関東,都大会,2015-04-05,国士舘,国士舘,帝京,帝京,0,2,,,https://koko-soccer.com/score/39
2015,関東,都大会,2015-04-05,日本学園,日本学園,東京朝鮮中高級学校,東京朝鮮中高級学校,4,2,,,https://koko-soccer.com/score/39
2015,関東,都大会,2015-04-05,東海大菅生,東海大菅生,早稲田実業,早稲田実業,1,0,,,https://koko-soccer.com/score/39
2015,関東,都大会,2015-04-05,実践学園,実践学園,本郷,本郷,7,1,,,https://koko-soccer.com/score/39
2015,関東,都大会,2015-04-05,多摩大目黒,多摩大学目黒,都立三鷹中等教育学校,三鷹中等教育学校,1,0,,,https://koko-soccer.com/score/39
2015,関東,都大会,2015-04-05,大東大一,大東大一,都立東久留米総合,東久留米総合,0,1,,,https://koko-soccer.com/score/39
2015,関東,都大会,2015-04-05,暁星高等学校,暁星,堀越,堀越,1,2,,,https://koko-soccer.com/score/39
2015,関東,都大会,2015-04-05,大成,大成,都立野津田,野津田,4,3,,,https://koko-soccer.com/score/39
2015,関東,都大会,2015-04-05,保善,保善,明大中野,明大中野,5,0,,,https://koko-soccer.com/score/39
2015,関東,都大会,2015-04-05,東海大高輪台,東海大高輪台,駿台学園,駿台学園,0,2,,,https://koko-soccer.com/score/39
2015,関東,都大会,2015-04-05,東農大一,農大一,都立墨田川,墨田川,1,0,,,https://koko-soccer.com/score/39
2015,関東,都大会,2015-04-05,駒澤大学高等学校,駒澤大高,都立城東,城東,4,1,,,https://koko-soccer.com/score/39
2015,関東,都大会,2015-04-05,國學院久我山,国学院久我山,都立調布南,調布南,2,0,,,https://koko-soccer.com/score/39
2015,関東,都大会,2015-04-05,拓大一高,拓大一高,修徳,修徳,0,3,,,https://koko-soccer.com/score/39
2015,関東,都大会,2015-04-05,日大豊山,日大豊山,関東一,関東第一,0,2,,,https://koko-soccer.com/score/39
2015,関東,都大会,2015-04-05,都立駒場,駒場,武蔵,武蔵,2,3,,,https://koko-soccer.com/score/39
2015,関東,都大会,2015-04-11,東農大一,農大一,日本学園,日本学園,1,3,,,https://koko-soccer.com/score/39
2015,関東,都大会,2015-04-11,実践学園,実践学園,大成,大成,4,0,,,https://koko-soccer.com/score/39
2015,関東,都大会,2015-04-11,駒澤大学高等学校,駒澤大高,修徳,修徳,0,1,,,https://koko-soccer.com/score/39
2015,関東,都大会,2015-04-11,保善,保善,関東一,関東第一,0,6,,,https://koko-soccer.com/score/39
2015,関東,都大会,2015-04-12,國學院久我山,国学院久我山,駿台学園,駿台学園,3,0,,,https://koko-soccer.com/score/39
2015,関東,都大会,2015-04-12,武蔵,武蔵,多摩大目黒,多摩大学目黒,1,1,3,2,https://koko-soccer.com/score/39
2015,関東,都大会,2015-04-12,帝京,帝京,都立東久留米総合,東久留米総合,1,3,,,https://koko-soccer.com/score/39
2015,関東,都大会,2015-04-12,東海大菅生,東海大菅生,堀越,堀越,1,0,,,https://koko-soccer.com/score/39
2015,関東,都大会,2015-04-19,國學院久我山,国学院久我山,都立東久留米総合,東久留米総合,3,2,,,https://koko-soccer.com/score/39
2015,関東,都大会,2015-04-19,関東一,関東第一,武蔵,武蔵,5,0,,,https://koko-soccer.com/score/39
2015,関東,都大会,2015-04-19,日本学園,日本学園,東海大菅生,東海大菅生,1,1,6,5,https://koko-soccer.com/score/39
2015,関東,都大会,2015-04-19,実践学園,実践学園,修徳,修徳,1,0,,,https://koko-soccer.com/score/39
2015,関東,都大会,2015-04-25,國學院久我山,国学院久我山,日本学園,日本学園,3,2,,,https://koko-soccer.com/score/39
2015,関東,都大会,2015-04-25,実践学園,実践学園,関東一,関東第一,0,5,,,https://koko-soccer.com/score/39
2015,関東,都大会,2015-05-05,國學院久我山,国学院久我山,関東一,関東第一,1,2,,,https://koko-soccer.com/score/39
2016,新人戦,新人戦（新人選手権大会）第8地区,2016-11-13,錦城,錦城,都立五日市,五日市,7,0,,,https://koko-soccer.com/score/597
2016,新人戦,新人戦（新人選手権大会）第8地区,2016-11-13,都立多摩,多摩,都立東村山西,東村山西,0,7,,,https://koko-soccer.com/score/597
2016,新人戦,新人戦（新人選手権大会）第8地区,2016-11-13,都立羽村,羽村,都立小平南,小平南,1,0,,,https://koko-soccer.com/score/597
2016,新人戦,新人戦（新人選手権大会）第8地区,2016-11-13,拓大一高,拓大一高,都立小金井北,小金井北,3,0,,,https://koko-soccer.com/score/597
2016,新人戦,新人戦（新人選手権大会）第8地区,2016-11-13,啓明学園,啓明学園,東京電機大高,東京電機大学,2,2,3,4,https://koko-soccer.com/score/597
2016,新人戦,新人戦（新人選手権大会）第8地区,2016-11-13,都立多摩工,多摩工,都立小平西,小平西,0,2,,,https://koko-soccer.com/score/597
2016,新人戦,新人戦（新人選手権大会）第8地区,2016-11-20,創価,創価,錦城,錦城,2,0,,,https://koko-soccer.com/score/597
2016,新人戦,新人戦（新人選手権大会）第8地区,2016-11-20,自由学園,自由学園,都立小平,小平,0,7,,,https://koko-soccer.com/score/597
2016,新人戦,新人戦（新人選手権大会）第8地区,2016-11-20,都立武蔵野北,武蔵野北,都立東村山,東村山,3,1,,,https://koko-soccer.com/score/597
2016,新人戦,新人戦（新人選手権大会）第8地区,2016-11-20,都立東村山西,東村山西,都立昭和,昭和,3,1,,,https://koko-soccer.com/score/597
2016,新人戦,新人戦（新人選手権大会）第8地区,2016-11-20,都立国分寺,国分寺,都立多摩科学技術,多摩科学技術,12,0,,,https://koko-soccer.com/score/597
2016,新人戦,新人戦（新人選手権大会）第8地区,2016-11-20,中央国際,中央国際,都立久留米西,久留米西,0,6,,,https://koko-soccer.com/score/597
2016,新人戦,新人戦（新人選手権大会）第8地区,2016-11-20,国際基督教大高,国際基督教大高,都立秋留台,秋留台,7,1,,,https://koko-soccer.com/score/597
2016,新人戦,新人戦（新人選手権大会）第8地区,2016-11-20,都立羽村,羽村,都立福生,福生,0,3,,,https://koko-soccer.com/score/597
2016,新人戦,新人戦（新人選手権大会）第8地区,2016-11-20,明学東村山,明治学院東村山,拓大一高,拓大一高,1,1,5,4,https://koko-soccer.com/score/597
2016,新人戦,新人戦（新人選手権大会）第8地区,2016-11-20,都立東大和,東大和,聖徳学園,聖徳学園,5,1,,,https://koko-soccer.com/score/597
2016,新人戦,新人戦（新人選手権大会）第8地区,2016-11-20,都立上水,上水,明法,明法,3,4,,,https://koko-soccer.com/score/597
2016,新人戦,新人戦（新人選手権大会）第8地区,2016-11-20,都立青梅総合,青梅総合,都立清瀬,清瀬,0,3,,,https://koko-soccer.com/score/597
2016,新人戦,新人戦（新人選手権大会）第8地区,2016-11-20,中大附,中大附属,都立武蔵村山,武蔵村山,6,0,,,https://koko-soccer.com/score/597
2016,新人戦,新人戦（新人選手権大会）第8地区,2016-11-20,東京電機大高,東京電機大学,成蹊,成蹊,1,8,,,https://koko-soccer.com/score/597
2016,新人戦,新人戦（新人選手権大会）第8地区,2016-11-20,都立拝島,拝島,都立武蔵,都立武蔵,1,3,,,https://koko-soccer.com/score/597
2016,新人戦,新人戦（新人選手権大会）第8地区,2016-11-20,都立小平西,小平西,東海大菅生,東海大菅生,1,8,,,https://koko-soccer.com/score/597
2016,新人戦,新人戦（新人選手権大会）第8地区,2016-11-23,創価,創価,都立小平,小平,3,0,,,https://koko-soccer.com/score/597
2016,新人戦,新人戦（新人選手権大会）第8地区,2016-11-23,都立武蔵野北,武蔵野北,都立東村山西,東村山西,1,5,,,https://koko-soccer.com/score/597
2016,新人戦,新人戦（新人選手権大会）第8地区,2016-11-23,都立国分寺,国分寺,都立久留米西,久留米西,1,1,2,4,https://koko-soccer.com/score/597
2016,新人戦,新人戦（新人選手権大会）第8地区,2016-11-23,国際基督教大高,国際基督教大高,都立福生,福生,0,4,,,https://koko-soccer.com/score/597
2016,新人戦,新人戦（新人選手権大会）第8地区,2016-11-23,明学東村山,明治学院東村山,都立東大和,東大和,0,0,4,3,https://koko-soccer.com/score/597
2016,新人戦,新人戦（新人選手権大会）第8地区,2016-11-23,明法,明法,都立清瀬,清瀬,1,0,,,https://koko-soccer.com/score/597
2016,新人戦,新人戦（新人選手権大会）第8地区,2016-11-23,中大附,中大附属,成蹊,成蹊,0,2,,,https://koko-soccer.com/score/597
2016,新人戦,新人戦（新人選手権大会）第8地区,2016-11-23,都立武蔵,都立武蔵,東海大菅生,東海大菅生,0,6,,,https://koko-soccer.com/score/597
2016,新人戦,新人戦（新人選手権大会）第8地区,2016-12-11,創価,創価,都立東村山西,東村山西,2,0,,,https://koko-soccer.com/score/597
2016,新人戦,新人戦（新人選手権大会）第8地区,2016-12-11,都立久留米西,久留米西,都立福生,福生,1,1,5,4,https://koko-soccer.com/score/597
2016,新人戦,新人戦（新人選手権大会）第8地区,2016-12-11,明学東村山,明治学院東村山,明法,明法,1,0,,,https://koko-soccer.com/score/597
2016,新人戦,新人戦（新人選手権大会）第8地区,2016-12-11,成蹊,成蹊,東海大菅生,東海大菅生,1,3,,,https://koko-soccer.com/score/597
2016,新人戦,新人戦（新人選手権大会）第8地区,2016-12-18,創価,創価,都立久留米西,久留米西,4,0,,,https://koko-soccer.com/score/597
2016,新人戦,新人戦（新人選手権大会）第8地区,2016-12-18,明学東村山,明治学院東村山,東海大菅生,東海大菅生,1,3,,,https://koko-soccer.com/score/597
2016,新人戦,新人戦（新人選手権大会）第8地区,2016-12-23,創価,創価,東海大菅生,東海大菅生,3,1,,,https://koko-soccer.com/score/597
2016,新人戦,新人戦（新人選手権大会）第7地区,2016-11-13,八王子,八王子,都立八王子東,八王子東,2,1,,,https://koko-soccer.com/score/596
2016,新人戦,新人戦（新人選手権大会）第7地区,2016-11-13,明星,明星,多摩大聖ヶ丘,多摩大聖ヶ丘,2,1,,,https://koko-soccer.com/score/596
2016,新人戦,新人戦（新人選手権大会）第7地区,2016-11-13,都立富士森,富士森,翔陽,翔陽,4,1,,,https://koko-soccer.com/score/596
2016,新人戦,新人戦（新人選手権大会）第7地区,2016-11-13,都立八王子桑志,八王子桑志,八王子実践,八王子実践,1,11,,,https://koko-soccer.com/score/596
2016,新人戦,新人戦（新人選手権大会）第7地区,2016-11-13,都立八王子北,八王子北,明星学園,明星学園,1,1,5,4,https://koko-soccer.com/score/596
2016,新人戦,新人戦（新人選手権大会）第7地区,2016-11-20,昭和一学園,昭和一学園,八王子,八王子,1,0,,,https://koko-soccer.com/score/596
2016,新人戦,新人戦（新人選手権大会）第7地区,2016-11-20,都立調布北,調布北,明大明治,明大明治,0,3,,,https://koko-soccer.com/score/596
2016,新人戦,新人戦（新人選手権大会）第7地区,2016-11-20,都立府中西,府中西,法政大高,法政大高,0,2,,,https://koko-soccer.com/score/596
2016,新人戦,新人戦（新人選手権大会）第7地区,2016-11-20,都立三鷹中等教育学校,三鷹中等教育学校,穎明館,穎明館,5,0,,,https://koko-soccer.com/score/596
2016,新人戦,新人戦（新人選手権大会）第7地区,2016-11-20,都立片倉,片倉,都立日野,日野,2,1,,,https://koko-soccer.com/score/596
2016,新人戦,新人戦（新人選手権大会）第7地区,2016-11-20,桐朋,桐朋,明星,明星,1,0,,,https://koko-soccer.com/score/596
2016,新人戦,新人戦（新人選手権大会）第7地区,2016-11-20,都立松が谷,松が谷,都立神代,神代,5,0,,,https://koko-soccer.com/score/596
2016,新人戦,新人戦（新人選手権大会）第7地区,2016-11-20,都立富士森,富士森,都立日野台,日野台,1,10,,,https://koko-soccer.com/score/596
2016,新人戦,新人戦（新人選手権大会）第7地区,2016-11-20,都立国立,国立,八王子実践,八王子実践,8,2,,,https://koko-soccer.com/score/596
2016,新人戦,新人戦（新人選手権大会）第7地区,2016-11-20,工学院大附,工学院大附,帝京八王子,帝京八王子,2,0,,,https://koko-soccer.com/score/596
2016,新人戦,新人戦（新人選手権大会）第7地区,2016-11-20,都立永山,永山,都立府中工,府中工科,19,0,,,https://koko-soccer.com/score/596
2016,新人戦,新人戦（新人選手権大会）第7地区,2016-11-20,都立南平,南平,都立府中東,府中東,0,4,,,https://koko-soccer.com/score/596
2016,新人戦,新人戦（新人選手権大会）第7地区,2016-11-20,都立調布南,調布南,都立立川,立川,1,4,,,https://koko-soccer.com/score/596
2016,新人戦,新人戦（新人選手権大会）第7地区,2016-11-20,帝京大高,帝京大高,明大中野八王子,明大中野八王子,0,5,,,https://koko-soccer.com/score/596
2016,新人戦,新人戦（新人選手権大会）第7地区,2016-11-20,都立府中,府中,都立立川国際中等教育学校,立川国際中等教育学校,0,2,,,https://koko-soccer.com/score/596
2016,新人戦,新人戦（新人選手権大会）第7地区,2016-11-20,都立八王子北,八王子北,大成,大成,0,5,,,https://koko-soccer.com/score/596
2016,新人戦,新人戦（新人選手権大会）第7地区,2016-11-23,昭和一学園,昭和一学園,明大明治,明大明治,1,3,,,https://koko-soccer.com/score/596
2016,新人戦,新人戦（新人選手権大会）第7地区,2016-11-23,都立三鷹中等教育学校,三鷹中等教育学校,都立片倉,片倉,1,2,,,https://koko-soccer.com/score/596
2016,新人戦,新人戦（新人選手権大会）第7地区,2016-11-23,桐朋,桐朋,法政大高,法政大高,1,2,,,https://koko-soccer.com/score/596
2016,新人戦,新人戦（新人選手権大会）第7地区,2016-11-23,都立松が谷,松が谷,都立日野台,日野台,0,0,5,4,https://koko-soccer.com/score/596
2016,新人戦,新人戦（新人選手権大会）第7地区,2016-11-23,都立国立,国立,工学院大附,工学院大附,4,3,,,https://koko-soccer.com/score/596
2016,新人戦,新人戦（新人選手権大会）第7地区,2016-11-23,都立永山,永山,都立府中東,府中東,1,5,,,https://koko-soccer.com/score/596
2016,新人戦,新人戦（新人選手権大会）第7地区,2016-11-23,都立立川,立川,明大中野八王子,明大中野八王子,0,1,,,https://koko-soccer.com/score/596
2016,新人戦,新人戦（新人選手権大会）第7地区,2016-11-23,都立立川国際中等教育学校,立川国際中等教育学校,大成,大成,0,6,,,https://koko-soccer.com/score/596
2016,新人戦,新人戦（新人選手権大会）第7地区,2016-12-11,明大明治,明大明治,都立片倉,片倉,2,0,,,https://koko-soccer.com/score/596
2016,新人戦,新人戦（新人選手権大会）第7地区,2016-12-11,都立国立,国立,都立府中東,府中東,0,2,,,https://koko-soccer.com/score/596
2016,新人戦,新人戦（新人選手権大会）第7地区,2016-12-11,明大中野八王子,明大中野八王子,大成,大成,2,2,3,4,https://koko-soccer.com/score/596
2016,新人戦,新人戦（新人選手権大会）第7地区,2016-12-11,法政大高,法政大高,都立松が谷,松が谷,1,2,,,https://koko-soccer.com/score/596
2016,新人戦,新人戦（新人選手権大会）第7地区,2016-12-18,明大明治,明大明治,都立松が谷,松が谷,0,0,2,1,https://koko-soccer.com/score/596
2016,新人戦,新人戦（新人選手権大会）第7地区,2016-12-18,都立府中東,府中東,大成,大成,2,4,,,https://koko-soccer.com/score/596
2016,新人戦,新人戦（新人選手権大会）第7地区,2016-12-23,明大明治,明大明治,大成,大成,1,1,3,4,https://koko-soccer.com/score/596
2016,新人戦,新人戦（新人選手権大会）第6地区,2016-11-13,都立町田工,町田工,筑波大駒場,筑波大駒場,0,9,,,https://koko-soccer.com/score/587
2016,新人戦,新人戦（新人選手権大会）第6地区,2016-11-13,東農大一,農大一,都立成瀬,成瀬,3,0,,,https://koko-soccer.com/score/587
2016,新人戦,新人戦（新人選手権大会）第6地区,2016-11-13,日出,日出,日工大駒場,日工大駒場,2,1,,,https://koko-soccer.com/score/587
2016,新人戦,新人戦（新人選手権大会）第6地区,2016-11-13,都立町田,町田,都立目黒,目黒,4,0,,,https://koko-soccer.com/score/587
2016,新人戦,新人戦（新人選手権大会）第6地区,2016-11-13,東京都市大等々力,東京都市大等々力,日大桜丘,日大櫻丘,0,2,,,https://koko-soccer.com/score/587
2016,新人戦,新人戦（新人選手権大会）第6地区,2016-11-13,都立小川,小川,都立山崎,山崎,2,2,4,5,https://koko-soccer.com/score/587
2016,新人戦,新人戦（新人選手権大会）第6地区,2016-11-13,都立桜町,桜町,東京都市大付,都市大付,2,0,,,https://koko-soccer.com/score/587
2016,新人戦,新人戦（新人選手権大会）第6地区,2016-11-13,都立世田谷総合,世田谷総合,都立総合工科,総合工科,3,7,,,https://koko-soccer.com/score/587
2016,新人戦,新人戦（新人選手権大会）第6地区,2016-11-13,都立桜修館,桜修館中等,都立深沢,深沢,0,1,,,https://koko-soccer.com/score/587
2016,新人戦,新人戦（新人選手権大会）第6地区,2016-11-20,都立野津田,野津田,筑波大駒場,筑波大駒場,5,1,,,https://koko-soccer.com/score/587
2016,新人戦,新人戦（新人選手権大会）第6地区,2016-11-20,都立町田総合,町田総合,都立芦花,芦花,0,4,,,https://koko-soccer.com/score/587
2016,新人戦,新人戦（新人選手権大会）第6地区,2016-11-20,東農大一,農大一,日本学園,日本学園,0,3,,,https://koko-soccer.com/score/587
2016,新人戦,新人戦（新人選手権大会）第6地区,2016-11-20,都立狛江,狛江,日出,日出,16,0,,,https://koko-soccer.com/score/587
2016,新人戦,新人戦（新人選手権大会）第6地区,2016-11-20,目黒学院,目黒学院,大東学園,大東学園,1,1,4,5,https://koko-soccer.com/score/587
2016,新人戦,新人戦（新人選手権大会）第6地区,2016-11-20,世田谷学園,世田谷学園,和光,和光,2,2,4,2,https://koko-soccer.com/score/587
2016,新人戦,新人戦（新人選手権大会）第6地区,2016-11-20,都立山崎,山崎,駒場学園,駒場学園,1,2,,,https://koko-soccer.com/score/587
2016,新人戦,新人戦（新人選手権大会）第6地区,2016-11-20,都立若葉総合,若葉総合,都立千歳丘,千歳丘,0,0,3,4,https://koko-soccer.com/score/587
2016,新人戦,新人戦（新人選手権大会）第6地区,2016-11-23,都立松原,松原,駒場東邦,駒場東邦,0,0,0,3,https://koko-soccer.com/score/587
2016,新人戦,新人戦（新人選手権大会）第6地区,2016-11-23,玉川学園,玉川学園,三田国際,三田国際,4,4,4,3,https://koko-soccer.com/score/587
2016,新人戦,新人戦（新人選手権大会）第6地区,2016-11-23,都立町田,町田,国士舘,国士舘,0,4,,,https://koko-soccer.com/score/587
2016,新人戦,新人戦（新人選手権大会）第6地区,2016-11-23,多摩大目黒,多摩大学目黒,日大桜丘,日大櫻丘,6,1,,,https://koko-soccer.com/score/587
2016,新人戦,新人戦（新人選手権大会）第6地区,2016-11-23,東京学芸大附,東京学芸大附,都立国際,国際,9,0,,,https://koko-soccer.com/score/587
2016,新人戦,新人戦（新人選手権大会）第6地区,2016-11-23,成城学園,成城学園,都立桜町,桜町,1,1,6,5,https://koko-soccer.com/score/587
2016,新人戦,新人戦（新人選手権大会）第6地区,2016-11-23,都立総合工科,総合工科,桜美林,桜美林,1,6,,,https://koko-soccer.com/score/587
2016,新人戦,新人戦（新人選手権大会）第6地区,2016-11-23,都立深沢,深沢,都立駒場,駒場,0,5,,,https://koko-soccer.com/score/587
2016,新人戦,新人戦（新人選手権大会）第6地区,2016-11-27,都立野津田,野津田,都立芦花,芦花,2,0,,,https://koko-soccer.com/score/587
2016,新人戦,新人戦（新人選手権大会）第6地区,2016-11-27,駒場東邦,駒場東邦,日本学園,日本学園,1,2,,,https://koko-soccer.com/score/587
2016,新人戦,新人戦（新人選手権大会）第6地区,2016-11-27,都立狛江,狛江,大東学園,大東学園,6,0,,,https://koko-soccer.com/score/587
2016,新人戦,新人戦（新人選手権大会）第6地区,2016-11-27,玉川学園,玉川学園,国士舘,国士舘,1,8,,,https://koko-soccer.com/score/587
2016,新人戦,新人戦（新人選手権大会）第6地区,2016-11-27,多摩大目黒,多摩大学目黒,東京学芸大附,東京学芸大附,1,0,,,https://koko-soccer.com/score/587
2016,新人戦,新人戦（新人選手権大会）第6地区,2016-11-27,世田谷学園,世田谷学園,駒場学園,駒場学園,0,0,4,5,https://koko-soccer.com/score/587
2016,新人戦,新人戦（新人選手権大会）第6地区,2016-11-27,成城学園,成城学園,桜美林,桜美林,1,3,,,https://koko-soccer.com/score/587
2016,新人戦,新人戦（新人選手権大会）第6地区,2016-11-27,都立千歳丘,千歳丘,都立駒場,駒場,0,4,,,https://koko-soccer.com/score/587
2016,新人戦,新人戦（新人選手権大会）第6地区,2016-12-11,都立野津田,野津田,日本学園,日本学園,0,5,,,https://koko-soccer.com/score/587
2016,新人戦,新人戦（新人選手権大会）第6地区,2016-12-11,都立狛江,狛江,国士舘,国士舘,6,0,,,https://koko-soccer.com/score/587
2016,新人戦,新人戦（新人選手権大会）第6地区,2016-12-11,多摩大目黒,多摩大学目黒,駒場学園,駒場学園,5,0,,,https://koko-soccer.com/score/587
2016,新人戦,新人戦（新人選手権大会）第6地区,2016-12-11,桜美林,桜美林,都立駒場,駒場,0,3,,,https://koko-soccer.com/score/587
2016,新人戦,新人戦（新人選手権大会）第6地区,2016-12-18,日本学園,日本学園,都立狛江,狛江,2,1,,,https://koko-soccer.com/score/587
2016,新人戦,新人戦（新人選手権大会）第6地区,2016-12-18,多摩大目黒,多摩大学目黒,都立駒場,駒場,1,4,,,https://koko-soccer.com/score/587
2016,新人戦,新人戦（新人選手権大会）第6地区,2016-12-23,日本学園,日本学園,都立駒場,駒場,0,0,5,6,https://koko-soccer.com/score/587
2016,新人戦,新人戦（新人選手権大会）第5地区,2016-11-13,都立石神井,石神井,都立杉並総合,杉並総合,4,0,,,https://koko-soccer.com/score/586
2016,新人戦,新人戦（新人選手権大会）第5地区,2016-11-13,佼成学園,佼成学園,都立井草,井草,4,2,,,https://koko-soccer.com/score/586
2016,新人戦,新人戦（新人選手権大会）第5地区,2016-11-13,宝仙学園,宝仙学園,都立光丘,光丘,0,3,,,https://koko-soccer.com/score/586
2016,新人戦,新人戦（新人選手権大会）第5地区,2016-11-13,杉並学院,杉並学院,都立富士,富士,2,0,,,https://koko-soccer.com/score/586
2016,新人戦,新人戦（新人選手権大会）第5地区,2016-11-13,日大二,日大二,日大鶴ヶ丘,日大鶴ヶ丘,0,2,,,https://koko-soccer.com/score/586
2016,新人戦,新人戦（新人選手権大会）第5地区,2016-11-13,都立田柄,田柄,都立武蔵丘,武蔵丘,0,7,,,https://koko-soccer.com/score/586
2016,新人戦,新人戦（新人選手権大会）第5地区,2016-11-13,都立保谷,保谷,都立練馬,練馬,7,0,,,https://koko-soccer.com/score/586
2016,新人戦,新人戦（新人選手権大会）第5地区,2016-11-13,都立鷺宮,鷺宮,都立第四商,第四商,11,0,,,https://koko-soccer.com/score/586
2016,新人戦,新人戦（新人選手権大会）第5地区,2016-11-13,東京立正,東京立正,都立豊多摩,豊多摩,3,3,8,9,https://koko-soccer.com/score/586
2016,新人戦,新人戦（新人選手権大会）第5地区,2016-11-13,都立杉並工,杉並工,都立大泉,大泉,0,4,,,https://koko-soccer.com/score/586
2016,新人戦,新人戦（新人選手権大会）第5地区,2016-11-20,学芸大国際,学芸大国際,早大学院,早大学院,0,10,,,https://koko-soccer.com/score/586
2016,新人戦,新人戦（新人選手権大会）第5地区,2016-11-20,都立中野工,中野工,都立西,西,1,10,,,https://koko-soccer.com/score/586
2016,新人戦,新人戦（新人選手権大会）第5地区,2016-11-20,都立練馬工,練馬工,武蔵,武蔵,0,9,,,https://koko-soccer.com/score/586
2016,新人戦,新人戦（新人選手権大会）第5地区,2016-11-20,國學院久我山,国学院久我山,都立杉並,杉並,6,0,,,https://koko-soccer.com/score/586
2016,新人戦,新人戦（新人選手権大会）第5地区,2016-11-20,明大中野,明大中野,都立田無,田無,5,1,,,https://koko-soccer.com/score/586
2016,新人戦,新人戦（新人選手権大会）第5地区,2016-11-20,東大附,東大附属,中大杉並,中大杉並,0,5,,,https://koko-soccer.com/score/586
2016,新人戦,新人戦（新人選手権大会）第5地区,2016-11-23,都立石神井,石神井,佼成学園,佼成学園,3,0,,,https://koko-soccer.com/score/586
2016,新人戦,新人戦（新人選手権大会）第5地区,2016-11-23,都立光丘,光丘,早大学院,早大学院,1,2,,,https://koko-soccer.com/score/586
2016,新人戦,新人戦（新人選手権大会）第5地区,2016-11-23,杉並学院,杉並学院,日大鶴ヶ丘,日大鶴ヶ丘,0,0,3,5,https://koko-soccer.com/score/586
2016,新人戦,新人戦（新人選手権大会）第5地区,2016-11-23,都立西,西,武蔵,武蔵,0,1,,,https://koko-soccer.com/score/586
2016,新人戦,新人戦（新人選手権大会）第5地区,2016-11-23,國學院久我山,国学院久我山,都立武蔵丘,武蔵丘,5,0,,,https://koko-soccer.com/score/586
2016,新人戦,新人戦（新人選手権大会）第5地区,2016-11-23,明大中野,明大中野,中大杉並,中大杉並,2,1,,,https://koko-soccer.com/score/586
2016,新人戦,新人戦（新人選手権大会）第5地区,2016-11-23,都立保谷,保谷,都立鷺宮,鷺宮,3,1,,,https://koko-soccer.com/score/586
2016,新人戦,新人戦（新人選手権大会）第5地区,2016-11-23,都立豊多摩,豊多摩,都立大泉,大泉,2,2,3,4,https://koko-soccer.com/score/586
2016,新人戦,新人戦（新人選手権大会）第5地区,2016-11-27,都立石神井,石神井,早大学院,早大学院,3,2,,,https://koko-soccer.com/score/586
2016,新人戦,新人戦（新人選手権大会）第5地区,2016-11-27,日大鶴ヶ丘,日大鶴ヶ丘,武蔵,武蔵,2,0,,,https://koko-soccer.com/score/586
2016,新人戦,新人戦（新人選手権大会）第5地区,2016-11-27,都立保谷,保谷,都立大泉,大泉,1,1,7,6,https://koko-soccer.com/score/586
2016,新人戦,新人戦（新人選手権大会）第5地区,2016-12-11,國學院久我山,国学院久我山,明大中野,明大中野,6,0,,,https://koko-soccer.com/score/586
2016,新人戦,新人戦（新人選手権大会）第5地区,2016-12-18,都立石神井,石神井,日大鶴ヶ丘,日大鶴ヶ丘,0,2,,,https://koko-soccer.com/score/586
2016,新人戦,新人戦（新人選手権大会）第5地区,2016-12-18,國學院久我山,国学院久我山,都立保谷,保谷,1,0,,,https://koko-soccer.com/score/586
2016,新人戦,新人戦（新人選手権大会）第5地区,2016-12-23,國學院久我山,国学院久我山,日大鶴ヶ丘,日大鶴ヶ丘,3,0,,,https://koko-soccer.com/score/586
2016,新人戦,新人戦（新人選手権大会）第4地区,2016-11-13,都立蒲田,蒲田,麻布,麻布,0,10,,,https://koko-soccer.com/score/585
2016,新人戦,新人戦（新人選手権大会）第4地区,2016-11-13,東洋,東洋,都立大田桜台,大田桜台,4,0,,,https://koko-soccer.com/score/585
2016,新人戦,新人戦（新人選手権大会）第4地区,2016-11-20,青稜,青稜,正則,正則,7,0,,,https://koko-soccer.com/score/585
2016,新人戦,新人戦（新人選手権大会）第4地区,2016-11-20,大森学園,大森学園,都立三田,三田,4,0,,,https://koko-soccer.com/score/585
2016,新人戦,新人戦（新人選手権大会）第4地区,2016-11-20,二松学舎大附,二松学舎大附,東工大科技,東工大科技,1,4,,,https://koko-soccer.com/score/585
2016,新人戦,新人戦（新人選手権大会）第4地区,2016-11-20,広尾学園,広尾学園,都立雪谷,雪谷,0,1,,,https://koko-soccer.com/score/585
2016,新人戦,新人戦（新人選手権大会）第4地区,2016-11-20,正則学園,正則学園,都立つばさ総合,つばさ総合,1,0,,,https://koko-soccer.com/score/585
2016,新人戦,新人戦（新人選手権大会）第4地区,2016-11-20,暁星高等学校,暁星,都立田園調布,田園調布,16,0,,,https://koko-soccer.com/score/585
2016,新人戦,新人戦（新人選手権大会）第4地区,2016-11-20,都立八潮,八潮,錦城学園,錦城学園,0,3,,,https://koko-soccer.com/score/585
2016,新人戦,新人戦（新人選手権大会）第4地区,2016-11-20,都立大森,大森,高輪,高輪,0,4,,,https://koko-soccer.com/score/585
2016,新人戦,新人戦（新人選手権大会）第4地区,2016-11-23,日体大荏原,日体大荏原,東京,東京,1,3,,,https://koko-soccer.com/score/585
2016,新人戦,新人戦（新人選手権大会）第4地区,2016-11-23,麻布,麻布,都立美原,美原,0,0,0,3,https://koko-soccer.com/score/585
2016,新人戦,新人戦（新人選手権大会）第4地区,2016-11-23,都立大崎,大崎,芝,芝,0,3,,,https://koko-soccer.com/score/585
2016,新人戦,新人戦（新人選手権大会）第4地区,2016-11-23,明治学院,明治学院,都立大島海洋国際,大島海洋国際,2,0,,,https://koko-soccer.com/score/585
2016,新人戦,新人戦（新人選手権大会）第4地区,2016-11-23,立正大立正,立正大立正,都立小山台,小山台,0,3,,,https://koko-soccer.com/score/585
2016,新人戦,新人戦（新人選手権大会）第4地区,2016-11-23,朋優学院,朋優学院,都立芝商業,芝商業,15,0,,,https://koko-soccer.com/score/585
2016,新人戦,新人戦（新人選手権大会）第4地区,2016-11-23,攻玉社,攻玉社,東洋,東洋,9,0,,,https://koko-soccer.com/score/585
2016,新人戦,新人戦（新人選手権大会）第4地区,2016-11-23,青稜,青稜,都立日比谷,日比谷,4,0,,,https://koko-soccer.com/score/585
2016,新人戦,新人戦（新人選手権大会）第4地区,2016-11-23,区立九段中等教育,九段中等教育,文教大付,文教大付,0,3,,,https://koko-soccer.com/score/585
2016,新人戦,新人戦（新人選手権大会）第4地区,2016-11-26,都立美原,美原,正則学園,正則学園,0,1,,,https://koko-soccer.com/score/585
2016,新人戦,新人戦（新人選手権大会）第4地区,2016-11-26,錦城学園,錦城学園,高輪,高輪,0,6,,,https://koko-soccer.com/score/585
2016,新人戦,新人戦（新人選手権大会）第4地区,2016-11-27,東京,東京,大森学園,大森学園,1,1,4,5,https://koko-soccer.com/score/585
2016,新人戦,新人戦（新人選手権大会）第4地区,2016-11-27,東工大科技,東工大科技,都立雪谷,雪谷,1,0,,,https://koko-soccer.com/score/585
2016,新人戦,新人戦（新人選手権大会）第4地区,2016-11-27,芝,芝,明治学院,明治学院,2,1,,,https://koko-soccer.com/score/585
2016,新人戦,新人戦（新人選手権大会）第4地区,2016-11-27,暁星高等学校,暁星,都立小山台,小山台,0,0,6,5,https://koko-soccer.com/score/585
2016,新人戦,新人戦（新人選手権大会）第4地区,2016-11-27,朋優学院,朋優学院,攻玉社,攻玉社,1,6,,,https://koko-soccer.com/score/585
2016,新人戦,新人戦（新人選手権大会）第4地区,2016-11-27,青稜,青稜,文教大付,文教大付,3,0,,,https://koko-soccer.com/score/585
2016,新人戦,新人戦（新人選手権大会）第4地区,2016-12-17,大森学園,大森学園,東工大科技,東工大科技,4,0,,,https://koko-soccer.com/score/585
2016,新人戦,新人戦（新人選手権大会）第4地区,2016-12-17,正則学園,正則学園,芝,芝,0,0,4,2,https://koko-soccer.com/score/585
2016,新人戦,新人戦（新人選手権大会）第4地区,2016-12-18,暁星高等学校,暁星,攻玉社,攻玉社,3,1,,,https://koko-soccer.com/score/585
2016,新人戦,新人戦（新人選手権大会）第4地区,2016-12-18,青稜,青稜,高輪,高輪,1,0,,,https://koko-soccer.com/score/585
2016,新人戦,新人戦（新人選手権大会）第4地区,2016-12-23,大森学園,大森学園,正則学園,正則学園,0,0,4,3,https://koko-soccer.com/score/585
2016,新人戦,新人戦（新人選手権大会）第4地区,2016-12-23,青稜,青稜,暁星高等学校,暁星,1,3,,,https://koko-soccer.com/score/585
2016,新人戦,新人戦（新人選手権大会）第4地区,2016-12-24,大森学園,大森学園,暁星高等学校,暁星,1,0,,,https://koko-soccer.com/score/585
2016,新人戦,新人戦（新人選手権大会）第3地区,2016-11-13,都立板橋有徳,板橋有徳,芝浦工大高,芝浦工大高,0,2,,,https://koko-soccer.com/score/584
2016,新人戦,新人戦（新人選手権大会）第3地区,2016-11-13,都立北園,北園,都立広尾,広尾,5,0,,,https://koko-soccer.com/score/584
2016,新人戦,新人戦（新人選手権大会）第3地区,2016-11-13,岩倉,岩倉,第一商,第一商,1,1,5,3,https://koko-soccer.com/score/584
2016,新人戦,新人戦（新人選手権大会）第3地区,2016-11-13,成城,成城,早稲田,早稲田,4,4,5,4,https://koko-soccer.com/score/584
2016,新人戦,新人戦（新人選手権大会）第3地区,2016-11-13,淑徳,淑徳,目白研心,目白研心,0,5,,,https://koko-soccer.com/score/584
2016,新人戦,新人戦（新人選手権大会）第3地区,2016-11-13,都立戸山,戸山,都立白鴎,白鴎,1,0,,,https://koko-soccer.com/score/584
2016,新人戦,新人戦（新人選手権大会）第3地区,2016-11-13,保善,保善,武蔵野,武蔵野,8,0,,,https://koko-soccer.com/score/584
2016,新人戦,新人戦（新人選手権大会）第3地区,2016-11-13,都立上野,上野,都立大山,大山,1,4,,,https://koko-soccer.com/score/584
2016,新人戦,新人戦（新人選手権大会）第3地区,2016-11-13,青山学院,青山学院,都立北豊島工,北豊島工,2,1,,,https://koko-soccer.com/score/584
2016,新人戦,新人戦（新人選手権大会）第3地区,2016-11-20,東京成徳大高,東京成徳大高,芝浦工大高,芝浦工大高,5,0,,,https://koko-soccer.com/score/584
2016,新人戦,新人戦（新人選手権大会）第3地区,2016-11-20,上野学園,上野学園,順天,順天,5,2,,,https://koko-soccer.com/score/584
2016,新人戦,新人戦（新人選手権大会）第3地区,2016-11-20,桜丘,桜丘,都立板橋,板橋,2,0,,,https://koko-soccer.com/score/584
2016,新人戦,新人戦（新人選手権大会）第3地区,2016-11-20,國學院,国学院,都立高島,高島,2,3,,,https://koko-soccer.com/score/584
2016,新人戦,新人戦（新人選手権大会）第3地区,2016-11-20,都立新宿,新宿,大智学園,大智学園,6,3,,,https://koko-soccer.com/score/584
2016,新人戦,新人戦（新人選手権大会）第3地区,2016-11-20,都立青山,青山,都立飛鳥,飛鳥,8,0,,,https://koko-soccer.com/score/584
2016,新人戦,新人戦（新人選手権大会）第3地区,2016-11-20,都立赤羽商,赤羽商,渋谷教育学園渋谷,渋谷教育学園渋谷,11,1,,,https://koko-soccer.com/score/584
2016,新人戦,新人戦（新人選手権大会）第3地区,2016-11-20,都立北園,北園,城北,城北,1,2,,,https://koko-soccer.com/score/584
2016,新人戦,新人戦（新人選手権大会）第3地区,2016-11-20,海城,海城,岩倉,岩倉,10,0,,,https://koko-soccer.com/score/584
2016,新人戦,新人戦（新人選手権大会）第3地区,2016-11-20,都立王子総合,王子総合,聖学院,聖学院,14,1,,,https://koko-soccer.com/score/584
2016,新人戦,新人戦（新人選手権大会）第3地区,2016-11-20,成城,成城,大東大一,大東大一,1,1,5,4,https://koko-soccer.com/score/584
2016,新人戦,新人戦（新人選手権大会）第3地区,2016-11-20,目白研心,目白研心,駿台学園,駿台学園,3,0,,,https://koko-soccer.com/score/584
2016,新人戦,新人戦（新人選手権大会）第3地区,2016-11-23,東京成徳大高,東京成徳大高,上野学園,上野学園,6,3,,,https://koko-soccer.com/score/584
2016,新人戦,新人戦（新人選手権大会）第3地区,2016-11-23,桜丘,桜丘,都立高島,高島,0,4,,,https://koko-soccer.com/score/584
2016,新人戦,新人戦（新人選手権大会）第3地区,2016-11-23,都立新宿,新宿,都立青山,青山,1,1,3,1,https://koko-soccer.com/score/584
2016,新人戦,新人戦（新人選手権大会）第3地区,2016-11-23,都立赤羽商,赤羽商,城北,城北,0,6,,,https://koko-soccer.com/score/584
2016,新人戦,新人戦（新人選手権大会）第3地区,2016-11-23,海城,海城,都立王子総合,王子総合,0,0,3,4,https://koko-soccer.com/score/584
2016,新人戦,新人戦（新人選手権大会）第3地区,2016-11-23,都立戸山,戸山,成城,成城,0,2,,,https://koko-soccer.com/score/584
2016,新人戦,新人戦（新人選手権大会）第3地区,2016-11-23,保善,保善,都立大山,大山,6,1,,,https://koko-soccer.com/score/584
2016,新人戦,新人戦（新人選手権大会）第3地区,2016-11-23,青山学院,青山学院,目白研心,目白研心,1,4,,,https://koko-soccer.com/score/584
2016,新人戦,新人戦（新人選手権大会）第3地区,2016-11-27,東京成徳大高,東京成徳大高,都立高島,高島,2,2,3,4,https://koko-soccer.com/score/584
2016,新人戦,新人戦（新人選手権大会）第3地区,2016-11-27,都立新宿,新宿,城北,城北,0,2,,,https://koko-soccer.com/score/584
2016,新人戦,新人戦（新人選手権大会）第3地区,2016-11-27,都立王子総合,王子総合,成城,成城,1,2,,,https://koko-soccer.com/score/584
2016,新人戦,新人戦（新人選手権大会）第3地区,2016-11-27,保善,保善,目白研心,目白研心,1,0,,,https://koko-soccer.com/score/584
2016,新人戦,新人戦（新人選手権大会）第3地区,2016-12-04,都立高島,高島,城北,城北,1,0,,,https://koko-soccer.com/score/584
2016,新人戦,新人戦（新人選手権大会）第3地区,2016-12-04,成城,成城,保善,保善,0,1,,,https://koko-soccer.com/score/584
2016,新人戦,新人戦（新人選手権大会）第3地区,2016-12-18,保善,保善,都立高島,高島,4,0,,,https://koko-soccer.com/score/584
2016,新人戦,新人戦（新人選手権大会）第2地区,2016-11-13,城西大城西,城西大城西,都立青井,青井,2,0,,,https://koko-soccer.com/score/583
2016,新人戦,新人戦（新人選手権大会）第2地区,2016-11-13,豊南,豊南,都立足立,足立,1,1,5,3,https://koko-soccer.com/score/583
2016,新人戦,新人戦（新人選手権大会）第2地区,2016-11-13,貞静学園,貞静学園,筑波大附,筑波大学附属,0,12,,,https://koko-soccer.com/score/583
2016,新人戦,新人戦（新人選手権大会）第2地区,2016-11-13,立教池袋,立教池袋,豊島学院,豊島学院,3,2,,,https://koko-soccer.com/score/583
2016,新人戦,新人戦（新人選手権大会）第2地区,2016-11-20,都立向丘,向丘,都立足立西,足立西,1,0,,,https://koko-soccer.com/score/583
2016,新人戦,新人戦（新人選手権大会）第2地区,2016-11-20,都立淵江,淵江,都立豊島,豊島,0,2,,,https://koko-soccer.com/score/583
2016,新人戦,新人戦（新人選手権大会）第2地区,2016-11-20,本郷,本郷,都立足立新田,足立新田,3,1,,,https://koko-soccer.com/score/583
2016,新人戦,新人戦（新人選手権大会）第2地区,2016-11-20,京華商,京華商,淑徳巣鴨,淑徳巣鴨,0,2,,,https://koko-soccer.com/score/583
2016,新人戦,新人戦（新人選手権大会）第2地区,2016-11-20,駒込,駒込,都立足立工,足立工,12,1,,,https://koko-soccer.com/score/583
2016,新人戦,新人戦（新人選手権大会）第2地区,2016-11-20,都立小石川中等教育学校,小石川中等教育学校,巣鴨,巣鴨,1,1,8,9,https://koko-soccer.com/score/583
2016,新人戦,新人戦（新人選手権大会）第2地区,2016-11-20,昭和一,昭和一,都立荒川商,荒川商,1,1,5,4,https://koko-soccer.com/score/583
2016,新人戦,新人戦（新人選手権大会）第2地区,2016-11-20,都立竹早,竹早,足立学園,足立学園,0,6,,,https://koko-soccer.com/score/583
2016,新人戦,新人戦（新人選手権大会）第2地区,2016-11-20,中大附,中大附属,東洋大京北,東洋大京北,1,0,,,https://koko-soccer.com/score/583
2016,新人戦,新人戦（新人選手権大会）第2地区,2016-11-20,豊南,豊南,京華,京華,0,5,,,https://koko-soccer.com/score/583
2016,新人戦,新人戦（新人選手権大会）第2地区,2016-11-23,日大豊山,日大豊山,城西大城西,城西大城西,1,0,,,https://koko-soccer.com/score/583
2016,新人戦,新人戦（新人選手権大会）第2地区,2016-11-23,都立足立東,足立東,都立千早,千早,2,2,5,6,https://koko-soccer.com/score/583
2016,新人戦,新人戦（新人選手権大会）第2地区,2016-11-23,郁文館,郁文館,都立文京,文京,1,8,,,https://koko-soccer.com/score/583
2016,新人戦,新人戦（新人選手権大会）第2地区,2016-11-23,獨協,獨協,都立江北,江北,0,3,,,https://koko-soccer.com/score/583
2016,新人戦,新人戦（新人選手権大会）第2地区,2016-11-23,都立向丘,向丘,都立豊島,豊島,1,2,,,https://koko-soccer.com/score/583
2016,新人戦,新人戦（新人選手権大会）第2地区,2016-11-23,筑波大附,筑波大学附属,立教池袋,立教池袋,1,5,,,https://koko-soccer.com/score/583
2016,新人戦,新人戦（新人選手権大会）第2地区,2016-11-23,駒込,駒込,巣鴨,巣鴨,5,0,,,https://koko-soccer.com/score/583
2016,新人戦,新人戦（新人選手権大会）第2地区,2016-11-23,昭和一,昭和一,足立学園,足立学園,1,3,,,https://koko-soccer.com/score/583
2016,新人戦,新人戦（新人選手権大会）第2地区,2016-11-23,中大附,中大附属,京華,京華,0,2,,,https://koko-soccer.com/score/583
2016,新人戦,新人戦（新人選手権大会）第2地区,2016-11-27,日大豊山,日大豊山,都立千早,千早,11,0,,,https://koko-soccer.com/score/583
2016,新人戦,新人戦（新人選手権大会）第2地区,2016-11-27,本郷,本郷,淑徳巣鴨,淑徳巣鴨,2,2,3,4,https://koko-soccer.com/score/583
2016,新人戦,新人戦（新人選手権大会）第2地区,2016-11-27,都立文京,文京,都立江北,江北,1,1,3,5,https://koko-soccer.com/score/583
2016,新人戦,新人戦（新人選手権大会）第2地区,2016-11-27,駒込,駒込,足立学園,足立学園,0,0,5,4,https://koko-soccer.com/score/583
2016,新人戦,新人戦（新人選手権大会）第2地区,2016-12-11,日大豊山,日大豊山,都立豊島,豊島,1,0,,,https://koko-soccer.com/score/583
2016,新人戦,新人戦（新人選手権大会）第2地区,2016-12-11,淑徳巣鴨,淑徳巣鴨,立教池袋,立教池袋,0,0,4,2,https://koko-soccer.com/score/583
2016,新人戦,新人戦（新人選手権大会）第2地区,2016-12-11,都立江北,江北,京華,京華,1,2,,,https://koko-soccer.com/score/583
2016,新人戦,新人戦（新人選手権大会）第2地区,2016-12-18,日大豊山,日大豊山,淑徳巣鴨,淑徳巣鴨,1,1,2,4,https://koko-soccer.com/score/583
2016,新人戦,新人戦（新人選手権大会）第2地区,2016-12-18,駒込,駒込,京華,京華,3,0,,,https://koko-soccer.com/score/583
2016,新人戦,新人戦（新人選手権大会）第2地区,2016-12-23,淑徳巣鴨,淑徳巣鴨,駒込,駒込,2,0,,,https://koko-soccer.com/score/583
2016,新人戦,新人戦（新人選手権大会）第1地区,2016-11-13,都立葛西南,葛西南,都立小松川,小松川,0,2,,,https://koko-soccer.com/score/216
2016,新人戦,新人戦（新人選手権大会）第1地区,2016-11-13,開成,開成,都立墨田川,墨田川,1,0,,,https://koko-soccer.com/score/216
2016,新人戦,新人戦（新人選手権大会）第1地区,2016-11-13,都立南葛飾,南葛飾,都立東,東,1,3,,,https://koko-soccer.com/score/216
2016,新人戦,新人戦（新人選手権大会）第1地区,2016-11-13,都立両国,両国,都立科学技術,科学技術,3,0,,,https://koko-soccer.com/score/216
2016,新人戦,新人戦（新人選手権大会）第1地区,2016-11-13,都立小岩,小岩,かえつ有明,かえつ有明,0,8,,,https://koko-soccer.com/score/216
2016,新人戦,新人戦（新人選手権大会）第1地区,2016-11-13,都立葛飾商,葛飾商,中央学院大中央,中央学院大学中央,1,1,6,5,https://koko-soccer.com/score/216
2016,新人戦,新人戦（新人選手権大会）第1地区,2016-11-13,都立橘,橘,都立江戸川,江戸川,0,8,,,https://koko-soccer.com/score/216
2016,新人戦,新人戦（新人選手権大会）第1地区,2016-11-13,共栄学園,共栄学園,都立深川,深川,1,5,,,https://koko-soccer.com/score/216
2016,新人戦,新人戦（新人選手権大会）第1地区,2016-11-13,安田学園,安田学園,都立墨田工,墨田工,1,0,,,https://koko-soccer.com/score/216
2016,新人戦,新人戦（新人選手権大会）第1地区,2016-11-13,都立篠崎,篠崎,都立城東,城東,0,13,,,https://koko-soccer.com/score/216
2016,新人戦,新人戦（新人選手権大会）第1地区,2016-11-13,都立葛飾総合,葛飾総合,都立紅葉川,紅葉川,2,4,,,https://koko-soccer.com/score/216
2016,新人戦,新人戦（新人選手権大会）第1地区,2016-11-20,都立三商,三商,都立日本橋,日本橋,3,2,,,https://koko-soccer.com/score/216
2016,新人戦,新人戦（新人選手権大会）第1地区,2016-11-23,日大一,日大一,都立葛飾野,葛飾野,0,3,,,https://koko-soccer.com/score/216
2016,新人戦,新人戦（新人選手権大会）第1地区,2016-11-23,都立本所,本所,都立荒川工,荒川工,6,0,,,https://koko-soccer.com/score/216
2016,新人戦,新人戦（新人選手権大会）第1地区,2016-11-20,都立両国,両国,かえつ有明,かえつ有明,1,3,,,https://koko-soccer.com/score/216
2016,新人戦,新人戦（新人選手権大会）第1地区,2016-11-20,都立本所,本所,安田学園,安田学園,1,1,4,3,https://koko-soccer.com/score/216
2016,新人戦,新人戦（新人選手権大会）第1地区,2016-11-20,都立城東,城東,都立紅葉川,紅葉川,2,1,,,https://koko-soccer.com/score/216
2016,新人戦,新人戦（新人選手権大会）第1地区,2016-11-23,都立葛飾商,葛飾商,都立江戸川,江戸川,0,4,,,https://koko-soccer.com/score/216
2016,新人戦,新人戦（新人選手権大会）第1地区,2016-11-27,都立日本橋,日本橋,都立江東商,江東商,9,1,,,https://koko-soccer.com/score/216
2016,新人戦,新人戦（新人選手権大会）第1地区,2016-11-27,都立深川,深川,都立葛飾野,葛飾野,1,3,,,https://koko-soccer.com/score/216
2016,新人戦,新人戦（新人選手権大会）第1地区,2016-12-04,修徳,修徳,都立小松川,小松川,5,0,,,https://koko-soccer.com/score/216
2016,新人戦,新人戦（新人選手権大会）第1地区,2016-12-04,開成,開成,都立東,東,1,1,4,5,https://koko-soccer.com/score/216
2016,新人戦,新人戦（新人選手権大会）第1地区,2016-12-04,都立江戸川,江戸川,都立葛飾野,葛飾野,0,4,,,https://koko-soccer.com/score/216
2016,新人戦,新人戦（新人選手権大会）第1地区,2016-12-04,都立本所,本所,都立城東,城東,1,7,,,https://koko-soccer.com/score/216
2016,新人戦,新人戦（新人選手権大会）第1地区,2016-12-11,修徳,修徳,都立東,東,2,0,,,https://koko-soccer.com/score/216
2016,新人戦,新人戦（新人選手権大会）第1地区,2016-12-11,都立日本橋,日本橋,かえつ有明,かえつ有明,0,6,,,https://koko-soccer.com/score/216
2016,新人戦,新人戦（新人選手権大会）第1地区,2016-12-18,修徳,修徳,かえつ有明,かえつ有明,3,2,,,https://koko-soccer.com/score/216
2016,新人戦,新人戦（新人選手権大会）第1地区,2016-12-18,都立葛飾野,葛飾野,都立城東,城東,6,0,,,https://koko-soccer.com/score/216
2016,新人戦,新人戦（新人選手権大会）第1地区,2016-12-22,修徳,修徳,都立葛飾野,葛飾野,3,2,,,https://koko-soccer.com/score/216
2016,総体,予選2次トーナメント,2016-06-05,都立東大和南,東大和南,堀越,堀越,2,1,,,https://koko-soccer.com/score/468
2016,総体,予選2次トーナメント,2016-06-05,東京朝鮮中高級学校,東京朝鮮中高級学校,武蔵,武蔵,3,0,,,https://koko-soccer.com/score/468
2016,総体,予選2次トーナメント,2016-06-11,都立東久留米総合,東久留米総合,関東一,関東第一,1,1,3,4,https://koko-soccer.com/score/468
2016,総体,予選2次トーナメント,2016-06-11,東海大高輪台,東海大高輪台,都立駒場,駒場,2,0,,,https://koko-soccer.com/score/468
2016,総体,予選2次トーナメント,2016-06-12,駒澤大学高等学校,駒澤大高,都立東大和南,東大和南,4,0,,,https://koko-soccer.com/score/468
2016,総体,予選2次トーナメント,2016-06-12,東京朝鮮中高級学校,東京朝鮮中高級学校,成立学園,成立学園,0,3,,,https://koko-soccer.com/score/468
2016,総体,予選2次トーナメント,2016-06-18,駒澤大学高等学校,駒澤大高,関東一,関東第一,0,1,,,https://koko-soccer.com/score/468
2016,総体,予選2次トーナメント,2016-06-18,成立学園,成立学園,東海大高輪台,東海大高輪台,0,0,5,6,https://koko-soccer.com/score/468
2016,総体,予選2次トーナメント,2016-06-19,関東一,関東第一,東海大高輪台,東海大高輪台,2,1,,,https://koko-soccer.com/score/468
2016,総体,予選1次トーナメント,2016-05-15,駿台学園,駿台学園,日体荏原,日体荏原,2,0,,,https://koko-soccer.com/score/415
2016,総体,予選1次トーナメント,2016-05-15,都立松が谷,松が谷,八王子,八王子,2,3,,,https://koko-soccer.com/score/415
2016,総体,予選1次トーナメント,2016-05-15,都立城東,城東,都立東大和南,東大和南,3,4,,,https://koko-soccer.com/score/415
2016,総体,予選1次トーナメント,2016-05-15,都立小松川,小松川,都立福生,福生,4,1,,,https://koko-soccer.com/score/415
2016,総体,予選1次トーナメント,2016-05-15,日大三,日大三,日大豊山,日大豊山,2,0,,,https://koko-soccer.com/score/415
2016,総体,予選1次トーナメント,2016-05-15,修徳,修徳,東京実業,東京実業,0,1,,,https://koko-soccer.com/score/415
2016,総体,予選1次トーナメント,2016-05-15,都立大泉,大泉,都立つばさ総合,つばさ総合,0,2,,,https://koko-soccer.com/score/415
2016,総体,予選1次トーナメント,2016-05-15,京華,京華,昭和一学園,昭和一学園,2,4,,,https://koko-soccer.com/score/415
2016,総体,予選1次トーナメント,2016-05-15,早大学院,早大学院,東京成徳大高,東京成徳大高,1,4,,,https://koko-soccer.com/score/415
2016,総体,予選1次トーナメント,2016-05-15,海城,海城,本郷,本郷,1,2,,,https://koko-soccer.com/score/415
2016,総体,予選1次トーナメント,2016-05-15,駒場学園,駒場学園,都立保谷,保谷,2,4,,,https://koko-soccer.com/score/415
2016,総体,予選1次トーナメント,2016-05-15,早稲田実業,早稲田実業,都立府中東,府中東,4,0,,,https://koko-soccer.com/score/415
2016,総体,予選1次トーナメント,2016-05-15,東海大高輪台,東海大高輪台,国士舘,国士舘,1,0,,,https://koko-soccer.com/score/415
2016,総体,予選1次トーナメント,2016-05-15,明大中野八王子,明大中野八王子,かえつ有明,かえつ有明,3,3,3,4,https://koko-soccer.com/score/415
2016,総体,予選1次トーナメント,2016-05-15,國學院久我山,国学院久我山,開成,開成,8,0,,,https://koko-soccer.com/score/415
2016,総体,予選1次トーナメント,2016-05-15,都立狛江,狛江,大成,大成,1,3,,,https://koko-soccer.com/score/415
2016,総体,予選1次トーナメント,2016-05-15,暁星高等学校,暁星,工学院大附,工学院大附,1,4,,,https://koko-soccer.com/score/415
2016,総体,予選1次トーナメント,2016-05-15,都立鷺宮,鷺宮,保善,保善,0,4,,,https://koko-soccer.com/score/415
2016,総体,予選1次トーナメント,2016-05-15,都立文京,文京,都立国立,国立,1,4,,,https://koko-soccer.com/score/415
2016,総体,予選1次トーナメント,2016-05-15,帝京,帝京,都立日野台,日野台,5,0,,,https://koko-soccer.com/score/415
2016,総体,予選1次トーナメント,2016-05-15,城北,城北,都立石神井,石神井,0,3,,,https://koko-soccer.com/score/415
2016,総体,予選1次トーナメント,2016-05-21,実践学園,実践学園,早稲田実業,早稲田実業,2,0,,,https://koko-soccer.com/score/415
2016,総体,予選1次トーナメント,2016-05-21,関東一,関東第一,本郷,本郷,10,0,,,https://koko-soccer.com/score/415
2016,総体,予選1次トーナメント,2016-05-21,東海大高輪台,東海大高輪台,創価,創価,0,0,4,2,https://koko-soccer.com/score/415
2016,総体,予選1次トーナメント,2016-05-21,日大三,日大三,東京実業,東京実業,1,2,,,https://koko-soccer.com/score/415
2016,総体,予選1次トーナメント,2016-05-21,都立駒場,駒場,かえつ有明,かえつ有明,2,1,,,https://koko-soccer.com/score/415
2016,総体,予選1次トーナメント,2016-05-21,堀越,堀越,都立小松川,小松川,2,1,,,https://koko-soccer.com/score/415
2016,総体,予選1次トーナメント,2016-05-21,國學院久我山,国学院久我山,大成,大成,3,2,,,https://koko-soccer.com/score/415
2016,総体,予選1次トーナメント,2016-05-21,都立保谷,保谷,昭和一,昭和一,5,0,,,https://koko-soccer.com/score/415
2016,総体,予選1次トーナメント,2016-05-22,東亜学園,東亜学園,駿台学園,駿台学園,1,1,6,5,https://koko-soccer.com/score/415
2016,総体,予選1次トーナメント,2016-05-22,東京朝鮮中高級学校,東京朝鮮中高級学校,工学院大附,工学院大附,3,1,,,https://koko-soccer.com/score/415
2016,総体,予選1次トーナメント,2016-05-22,八王子,八王子,都立東大和南,東大和南,0,7,,,https://koko-soccer.com/score/415
2016,総体,予選1次トーナメント,2016-05-22,保善,保善,國學院,国学院,3,1,,,https://koko-soccer.com/score/415
2016,総体,予選1次トーナメント,2016-05-22,都立東久留米総合,東久留米総合,都立つばさ総合,つばさ総合,8,1,,,https://koko-soccer.com/score/415
2016,総体,予選1次トーナメント,2016-05-22,武蔵,武蔵,都立国立,国立,2,0,,,https://koko-soccer.com/score/415
2016,総体,予選1次トーナメント,2016-05-22,昭和一学園,昭和一学園,東京成徳大高,東京成徳大高,0,1,,,https://koko-soccer.com/score/415
2016,総体,予選1次トーナメント,2016-05-22,帝京,帝京,都立石神井,石神井,2,0,,,https://koko-soccer.com/score/415
2016,総体,予選1次トーナメント,2016-05-29,都立東久留米総合,東久留米総合,東京成徳大高,東京成徳大高,1,0,,,https://koko-soccer.com/score/415
2016,総体,予選1次トーナメント,2016-05-29,実践学園,実践学園,東海大高輪台,東海大高輪台,0,3,,,https://koko-soccer.com/score/415
2016,総体,予選1次トーナメント,2016-05-29,東京朝鮮中高級学校,東京朝鮮中高級学校,保善,保善,0,0,4,1,https://koko-soccer.com/score/415
2016,総体,予選1次トーナメント,2016-05-29,堀越,堀越,東京実業,東京実業,2,1,,,https://koko-soccer.com/score/415
2016,総体,予選1次トーナメント,2016-05-29,関東一,関東第一,都立保谷,保谷,3,0,,,https://koko-soccer.com/score/415
2016,総体,予選1次トーナメント,2016-05-29,東亜学園,東亜学園,都立東大和南,東大和南,0,1,,,https://koko-soccer.com/score/415
2016,総体,予選1次トーナメント,2016-05-29,都立駒場,駒場,國學院久我山,国学院久我山,1,0,,,https://koko-soccer.com/score/415
2016,総体,予選1次トーナメント,2016-05-29,武蔵,武蔵,帝京,帝京,2,1,,,https://koko-soccer.com/score/415
2016,総体,西支部予選,2016-04-24,都立東大和,東大和,八王子実践,八王子実践,3,0,,,https://koko-soccer.com/score/375
2016,総体,西支部予選,2016-04-24,桐朋,桐朋,法政大高,法政大高,0,0,4,5,https://koko-soccer.com/score/375
2016,総体,西支部予選,2016-04-24,都立武蔵村山,武蔵村山,明星,明星,1,3,,,https://koko-soccer.com/score/375
2016,総体,西支部予選,2016-04-24,都立羽村,羽村,都立永山,永山,4,4,6,7,https://koko-soccer.com/score/375
2016,総体,西支部予選,2016-04-24,明法,明法,都立八王子桑志,八王子桑志,1,0,,,https://koko-soccer.com/score/375
2016,総体,西支部予選,2016-04-24,都立多摩,多摩,啓明学園,啓明学園,2,0,,,https://koko-soccer.com/score/375
2016,総体,西支部予選,2016-04-24,都立立川国際中等教育学校,立川国際中等教育学校,都立秋留台,秋留台,3,0,,,https://koko-soccer.com/score/375
2016,総体,西支部予選,2016-04-24,大成,大成,帝京八王子,帝京八王子,9,0,,,https://koko-soccer.com/score/375
2016,総体,西支部予選,2016-04-24,都立国分寺,国分寺,東海大菅生,東海大菅生,0,1,,,https://koko-soccer.com/score/375
2016,総体,西支部予選,2016-04-24,都立小平南,小平南,都立上水,上水,1,0,,,https://koko-soccer.com/score/375
2016,総体,西支部予選,2016-04-24,都立清瀬,清瀬,拓大一高,拓大一高,1,0,,,https://koko-soccer.com/score/375
2016,総体,西支部予選,2016-04-24,都立東村山,東村山,都立多摩工,多摩工,3,0,,,https://koko-soccer.com/score/375
2016,総体,西支部予選,2016-04-24,都立神代,神代,都立南多摩・南多摩中央教育,南多摩・南多摩中央教育,1,4,,,https://koko-soccer.com/score/375
2016,総体,西支部予選,2016-04-24,都立立川,立川,都立府中工,府中工科,7,0,,,https://koko-soccer.com/score/375
2016,総体,西支部予選,2016-04-24,都立武蔵野北,武蔵野北,国際基督教大高,国際基督教大高,2,0,,,https://koko-soccer.com/score/375
2016,総体,西支部予選,2016-04-24,都立府中,府中,昭和一学園,昭和一学園,0,4,,,https://koko-soccer.com/score/375
2016,総体,西支部予選,2016-04-24,都立久留米西,久留米西,都立小平西,小平西,2,0,,,https://koko-soccer.com/score/375
2016,総体,西支部予選,2016-04-24,都立府中西,府中西,明大明治,明大明治,1,0,,,https://koko-soccer.com/score/375
2016,総体,西支部予選,2016-04-24,都立武蔵,都立武蔵,都立拝島,拝島,2,0,,,https://koko-soccer.com/score/375
2016,総体,西支部予選,2016-04-24,工学院大附,工学院大附,都立富士森,富士森,3,0,,,https://koko-soccer.com/score/375
2016,総体,西支部予選,2016-04-24,都立小平,小平,聖徳学園,聖徳学園,3,1,,,https://koko-soccer.com/score/375
2016,総体,西支部予選,2016-04-24,都立昭和,昭和,都立青梅総合,青梅総合,10,0,,,https://koko-soccer.com/score/375
2016,総体,西支部予選,2016-04-24,中大附,中大附属,都立五日市,五日市,2,1,,,https://koko-soccer.com/score/375
2016,総体,西支部予選,2016-04-24,都立東村山西,東村山西,都立片倉,片倉,2,3,,,https://koko-soccer.com/score/375
2016,総体,西支部予選,2016-04-24,都立調布北,調布北,穎明館,穎明館,4,1,,,https://koko-soccer.com/score/375
2016,総体,西支部予選,2016-04-24,都立国立,国立,成蹊,成蹊,1,0,,,https://koko-soccer.com/score/375
2016,総体,西支部予選,2016-04-24,都立翔陽,翔陽,都立小金井北,小金井北,0,3,,,https://koko-soccer.com/score/375
2016,総体,西支部予選,2016-04-24,都立福生,福生,帝京大高,帝京大高,10,0,,,https://koko-soccer.com/score/375
2016,総体,西支部予選,2016-04-24,都立多摩科学技術,多摩科学技術,中央国際,中央国際,1,2,,,https://koko-soccer.com/score/375
2016,総体,西支部予選,2016-04-24,東京電機大高,東京電機大学,錦城,錦城,3,3,3,5,https://koko-soccer.com/score/375
2016,総体,西支部予選,2016-04-24,都立南平,南平,多摩大聖ヶ丘,多摩大聖ヶ丘,3,0,,,https://koko-soccer.com/score/375
2016,総体,西支部予選,2016-04-24,都立八王子北,八王子北,明星学園,明星学園,1,0,,,https://koko-soccer.com/score/375
2016,総体,西支部予選,2016-04-29,八王子,八王子,都立三鷹中等教育学校,三鷹中等教育学校,4,0,,,https://koko-soccer.com/score/375
2016,総体,西支部予選,2016-04-29,都立日野,日野,自由学園,自由学園,2,0,,,https://koko-soccer.com/score/375
2016,総体,西支部予選,2016-04-29,明学東村山,明治学院東村山,都立八王子東,八王子東,2,0,,,https://koko-soccer.com/score/375
2016,総体,西支部予選,2016-04-29,創価,創価,都立東大和,東大和,2,0,,,https://koko-soccer.com/score/375
2016,総体,西支部予選,2016-04-29,法政大高,法政大高,明星,明星,2,1,,,https://koko-soccer.com/score/375
2016,総体,西支部予選,2016-04-29,明大中野八王子,明大中野八王子,都立永山,永山,6,1,,,https://koko-soccer.com/score/375
2016,総体,西支部予選,2016-04-29,明法,明法,都立多摩,多摩,1,0,,,https://koko-soccer.com/score/375
2016,総体,西支部予選,2016-04-29,東海大菅生,東海大菅生,大成,大成,0,3,,,https://koko-soccer.com/score/375
2016,総体,西支部予選,2016-04-29,都立東大和南,東大和南,都立小平南,小平南,5,1,,,https://koko-soccer.com/score/375
2016,総体,西支部予選,2016-04-29,都立清瀬,清瀬,都立東村山,東村山,2,1,,,https://koko-soccer.com/score/375
2016,総体,西支部予選,2016-04-29,早稲田実業,早稲田実業,都立南多摩・南多摩中央教育,南多摩・南多摩中央教育,10,0,,,https://koko-soccer.com/score/375
2016,総体,西支部予選,2016-04-29,都立立川,立川,都立武蔵野北,武蔵野北,1,1,1,4,https://koko-soccer.com/score/375
2016,総体,西支部予選,2016-04-29,昭和一学園,昭和一学園,都立久留米西,久留米西,1,1,3,1,https://koko-soccer.com/score/375
2016,総体,西支部予選,2016-04-29,都立府中西,府中西,都立武蔵,都立武蔵,2,2,4,2,https://koko-soccer.com/score/375
2016,総体,西支部予選,2016-04-29,工学院大附,工学院大附,都立小平,小平,5,0,,,https://koko-soccer.com/score/375
2016,総体,西支部予選,2016-04-29,都立昭和,昭和,中大附,中大附属,2,0,,,https://koko-soccer.com/score/375
2016,総体,西支部予選,2016-04-29,都立片倉,片倉,都立調布北,調布北,2,2,2,4,https://koko-soccer.com/score/375
2016,総体,西支部予選,2016-04-29,都立国立,国立,都立小平北,小平北,4,1,,,https://koko-soccer.com/score/375
2016,総体,西支部予選,2016-04-29,都立福生,福生,中央国際,中央国際,11,1,,,https://koko-soccer.com/score/375
2016,総体,西支部予選,2016-04-29,錦城,錦城,都立南平,南平,5,3,,,https://koko-soccer.com/score/375
2016,総体,西支部予選,2016-04-29,都立調布南,調布南,都立立川国際中等教育学校,立川国際中等教育学校,3,1,,,https://koko-soccer.com/score/375
2016,総体,西支部予選,2016-05-01,八王子,八王子,都立日野,日野,7,0,,,https://koko-soccer.com/score/375
2016,総体,西支部予選,2016-05-01,明学東村山,明治学院東村山,都立八王子北,八王子北,3,0,,,https://koko-soccer.com/score/375
2016,総体,西支部予選,2016-05-01,創価,創価,法政大高,法政大高,3,2,,,https://koko-soccer.com/score/375
2016,総体,西支部予選,2016-05-01,明大中野八王子,明大中野八王子,明法,明法,2,0,,,https://koko-soccer.com/score/375
2016,総体,西支部予選,2016-05-01,都立調布南,調布南,大成,大成,0,1,,,https://koko-soccer.com/score/375
2016,総体,西支部予選,2016-05-01,都立東大和南,東大和南,都立清瀬,清瀬,2,0,,,https://koko-soccer.com/score/375
2016,総体,西支部予選,2016-05-01,早稲田実業,早稲田実業,都立武蔵野北,武蔵野北,4,0,,,https://koko-soccer.com/score/375
2016,総体,西支部予選,2016-05-01,昭和一学園,昭和一学園,都立府中西,府中西,2,1,,,https://koko-soccer.com/score/375
2016,総体,西支部予選,2016-05-01,工学院大附,工学院大附,都立昭和,昭和,4,0,,,https://koko-soccer.com/score/375
2016,総体,西支部予選,2016-05-01,都立調布北,調布北,都立国立,国立,1,2,,,https://koko-soccer.com/score/375
2016,総体,西支部予選,2016-05-01,都立福生,福生,錦城,錦城,3,1,,,https://koko-soccer.com/score/375
2016,総体,西支部予選,2016-05-03,八王子,八王子,明学東村山,明治学院東村山,2,0,,,https://koko-soccer.com/score/375
2016,総体,中支部予選,2016-04-23,都立新宿,新宿,都立北豊島工,北豊島工,6,1,,,https://koko-soccer.com/score/374
2016,総体,中支部予選,2016-04-23,錦城学園,錦城学園,芝,芝,0,1,,,https://koko-soccer.com/score/374
2016,総体,中支部予選,2016-04-23,都立つばさ総合,つばさ総合,早稲田,早稲田,3,0,,,https://koko-soccer.com/score/374
2016,総体,中支部予選,2016-04-23,保善,保善,都立蒲田,蒲田,12,0,,,https://koko-soccer.com/score/374
2016,総体,中支部予選,2016-04-23,暁星高等学校,暁星,明治学院,明治学院,2,1,,,https://koko-soccer.com/score/374
2016,総体,中支部予選,2016-04-23,都立高島,高島,都立美原,美原,0,1,,,https://koko-soccer.com/score/374
2016,総体,中支部予選,2016-04-23,都立大崎,大崎,駿台学園,駿台学園,0,5,,,https://koko-soccer.com/score/374
2016,総体,中支部予選,2016-04-23,都立赤羽商,赤羽商,武蔵野,武蔵野,3,4,,,https://koko-soccer.com/score/374
2016,総体,中支部予選,2016-04-23,都立大山,大山,第一商,第一商,8,0,,,https://koko-soccer.com/score/374
2016,総体,中支部予選,2016-04-24,大東大一,大東大一,都立上野,上野,9,0,,,https://koko-soccer.com/score/374
2016,総体,中支部予選,2016-04-24,正則,正則,正則学園,正則学園,0,7,,,https://koko-soccer.com/score/374
2016,総体,中支部予選,2016-04-24,芝浦工大高,芝浦工大高,都立大田桜台,大田桜台,3,1,,,https://koko-soccer.com/score/374
2016,総体,中支部予選,2016-04-24,桜丘,桜丘,都立戸山,戸山,1,1,0,3,https://koko-soccer.com/score/374
2016,総体,中支部予選,2016-04-24,都立小山台,小山台,都立飛鳥,飛鳥,7,0,,,https://koko-soccer.com/score/374
2016,総体,中支部予選,2016-04-24,白鷗,白鷗,麻布,麻布,0,3,,,https://koko-soccer.com/score/374
2016,総体,中支部予選,2016-04-24,朋優学院,朋優学院,都立雪谷,雪谷,3,0,,,https://koko-soccer.com/score/374
2016,総体,中支部予選,2016-04-24,都立板橋有徳,板橋有徳,都立青山,青山,0,2,,,https://koko-soccer.com/score/374
2016,総体,中支部予選,2016-04-24,日体荏原,日体荏原,聖学院,聖学院,7,0,,,https://koko-soccer.com/score/374
2016,総体,中支部予選,2016-04-24,都立大島海洋国際,大島海洋国際,渋谷教育学園渋谷,渋谷教育学園渋谷,1,1,4,2,https://koko-soccer.com/score/374
2016,総体,中支部予選,2016-04-24,広尾学園,広尾学園,上野学園,上野学園,1,0,,,https://koko-soccer.com/score/374
2016,総体,中支部予選,2016-04-24,順天,順天,東京,東京,0,2,,,https://koko-soccer.com/score/374
2016,総体,中支部予選,2016-04-24,文教大付,文教大付,都立蔵前工,蔵前工,0,2,,,https://koko-soccer.com/score/374
2016,総体,中支部予選,2016-04-24,都立広尾,広尾,都立田園調布,田園調布,3,1,,,https://koko-soccer.com/score/374
2016,総体,中支部予選,2016-04-24,都立王子総合,王子総合,目白研心,目白研心,0,4,,,https://koko-soccer.com/score/374
2016,総体,中支部予選,2016-04-24,大智学園,大智学園,淑徳,淑徳,0,5,,,https://koko-soccer.com/score/374
2016,総体,中支部予選,2016-04-24,日本ウェルネス,日本ウェルネス,都立大森,大森,6,0,,,https://koko-soccer.com/score/374
2016,総体,中支部予選,2016-04-24,國學院,国学院,立正大立正,立正大立正,1,1,7,6,https://koko-soccer.com/score/374
2016,総体,中支部予選,2016-04-24,岩倉,岩倉,都立三田,三田,0,8,,,https://koko-soccer.com/score/374
2016,総体,中支部予選,2016-04-24,二松学舎大附,二松学舎大附,都立芝商業,芝商業,10,0,,,https://koko-soccer.com/score/374
2016,総体,中支部予選,2016-04-24,区立九段中等教育,九段中等教育,東洋,東洋,0,1,,,https://koko-soccer.com/score/374
2016,総体,中支部予選,2016-04-24,成城,成城,都立北園,北園,2,1,,,https://koko-soccer.com/score/374
2016,総体,中支部予選,2016-04-24,都立板橋,板橋,青山学院,青山学院,0,4,,,https://koko-soccer.com/score/374
2016,総体,中支部予選,2016-04-24,東工大付,東工大付,都立大島,大島,10,0,,,https://koko-soccer.com/score/374
2016,総体,中支部予選,2016-04-24,攻玉社,攻玉社,都立八丈,八丈,1,0,,,https://koko-soccer.com/score/374
2016,総体,中支部予選,2016-04-24,青稜,青稜,東京成徳大高,東京成徳大高,0,2,,,https://koko-soccer.com/score/374
2016,総体,中支部予選,2016-04-24,都立日比谷,日比谷,大森学園,大森学園,1,2,,,https://koko-soccer.com/score/374
2016,総体,中支部予選,2016-04-29,城北,城北,大東大一,大東大一,2,0,,,https://koko-soccer.com/score/374
2016,総体,中支部予選,2016-04-29,都立新宿,新宿,正則学園,正則学園,0,2,,,https://koko-soccer.com/score/374
2016,総体,中支部予選,2016-04-29,東海大高輪台,東海大高輪台,芝浦工大高,芝浦工大高,7,0,,,https://koko-soccer.com/score/374
2016,総体,中支部予選,2016-04-29,都立小山台,小山台,都立戸山,戸山,3,0,,,https://koko-soccer.com/score/374
2016,総体,中支部予選,2016-04-29,都立小山台,小山台,都立飛鳥,飛鳥,3,0,,,https://koko-soccer.com/score/374
2016,総体,中支部予選,2016-04-29,海城,海城,都立大山,大山,1,0,,,https://koko-soccer.com/score/374
2016,総体,中支部予選,2016-04-29,麻布,麻布,朋優学院,朋優学院,2,3,,,https://koko-soccer.com/score/374
2016,総体,中支部予選,2016-04-29,高輪,高輪,都立青山,青山,1,2,,,https://koko-soccer.com/score/374
2016,総体,中支部予選,2016-04-29,芝,芝,都立つばさ総合,つばさ総合,0,0,6,7,https://koko-soccer.com/score/374
2016,総体,中支部予選,2016-04-29,日体荏原,日体荏原,都立大島海洋国際,大島海洋国際,10,0,,,https://koko-soccer.com/score/374
2016,総体,中支部予選,2016-04-29,広尾学園,広尾学園,東京,東京,0,7,,,https://koko-soccer.com/score/374
2016,総体,中支部予選,2016-04-29,保善,保善,都立蔵前工,蔵前工,5,0,,,https://koko-soccer.com/score/374
2016,総体,中支部予選,2016-04-29,都立広尾,広尾,目白研心,目白研心,0,2,,,https://koko-soccer.com/score/374
2016,総体,中支部予選,2016-04-29,暁星高等学校,暁星,淑徳,淑徳,10,0,,,https://koko-soccer.com/score/374
2016,総体,中支部予選,2016-04-29,都立美原,美原,日本ウェルネス,日本ウェルネス,1,0,,,https://koko-soccer.com/score/374
2016,総体,中支部予選,2016-04-29,國學院,国学院,都立三田,三田,1,0,,,https://koko-soccer.com/score/374
2016,総体,中支部予選,2016-04-29,二松学舎大附,二松学舎大附,東洋,東洋,0,2,,,https://koko-soccer.com/score/374
2016,総体,中支部予選,2016-04-29,成城,成城,青山学院,青山学院,1,2,,,https://koko-soccer.com/score/374
2016,総体,中支部予選,2016-04-29,東工大付,東工大付,駿台学園,駿台学園,1,2,,,https://koko-soccer.com/score/374
2016,総体,中支部予選,2016-04-29,攻玉社,攻玉社,武蔵野,武蔵野,4,0,,,https://koko-soccer.com/score/374
2016,総体,中支部予選,2016-04-29,東京成徳大高,東京成徳大高,大森学園,大森学園,2,0,,,https://koko-soccer.com/score/374
2016,総体,中支部予選,2016-05-01,城北,城北,正則学園,正則学園,3,1,,,https://koko-soccer.com/score/374
2016,総体,中支部予選,2016-05-01,東海大高輪台,東海大高輪台,都立小山台,小山台,1,0,,,https://koko-soccer.com/score/374
2016,総体,中支部予選,2016-05-01,海城,海城,朋優学院,朋優学院,2,0,,,https://koko-soccer.com/score/374
2016,総体,中支部予選,2016-05-01,都立青山,青山,都立つばさ総合,つばさ総合,2,3,,,https://koko-soccer.com/score/374
2016,総体,中支部予選,2016-05-01,日体荏原,日体荏原,東京,東京,1,0,,,https://koko-soccer.com/score/374
2016,総体,中支部予選,2016-05-01,保善,保善,目白研心,目白研心,3,0,,,https://koko-soccer.com/score/374
2016,総体,中支部予選,2016-05-01,暁星高等学校,暁星,都立美原,美原,3,0,,,https://koko-soccer.com/score/374
2016,総体,中支部予選,2016-05-01,國學院,国学院,東洋,東洋,3,0,,,https://koko-soccer.com/score/374
2016,総体,中支部予選,2016-05-01,青山学院,青山学院,駿台学園,駿台学園,2,2,3,4,https://koko-soccer.com/score/374
2016,総体,中支部予選,2016-05-01,攻玉社,攻玉社,東京成徳大高,東京成徳大高,0,2,,,https://koko-soccer.com/score/374
2016,総体,東支部予選,2016-04-24,都立向丘,向丘,貞静学園,貞静学園,4,0,,,https://koko-soccer.com/score/372
2016,総体,東支部予選,2016-04-24,都立両国,両国,昭和一,昭和一,2,3,,,https://koko-soccer.com/score/372
2016,総体,東支部予選,2016-04-24,都立深川,深川,京華商,京華商,5,2,,,https://koko-soccer.com/score/372
2016,総体,東支部予選,2016-04-24,日大一,日大一,都立南葛飾,南葛飾,11,0,,,https://koko-soccer.com/score/372
2016,総体,東支部予選,2016-04-24,淑徳巣鴨,淑徳巣鴨,都立日本橋,日本橋,6,0,,,https://koko-soccer.com/score/372
2016,総体,東支部予選,2016-04-24,都立本所,本所,足立学園,足立学園,0,3,,,https://koko-soccer.com/score/372
2016,総体,東支部予選,2016-04-24,都立足立西,足立西,東洋大京北,東洋大京北,4,4,1,3,https://koko-soccer.com/score/372
2016,総体,東支部予選,2016-04-24,巣鴨,巣鴨,共栄学園,共栄学園,3,1,,,https://koko-soccer.com/score/372
2016,総体,東支部予選,2016-04-24,都立小松川,小松川,都立足立,足立,6,1,,,https://koko-soccer.com/score/372
2016,総体,東支部予選,2016-04-24,都立江北,江北,都立葛西工,葛西工,4,0,,,https://koko-soccer.com/score/372
2016,総体,東支部予選,2016-04-24,都立青井,青井,立教池袋,立教池袋,0,4,,,https://koko-soccer.com/score/372
2016,総体,東支部予選,2016-04-24,駒込,駒込,豊南,豊南,7,0,,,https://koko-soccer.com/score/372
2016,総体,東支部予選,2016-04-24,獨協,獨協,豊島学院,豊島学院,1,4,,,https://koko-soccer.com/score/372
2016,総体,東支部予選,2016-04-24,安田学園,安田学園,都立篠崎,篠崎,2,2,4,2,https://koko-soccer.com/score/372
2016,総体,東支部予選,2016-04-29,都立小岩,小岩,都立足立東,足立東,4,0,,,https://koko-soccer.com/score/372
2016,総体,東支部予選,2016-04-29,都立三商,三商,都立竹早,竹早,1,3,,,https://koko-soccer.com/score/372
2016,総体,東支部予選,2016-04-29,都立千早,千早,郁文館,郁文館,0,1,,,https://koko-soccer.com/score/372
2016,総体,東支部予選,2016-04-29,学習院,学習院,都立小石川中等教育学校,小石川中等教育学校,8,2,,,https://koko-soccer.com/score/372
2016,総体,東支部予選,2016-04-29,筑波大附,筑波大学附属,京華,京華,0,1,,,https://koko-soccer.com/score/372
2016,総体,東支部予選,2016-04-29,都立橘,橘,中央大中央,中央大中央,2,2,3,2,https://koko-soccer.com/score/372
2016,総体,東支部予選,2016-04-29,立志舎,立志舎,都立墨田工,墨田工,0,9,,,https://koko-soccer.com/score/372
2016,総体,東支部予選,2016-04-29,都立葛飾野,葛飾野,都立足立新田,足立新田,4,0,,,https://koko-soccer.com/score/372
2016,総体,東支部予選,2016-04-29,都立城東,城東,城西大城西,城西大城西,6,1,,,https://koko-soccer.com/score/372
2016,総体,東支部予選,2016-04-29,都立淵江,淵江,中大附,中大附属,2,2,3,2,https://koko-soccer.com/score/372
2016,総体,東支部予選,2016-04-29,都立葛西南,葛西南,都立東,東,0,1,,,https://koko-soccer.com/score/372
2016,総体,東支部予選,2016-04-29,都立葛飾総合,葛飾総合,都立文京,文京,1,3,,,https://koko-soccer.com/score/372
2016,総体,東支部予選,2016-04-29,都立足立工,足立工,都立荒川工,荒川工,4,1,,,https://koko-soccer.com/score/372
2016,総体,東支部予選,2016-04-29,都立葛飾商,葛飾商,都立荒川商,荒川商,3,0,,,https://koko-soccer.com/score/372
2016,総体,東支部予選,2016-04-29,都立科学技術,科学技術,都立墨田川,墨田川,0,4,,,https://koko-soccer.com/score/372
2016,総体,東支部予選,2016-04-29,都立紅葉川,紅葉川,都立向丘,向丘,3,0,,,https://koko-soccer.com/score/372
2016,総体,東支部予選,2016-04-29,昭和一,昭和一,都立深川,深川,3,0,,,https://koko-soccer.com/score/372
2016,総体,東支部予選,2016-04-29,本郷,本郷,日大一,日大一,4,1,,,https://koko-soccer.com/score/372
2016,総体,東支部予選,2016-04-29,淑徳巣鴨,淑徳巣鴨,足立学園,足立学園,1,3,,,https://koko-soccer.com/score/372
2016,総体,東支部予選,2016-04-29,都立豊島,豊島,足立西・大京北,足立西・大京北,6,1,,,https://koko-soccer.com/score/372
2016,総体,東支部予選,2016-04-29,巣鴨,巣鴨,都立小松川,小松川,1,7,,,https://koko-soccer.com/score/372
2016,総体,東支部予選,2016-04-29,かえつ有明,かえつ有明,安田学園,安田学園,7,1,,,https://koko-soccer.com/score/372
2016,総体,東支部予選,2016-04-29,日大豊山,日大豊山,都立江北,江北,2,1,,,https://koko-soccer.com/score/372
2016,総体,東支部予選,2016-04-29,立教池袋,立教池袋,駒込,駒込,1,3,,,https://koko-soccer.com/score/372
2016,総体,東支部予選,2016-05-01,開成,開成,都立小岩,小岩,2,1,,,https://koko-soccer.com/score/372
2016,総体,東支部予選,2016-05-01,都立竹早,竹早,郁文館,郁文館,0,1,,,https://koko-soccer.com/score/372
2016,総体,東支部予選,2016-05-01,都立葛飾商,葛飾商,都立墨田川,墨田川,2,0,,,https://koko-soccer.com/score/372
2016,総体,東支部予選,2016-05-01,学習院,学習院,都立江戸川,江戸川,9,1,,,https://koko-soccer.com/score/372
2016,総体,東支部予選,2016-05-01,京華,京華,豊島学院,豊島学院,2,2,5,4,https://koko-soccer.com/score/372
2016,総体,東支部予選,2016-05-01,都立橘,橘,都立墨田工,墨田工,1,2,,,https://koko-soccer.com/score/372
2016,総体,東支部予選,2016-05-01,都立葛飾野,葛飾野,都立城東,城東,1,5,,,https://koko-soccer.com/score/372
2016,総体,東支部予選,2016-05-01,都立淵江,淵江,都立東,東,0,3,,,https://koko-soccer.com/score/372
2016,総体,東支部予選,2016-05-01,都立文京,文京,都立足立工,足立工,3,0,,,https://koko-soccer.com/score/372
2016,総体,東支部予選,2016-05-01,都立紅葉川,紅葉川,昭和一,昭和一,0,4,,,https://koko-soccer.com/score/372
2016,総体,東支部予選,2016-05-01,本郷,本郷,足立学園,足立学園,1,1,4,3,https://koko-soccer.com/score/372
2016,総体,東支部予選,2016-05-01,都立豊島,豊島,都立小松川,小松川,2,3,,,https://koko-soccer.com/score/372
2016,総体,東支部予選,2016-05-01,日大豊山,日大豊山,駒込,駒込,2,0,,,https://koko-soccer.com/score/372
2016,総体,東支部予選,2016-05-03,かえつ有明,かえつ有明,都立葛飾商,葛飾商,2,1,,,https://koko-soccer.com/score/372
2016,総体,東支部予選,2016-05-03,学習院,学習院,京華,京華,1,2,,,https://koko-soccer.com/score/372
2016,総体,東支部予選,2016-05-03,都立東,東,都立文京,文京,2,3,,,https://koko-soccer.com/score/372
2016,総体,東支部予選,2016-05-04,開成,開成,郁文館,郁文館,1,0,,,https://koko-soccer.com/score/372
2016,総体,東支部予選,2016-05-04,都立墨田工,墨田工,都立城東,城東,1,4,,,https://koko-soccer.com/score/372
2016,総体,南支部予選,2016-04-24,都立中野工,中野工,都立農芸,農芸,3,1,,,https://koko-soccer.com/score/371
2016,総体,南支部予選,2016-04-24,都立成瀬,成瀬,武蔵,武蔵,0,6,,,https://koko-soccer.com/score/371
2016,総体,南支部予選,2016-04-24,都立芦花,芦花,都立町田工,町田工,7,0,,,https://koko-soccer.com/score/371
2016,総体,南支部予選,2016-04-24,都立井草,井草,都立目黒,目黒,5,1,,,https://koko-soccer.com/score/371
2016,総体,南支部予選,2016-04-24,筑波大駒場,筑波大駒場,学芸大国際,学芸大国際,1,1,4,1,https://koko-soccer.com/score/371
2016,総体,南支部予選,2016-04-24,世田谷学園,世田谷学園,都立千歳丘,千歳丘,1,3,,,https://koko-soccer.com/score/371
2016,総体,南支部予選,2016-04-24,都立松原,松原,都立鷺宮,鷺宮,0,5,,,https://koko-soccer.com/score/371
2016,総体,南支部予選,2016-04-24,都立若葉総合,若葉総合,東京立正,東京立正,1,1,3,1,https://koko-soccer.com/score/371
2016,総体,南支部予選,2016-04-24,都立世田谷総合,世田谷総合,佼成学園,佼成学園,0,7,,,https://koko-soccer.com/score/371
2016,総体,南支部予選,2016-04-24,日工大駒場,日工大駒場,都立深沢,深沢,3,2,,,https://koko-soccer.com/score/371
2016,総体,南支部予選,2016-04-24,東京都市大付,都市大付,都立杉並工,杉並工,1,1,9,8,https://koko-soccer.com/score/371
2016,総体,南支部予選,2016-04-24,都立石神井,石神井,都立武蔵丘,武蔵丘,1,0,,,https://koko-soccer.com/score/371
2016,総体,南支部予選,2016-04-24,都立山崎,山崎,都立田柄,田柄,3,2,,,https://koko-soccer.com/score/371
2016,総体,南支部予選,2016-04-24,都立富士,富士,宝仙学園,宝仙学園,6,1,,,https://koko-soccer.com/score/371
2016,総体,南支部予選,2016-04-24,東京学芸大附,東京学芸大附,駒場東邦,駒場東邦,2,0,,,https://koko-soccer.com/score/371
2016,総体,南支部予選,2016-04-24,都立総合工科,総合工科,都立狛江,狛江,0,4,,,https://koko-soccer.com/score/371
2016,総体,南支部予選,2016-04-24,都立町田総合,町田総合,玉川学園,玉川学園,0,5,,,https://koko-soccer.com/score/371
2016,総体,南支部予選,2016-04-24,桜美林,桜美林,日大二,日大二,1,1,2,4,https://koko-soccer.com/score/371
2016,総体,南支部予選,2016-04-24,都立杉並総合,杉並総合,都立練馬工,練馬工,8,0,,,https://koko-soccer.com/score/371
2016,総体,南支部予選,2016-04-24,東京都市大等々力,東京都市大等々力,都立桜修館,桜修館中等,1,7,,,https://koko-soccer.com/score/371
2016,総体,南支部予選,2016-04-24,都立町田,町田,都立西,西,4,0,,,https://koko-soccer.com/score/371
2016,総体,南支部予選,2016-04-24,都立国際,国際,都立第四商,第四商,1,0,,,https://koko-soccer.com/score/371
2016,総体,南支部予選,2016-04-24,都立小川,小川,早大学院,早大学院,0,5,,,https://koko-soccer.com/score/371
2016,総体,南支部予選,2016-04-24,三田国際,三田国際,日大桜丘,日大櫻丘,0,2,,,https://koko-soccer.com/score/371
2016,総体,南支部予選,2016-04-24,都立保谷,保谷,都立豊多摩,豊多摩,4,2,,,https://koko-soccer.com/score/371
2016,総体,南支部予選,2016-04-24,都立田無,田無,目黒学院,目黒学院,3,1,,,https://koko-soccer.com/score/371
2016,総体,南支部予選,2016-04-24,日大鶴ヶ丘,日大鶴ヶ丘,都立桜町,桜町,6,0,,,https://koko-soccer.com/score/371
2016,総体,南支部予選,2016-04-24,都立杉並,杉並,東大附,東大附属,1,0,,,https://koko-soccer.com/score/371
2016,総体,南支部予選,2016-04-29,日大三,日大三,成城学園,成城学園,1,0,,,https://koko-soccer.com/score/371
2016,総体,南支部予選,2016-04-29,日本学園,日本学園,杉並学院,杉並学院,3,0,,,https://koko-soccer.com/score/371
2016,総体,南支部予選,2016-04-29,和光,和光,都立光丘,光丘,1,7,,,https://koko-soccer.com/score/371
2016,総体,南支部予選,2016-04-29,日出,日出,中大杉並,中大杉並,0,4,,,https://koko-soccer.com/score/371
2016,総体,南支部予選,2016-04-29,都立練馬,練馬,都立大泉,大泉,1,5,,,https://koko-soccer.com/score/371
2016,総体,南支部予選,2016-04-29,大東学園,大東学園,都立野津田,野津田,0,0,3,2,https://koko-soccer.com/score/371
2016,総体,南支部予選,2016-04-29,武蔵,武蔵,都立芦花,芦花,4,0,,,https://koko-soccer.com/score/371
2016,総体,南支部予選,2016-04-29,駒場学園,駒場学園,都立井草,井草,5,0,,,https://koko-soccer.com/score/371
2016,総体,南支部予選,2016-04-29,東農大一,農大一,都立鷺宮,鷺宮,1,1,3,4,https://koko-soccer.com/score/371
2016,総体,南支部予選,2016-04-29,都立若葉総合,若葉総合,佼成学園,佼成学園,0,1,,,https://koko-soccer.com/score/371
2016,総体,南支部予選,2016-04-29,多摩大目黒,多摩大学目黒,日工大駒場,日工大駒場,1,0,,,https://koko-soccer.com/score/371
2016,総体,南支部予選,2016-04-29,東京都市大塩尻/杉並工,東京都市大塩尻/杉並工,都立石神井,石神井,0,1,,,https://koko-soccer.com/score/371
2016,総体,南支部予選,2016-04-29,東亜学園,東亜学園,都立山崎,山崎,2,0,,,https://koko-soccer.com/score/371
2016,総体,南支部予選,2016-04-29,明大中野,明大中野,都立中野工,中野工,6,0,,,https://koko-soccer.com/score/371
2016,総体,南支部予選,2016-04-29,都立富士,富士,東京学芸大附,東京学芸大附,0,1,,,https://koko-soccer.com/score/371
2016,総体,南支部予選,2016-04-29,専修大附,専修大附,都立狛江,狛江,0,2,,,https://koko-soccer.com/score/371
2016,総体,南支部予選,2016-04-29,玉川学園,玉川学園,日大二,日大二,0,2,,,https://koko-soccer.com/score/371
2016,総体,南支部予選,2016-04-29,都立杉並総合,杉並総合,都立桜修館,桜修館中等,0,2,,,https://koko-soccer.com/score/371
2016,総体,南支部予選,2016-04-29,都立町田,町田,都立国際,国際,6,0,,,https://koko-soccer.com/score/371
2016,総体,南支部予選,2016-04-29,早大学院,早大学院,日大桜丘,日大櫻丘,3,0,,,https://koko-soccer.com/score/371
2016,総体,南支部予選,2016-04-29,都立保谷,保谷,都立田無,田無,2,2,5,4,https://koko-soccer.com/score/371
2016,総体,南支部予選,2016-04-29,日大鶴ヶ丘,日大鶴ヶ丘,都立杉並,杉並,2,2,1,2,https://koko-soccer.com/score/371
2016,総体,南支部予選,2016-05-01,筑波大駒場,筑波大駒場,都立千歳丘,千歳丘,2,2,6,7,https://koko-soccer.com/score/371
2016,総体,南支部予選,2016-05-01,日大三,日大三,日本学園,日本学園,4,2,,,https://koko-soccer.com/score/371
2016,総体,南支部予選,2016-05-01,都立光丘,光丘,中大杉並,中大杉並,0,1,,,https://koko-soccer.com/score/371
2016,総体,南支部予選,2016-05-01,都立大泉,大泉,大東学園,大東学園,2,1,,,https://koko-soccer.com/score/371
2016,総体,南支部予選,2016-05-01,都立鷺宮,鷺宮,佼成学園,佼成学園,2,0,,,https://koko-soccer.com/score/371
2016,総体,南支部予選,2016-05-01,多摩大目黒,多摩大学目黒,都立石神井,石神井,0,2,,,https://koko-soccer.com/score/371
2016,総体,南支部予選,2016-05-01,東亜学園,東亜学園,東京学芸大附,東京学芸大附,3,0,,,https://koko-soccer.com/score/371
2016,総体,南支部予選,2016-05-01,都立狛江,狛江,日大二,日大二,3,0,,,https://koko-soccer.com/score/371
2016,総体,南支部予選,2016-05-03,明大中野,明大中野,武蔵,武蔵,0,2,,,https://koko-soccer.com/score/371
2016,総体,南支部予選,2016-05-03,駒場学園,駒場学園,都立千歳丘,千歳丘,1,0,,,https://koko-soccer.com/score/371
2016,総体,南支部予選,2016-05-03,日大三,日大三,都立桜修館,桜修館中等,3,1,,,https://koko-soccer.com/score/371
2016,総体,南支部予選,2016-05-03,都立町田,町田,早大学院,早大学院,2,3,,,https://koko-soccer.com/score/371
2016,総体,南支部予選,2016-05-03,都立保谷,保谷,中大杉並,中大杉並,2,1,,,https://koko-soccer.com/score/371
2016,総体,南支部予選,2016-05-03,都立杉並,杉並,都立大泉,大泉,1,2,,,https://koko-soccer.com/score/371
2016,選手権,予選,2016-08-14,獨協,獨協,都立三鷹中等教育学校,三鷹中等教育学校,0,14,,,https://koko-soccer.com/score/491
2016,選手権,予選,2016-08-14,東工大付,東工大付,都立大島,大島,11,0,,,https://koko-soccer.com/score/491
2016,選手権,予選,2016-08-14,都立松原,松原,立教池袋,立教池袋,2,2,4,5,https://koko-soccer.com/score/491
2016,選手権,予選,2016-08-14,都立足立工,足立工,都立南平,南平,0,11,,,https://koko-soccer.com/score/491
2016,選手権,予選,2016-08-14,三田国際,三田国際,聖学院,聖学院,0,0,4,5,https://koko-soccer.com/score/491
2016,選手権,予選,2016-08-14,都立総合工科,総合工科,都立野津田,野津田,0,9,,,https://koko-soccer.com/score/491
2016,選手権,予選,2016-08-14,都立飛鳥,飛鳥,都立青梅総合,青梅総合,0,3,,,https://koko-soccer.com/score/491
2016,選手権,予選,2016-08-14,都立江戸川,江戸川,都立芝商業,芝商業,9,0,,,https://koko-soccer.com/score/491
2016,選手権,予選,2016-08-14,都立北園,北園,都立杉並工,杉並工,2,0,,,https://koko-soccer.com/score/491
2016,選手権,予選,2016-08-14,立正大立正,立正大立正,都立武蔵,都立武蔵,7,0,,,https://koko-soccer.com/score/491
2016,選手権,予選,2016-08-14,都立世田谷総合,世田谷総合,都立東大和,東大和,0,10,,,https://koko-soccer.com/score/491
2016,選手権,予選,2016-08-14,世田谷学園,世田谷学園,二松学舎大附,二松学舎大附,1,4,,,https://koko-soccer.com/score/491
2016,選手権,予選,2016-08-14,都立向丘,向丘,岩倉,岩倉,10,0,,,https://koko-soccer.com/score/491
2016,選手権,予選,2016-08-14,日工大駒場,日工大駒場,上野学園,上野学園,2,0,,,https://koko-soccer.com/score/491
2016,選手権,予選,2016-08-14,都立東村山西,東村山西,都立板橋,板橋,11,0,,,https://koko-soccer.com/score/491
2016,選手権,予選,2016-08-14,中央国際,中央国際,都立町田工,町田工,14,2,,,https://koko-soccer.com/score/491
2016,選手権,予選,2016-08-14,都立大田桜台,大田桜台,都立赤羽商,赤羽商,5,2,,,https://koko-soccer.com/score/491
2016,選手権,予選,2016-08-14,東京電機大高,東京電機大学,第一商,第一商,6,0,,,https://koko-soccer.com/score/491
2016,選手権,予選,2016-08-16,都立小岩,小岩,都立拝島,拝島,1,0,,,https://koko-soccer.com/score/491
2016,選手権,予選,2016-08-16,都立東村山,東村山,目黒学院,目黒学院,1,0,,,https://koko-soccer.com/score/491
2016,選手権,予選,2016-08-16,都立農芸,農芸,都立昭和,昭和,1,7,,,https://koko-soccer.com/score/491
2016,選手権,予選,2016-08-16,保善,保善,東工大付,東工大付,2,1,,,https://koko-soccer.com/score/491
2016,選手権,予選,2016-08-16,都立八王子桑志,八王子桑志,聖徳学園,聖徳学園,9,2,,,https://koko-soccer.com/score/491
2016,選手権,予選,2016-08-16,都立西,西,都立蒲田,蒲田,3,0,,,https://koko-soccer.com/score/491
2016,選手権,予選,2016-08-16,都立篠崎,篠崎,都立調布北,調布北,1,3,,,https://koko-soccer.com/score/491
2016,選手権,予選,2016-08-16,都立保谷,保谷,立教池袋,立教池袋,0,0,,,https://koko-soccer.com/score/491
2016,選手権,予選,2016-08-16,筑波大駒場,筑波大駒場,都立練馬,練馬,2,1,,,https://koko-soccer.com/score/491
2016,選手権,予選,2016-08-16,桐朋,桐朋,東洋大京北,東洋大京北,7,0,,,https://koko-soccer.com/score/491
2016,選手権,予選,2016-08-16,都立五日市,五日市,錦城,錦城,0,5,,,https://koko-soccer.com/score/491
2016,選手権,予選,2016-08-16,東亜学園,東亜学園,都立南平,南平,5,1,,,https://koko-soccer.com/score/491
2016,選手権,予選,2016-08-16,都立大山,大山,成城,成城,0,3,,,https://koko-soccer.com/score/491
2016,選手権,予選,2016-08-16,都立久留米西,久留米西,都立立川,立川,3,2,,,https://koko-soccer.com/score/491
2016,選手権,予選,2016-08-16,都立小石川中等教育学校,小石川中等教育学校,都立美原,美原,1,2,,,https://koko-soccer.com/score/491
2016,選手権,予選,2016-08-16,工学院大附,工学院大附,聖学院,聖学院,4,0,,,https://koko-soccer.com/score/491
2016,選手権,予選,2016-08-16,杉並学院,杉並学院,拓大一高,拓大一高,2,1,,,https://koko-soccer.com/score/491
2016,選手権,予選,2016-08-16,明星学園,明星学園,都立国際,国際,10,0,,,https://koko-soccer.com/score/491
2016,選手権,予選,2016-08-16,都立多摩,多摩,東洋,東洋,0,2,,,https://koko-soccer.com/score/491
2016,選手権,予選,2016-08-16,都立つばさ総合,つばさ総合,都立野津田,野津田,2,2,,,https://koko-soccer.com/score/491
2016,選手権,予選,2016-08-16,都立府中,府中,都立富士森,富士森,5,1,,,https://koko-soccer.com/score/491
2016,選手権,予選,2016-08-16,都立竹台,竹台,東海大菅生,東海大菅生,0,14,,,https://koko-soccer.com/score/491
2016,選手権,予選,2016-08-16,穎明館,穎明館,目白研心,目白研心,0,3,,,https://koko-soccer.com/score/491
2016,選手権,予選,2016-08-16,八王子,八王子,都立青梅総合,青梅総合,6,0,,,https://koko-soccer.com/score/491
2016,選手権,予選,2016-08-16,八王子実践,八王子実践,都立光丘,光丘,2,2,,,https://koko-soccer.com/score/491
2016,選手権,予選,2016-08-16,都立田無,田無,東農大一,農大一,1,2,,,https://koko-soccer.com/score/491
2016,選手権,予選,2016-08-16,東京都市大等々力,東京都市大等々力,駒込,駒込,0,8,,,https://koko-soccer.com/score/491
2016,選手権,予選,2016-08-16,昭和一,昭和一,都立江戸川,江戸川,6,2,,,https://koko-soccer.com/score/491
2016,選手権,予選,2016-08-16,都立日野,日野,都立第四商,第四商,5,0,,,https://koko-soccer.com/score/491
2016,選手権,予選,2016-08-16,大東学園,大東学園,都立井草,井草,3,2,,,https://koko-soccer.com/score/491
2016,選手権,予選,2016-08-16,都立豊多摩,豊多摩,攻玉社,攻玉社,4,0,,,https://koko-soccer.com/score/491
2016,選手権,予選,2016-08-16,本郷,本郷,都立北園,北園,3,0,,,https://koko-soccer.com/score/491
2016,選手権,予選,2016-08-16,麻布,麻布,日本ウェルネス,日本ウェルネス,1,1,3,4,https://koko-soccer.com/score/491
2016,選手権,予選,2016-08-16,都立翔陽,翔陽,日大鶴ヶ丘,日大鶴ヶ丘,3,1,,,https://koko-soccer.com/score/491
2016,選手権,予選,2016-08-16,和光,和光,佼成学園,佼成学園,2,1,,,https://koko-soccer.com/score/491
2016,選手権,予選,2016-08-16,早稲田実業,早稲田実業,立正大立正,立正大立正,5,0,,,https://koko-soccer.com/score/491
2016,選手権,予選,2016-08-16,都立南葛飾,南葛飾,国際基督教,国際基督教,1,1,,,https://koko-soccer.com/score/491
2016,選手権,予選,2016-08-16,貞静学園,貞静学園,宝仙学園,宝仙学園,0,0,,,https://koko-soccer.com/score/491
2016,選手権,予選,2016-08-16,早稲田,早稲田,明大中野,明大中野,0,4,,,https://koko-soccer.com/score/491
2016,選手権,予選,2016-08-16,都立小松川,小松川,都立東大和,東大和,1,2,,,https://koko-soccer.com/score/491
2016,選手権,予選,2016-08-16,成城学園,成城学園,都立秋留台,秋留台,10,0,,,https://koko-soccer.com/score/491
2016,選手権,予選,2016-08-16,芝,芝,日大桜丘,日大櫻丘,1,0,,,https://koko-soccer.com/score/491
2016,選手権,予選,2016-08-16,大東大一,大東大一,都立武蔵野北,武蔵野北,4,0,,,https://koko-soccer.com/score/491
2016,選手権,予選,2016-08-16,國學院,国学院,二松学舎大附,二松学舎大附,3,1,,,https://koko-soccer.com/score/491
2016,選手権,予選,2016-08-16,都立三商,三商,都立府中工,府中工科,6,0,,,https://koko-soccer.com/score/491
2016,選手権,予選,2016-08-16,桜丘,桜丘,京華商,京華商,2,0,,,https://koko-soccer.com/score/491
2016,選手権,予選,2016-08-16,啓明学園,啓明学園,都立葛飾商,葛飾商,0,8,,,https://koko-soccer.com/score/491
2016,選手権,予選,2016-08-16,都立石神井,石神井,都立向丘,向丘,8,0,,,https://koko-soccer.com/score/491
2016,選手権,予選,2016-08-16,都立小川,小川,都立大森,大森,3,0,,,https://koko-soccer.com/score/491
2016,選手権,予選,2016-08-16,都立永山,永山,正則,正則,1,0,,,https://koko-soccer.com/score/491
2016,選手権,予選,2016-08-16,都立北豊島工,北豊島工,青山学院,青山学院,0,6,,,https://koko-soccer.com/score/491
2016,選手権,予選,2016-08-16,かえつ有明,かえつ有明,日工大駒場,日工大駒場,3,1,,,https://koko-soccer.com/score/491
2016,選手権,予選,2016-08-16,都立白鴎,白鴎,区立九段中等教育,九段中等教育,2,2,,,https://koko-soccer.com/score/491
2016,選手権,予選,2016-08-16,都立本所,本所,都立戸山,戸山,2,1,,,https://koko-soccer.com/score/491
2016,選手権,予選,2016-08-16,都立足立,足立,日大二,日大二,0,2,,,https://koko-soccer.com/score/491
2016,選手権,予選,2016-08-16,創価,創価,都立東村山西,東村山西,1,0,,,https://koko-soccer.com/score/491
2016,選手権,予選,2016-08-16,都立大島海洋国際,大島海洋国際,都立墨田川,墨田川,0,7,,,https://koko-soccer.com/score/491
2016,選手権,予選,2016-08-16,都立葛飾総合,葛飾総合,都立日本橋,日本橋,3,0,,,https://koko-soccer.com/score/491
2016,選手権,予選,2016-08-16,成蹊,成蹊,明法,明法,0,0,,,https://koko-soccer.com/score/491
2016,選手権,予選,2016-08-16,昭和一学園,昭和一学園,中央国際,中央国際,6,0,,,https://koko-soccer.com/score/491
2016,選手権,予選,2016-08-16,都立田無工,田無工,都立葛西工,葛西工,0,7,,,https://koko-soccer.com/score/491
2016,選手権,予選,2016-08-16,都立成瀬,成瀬,都立橘,橘,1,1,,,https://koko-soccer.com/score/491
2016,選手権,予選,2016-08-16,都立小金井北,小金井北,明学東村山,明治学院東村山,1,1,,,https://koko-soccer.com/score/491
2016,選手権,予選,2016-08-16,都立国立,国立,都立大田桜台,大田桜台,8,0,,,https://koko-soccer.com/score/491
2016,選手権,予選,2016-08-16,都立中野工,中野工,日大一,日大一,1,4,,,https://koko-soccer.com/score/491
2016,選手権,予選,2016-08-16,淑徳,淑徳,都立千早,千早,5,1,,,https://koko-soccer.com/score/491
2016,選手権,予選,2016-08-16,都立羽村,羽村,都立豊島,豊島,1,6,,,https://koko-soccer.com/score/491
2016,選手権,予選,2016-08-16,都立大泉,大泉,東京電機大高,東京電機大学,1,0,,,https://koko-soccer.com/score/491
2016,選手権,予選,2016-08-16,都立足立新田,足立新田,自由学園,自由学園,0,1,,,https://koko-soccer.com/score/491
2016,選手権,予選,2016-08-16,都立立川国際中等教育学校,立川国際中等教育学校,都立東,東,0,1,,,https://koko-soccer.com/score/491
2016,選手権,予選,2016-08-16,都立城東,城東,専修大附,専修大附,2,2,,,https://koko-soccer.com/score/491
2016,選手権,予選,2016-08-16,都立田園調布,田園調布,都立深沢,深沢,1,1,,,https://koko-soccer.com/score/491
2016,選手権,予選,2016-08-16,都立荒川工,荒川工,中大附,中大附属,0,17,,,https://koko-soccer.com/score/491
2016,選手権,予選,2016-08-16,東京立正,東京立正,都立墨田工,墨田工,6,3,,,https://koko-soccer.com/score/491
2016,選手権,予選,2016-08-16,都立松が谷,松が谷,豊南,豊南,9,1,,,https://koko-soccer.com/score/491
2016,選手権,予選,2016-08-16,都立竹早,竹早,芝浦工大高,芝浦工大高,2,2,,,https://koko-soccer.com/score/491
2016,選手権,予選,2016-08-16,都立桜町,桜町,都立雪谷,雪谷,6,3,,,https://koko-soccer.com/score/491
2016,選手権,予選,2016-08-16,都立武蔵丘,武蔵丘,都立調布南,調布南,0,3,,,https://koko-soccer.com/score/491
2016,選手権,予選,2016-08-16,都立鷺宮,鷺宮,城西大城西,城西大城西,5,0,,,https://koko-soccer.com/score/491
2016,選手権,予選,2016-08-16,都立新宿,新宿,都立国分寺,国分寺,0,3,,,https://koko-soccer.com/score/491
2016,選手権,予選,2016-08-16,松蔭,松蔭,都立目黒,目黒,0,20,,,https://koko-soccer.com/score/491
2016,選手権,予選,2016-08-16,大智学園,大智学園,中大杉並,中大杉並,0,2,,,https://koko-soccer.com/score/491
2016,選手権,予選,2016-08-16,海城,海城,都立荒川商,荒川商,3,1,,,https://koko-soccer.com/score/491
2016,選手権,予選,2016-08-16,都立八丈,八丈,中大附,中大附属,0,5,,,https://koko-soccer.com/score/491
2016,選手権,予選,2016-08-16,都立清瀬,清瀬,都立大崎,大崎,6,0,,,https://koko-soccer.com/score/491
2016,選手権,予選,2016-08-16,都立足立西,足立西,東京学芸大附,東京学芸大附,0,7,,,https://koko-soccer.com/score/491
2016,選手権,予選,2016-08-16,都立府中東,府中東,東大附,東大附属,7,0,,,https://koko-soccer.com/score/491
2016,選手権,予選,2016-08-16,都立上野,上野,都立八王子東,八王子東,1,2,,,https://koko-soccer.com/score/491
2016,選手権,予選,2016-08-16,都立千歳丘,千歳丘,都立小平南,小平南,0,1,,,https://koko-soccer.com/score/491
2016,選手権,予選,2016-08-16,都立葛西南,葛西南,都立青山,青山,0,1,,,https://koko-soccer.com/score/491
2016,選手権,予選,2016-08-16,都立日野台,日野台,都立片倉,片倉,0,0,4,2,https://koko-soccer.com/score/491
2016,選手権,予選,2016-08-16,都立多摩科学技術,多摩科学技術,多摩大聖ヶ丘,多摩大聖ヶ丘,1,5,,,https://koko-soccer.com/score/491
2016,選手権,予選,2016-08-16,都立小山台,小山台,筑波大附,筑波大学附属,2,3,,,https://koko-soccer.com/score/491
2016,選手権,予選,2016-08-16,日出,日出,足立学園,足立学園,0,6,,,https://koko-soccer.com/score/491
2016,選手権,予選,2016-08-16,駒場学園,駒場学園,都立王子総合,王子総合,4,1,,,https://koko-soccer.com/score/491
2016,選手権,予選,2016-08-16,錦城学園,錦城学園,都立高島,高島,0,9,,,https://koko-soccer.com/score/491
2016,選手権,予選,2016-08-16,東京,東京,共栄学園,共栄学園,20,0,,,https://koko-soccer.com/score/491
2016,選手権,予選,2016-08-16,都立田柄,田柄,法政大高,法政大高,1,6,,,https://koko-soccer.com/score/491
2016,選手権,予選,2016-08-16,日体荏原,日体荏原,都立南多摩中央教育,南多摩中央教育,16,0,,,https://koko-soccer.com/score/491
2016,選手権,予選,2016-08-16,帝京八王子,帝京八王子,淑徳巣鴨,淑徳巣鴨,2,2,,,https://koko-soccer.com/score/491
2016,選手権,予選,2016-08-16,朋優学院,朋優学院,都立武蔵村山,武蔵村山,1,8,,,https://koko-soccer.com/score/491
2016,選手権,予選,2016-08-16,都立両国,両国,郁文館,郁文館,0,6,,,https://koko-soccer.com/score/491
2016,選手権,予選,2016-08-16,開成,開成,都立小平西,小平西,6,0,,,https://koko-soccer.com/score/491
2016,選手権,予選,2016-08-16,立志舎,立志舎,武蔵野,武蔵野,0,5,,,https://koko-soccer.com/score/491
2016,選手権,予選,2016-08-16,学習院,学習院,帝京大高,帝京大高,7,0,,,https://koko-soccer.com/score/491
2016,選手権,予選,2016-08-16,都立町田総合,町田総合,都立町田,町田,0,5,,,https://koko-soccer.com/score/491
2016,選手権,予選,2016-08-16,日大豊山,日大豊山,都立三田,三田,2,0,,,https://koko-soccer.com/score/491
2016,選手権,予選,2016-08-16,都立科学技術,科学技術,青稜,青稜,0,8,,,https://koko-soccer.com/score/491
2016,選手権,予選,2016-08-16,都立広尾,広尾,安田学園,安田学園,1,1,,,https://koko-soccer.com/score/491
2016,選手権,予選,2016-08-16,都立富士,富士,正則学園,正則学園,1,10,,,https://koko-soccer.com/score/491
2016,選手権,予選,2016-08-16,城北,城北,都立八潮,八潮,9,0,,,https://koko-soccer.com/score/491
2016,選手権,予選,2016-08-16,広尾学園,広尾学園,都立江東商,江東商,5,0,,,https://koko-soccer.com/score/491
2016,選手権,予選,2016-08-16,巣鴨,巣鴨,都立神代,神代,1,8,,,https://koko-soccer.com/score/491
2016,選手権,予選,2016-08-16,都立蔵前工,蔵前工,都立府中西,府中西,0,9,,,https://koko-soccer.com/score/491
2016,選手権,予選,2016-08-16,都立文京,文京,都立多摩工,多摩工,2,0,,,https://koko-soccer.com/score/491
2016,選手権,予選,2016-08-16,都立葛飾野,葛飾野,都立青井,青井,3,2,,,https://koko-soccer.com/score/491
2016,選手権,予選,2016-08-16,豊島学院,豊島学院,都立農業,農業,4,0,,,https://koko-soccer.com/score/491
2016,選手権,予選,2016-08-16,都立江北,江北,都立杉並,杉並,2,0,,,https://koko-soccer.com/score/491
2016,選手権,予選,2016-08-16,都立狛江,狛江,都立芦花,芦花,2,0,,,https://koko-soccer.com/score/491
2016,選手権,予選,2016-08-16,駒場東邦,駒場東邦,東京都市大付,都市大付,0,3,,,https://koko-soccer.com/score/491
2016,選手権,予選,2016-08-16,都立小平,小平,桜美林,桜美林,2,6,,,https://koko-soccer.com/score/491
2016,選手権,予選,2016-08-16,都立杉並総合,杉並総合,都立桜修館,桜修館中等,1,0,,,https://koko-soccer.com/score/491
2016,選手権,予選,2016-08-16,早大学院,早大学院,中央学院大中央,中央学院大学中央,15,0,,,https://koko-soccer.com/score/491
2016,選手権,予選,2016-08-16,都立日比谷,日比谷,渋谷教育学園渋谷,渋谷教育学園渋谷,6,0,,,https://koko-soccer.com/score/491
2016,選手権,予選,2016-08-16,都立上水,上水,都立練馬工,練馬工,3,3,,,https://koko-soccer.com/score/491
2016,選手権,予選,2016-08-16,玉川学園,玉川学園,都立紅葉川,紅葉川,0,2,,,https://koko-soccer.com/score/491
2016,選手権,予選,2016-08-16,都立福生,福生,明星,明星,10,2,,,https://koko-soccer.com/score/491
2016,選手権,予選,2016-08-16,学芸大国際,学芸大国際,都立板橋有徳,板橋有徳,4,0,,,https://koko-soccer.com/score/491
2016,選手権,予選,2016-08-16,明治学院,明治学院,大森学園,大森学園,3,3,18,17,https://koko-soccer.com/score/491
2016,選手権,予選,2016-08-16,明大明治,明大明治,修徳,修徳,0,4,,,https://koko-soccer.com/score/491
2016,選手権,予選,2016-08-16,明大中野八王子,明大中野八王子,都立八王子北,八王子北,2,1,,,https://koko-soccer.com/score/491
2016,選手権,予選,2016-08-16,都立若葉総合,若葉総合,都立山崎,山崎,0,1,,,https://koko-soccer.com/score/491
2016,選手権,予選,2016-08-16,都立淵江,淵江,都立深川,深川,3,0,,,https://koko-soccer.com/score/491
2016,選手権,予選,2016-08-16,都立足立東,足立東,京華,京華,1,9,,,https://koko-soccer.com/score/491
2016,選手権,予選,2016-08-17,東京成徳大高,東京成徳大高,都立三鷹中等教育学校,三鷹中等教育学校,3,2,,,https://koko-soccer.com/score/491
2016,選手権,予選,2016-08-18,都立東村山,東村山,都立昭和,昭和,0,6,,,https://koko-soccer.com/score/491
2016,選手権,予選,2016-08-18,保善,保善,都立八王子桑志,八王子桑志,8,0,,,https://koko-soccer.com/score/491
2016,選手権,予選,2016-08-18,都立保谷,保谷,筑波大駒場,筑波大駒場,4,0,,,https://koko-soccer.com/score/491
2016,選手権,予選,2016-08-18,工学院大附,工学院大附,杉並学院,杉並学院,1,5,,,https://koko-soccer.com/score/491
2016,選手権,予選,2016-08-18,明星学園,明星学園,東洋,東洋,4,1,,,https://koko-soccer.com/score/491
2016,選手権,予選,2016-08-18,都立野津田,野津田,都立府中,府中,4,0,,,https://koko-soccer.com/score/491
2016,選手権,予選,2016-08-18,東海大菅生,東海大菅生,目白研心,目白研心,2,2,7,6,https://koko-soccer.com/score/491
2016,選手権,予選,2016-08-18,八王子,八王子,八王子実践,八王子実践,11,2,,,https://koko-soccer.com/score/491
2016,選手権,予選,2016-08-18,東農大一,農大一,駒込,駒込,0,1,,,https://koko-soccer.com/score/491
2016,選手権,予選,2016-08-18,大東学園,大東学園,都立豊多摩,豊多摩,3,3,5,4,https://koko-soccer.com/score/491
2016,選手権,予選,2016-08-18,芝,芝,大東大一,大東大一,1,8,,,https://koko-soccer.com/score/491
2016,選手権,予選,2016-08-18,かえつ有明,かえつ有明,区立九段中等教育,九段中等教育,6,0,,,https://koko-soccer.com/score/491
2016,選手権,予選,2016-08-18,都立本所,本所,日大二,日大二,3,2,,,https://koko-soccer.com/score/491
2016,選手権,予選,2016-08-18,創価,創価,都立墨田川,墨田川,1,0,,,https://koko-soccer.com/score/491
2016,選手権,予選,2016-08-18,都立葛飾総合,葛飾総合,成蹊,成蹊,0,1,,,https://koko-soccer.com/score/491
2016,選手権,予選,2016-08-18,都立成瀬,成瀬,明学東村山,明治学院東村山,1,3,,,https://koko-soccer.com/score/491
2016,選手権,予選,2016-08-18,都立大泉,大泉,自由学園,自由学園,5,1,,,https://koko-soccer.com/score/491
2016,選手権,予選,2016-08-18,専修大附,専修大附,都立深沢,深沢,13,0,,,https://koko-soccer.com/score/491
2016,選手権,予選,2016-08-18,都立目黒,目黒,中大杉並,中大杉並,1,4,,,https://koko-soccer.com/score/491
2016,選手権,予選,2016-08-18,都立府中東,府中東,都立八王子東,八王子東,3,0,,,https://koko-soccer.com/score/491
2016,選手権,予選,2016-08-18,駒場学園,駒場学園,都立高島,高島,4,2,,,https://koko-soccer.com/score/491
2016,選手権,予選,2016-08-18,日体荏原,日体荏原,帝京八王子,帝京八王子,3,0,,,https://koko-soccer.com/score/491
2016,選手権,予選,2016-08-18,開成,開成,武蔵野,武蔵野,7,0,,,https://koko-soccer.com/score/491
2016,選手権,予選,2016-08-18,日大豊山,日大豊山,青稜,青稜,2,1,,,https://koko-soccer.com/score/491
2016,選手権,予選,2016-08-18,安田学園,安田学園,正則学園,正則学園,0,2,,,https://koko-soccer.com/score/491
2016,選手権,予選,2016-08-18,都立文京,文京,都立葛飾野,葛飾野,0,0,4,5,https://koko-soccer.com/score/491
2016,選手権,予選,2016-08-18,都立狛江,狛江,東京都市大付,都市大付,7,2,,,https://koko-soccer.com/score/491
2016,選手権,予選,2016-08-18,明治学院,明治学院,修徳,修徳,0,1,,,https://koko-soccer.com/score/491
2016,選手権,予選,2016-08-19,東京成徳大高,東京成徳大高,都立小岩,小岩,13,0,,,https://koko-soccer.com/score/491
2016,選手権,予選,2016-08-19,都立西,西,都立調布北,調布北,2,4,,,https://koko-soccer.com/score/491
2016,選手権,予選,2016-08-19,桐朋,桐朋,錦城,錦城,2,0,,,https://koko-soccer.com/score/491
2016,選手権,予選,2016-08-19,東亜学園,東亜学園,成城,成城,1,0,,,https://koko-soccer.com/score/491
2016,選手権,予選,2016-08-19,都立久留米西,久留米西,都立美原,美原,0,2,,,https://koko-soccer.com/score/491
2016,選手権,予選,2016-08-19,昭和一,昭和一,都立日野,日野,0,2,,,https://koko-soccer.com/score/491
2016,選手権,予選,2016-08-19,本郷,本郷,日本ウェルネス,日本ウェルネス,6,0,,,https://koko-soccer.com/score/491
2016,選手権,予選,2016-08-19,都立翔陽,翔陽,和光,和光,2,2,6,5,https://koko-soccer.com/score/491
2016,選手権,予選,2016-08-19,早稲田実業,早稲田実業,国際基督教大高,国際基督教大高,14,0,,,https://koko-soccer.com/score/491
2016,選手権,予選,2016-08-19,宝仙学園,宝仙学園,明大中野,明大中野,0,2,,,https://koko-soccer.com/score/491
2016,選手権,予選,2016-08-19,都立東大和,東大和,成城学園,成城学園,0,2,,,https://koko-soccer.com/score/491
2016,選手権,予選,2016-08-19,國學院,国学院,都立三商,三商,1,3,,,https://koko-soccer.com/score/491
2016,選手権,予選,2016-08-19,桜丘,桜丘,都立葛飾商,葛飾商,0,4,,,https://koko-soccer.com/score/491
2016,選手権,予選,2016-08-19,都立石神井,石神井,都立小川,小川,5,1,,,https://koko-soccer.com/score/491
2016,選手権,予選,2016-08-19,都立永山,永山,青山学院,青山学院,1,4,,,https://koko-soccer.com/score/491
2016,選手権,予選,2016-08-19,昭和一学園,昭和一学園,都立葛西工,葛西工,7,0,,,https://koko-soccer.com/score/491
2016,選手権,予選,2016-08-19,都立国立,国立,日大一,日大一,1,0,,,https://koko-soccer.com/score/491
2016,選手権,予選,2016-08-19,淑徳,淑徳,都立豊島,豊島,1,8,,,https://koko-soccer.com/score/491
2016,選手権,予選,2016-08-19,文教大付,文教大付,都立東,東,0,3,,,https://koko-soccer.com/score/491
2016,選手権,予選,2016-08-19,中大附,中大附属,東京立正,東京立正,6,1,,,https://koko-soccer.com/score/491
2016,選手権,予選,2016-08-19,都立松が谷,松が谷,芝浦工大高,芝浦工大高,5,0,,,https://koko-soccer.com/score/491
2016,選手権,予選,2016-08-19,都立桜町,桜町,都立調布南,調布南,0,8,,,https://koko-soccer.com/score/491
2016,選手権,予選,2016-08-19,都立鷺宮,鷺宮,都立国分寺,国分寺,0,1,,,https://koko-soccer.com/score/491
2016,選手権,予選,2016-08-19,海城,海城,中大附,中大附属,3,1,,,https://koko-soccer.com/score/491
2016,選手権,予選,2016-08-19,都立清瀬,清瀬,東京学芸大附,東京学芸大附,2,2,7,6,https://koko-soccer.com/score/491
2016,選手権,予選,2016-08-19,都立小平南,小平南,都立青山,青山,0,2,,,https://koko-soccer.com/score/491
2016,選手権,予選,2016-08-19,都立日野台,日野台,多摩大聖ヶ丘,多摩大聖ヶ丘,4,0,,,https://koko-soccer.com/score/491
2016,選手権,予選,2016-08-19,都立武蔵村山,武蔵村山,郁文館,郁文館,0,5,,,https://koko-soccer.com/score/491
2016,選手権,予選,2016-08-19,学習院,学習院,都立町田,町田,6,0,,,https://koko-soccer.com/score/491
2016,選手権,予選,2016-08-19,城北,城北,広尾学園,広尾学園,10,0,,,https://koko-soccer.com/score/491
2016,選手権,予選,2016-08-19,都立神代,神代,都立府中西,府中西,2,0,,,https://koko-soccer.com/score/491
2016,選手権,予選,2016-08-19,豊島学院,豊島学院,都立江北,江北,2,0,,,https://koko-soccer.com/score/491
2016,選手権,予選,2016-08-19,桜美林,桜美林,都立杉並総合,杉並総合,4,0,,,https://koko-soccer.com/score/491
2016,選手権,予選,2016-08-19,早大学院,早大学院,都立日比谷,日比谷,4,0,,,https://koko-soccer.com/score/491
2016,選手権,予選,2016-08-19,都立練馬工,練馬工,都立紅葉川,紅葉川,0,1,,,https://koko-soccer.com/score/491
2016,選手権,予選,2016-08-19,都立福生,福生,学芸大国際,学芸大国際,8,0,,,https://koko-soccer.com/score/491
2016,選手権,予選,2016-08-19,明大中野八王子,明大中野八王子,都立山崎,山崎,3,0,,,https://koko-soccer.com/score/491
2016,選手権,予選,2016-08-19,都立淵江,淵江,京華,京華,0,3,,,https://koko-soccer.com/score/491
2016,選手権,予選,2016-08-20,筑波大附,筑波大学附属,足立学園,足立学園,0,6,,,https://koko-soccer.com/score/491
2016,選手権,予選,2016-08-20,東京,東京,法政大高,法政大高,1,1,2,4,https://koko-soccer.com/score/491
2016,選手権,予選,2016-08-20,保善,保善,都立調布北,調布北,9,0,,,https://koko-soccer.com/score/491
2016,選手権,予選,2016-08-20,都立保谷,保谷,桐朋,桐朋,1,1,9,10,https://koko-soccer.com/score/491
2016,選手権,予選,2016-08-20,東亜学園,東亜学園,都立美原,美原,2,0,,,https://koko-soccer.com/score/491
2016,選手権,予選,2016-08-20,杉並学院,杉並学院,明星学園,明星学園,4,3,,,https://koko-soccer.com/score/491
2016,選手権,予選,2016-08-20,都立野津田,野津田,東海大菅生,東海大菅生,3,2,,,https://koko-soccer.com/score/491
2016,選手権,予選,2016-08-20,都立日野,日野,大東学園,大東学園,6,1,,,https://koko-soccer.com/score/491
2016,選手権,予選,2016-08-20,本郷,本郷,都立翔陽,翔陽,9,0,,,https://koko-soccer.com/score/491
2016,選手権,予選,2016-08-20,早稲田実業,早稲田実業,明大中野,明大中野,1,0,,,https://koko-soccer.com/score/491
2016,選手権,予選,2016-08-20,成城学園,成城学園,大東大一,大東大一,0,1,,,https://koko-soccer.com/score/491
2016,選手権,予選,2016-08-20,都立三商,三商,都立葛飾商,葛飾商,0,4,,,https://koko-soccer.com/score/491
2016,選手権,予選,2016-08-20,都立石神井,石神井,青山学院,青山学院,3,2,,,https://koko-soccer.com/score/491
2016,選手権,予選,2016-08-20,かえつ有明,かえつ有明,都立本所,本所,3,2,,,https://koko-soccer.com/score/491
2016,選手権,予選,2016-08-20,創価,創価,成蹊,成蹊,3,1,,,https://koko-soccer.com/score/491
2016,選手権,予選,2016-08-20,東京成徳大高,東京成徳大高,都立昭和,昭和,3,1,,,https://koko-soccer.com/score/491
2016,選手権,予選,2016-08-20,昭和一学園,昭和一学園,明学東村山,明治学院東村山,1,0,,,https://koko-soccer.com/score/491
2016,選手権,予選,2016-08-20,都立国立,国立,都立豊島,豊島,1,0,,,https://koko-soccer.com/score/491
2016,選手権,予選,2016-08-20,都立大泉,大泉,都立東,東,1,1,5,4,https://koko-soccer.com/score/491
2016,選手権,予選,2016-08-20,都立松が谷,松が谷,都立調布南,調布南,1,2,,,https://koko-soccer.com/score/491
2016,選手権,予選,2016-08-20,海城,海城,都立清瀬,清瀬,0,0,4,2,https://koko-soccer.com/score/491
2016,選手権,予選,2016-08-20,開成,開成,学習院,学習院,0,1,,,https://koko-soccer.com/score/491
2016,選手権,予選,2016-08-20,日大豊山,日大豊山,正則学園,正則学園,2,0,,,https://koko-soccer.com/score/491
2016,選手権,予選,2016-08-20,城北,城北,都立神代,神代,1,0,,,https://koko-soccer.com/score/491
2016,選手権,予選,2016-08-20,都立福生,福生,修徳,修徳,0,3,,,https://koko-soccer.com/score/491
2016,選手権,予選,2016-08-21,都立葛飾野,葛飾野,豊島学院,豊島学院,0,1,,,https://koko-soccer.com/score/491
2016,選手権,予選,2016-08-21,都立狛江,狛江,桜美林,桜美林,2,0,,,https://koko-soccer.com/score/491
2016,選手権,予選,2016-08-21,早大学院,早大学院,都立紅葉川,紅葉川,3,4,,,https://koko-soccer.com/score/491
2016,選手権,予選,2016-08-21,明大中野八王子,明大中野八王子,京華,京華,0,2,,,https://koko-soccer.com/score/491
2016,選手権,予選,2016-08-23,専修大附,専修大附,中大附,中大附属,4,3,,,https://koko-soccer.com/score/491
2016,選手権,予選,2016-08-23,都立国分寺,国分寺,中大杉並,中大杉並,0,0,9,10,https://koko-soccer.com/score/491
2016,選手権,予選,2016-08-23,駒場学園,駒場学園,法政大高,法政大高,3,0,,,https://koko-soccer.com/score/491
2016,選手権,予選,2016-08-23,日体荏原,日体荏原,郁文館,郁文館,4,0,,,https://koko-soccer.com/score/491
2016,選手権,予選,2016-08-23,都立府中東,府中東,都立青山,青山,6,0,,,https://koko-soccer.com/score/491
2016,選手権,予選,2016-08-23,都立日野台,日野台,足立学園,足立学園,1,1,3,1,https://koko-soccer.com/score/491
2016,選手権,予選,2016-09-10,昭和一学園,昭和一学園,都立紅葉川,紅葉川,2,0,,,https://koko-soccer.com/score/491
2016,選手権,予選,2016-09-10,修徳,修徳,暁星高等学校,暁星,5,1,,,https://koko-soccer.com/score/491
2016,選手権,予選,2016-09-10,都立府中東,府中東,都立野津田,野津田,1,6,,,https://koko-soccer.com/score/491
2016,選手権,予選,2016-09-10,國學院久我山,国学院久我山,帝京,帝京,0,1,,,https://koko-soccer.com/score/491
2016,選手権,予選,2016-09-10,都立調布南,調布南,堀越,堀越,1,5,,,https://koko-soccer.com/score/491
2016,選手権,予選,2016-09-10,桐朋,桐朋,本郷,本郷,1,1,3,2,https://koko-soccer.com/score/491
2016,選手権,予選,2016-09-10,学習院,学習院,保善,保善,2,1,,,https://koko-soccer.com/score/491
2016,選手権,予選,2016-09-10,都立葛飾商,葛飾商,東京実業,東京実業,0,6,,,https://koko-soccer.com/score/491
2016,選手権,予選,2016-09-11,都立狛江,狛江,早稲田実業,早稲田実業,0,1,,,https://koko-soccer.com/score/491
2016,選手権,予選,2016-09-11,大成,大成,武蔵,武蔵,0,0,5,4,https://koko-soccer.com/score/491
2016,選手権,予選,2016-09-11,大東大一,大東大一,実践学園,実践学園,1,2,,,https://koko-soccer.com/score/491
2016,選手権,予選,2016-09-11,都立石神井,石神井,城北,城北,2,0,,,https://koko-soccer.com/score/491
2016,選手権,予選,2016-09-11,駒場学園,駒場学園,専修大附,専修大附,1,2,,,https://koko-soccer.com/score/491
2016,選手権,予選,2016-09-11,かえつ有明,かえつ有明,東京成徳大高,東京成徳大高,0,5,,,https://koko-soccer.com/score/491
2016,選手権,予選,2016-09-11,京華,京華,都立日野,日野,1,0,,,https://koko-soccer.com/score/491
2016,選手権,予選,2016-09-11,都立日野台,日野台,杉並学院,杉並学院,2,0,,,https://koko-soccer.com/score/491
2016,選手権,予選,2016-09-11,都立大泉,大泉,日体大荏原,日体大荏原,0,4,,,https://koko-soccer.com/score/491
2016,選手権,予選,2016-09-11,豊島学院,豊島学院,国士舘,国士舘,0,1,,,https://koko-soccer.com/score/491
2016,選手権,予選,2016-09-11,創価,創価,中大杉並,中大杉並,2,0,,,https://koko-soccer.com/score/491
2016,選手権,予選,2016-09-11,多摩大目黒,多摩大学目黒,駒込,駒込,3,1,,,https://koko-soccer.com/score/491
2016,選手権,予選,2016-09-11,日本学園,日本学園,日大三,日大三,0,3,,,https://koko-soccer.com/score/491
2016,選手権,予選,2016-09-11,駿台学園,駿台学園,東亜学園,東亜学園,1,2,,,https://koko-soccer.com/score/491
2016,選手権,予選,2016-09-11,都立国立,国立,高輪,高輪,3,0,,,https://koko-soccer.com/score/491
2016,選手権,予選,2016-09-11,海城,海城,日大豊山,日大豊山,0,1,,,https://koko-soccer.com/score/491
2016,選手権,予選,2016-09-17,駒澤大学高等学校,駒澤大高,大成,大成,1,0,,,https://koko-soccer.com/score/491
2016,選手権,予選,2016-09-17,多摩大目黒,多摩大学目黒,東京朝鮮中高級学校,東京朝鮮中高級学校,0,1,,,https://koko-soccer.com/score/491
2016,選手権,予選,2016-09-17,都立石神井,石神井,成立学園,成立学園,0,2,,,https://koko-soccer.com/score/491
2016,選手権,予選,2016-09-17,専修大附,専修大附,創価,創価,3,0,,,https://koko-soccer.com/score/491
2016,選手権,予選,2016-09-17,東亜学園,東亜学園,日大豊山,日大豊山,2,1,,,https://koko-soccer.com/score/491
2016,選手権,予選,2016-09-17,都立東久留米総合,東久留米総合,都立国立,国立,1,0,,,https://koko-soccer.com/score/491
2016,選手権,予選,2016-09-17,日大三,日大三,日体大荏原,日体大荏原,2,1,,,https://koko-soccer.com/score/491
2016,選手権,予選,2016-09-17,国士舘,国士舘,実践学園,実践学園,1,1,3,4,https://koko-soccer.com/score/491
2016,選手権,予選,2016-09-18,東京成徳大高,東京成徳大高,東海大高輪台,東海大高輪台,0,1,,,https://koko-soccer.com/score/491
2016,選手権,予選,2016-09-18,関東一,関東第一,昭和一学園,昭和一学園,5,0,,,https://koko-soccer.com/score/491
2016,選手権,予選,2016-09-18,帝京,帝京,修徳,修徳,4,1,,,https://koko-soccer.com/score/491
2016,選手権,予選,2016-09-18,京華,京華,早稲田実業,早稲田実業,0,7,,,https://koko-soccer.com/score/491
2016,選手権,予選,2016-09-18,都立東大和南,東大和南,都立日野台,日野台,7,0,,,https://koko-soccer.com/score/491
2016,選手権,予選,2016-09-18,学習院,学習院,都立駒場,駒場,1,0,,,https://koko-soccer.com/score/491
2016,選手権,予選,2016-09-18,東京実業,東京実業,桐朋,桐朋,1,0,,,https://koko-soccer.com/score/491
2016,選手権,予選,2016-09-18,都立野津田,野津田,堀越,堀越,0,1,,,https://koko-soccer.com/score/491
2016,選手権,予選,2016-10-15,関東一,関東第一,早稲田実業,早稲田実業,3,2,,,https://koko-soccer.com/score/491
2016,選手権,予選,2016-10-15,堀越,堀越,学習院,学習院,1,0,,,https://koko-soccer.com/score/491
2016,選手権,予選,2016-10-16,都立東久留米総合,東久留米総合,日大三,日大三,2,0,,,https://koko-soccer.com/score/491
2016,選手権,予選,2016-10-16,実践学園,実践学園,成立学園,成立学園,1,2,,,https://koko-soccer.com/score/491
2016,選手権,予選,2016-09-22,東亜学園,東亜学園,東京朝鮮中高級学校,東京朝鮮中高級学校,0,1,,,https://koko-soccer.com/score/491
2016,選手権,予選,2016-10-15,帝京,帝京,東海大高輪台,東海大高輪台,1,0,,,https://koko-soccer.com/score/491
2016,選手権,予選,2016-10-15,都立東大和南,東大和南,東京実業,東京実業,3,3,4,3,https://koko-soccer.com/score/491
2016,選手権,予選,2016-10-16,駒澤大学高等学校,駒澤大高,専修大附,専修大附,5,0,,,https://koko-soccer.com/score/491
2016,選手権,予選,2016-11-05,関東一,関東第一,堀越,堀越,3,1,,,https://koko-soccer.com/score/491
2016,選手権,予選,2016-11-05,都立東久留米総合,東久留米総合,成立学園,成立学園,0,1,,,https://koko-soccer.com/score/491
2016,選手権,予選,2016-11-06,都立東大和南,東大和南,帝京,帝京,0,3,,,https://koko-soccer.com/score/491
2016,選手権,予選,2016-11-06,駒澤大学高等学校,駒澤大高,東京朝鮮中高級学校,東京朝鮮中高級学校,4,0,,,https://koko-soccer.com/score/491
2016,選手権,予選,2016-11-12,関東一,関東第一,成立学園,成立学園,1,0,,,https://koko-soccer.com/score/491
2016,選手権,予選,2016-11-12,駒澤大学高等学校,駒澤大高,帝京,帝京,2,0,,,https://koko-soccer.com/score/491
2017,新人戦,新人戦（新人選手権大会）第8地区,2017-11-19,都立武蔵,都立武蔵,都立拝島,拝島,0,1,,,https://koko-soccer.com/score/897
2017,新人戦,新人戦（新人選手権大会）第8地区,2017-11-19,錦城,錦城,都立清瀬,清瀬,3,1,,,https://koko-soccer.com/score/897
2017,新人戦,新人戦（新人選手権大会）第8地区,2017-11-19,中央国際,中央国際,都立昭和,昭和,0,7,,,https://koko-soccer.com/score/897
2017,新人戦,新人戦（新人選手権大会）第8地区,2017-11-19,成蹊,成蹊,都立多摩工,多摩工,5,2,,,https://koko-soccer.com/score/897
2017,新人戦,新人戦（新人選手権大会）第8地区,2017-11-19,都立小平,小平,都立小金井北,小金井北,0,1,,,https://koko-soccer.com/score/897
2017,新人戦,新人戦（新人選手権大会）第8地区,2017-11-19,都立多摩,多摩,都立多摩科学技術,多摩科学技術,1,0,,,https://koko-soccer.com/score/897
2017,新人戦,新人戦（新人選手権大会）第8地区,2017-11-23,早稲田実業,早稲田実業,都立拝島,拝島,6,0,,,https://koko-soccer.com/score/897
2017,新人戦,新人戦（新人選手権大会）第8地区,2017-11-23,聖徳学園,聖徳学園,都立武蔵野北,武蔵野北,0,5,,,https://koko-soccer.com/score/897
2017,新人戦,新人戦（新人選手権大会）第8地区,2017-11-23,明法,明法,都立五日市,五日市,1,0,,,https://koko-soccer.com/score/897
2017,新人戦,新人戦（新人選手権大会）第8地区,2017-11-23,都立羽村,羽村,都立東村山,東村山,11,1,,,https://koko-soccer.com/score/897
2017,新人戦,新人戦（新人選手権大会）第8地区,2017-11-23,都立東村山西,東村山西,国際基督教大高,国際基督教大高,9,2,,,https://koko-soccer.com/score/897
2017,新人戦,新人戦（新人選手権大会）第8地区,2017-11-23,錦城,錦城,拓大一高,拓大一高,3,0,,,https://koko-soccer.com/score/897
2017,新人戦,新人戦（新人選手権大会）第8地区,2017-11-23,都立小金井北,小金井北,創価,創価,2,4,,,https://koko-soccer.com/score/897
2017,新人戦,新人戦（新人選手権大会）第8地区,2017-11-26,中大附,中大附属,啓明学園,啓明学園,4,0,,,https://koko-soccer.com/score/897
2017,新人戦,新人戦（新人選手権大会）第8地区,2017-11-26,都立武蔵村山,武蔵村山,都立福生,福生,1,0,,,https://koko-soccer.com/score/897
2017,新人戦,新人戦（新人選手権大会）第8地区,2017-11-26,都立国分寺,国分寺,都立昭和,昭和,6,0,,,https://koko-soccer.com/score/897
2017,新人戦,新人戦（新人選手権大会）第8地区,2017-11-26,東京電機大高,東京電機大学,都立小平西,小平西,1,3,,,https://koko-soccer.com/score/897
2017,新人戦,新人戦（新人選手権大会）第8地区,2017-11-26,都立小平南,小平南,都立上水,上水,0,1,,,https://koko-soccer.com/score/897
2017,新人戦,新人戦（新人選手権大会）第8地区,2017-11-26,成蹊,成蹊,都立久留米西,久留米西,2,2,5,4,https://koko-soccer.com/score/897
2017,新人戦,新人戦（新人選手権大会）第8地区,2017-11-26,都立青梅総合,青梅総合,明学東村山,明治学院東村山,0,3,,,https://koko-soccer.com/score/897
2017,新人戦,新人戦（新人選手権大会）第8地区,2017-11-26,都立東大和,東大和,都立秋留台,秋留台,9,0,,,https://koko-soccer.com/score/897
2017,新人戦,新人戦（新人選手権大会）第8地区,2017-11-26,早稲田実業,早稲田実業,都立武蔵野北,武蔵野北,6,0,,,https://koko-soccer.com/score/897
2017,新人戦,新人戦（新人選手権大会）第8地区,2017-11-26,明法,明法,都立羽村,羽村,0,1,,,https://koko-soccer.com/score/897
2017,新人戦,新人戦（新人選手権大会）第8地区,2017-11-26,都立東村山西,東村山西,錦城,錦城,0,1,,,https://koko-soccer.com/score/897
2017,新人戦,新人戦（新人選手権大会）第8地区,2017-11-26,都立多摩,多摩,創価,創価,0,11,,,https://koko-soccer.com/score/897
2017,新人戦,新人戦（新人選手権大会）第8地区,2017-12-10,中大附,中大附属,都立武蔵村山,武蔵村山,3,5,,,https://koko-soccer.com/score/897
2017,新人戦,新人戦（新人選手権大会）第8地区,2017-12-10,明学東村山,明治学院東村山,都立東大和,東大和,0,2,,,https://koko-soccer.com/score/897
2017,新人戦,新人戦（新人選手権大会）第8地区,2017-12-10,都立国分寺,国分寺,都立小平西,小平西,7,1,,,https://koko-soccer.com/score/897
2017,新人戦,新人戦（新人選手権大会）第8地区,2017-12-10,都立上水,上水,成蹊,成蹊,3,3,7,6,https://koko-soccer.com/score/897
2017,新人戦,新人戦（新人選手権大会）第8地区,2017-12-17,都立東大和,東大和,創価,創価,1,2,,,https://koko-soccer.com/score/897
2017,新人戦,新人戦（新人選手権大会）第8地区,2017-12-17,都立武蔵村山,武蔵村山,錦城,錦城,1,3,,,https://koko-soccer.com/score/897
2017,新人戦,新人戦（新人選手権大会）第8地区,2017-12-17,都立国分寺,国分寺,都立上水,上水,3,0,,,https://koko-soccer.com/score/897
2017,新人戦,新人戦（新人選手権大会）第8地区,2017-12-17,早稲田実業,早稲田実業,都立羽村,羽村,13,0,,,https://koko-soccer.com/score/897
2017,新人戦,新人戦（新人選手権大会）第8地区,2017-12-23,早稲田実業,早稲田実業,錦城,錦城,5,0,,,https://koko-soccer.com/score/897
2017,新人戦,新人戦（新人選手権大会）第8地区,2017-12-23,都立国分寺,国分寺,創価,創価,2,3,,,https://koko-soccer.com/score/897
2017,新人戦,新人戦（新人選手権大会）第8地区,2017-12-24,早稲田実業,早稲田実業,創価,創価,2,4,,,https://koko-soccer.com/score/897
2017,新人戦,新人戦（新人選手権大会）第7地区,2017-11-19,都立三鷹中等教育学校,三鷹中等教育学校,都立南平,南平,2,1,,,https://koko-soccer.com/score/890
2017,新人戦,新人戦（新人選手権大会）第7地区,2017-11-19,都立府中西,府中西,帝京大高,帝京大高,5,3,,,https://koko-soccer.com/score/890
2017,新人戦,新人戦（新人選手権大会）第7地区,2017-11-19,都立翔陽,翔陽,多摩大聖ヶ丘,多摩大聖ヶ丘,1,1,3,4,https://koko-soccer.com/score/890
2017,新人戦,新人戦（新人選手権大会）第7地区,2017-11-19,都立調布北,調布北,工学院大附,工学院大附,0,1,,,https://koko-soccer.com/score/890
2017,新人戦,新人戦（新人選手権大会）第7地区,2017-11-23,明大明治,明大明治,明星学園,明星学園,5,0,,,https://koko-soccer.com/score/890
2017,新人戦,新人戦（新人選手権大会）第7地区,2017-11-23,都立松が谷,松が谷,穎明館,穎明館,6,0,,,https://koko-soccer.com/score/890
2017,新人戦,新人戦（新人選手権大会）第7地区,2017-11-23,都立神代,神代,都立立川,立川,2,1,,,https://koko-soccer.com/score/890
2017,新人戦,新人戦（新人選手権大会）第7地区,2017-11-23,都立府中,府中,帝京八王子,帝京八王子,5,0,,,https://koko-soccer.com/score/890
2017,新人戦,新人戦（新人選手権大会）第7地区,2017-11-23,都立府中東,府中東,都立府中西,府中西,11,0,,,https://koko-soccer.com/score/890
2017,新人戦,新人戦（新人選手権大会）第7地区,2017-11-23,都立片倉,片倉,都立立川国際中等教育学校,立川国際中等教育学校,2,2,5,4,https://koko-soccer.com/score/890
2017,新人戦,新人戦（新人選手権大会）第7地区,2017-11-23,明大中野八王子,明大中野八王子,都立日野台,日野台,1,2,,,https://koko-soccer.com/score/890
2017,新人戦,新人戦（新人選手権大会）第7地区,2017-11-23,都立八王子東,八王子東,八王子,八王子,0,7,,,https://koko-soccer.com/score/890
2017,新人戦,新人戦（新人選手権大会）第7地区,2017-11-26,都立富士森,富士森,都立永山,永山,1,1,4,5,https://koko-soccer.com/score/890
2017,新人戦,新人戦（新人選手権大会）第7地区,2017-11-26,昭和一学園,昭和一学園,都立府中工,府中工科,9,0,,,https://koko-soccer.com/score/890
2017,新人戦,新人戦（新人選手権大会）第7地区,2017-11-26,都立八王子北,八王子北,八王子実践,八王子実践,2,2,2,4,https://koko-soccer.com/score/890
2017,新人戦,新人戦（新人選手権大会）第7地区,2017-11-26,都立三鷹中等教育学校,三鷹中等教育学校,都立国立,国立,1,1,8,7,https://koko-soccer.com/score/890
2017,新人戦,新人戦（新人選手権大会）第7地区,2017-11-26,都立日野,日野,桐朋,桐朋,1,0,,,https://koko-soccer.com/score/890
2017,新人戦,新人戦（新人選手権大会）第7地区,2017-11-26,明星,明星,法政大高,法政大高,2,0,,,https://koko-soccer.com/score/890
2017,新人戦,新人戦（新人選手権大会）第7地区,2017-11-26,多摩大聖ヶ丘,多摩大聖ヶ丘,大成,大成,0,4,,,https://koko-soccer.com/score/890
2017,新人戦,新人戦（新人選手権大会）第7地区,2017-11-26,都立神代,神代,都立府中,府中,1,0,,,https://koko-soccer.com/score/890
2017,新人戦,新人戦（新人選手権大会）第7地区,2017-11-26,都立府中東,府中東,都立片倉,片倉,4,1,,,https://koko-soccer.com/score/890
2017,新人戦,新人戦（新人選手権大会）第7地区,2017-11-26,工学院大附,工学院大附,都立日野台,日野台,2,5,,,https://koko-soccer.com/score/890
2017,新人戦,新人戦（新人選手権大会）第7地区,2017-12-03,八王子,八王子,都立日野,日野,3,1,,,https://koko-soccer.com/score/890
2017,新人戦,新人戦（新人選手権大会）第7地区,2017-12-10,都立松が谷,松が谷,昭和一学園,昭和一学園,3,1,,,https://koko-soccer.com/score/890
2017,新人戦,新人戦（新人選手権大会）第7地区,2017-12-10,明星,明星,大成,大成,0,7,,,https://koko-soccer.com/score/890
2017,新人戦,新人戦（新人選手権大会）第7地区,2017-12-10,明大明治,明大明治,都立永山,永山,0,2,,,https://koko-soccer.com/score/890
2017,新人戦,新人戦（新人選手権大会）第7地区,2017-12-10,八王子実践,八王子実践,都立三鷹中等教育学校,三鷹中等教育学校,0,4,,,https://koko-soccer.com/score/890
2017,新人戦,新人戦（新人選手権大会）第7地区,2017-12-17,都立神代,神代,都立三鷹中等教育学校,三鷹中等教育学校,1,1,0,3,https://koko-soccer.com/score/890
2017,新人戦,新人戦（新人選手権大会）第7地区,2017-12-17,都立府中東,府中東,都立日野台,日野台,2,3,,,https://koko-soccer.com/score/890
2017,新人戦,新人戦（新人選手権大会）第7地区,2017-12-17,八王子,八王子,大成,大成,1,1,0,3,https://koko-soccer.com/score/890
2017,新人戦,新人戦（新人選手権大会）第7地区,2017-12-17,都立永山,永山,都立松が谷,松が谷,0,5,,,https://koko-soccer.com/score/890
2017,新人戦,新人戦（新人選手権大会）第7地区,2017-12-23,都立日野台,日野台,大成,大成,1,2,,,https://koko-soccer.com/score/890
2017,新人戦,新人戦（新人選手権大会）第7地区,2017-12-23,都立松が谷,松が谷,都立三鷹中等教育学校,三鷹中等教育学校,2,0,,,https://koko-soccer.com/score/890
2017,新人戦,新人戦（新人選手権大会）第7地区,2017-12-24,都立松が谷,松が谷,大成,大成,0,2,,,https://koko-soccer.com/score/890
2017,新人戦,新人戦（新人選手権大会）第6地区,2017-11-12,日大桜丘,日大櫻丘,東京都市大等々力,東京都市大等々力,1,1,4,2,https://koko-soccer.com/score/889
2017,新人戦,新人戦（新人選手権大会）第6地区,2017-11-12,都立深沢,深沢,東京学芸大附,東京学芸大附,1,0,,,https://koko-soccer.com/score/889
2017,新人戦,新人戦（新人選手権大会）第6地区,2017-11-12,都立桜町,桜町,都立町田,町田,2,4,,,https://koko-soccer.com/score/889
2017,新人戦,新人戦（新人選手権大会）第6地区,2017-11-12,都立国際,国際,科学技術,科学技術,13,0,,,https://koko-soccer.com/score/889
2017,新人戦,新人戦（新人選手権大会）第6地区,2017-11-12,日大三,日大三,都立山崎,山崎,4,0,,,https://koko-soccer.com/score/889
2017,新人戦,新人戦（新人選手権大会）第6地区,2017-11-12,都立芦花,芦花,都立桜修館,桜修館中等,0,3,,,https://koko-soccer.com/score/889
2017,新人戦,新人戦（新人選手権大会）第6地区,2017-11-12,筑波大駒場,筑波大駒場,東農大一,農大一,0,1,,,https://koko-soccer.com/score/889
2017,新人戦,新人戦（新人選手権大会）第6地区,2017-11-12,自由ヶ丘学園,自由ヶ丘学園,都立若葉総合,若葉総合,1,4,,,https://koko-soccer.com/score/889
2017,新人戦,新人戦（新人選手権大会）第6地区,2017-11-12,都立町田工,町田工,東京都市大付,都市大付,0,8,,,https://koko-soccer.com/score/889
2017,新人戦,新人戦（新人選手権大会）第6地区,2017-11-12,世田谷学園,世田谷学園,都立目黒,目黒,2,3,,,https://koko-soccer.com/score/889
2017,新人戦,新人戦（新人選手権大会）第6地区,2017-11-12,大東学園,大東学園,都立町田総合,町田総合,0,4,,,https://koko-soccer.com/score/889
2017,新人戦,新人戦（新人選手権大会）第6地区,2017-11-12,目黒学院,目黒学院,和光,和光,2,1,,,https://koko-soccer.com/score/889
2017,新人戦,新人戦（新人選手権大会）第6地区,2017-11-19,日大桜丘,日大櫻丘,日出,日出,5,1,,,https://koko-soccer.com/score/889
2017,新人戦,新人戦（新人選手権大会）第6地区,2017-11-19,日工大駒場,日工大駒場,日大三,日大三,0,2,,,https://koko-soccer.com/score/889
2017,新人戦,新人戦（新人選手権大会）第6地区,2017-11-19,都立桜修館,桜修館中等,都立小川,小川,4,0,,,https://koko-soccer.com/score/889
2017,新人戦,新人戦（新人選手権大会）第6地区,2017-11-19,駒場学園,駒場学園,東農大一,農大一,1,0,,,https://koko-soccer.com/score/889
2017,新人戦,新人戦（新人選手権大会）第6地区,2017-11-19,都立若葉総合,若葉総合,都立野津田,野津田,1,3,,,https://koko-soccer.com/score/889
2017,新人戦,新人戦（新人選手権大会）第6地区,2017-11-19,桜美林,桜美林,東京都市大付,都市大付,2,1,,,https://koko-soccer.com/score/889
2017,新人戦,新人戦（新人選手権大会）第6地区,2017-11-19,都立目黒,目黒,都立町田総合,町田総合,3,1,,,https://koko-soccer.com/score/889
2017,新人戦,新人戦（新人選手権大会）第6地区,2017-11-19,都立総合工科,総合工科,目黒学院,目黒学院,2,4,,,https://koko-soccer.com/score/889
2017,新人戦,新人戦（新人選手権大会）第6地区,2017-11-23,都立国際,国際,都立松原,松原,1,2,,,https://koko-soccer.com/score/889
2017,新人戦,新人戦（新人選手権大会）第6地区,2017-11-26,都立深沢,深沢,都立成瀬,成瀬,2,1,,,https://koko-soccer.com/score/889
2017,新人戦,新人戦（新人選手権大会）第6地区,2017-11-26,都立町田,町田,都立千歳丘,千歳丘,5,0,,,https://koko-soccer.com/score/889
2017,新人戦,新人戦（新人選手権大会）第6地区,2017-11-26,駒澤大学高等学校,駒澤大高,日大桜丘,日大櫻丘,5,0,,,https://koko-soccer.com/score/889
2017,新人戦,新人戦（新人選手権大会）第6地区,2017-11-26,日本学園,日本学園,都立松原,松原,6,2,,,https://koko-soccer.com/score/889
2017,新人戦,新人戦（新人選手権大会）第6地区,2017-11-26,日大三,日大三,成城学園,成城学園,3,0,,,https://koko-soccer.com/score/889
2017,新人戦,新人戦（新人選手権大会）第6地区,2017-11-26,駒場東邦,駒場東邦,都立桜修館,桜修館中等,3,0,,,https://koko-soccer.com/score/889
2017,新人戦,新人戦（新人選手権大会）第6地区,2017-11-26,駒場学園,駒場学園,都立野津田,野津田,1,2,,,https://koko-soccer.com/score/889
2017,新人戦,新人戦（新人選手権大会）第6地区,2017-11-26,桜美林,桜美林,都立目黒,目黒,1,1,6,7,https://koko-soccer.com/score/889
2017,新人戦,新人戦（新人選手権大会）第6地区,2017-11-26,目黒学院,目黒学院,都立狛江,狛江,0,5,,,https://koko-soccer.com/score/889
2017,新人戦,新人戦（新人選手権大会）第6地区,2017-12-03,都立深沢,深沢,都立町田,町田,1,2,,,https://koko-soccer.com/score/889
2017,新人戦,新人戦（新人選手権大会）第6地区,2017-12-10,駒澤大学高等学校,駒澤大高,都立町田,町田,2,0,,,https://koko-soccer.com/score/889
2017,新人戦,新人戦（新人選手権大会）第6地区,2017-12-10,日本学園,日本学園,日大三,日大三,1,1,8,9,https://koko-soccer.com/score/889
2017,新人戦,新人戦（新人選手権大会）第6地区,2017-12-10,都立目黒,目黒,都立狛江,狛江,1,3,,,https://koko-soccer.com/score/889
2017,新人戦,新人戦（新人選手権大会）第6地区,2017-12-10,駒場東邦,駒場東邦,都立野津田,野津田,0,1,,,https://koko-soccer.com/score/889
2017,新人戦,新人戦（新人選手権大会）第6地区,2017-12-17,駒澤大学高等学校,駒澤大高,日大三,日大三,1,0,,,https://koko-soccer.com/score/889
2017,新人戦,新人戦（新人選手権大会）第6地区,2017-12-17,都立野津田,野津田,都立狛江,狛江,1,3,,,https://koko-soccer.com/score/889
2017,新人戦,新人戦（新人選手権大会）第6地区,2017-12-23,駒澤大学高等学校,駒澤大高,都立狛江,狛江,2,0,,,https://koko-soccer.com/score/889
2017,新人戦,新人戦（新人選手権大会）第5地区,2017-11-12,日大二,日大二,中大杉並,中大杉並,0,1,,,https://koko-soccer.com/score/899
2017,新人戦,新人戦（新人選手権大会）第5地区,2017-11-12,東京立正,東京立正,都立杉並工,杉並工,2,2,5,4,https://koko-soccer.com/score/899
2017,新人戦,新人戦（新人選手権大会）第5地区,2017-11-12,都立井草,井草,都立富士,富士,1,1,5,4,https://koko-soccer.com/score/899
2017,新人戦,新人戦（新人選手権大会）第5地区,2017-11-12,都立杉並総合,杉並総合,都立大泉,大泉,0,4,,,https://koko-soccer.com/score/899
2017,新人戦,新人戦（新人選手権大会）第5地区,2017-11-19,早大学院,早大学院,中大杉並,中大杉並,3,3,3,5,https://koko-soccer.com/score/899
2017,新人戦,新人戦（新人選手権大会）第5地区,2017-11-19,宝仙学園,宝仙学園,都立鷺宮,鷺宮,0,3,,,https://koko-soccer.com/score/899
2017,新人戦,新人戦（新人選手権大会）第5地区,2017-11-19,都立保谷,保谷,都立練馬,練馬,6,0,,,https://koko-soccer.com/score/899
2017,新人戦,新人戦（新人選手権大会）第5地区,2017-11-19,佼成学園,佼成学園,明大中野,明大中野,0,1,,,https://koko-soccer.com/score/899
2017,新人戦,新人戦（新人選手権大会）第5地区,2017-11-19,都立石神井,石神井,都立練馬工,練馬工,1,1,4,2,https://koko-soccer.com/score/899
2017,新人戦,新人戦（新人選手権大会）第5地区,2017-11-19,都立練馬工,練馬工,武蔵,武蔵,0,20,,,https://koko-soccer.com/score/899
2017,新人戦,新人戦（新人選手権大会）第5地区,2017-11-19,東大附,東大附属,都立光丘,光丘,0,6,,,https://koko-soccer.com/score/899
2017,新人戦,新人戦（新人選手権大会）第5地区,2017-11-19,都立第四商,第四商,都立武蔵丘,武蔵丘,0,3,,,https://koko-soccer.com/score/899
2017,新人戦,新人戦（新人選手権大会）第5地区,2017-11-19,東亜学園,東亜学園,東京立正,東京立正,1,3,,,https://koko-soccer.com/score/899
2017,新人戦,新人戦（新人選手権大会）第5地区,2017-11-19,都立杉並,杉並,都立豊多摩,豊多摩,1,0,,,https://koko-soccer.com/score/899
2017,新人戦,新人戦（新人選手権大会）第5地区,2017-11-19,都立田無,田無,堀越,堀越,0,7,,,https://koko-soccer.com/score/899
2017,新人戦,新人戦（新人選手権大会）第5地区,2017-11-19,専修大附,専修大附,杉並学院,杉並学院,3,0,,,https://koko-soccer.com/score/899
2017,新人戦,新人戦（新人選手権大会）第5地区,2017-11-19,都立田柄,田柄,学芸大国際,学芸大国際,0,4,,,https://koko-soccer.com/score/899
2017,新人戦,新人戦（新人選手権大会）第5地区,2017-11-19,都立田無工,田無工,都立西,西,0,11,,,https://koko-soccer.com/score/899
2017,新人戦,新人戦（新人選手権大会）第5地区,2017-11-19,都立井草,井草,日大鶴ヶ丘,日大鶴ヶ丘,1,1,4,1,https://koko-soccer.com/score/899
2017,新人戦,新人戦（新人選手権大会）第5地区,2017-11-23,都立石神井,石神井,武蔵,武蔵,3,3,3,5,https://koko-soccer.com/score/899
2017,新人戦,新人戦（新人選手権大会）第5地区,2017-11-23,都立光丘,光丘,都立武蔵丘,武蔵丘,2,2,3,1,https://koko-soccer.com/score/899
2017,新人戦,新人戦（新人選手権大会）第5地区,2017-11-23,東京立正,東京立正,都立杉並,杉並,2,2,4,3,https://koko-soccer.com/score/899
2017,新人戦,新人戦（新人選手権大会）第5地区,2017-11-23,都立大泉,大泉,堀越,堀越,0,1,,,https://koko-soccer.com/score/899
2017,新人戦,新人戦（新人選手権大会）第5地区,2017-11-23,専修大附,専修大附,学芸大国際,学芸大国際,1,1,4,2,https://koko-soccer.com/score/899
2017,新人戦,新人戦（新人選手権大会）第5地区,2017-11-23,都立西,西,都立井草,井草,2,3,,,https://koko-soccer.com/score/899
2017,新人戦,新人戦（新人選手権大会）第5地区,2017-12-03,中大杉並,中大杉並,都立鷺宮,鷺宮,2,1,,,https://koko-soccer.com/score/899
2017,新人戦,新人戦（新人選手権大会）第5地区,2017-12-03,都立保谷,保谷,明大中野,明大中野,2,1,,,https://koko-soccer.com/score/899
2017,新人戦,新人戦（新人選手権大会）第5地区,2017-11-26,武蔵,武蔵,都立光丘,光丘,3,0,,,https://koko-soccer.com/score/899
2017,新人戦,新人戦（新人選手権大会）第5地区,2017-11-26,専修大附,専修大附,都立井草,井草,2,3,,,https://koko-soccer.com/score/899
2017,新人戦,新人戦（新人選手権大会）第5地区,2017-12-03,東京立正,東京立正,堀越,堀越,0,5,,,https://koko-soccer.com/score/899
2017,新人戦,新人戦（新人選手権大会）第5地区,2017-12-10,中大杉並,中大杉並,都立保谷,保谷,1,3,,,https://koko-soccer.com/score/899
2017,新人戦,新人戦（新人選手権大会）第5地区,2017-12-17,堀越,堀越,都立井草,井草,4,1,,,https://koko-soccer.com/score/899
2017,新人戦,新人戦（新人選手権大会）第5地区,2017-12-17,都立保谷,保谷,武蔵,武蔵,0,1,,,https://koko-soccer.com/score/899
2017,新人戦,新人戦（新人選手権大会）第5地区,2017-12-24,武蔵,武蔵,堀越,堀越,0,4,,,https://koko-soccer.com/score/899
2017,新人戦,新人戦（新人選手権大会）第4地区,2017-11-12,都立三田,三田,都立田園調布,田園調布,1,1,4,5,https://koko-soccer.com/score/896
2017,新人戦,新人戦（新人選手権大会）第4地区,2017-11-12,東洋,東洋,正則学園,正則学園,0,8,,,https://koko-soccer.com/score/896
2017,新人戦,新人戦（新人選手権大会）第4地区,2017-11-12,東京,東京,錦城学園,錦城学園,4,0,,,https://koko-soccer.com/score/896
2017,新人戦,新人戦（新人選手権大会）第4地区,2017-11-12,都立小山台,小山台,都立大崎,大崎,2,0,,,https://koko-soccer.com/score/896
2017,新人戦,新人戦（新人選手権大会）第4地区,2017-11-19,暁星高等学校,暁星,立正大立正,立正大立正,4,0,,,https://koko-soccer.com/score/896
2017,新人戦,新人戦（新人選手権大会）第4地区,2017-11-19,麻布,麻布,都立大森,大森,8,0,,,https://koko-soccer.com/score/896
2017,新人戦,新人戦（新人選手権大会）第4地区,2017-11-19,朋優学院,朋優学院,東海大高輪台,東海大高輪台,0,11,,,https://koko-soccer.com/score/896
2017,新人戦,新人戦（新人選手権大会）第4地区,2017-11-19,日体大荏原,日体大荏原,区立九段中等教育,九段中等教育,7,0,,,https://koko-soccer.com/score/896
2017,新人戦,新人戦（新人選手権大会）第4地区,2017-11-19,都立大田桜台,大田桜台,都立雪谷,雪谷,0,12,,,https://koko-soccer.com/score/896
2017,新人戦,新人戦（新人選手権大会）第4地区,2017-11-19,正則,正則,都立つばさ総合,つばさ総合,1,1,3,1,https://koko-soccer.com/score/896
2017,新人戦,新人戦（新人選手権大会）第4地区,2017-11-19,東京,東京,都立美原,美原,0,1,,,https://koko-soccer.com/score/896
2017,新人戦,新人戦（新人選手権大会）第4地区,2017-11-19,東工大付,東工大付,都立小山台,小山台,4,0,,,https://koko-soccer.com/score/896
2017,新人戦,新人戦（新人選手権大会）第4地区,2017-11-19,青稜,青稜,東京実業,東京実業,0,10,,,https://koko-soccer.com/score/896
2017,新人戦,新人戦（新人選手権大会）第4地区,2017-11-23,高輪,高輪,大原学園,大原学園,8,1,,,https://koko-soccer.com/score/896
2017,新人戦,新人戦（新人選手権大会）第4地区,2017-11-23,都立田園調布,田園調布,都立八潮,八潮,0,0,3,4,https://koko-soccer.com/score/896
2017,新人戦,新人戦（新人選手権大会）第4地区,2017-11-23,文教大付,文教大付,正則学園,正則学園,1,5,,,https://koko-soccer.com/score/896
2017,新人戦,新人戦（新人選手権大会）第4地区,2017-11-23,広尾学園,広尾学園,芝,芝,0,3,,,https://koko-soccer.com/score/896
2017,新人戦,新人戦（新人選手権大会）第4地区,2017-11-23,明治学院,明治学院,都立大島,大島,10,0,,,https://koko-soccer.com/score/896
2017,新人戦,新人戦（新人選手権大会）第4地区,2017-11-23,二松学舎大附,二松学舎大附,都立日比谷,日比谷,2,1,,,https://koko-soccer.com/score/896
2017,新人戦,新人戦（新人選手権大会）第4地区,2017-11-25,日体大荏原,日体大荏原,都立雪谷,雪谷,3,0,,,https://koko-soccer.com/score/896
2017,新人戦,新人戦（新人選手権大会）第4地区,2017-11-25,正則,正則,都立美原,美原,0,1,,,https://koko-soccer.com/score/896
2017,新人戦,新人戦（新人選手権大会）第4地区,2017-11-26,暁星高等学校,暁星,麻布,麻布,1,0,,,https://koko-soccer.com/score/896
2017,新人戦,新人戦（新人選手権大会）第4地区,2017-11-26,高輪,高輪,都立八潮,八潮,2,0,,,https://koko-soccer.com/score/896
2017,新人戦,新人戦（新人選手権大会）第4地区,2017-11-26,正則学園,正則学園,攻玉社,攻玉社,4,4,4,5,https://koko-soccer.com/score/896
2017,新人戦,新人戦（新人選手権大会）第4地区,2017-11-26,芝,芝,東海大高輪台,東海大高輪台,0,1,,,https://koko-soccer.com/score/896
2017,新人戦,新人戦（新人選手権大会）第4地区,2017-11-26,東工大付,東工大付,明治学院,明治学院,5,0,,,https://koko-soccer.com/score/896
2017,新人戦,新人戦（新人選手権大会）第4地区,2017-11-26,二松学舎大附,二松学舎大附,東京実業,東京実業,0,12,,,https://koko-soccer.com/score/896
2017,新人戦,新人戦（新人選手権大会）第4地区,2017-12-16,暁星高等学校,暁星,高輪,高輪,1,0,,,https://koko-soccer.com/score/896
2017,新人戦,新人戦（新人選手権大会）第4地区,2017-12-16,攻玉社,攻玉社,東海大高輪台,東海大高輪台,1,4,,,https://koko-soccer.com/score/896
2017,新人戦,新人戦（新人選手権大会）第4地区,2017-12-17,日体大荏原,日体大荏原,都立美原,美原,1,1,6,5,https://koko-soccer.com/score/896
2017,新人戦,新人戦（新人選手権大会）第4地区,2017-12-17,東工大付,東工大付,東京実業,東京実業,2,1,,,https://koko-soccer.com/score/896
2017,新人戦,新人戦（新人選手権大会）第4地区,2017-12-23,暁星高等学校,暁星,東海大高輪台,東海大高輪台,0,3,,,https://koko-soccer.com/score/896
2017,新人戦,新人戦（新人選手権大会）第4地区,2017-12-23,日体大荏原,日体大荏原,東工大付,東工大付,0,3,,,https://koko-soccer.com/score/896
2017,新人戦,新人戦（新人選手権大会）第4地区,2017-12-24,東工大付,東工大付,東海大高輪台,東海大高輪台,1,3,,,https://koko-soccer.com/score/896
2017,新人戦,新人戦（新人選手権大会）第3地区,2017-11-19,都立広尾,広尾,都立板橋,板橋,1,1,4,2,https://koko-soccer.com/score/893
2017,新人戦,新人戦（新人選手権大会）第3地区,2017-11-19,早稲田,早稲田,岩倉,岩倉,7,0,,,https://koko-soccer.com/score/893
2017,新人戦,新人戦（新人選手権大会）第3地区,2017-11-19,都立上野,上野,順天,順天,7,0,,,https://koko-soccer.com/score/893
2017,新人戦,新人戦（新人選手権大会）第3地区,2017-11-19,渋谷教育学園渋谷,渋谷教育学園渋谷,都立青山,青山,0,10,,,https://koko-soccer.com/score/893
2017,新人戦,新人戦（新人選手権大会）第3地区,2017-11-19,都立王子総合,王子総合,東京成徳大高,東京成徳大高,0,14,,,https://koko-soccer.com/score/893
2017,新人戦,新人戦（新人選手権大会）第3地区,2017-11-19,目白研心,目白研心,飛鳥,飛鳥,6,1,,,https://koko-soccer.com/score/893
2017,新人戦,新人戦（新人選手権大会）第3地区,2017-11-19,大智学園,大智学園,都立新宿,新宿,0,3,,,https://koko-soccer.com/score/893
2017,新人戦,新人戦（新人選手権大会）第3地区,2017-11-26,城北,城北,都立広尾,広尾,8,0,,,https://koko-soccer.com/score/893
2017,新人戦,新人戦（新人選手権大会）第3地区,2017-11-26,海城,海城,青山学院,青山学院,0,2,,,https://koko-soccer.com/score/893
2017,新人戦,新人戦（新人選手権大会）第3地区,2017-11-26,成城,成城,聖学院,聖学院,6,0,,,https://koko-soccer.com/score/893
2017,新人戦,新人戦（新人選手権大会）第3地区,2017-11-26,都立大山,大山,國學院,国学院,0,7,,,https://koko-soccer.com/score/893
2017,新人戦,新人戦（新人選手権大会）第3地区,2017-11-26,都立白鴎,白鴎,上野,上野,0,7,,,https://koko-soccer.com/score/893
2017,新人戦,新人戦（新人選手権大会）第3地区,2017-11-26,都立高島,高島,都立北豊島工,北豊島工,8,0,,,https://koko-soccer.com/score/893
2017,新人戦,新人戦（新人選手権大会）第3地区,2017-11-26,都立北園,北園,都立戸山,戸山,2,1,,,https://koko-soccer.com/score/893
2017,新人戦,新人戦（新人選手権大会）第3地区,2017-11-26,淑徳,淑徳,都立板橋有徳,板橋有徳,2,2,5,4,https://koko-soccer.com/score/893
2017,新人戦,新人戦（新人選手権大会）第3地区,2017-12-03,桜丘,桜丘,武蔵野,武蔵野,1,1,3,4,https://koko-soccer.com/score/893
2017,新人戦,新人戦（新人選手権大会）第3地区,2017-12-03,早稲田,早稲田,大東大一,大東大一,2,1,,,https://koko-soccer.com/score/893
2017,新人戦,新人戦（新人選手権大会）第3地区,2017-12-03,城北,城北,青山学院,青山学院,2,0,,,https://koko-soccer.com/score/893
2017,新人戦,新人戦（新人選手権大会）第3地区,2017-12-03,成城,成城,國學院,国学院,2,1,,,https://koko-soccer.com/score/893
2017,新人戦,新人戦（新人選手権大会）第3地区,2017-12-03,都立上野,上野,上野学園,上野学園,4,3,,,https://koko-soccer.com/score/893
2017,新人戦,新人戦（新人選手権大会）第3地区,2017-12-03,都立青山,青山,東京成徳大高,東京成徳大高,0,4,,,https://koko-soccer.com/score/893
2017,新人戦,新人戦（新人選手権大会）第3地区,2017-12-03,都立高島,高島,都立北園,北園,2,1,,,https://koko-soccer.com/score/893
2017,新人戦,新人戦（新人選手権大会）第3地区,2017-12-03,保善,保善,淑徳,淑徳,11,0,,,https://koko-soccer.com/score/893
2017,新人戦,新人戦（新人選手権大会）第3地区,2017-12-03,目白研心,目白研心,都立新宿,新宿,3,0,,,https://koko-soccer.com/score/893
2017,新人戦,新人戦（新人選手権大会）第3地区,2017-12-03,早稲田,早稲田,武蔵野,武蔵野,2,0,,,https://koko-soccer.com/score/893
2017,新人戦,新人戦（新人選手権大会）第3地区,2017-12-10,都立上野,上野,東京成徳大高,東京成徳大高,0,3,,,https://koko-soccer.com/score/893
2017,新人戦,新人戦（新人選手権大会）第3地区,2017-12-10,城北,城北,成城,成城,2,1,,,https://koko-soccer.com/score/893
2017,新人戦,新人戦（新人選手権大会）第3地区,2017-12-17,目白研心,目白研心,早稲田,早稲田,3,2,,,https://koko-soccer.com/score/893
2017,新人戦,新人戦（新人選手権大会）第3地区,2017-12-17,都立高島,高島,保善,保善,2,1,,,https://koko-soccer.com/score/893
2017,新人戦,新人戦（新人選手権大会）第3地区,2017-12-23,都立高島,高島,目白研心,目白研心,1,0,,,https://koko-soccer.com/score/893
2017,新人戦,新人戦（新人選手権大会）第3地区,2017-12-23,城北,城北,東京成徳大高,東京成徳大高,1,2,,,https://koko-soccer.com/score/893
2017,新人戦,新人戦（新人選手権大会）第3地区,2017-12-24,東京成徳大高,東京成徳大高,都立高島,高島,1,0,,,https://koko-soccer.com/score/893
2017,新人戦,新人戦（新人選手権大会）第2地区,2017-11-12,都立小石川中等教育学校,小石川中等教育学校,都立足立東,足立東,3,3,4,5,https://koko-soccer.com/score/891
2017,新人戦,新人戦（新人選手権大会）第2地区,2017-11-12,都立文京,文京,都立足立,足立,3,1,,,https://koko-soccer.com/score/891
2017,新人戦,新人戦（新人選手権大会）第2地区,2017-11-12,巣鴨,巣鴨,貞静学園,貞静学園,9,0,,,https://koko-soccer.com/score/891
2017,新人戦,新人戦（新人選手権大会）第2地区,2017-11-19,淑徳巣鴨,淑徳巣鴨,都立足立新田,足立新田,1,1,6,7,https://koko-soccer.com/score/891
2017,新人戦,新人戦（新人選手権大会）第2地区,2017-11-19,都立足立西,足立西,郁文館,郁文館,0,3,,,https://koko-soccer.com/score/891
2017,新人戦,新人戦（新人選手権大会）第2地区,2017-11-19,巣鴨,巣鴨,京華商,京華商,4,0,,,https://koko-soccer.com/score/891
2017,新人戦,新人戦（新人選手権大会）第2地区,2017-11-19,都立江北,江北,豊南,豊南,5,0,,,https://koko-soccer.com/score/891
2017,新人戦,新人戦（新人選手権大会）第2地区,2017-11-19,昭和一,昭和一,城西大城西,城西大城西,1,2,,,https://koko-soccer.com/score/891
2017,新人戦,新人戦（新人選手権大会）第2地区,2017-11-19,都立青井,青井,中大附,中大附属,1,1,5,2,https://koko-soccer.com/score/891
2017,新人戦,新人戦（新人選手権大会）第2地区,2017-11-23,都立足立新田,足立新田,駒込,駒込,1,7,,,https://koko-soccer.com/score/891
2017,新人戦,新人戦（新人選手権大会）第2地区,2017-11-26,都立千早,千早,東洋大京北,東洋大京北,2,1,,,https://koko-soccer.com/score/891
2017,新人戦,新人戦（新人選手権大会）第2地区,2017-11-26,京華,京華,都立向丘,向丘,2,0,,,https://koko-soccer.com/score/891
2017,新人戦,新人戦（新人選手権大会）第2地区,2017-11-26,都立豊島,豊島,都立足立東,足立東,7,0,,,https://koko-soccer.com/score/891
2017,新人戦,新人戦（新人選手権大会）第2地区,2017-11-26,獨協,獨協,豊島学院,豊島学院,0,2,,,https://koko-soccer.com/score/891
2017,新人戦,新人戦（新人選手権大会）第2地区,2017-11-26,都立竹早,竹早,都立文京,文京,1,2,,,https://koko-soccer.com/score/891
2017,新人戦,新人戦（新人選手権大会）第2地区,2017-11-26,郁文館,郁文館,都立荒川商,荒川商,2,2,4,5,https://koko-soccer.com/score/891
2017,新人戦,新人戦（新人選手権大会）第2地区,2017-11-26,都立淵江,淵江,筑波大附,筑波大学附属,0,5,,,https://koko-soccer.com/score/891
2017,新人戦,新人戦（新人選手権大会）第2地区,2017-12-10,本郷,本郷,駒込,駒込,0,1,,,https://koko-soccer.com/score/891
2017,新人戦,新人戦（新人選手権大会）第2地区,2017-12-10,都立千早,千早,京華,京華,0,4,,,https://koko-soccer.com/score/891
2017,新人戦,新人戦（新人選手権大会）第2地区,2017-12-10,都立豊島,豊島,豊島学院,豊島学院,1,0,,,https://koko-soccer.com/score/891
2017,新人戦,新人戦（新人選手権大会）第2地区,2017-12-10,都立文京,文京,学習院,学習院,1,4,,,https://koko-soccer.com/score/891
2017,新人戦,新人戦（新人選手権大会）第2地区,2017-12-10,足立学園,足立学園,巣鴨,巣鴨,5,0,,,https://koko-soccer.com/score/891
2017,新人戦,新人戦（新人選手権大会）第2地区,2017-12-10,都立江北,江北,都立荒川商,荒川商,4,1,,,https://koko-soccer.com/score/891
2017,新人戦,新人戦（新人選手権大会）第2地区,2017-12-10,城西大城西,城西大城西,筑波大附,筑波大学附属,0,6,,,https://koko-soccer.com/score/891
2017,新人戦,新人戦（新人選手権大会）第2地区,2017-12-10,都立青井,青井,立教池袋,立教池袋,1,2,,,https://koko-soccer.com/score/891
2017,新人戦,新人戦（新人選手権大会）第2地区,2017-12-17,駒込,駒込,京華,京華,5,1,,,https://koko-soccer.com/score/891
2017,新人戦,新人戦（新人選手権大会）第2地区,2017-12-17,都立豊島,豊島,学習院,学習院,2,1,,,https://koko-soccer.com/score/891
2017,新人戦,新人戦（新人選手権大会）第2地区,2017-12-17,足立学園,足立学園,都立江北,江北,0,1,,,https://koko-soccer.com/score/891
2017,新人戦,新人戦（新人選手権大会）第2地区,2017-12-17,筑波大附,筑波大学附属,立教池袋,立教池袋,1,2,,,https://koko-soccer.com/score/891
2017,新人戦,新人戦（新人選手権大会）第2地区,2017-12-23,駒込,駒込,都立豊島,豊島,3,0,,,https://koko-soccer.com/score/891
2017,新人戦,新人戦（新人選手権大会）第2地区,2017-12-23,都立江北,江北,立教池袋,立教池袋,5,0,,,https://koko-soccer.com/score/891
2017,新人戦,新人戦（新人選手権大会）第2地区,2017-12-24,駒込,駒込,都立江北,江北,2,1,,,https://koko-soccer.com/score/891
2017,新人戦,新人戦（新人選手権大会）第1地区,2017-11-12,都立葛飾総合,葛飾総合,共栄学園,共栄学園,2,2,3,2,https://koko-soccer.com/score/888
2017,新人戦,新人戦（新人選手権大会）第1地区,2017-11-12,開成,開成,芝浦工大高,芝浦工大高,3,0,,,https://koko-soccer.com/score/888
2017,新人戦,新人戦（新人選手権大会）第1地区,2017-11-12,都立篠崎,篠崎,都立日本橋,日本橋,3,0,,,https://koko-soccer.com/score/888
2017,新人戦,新人戦（新人選手権大会）第1地区,2017-11-12,日大一,日大一,都立南葛飾,南葛飾,0,1,,,https://koko-soccer.com/score/888
2017,新人戦,新人戦（新人選手権大会）第1地区,2017-11-12,都立葛飾商,葛飾商,都立科学技術,科学技術,6,0,,,https://koko-soccer.com/score/888
2017,新人戦,新人戦（新人選手権大会）第1地区,2017-11-12,都立葛西南,葛西南,都立荒川工,荒川工,3,1,,,https://koko-soccer.com/score/888
2017,新人戦,新人戦（新人選手権大会）第1地区,2017-11-12,都立江戸川,江戸川,都立橘,橘,7,0,,,https://koko-soccer.com/score/888
2017,新人戦,新人戦（新人選手権大会）第1地区,2017-11-12,都立江東商,江東商,中央学院大中央,中央学院大学中央,2,0,,,https://koko-soccer.com/score/888
2017,新人戦,新人戦（新人選手権大会）第1地区,2017-11-12,都立両国,両国,都立墨田工,墨田工,3,5,,,https://koko-soccer.com/score/888
2017,新人戦,新人戦（新人選手権大会）第1地区,2017-11-12,都立紅葉川,紅葉川,都立深川,深川,3,1,,,https://koko-soccer.com/score/888
2017,新人戦,新人戦（新人選手権大会）第1地区,2017-11-12,安田学園,安田学園,都立本所,本所,1,1,4,5,https://koko-soccer.com/score/888
2017,新人戦,新人戦（新人選手権大会）第1地区,2017-11-19,都立葛飾総合,葛飾総合,開成,開成,1,3,,,https://koko-soccer.com/score/888
2017,新人戦,新人戦（新人選手権大会）第1地区,2017-11-19,都立竹台,竹台,都立小岩,小岩,2,6,,,https://koko-soccer.com/score/888
2017,新人戦,新人戦（新人選手権大会）第1地区,2017-11-19,都立小松川,小松川,都立篠崎,篠崎,4,0,,,https://koko-soccer.com/score/888
2017,新人戦,新人戦（新人選手権大会）第1地区,2017-11-19,都立江東商,江東商,都立墨田川,墨田川,0,15,,,https://koko-soccer.com/score/888
2017,新人戦,新人戦（新人選手権大会）第1地区,2017-11-19,都立紅葉川,紅葉川,都立本所,本所,5,0,,,https://koko-soccer.com/score/888
2017,新人戦,新人戦（新人選手権大会）第1地区,2017-11-23,都立葛西南,葛西南,都立江戸川,江戸川,1,5,,,https://koko-soccer.com/score/888
2017,新人戦,新人戦（新人選手権大会）第1地区,2017-11-26,都立南葛飾,南葛飾,都立葛飾商,葛飾商,2,1,,,https://koko-soccer.com/score/888
2017,新人戦,新人戦（新人選手権大会）第1地区,2017-11-26,都立葛飾野,葛飾野,都立墨田工,墨田工,11,0,,,https://koko-soccer.com/score/888
2017,新人戦,新人戦（新人選手権大会）第1地区,2017-11-26,開成,開成,都立小岩,小岩,2,1,,,https://koko-soccer.com/score/888
2017,新人戦,新人戦（新人選手権大会）第1地区,2017-11-26,都立江戸川,江戸川,都立墨田川,墨田川,3,1,,,https://koko-soccer.com/score/888
2017,新人戦,新人戦（新人選手権大会）第1地区,2017-12-03,都立小松川,小松川,都立南葛飾,南葛飾,2,1,,,https://koko-soccer.com/score/888
2017,新人戦,新人戦（新人選手権大会）第1地区,2017-12-03,都立葛飾野,葛飾野,都立紅葉川,紅葉川,4,1,,,https://koko-soccer.com/score/888
2017,新人戦,新人戦（新人選手権大会）第1地区,2017-12-03,かえつ有明,かえつ有明,開成,開成,2,1,,,https://koko-soccer.com/score/888
2017,新人戦,新人戦（新人選手権大会）第1地区,2017-12-03,修徳,修徳,都立江戸川,江戸川,2,0,,,https://koko-soccer.com/score/888
2017,新人戦,新人戦（新人選手権大会）第1地区,2017-12-17,都立小松川,小松川,都立城東,城東,1,4,,,https://koko-soccer.com/score/888
2017,新人戦,新人戦（新人選手権大会）第1地区,2017-12-17,都立葛飾野,葛飾野,都立東,東,3,0,,,https://koko-soccer.com/score/888
2017,新人戦,新人戦（新人選手権大会）第1地区,2017-12-17,修徳,修徳,都立葛飾野,葛飾野,2,1,,,https://koko-soccer.com/score/888
2017,新人戦,新人戦（新人選手権大会）第1地区,2017-12-17,かえつ有明,かえつ有明,都立城東,城東,0,4,,,https://koko-soccer.com/score/888
2017,新人戦,新人戦（新人選手権大会）第1地区,2017-12-23,修徳,修徳,都立城東,城東,1,0,,,https://koko-soccer.com/score/888
2017,総体,都予選,2017-05-13,東京成徳大高 （東京）,東京成徳大高,都立文京 （東京）,文京,3,0,,,https://koko-soccer.com/score/705
2017,総体,都予選,2017-05-13,大成 （東京）,大成,都立保谷 （東京）,保谷,1,1,5,4,https://koko-soccer.com/score/705
2017,総体,都予選,2017-05-13,都立府中東 （東京）,府中東,都立駒場 （東京）,駒場,0,3,,,https://koko-soccer.com/score/705
2017,総体,都予選,2017-05-13,都立城東 （東京）,城東,都立東大和南 （東京）,東大和南,2,2,4,5,https://koko-soccer.com/score/705
2017,総体,都予選,2017-05-13,法政大高 （東京）,法政大高,本郷 （東京）,本郷,2,9,,,https://koko-soccer.com/score/705
2017,総体,都予選,2017-05-13,青山学院 （東京）,青山学院,東農大一 （東京）,農大一,0,0,7,6,https://koko-soccer.com/score/705
2017,総体,都予選,2017-05-13,都立町田 （東京）,町田,東京実業 （東京）,東京実業,1,3,,,https://koko-soccer.com/score/705
2017,総体,都予選,2017-05-13,都立国分寺 （東京）,国分寺,都立高島 （東京）,高島,1,2,,,https://koko-soccer.com/score/705
2017,総体,都予選,2017-05-13,都立青山 （東京）,青山,保善 （東京）,保善,0,2,,,https://koko-soccer.com/score/705
2017,総体,都予選,2017-05-13,成城学園 （東京）,成城学園,麻布 （東京）,麻布,2,1,,,https://koko-soccer.com/score/705
2017,総体,都予選,2017-05-13,駿台学園 （東京）,駿台学園,日大豊山 （東京）,日大豊山,0,1,,,https://koko-soccer.com/score/705
2017,総体,都予選,2017-05-14,早大学院 （東京）,早大学院,日大鶴ヶ丘 （東京）,日大鶴ヶ丘,3,1,,,https://koko-soccer.com/score/705
2017,総体,都予選,2017-05-14,都立東村山西 （東京）,東村山西,明大明治 （東京）,明大明治,2,5,,,https://koko-soccer.com/score/705
2017,総体,都予選,2017-05-14,京華 （東京）,京華,東亜学園 （東京）,東亜学園,2,1,,,https://koko-soccer.com/score/705
2017,総体,都予選,2017-05-14,都立東久留米総合 （東京）,東久留米総合,日本学園 （東京）,日本学園,2,1,,,https://koko-soccer.com/score/705
2017,総体,都予選,2017-05-14,都立葛飾野 （東京）,葛飾野,東海大菅生 （東京）,東海大菅生,3,3,,,https://koko-soccer.com/score/705
2017,総体,都予選,2017-05-14,都立狛江 （東京）,狛江,都立小山台 （東京）,小山台,4,1,,,https://koko-soccer.com/score/705
2017,総体,都予選,2017-05-14,駒込 （東京）,駒込,足立学園 （東京）,足立学園,1,2,,,https://koko-soccer.com/score/705
2017,総体,都予選,2017-05-14,創価 （東京）,創価,都立日野台 （東京）,日野台,3,7,,,https://koko-soccer.com/score/705
2017,総体,都予選,2017-05-14,学習院 （東京）,学習院,東京 （東京）,東京,1,2,,,https://koko-soccer.com/score/705
2017,総体,都予選,2017-05-14,海城 （東京）,海城,多摩大目黒 （東京）,多摩大学目黒,1,1,6,5,https://koko-soccer.com/score/705
2017,総体,都予選,2017-05-20,東海大高輪台 （東京）,東海大高輪台,海城 （東京）,海城,2,0,,,https://koko-soccer.com/score/705
2017,総体,都予選,2017-05-20,都立狛江 （東京）,狛江,明大明治 （東京）,明大明治,2,1,,,https://koko-soccer.com/score/705
2017,総体,都予選,2017-05-20,駒澤大学高等学校 （東京）,駒澤大高,都立日野台 （東京）,日野台,1,0,,,https://koko-soccer.com/score/705
2017,総体,都予選,2017-05-20,東京 （東京）,東京,修徳 （東京）,修徳,1,3,,,https://koko-soccer.com/score/705
2017,総体,都予選,2017-05-21,足立学園 （東京）,足立学園,都立東久留米総合 （東京）,東久留米総合,0,1,,,https://koko-soccer.com/score/705
2017,総体,都予選,2017-05-21,東京朝鮮中高級学校 （東京）,東京朝鮮中高級学校,早大学院 （東京）,早大学院,1,1,3,5,https://koko-soccer.com/score/705
2017,総体,都予選,2017-05-21,早稲田実業 （東京）,早稲田実業,東京成徳大高 （東京）,東京成徳大高,5,0,,,https://koko-soccer.com/score/705
2017,総体,都予選,2017-05-21,本郷 （東京）,本郷,都立駒場 （東京）,駒場,1,4,,,https://koko-soccer.com/score/705
2017,総体,都予選,2017-05-21,帝京 （東京）,帝京,京華 （東京）,京華,4,1,,,https://koko-soccer.com/score/705
2017,総体,都予選,2017-05-21,日大豊山 （東京）,日大豊山,國學院久我山 （東京）,国学院久我山,3,11,,,https://koko-soccer.com/score/705
2017,総体,都予選,2017-05-21,東海大菅生 （東京）,東海大菅生,攻玉社 （東京）,攻玉社,5,1,,,https://koko-soccer.com/score/705
2017,総体,都予選,2017-05-21,青山学院 （東京）,青山学院,保善 （東京）,保善,0,4,,,https://koko-soccer.com/score/705
2017,総体,都予選,2017-05-21,暁星高等学校 （東京）,暁星,都立東大和南 （東京）,東大和南,3,1,,,https://koko-soccer.com/score/705
2017,総体,都予選,2017-05-21,成立学園 （東京）,成立学園,大成 （東京）,大成,2,1,,,https://koko-soccer.com/score/705
2017,総体,都予選,2017-05-21,成城学園 （東京）,成城学園,東京実業 （東京）,東京実業,0,9,,,https://koko-soccer.com/score/705
2017,総体,都予選,2017-05-21,専修大附 （東京）,専修大附,都立高島 （東京）,高島,3,3,1,3,https://koko-soccer.com/score/705
2017,総体,都予選,2017-05-27,早大学院 （東京）,早大学院,東海大菅生 （東京）,東海大菅生,0,1,,,https://koko-soccer.com/score/705
2017,総体,都予選,2017-05-27,成立学園 （東京）,成立学園,都立駒場 （東京）,駒場,3,1,,,https://koko-soccer.com/score/705
2017,総体,都予選,2017-05-27,東海大高輪台 （東京）,東海大高輪台,都立狛江 （東京）,狛江,2,0,,,https://koko-soccer.com/score/705
2017,総体,都予選,2017-05-27,早稲田実業 （東京）,早稲田実業,保善 （東京）,保善,5,2,,,https://koko-soccer.com/score/705
2017,総体,都予選,2017-05-27,暁星高等学校 （東京）,暁星,東京実業 （東京）,東京実業,1,0,,,https://koko-soccer.com/score/705
2017,総体,都予選,2017-05-27,駒澤大学高等学校 （東京）,駒澤大高,修徳 （東京）,修徳,2,1,,,https://koko-soccer.com/score/705
2017,総体,都予選,2017-05-28,帝京 （東京）,帝京,都立東久留米総合 （東京）,東久留米総合,0,0,7,6,https://koko-soccer.com/score/705
2017,総体,都予選,2017-05-28,都立高島 （東京）,高島,國學院久我山 （東京）,国学院久我山,0,4,,,https://koko-soccer.com/score/705
2017,総体,都予選,2017-06-11,暁星高等学校 （東京）,暁星,東海大高輪台 （東京）,東海大高輪台,0,1,,,https://koko-soccer.com/score/705
2017,総体,都予選,2017-06-11,駒澤大学高等学校 （東京）,駒澤大高,成立学園 （東京）,成立学園,1,0,,,https://koko-soccer.com/score/705
2017,総体,都予選,2017-06-18,関東一 （東京）,関東第一,東海大高輪台 （東京）,東海大高輪台,1,0,,,https://koko-soccer.com/score/705
2017,総体,都予選,2017-06-18,駒澤大学高等学校 （東京）,駒澤大高,実践学園 （東京）,実践学園,0,2,,,https://koko-soccer.com/score/705
2017,総体,都予選,2017-06-18,帝京 （東京）,帝京,國學院久我山 （東京）,国学院久我山,2,3,,,https://koko-soccer.com/score/705
2017,総体,都予選,2017-06-18,東海大菅生 （東京）,東海大菅生,早稲田実業 （東京）,早稲田実業,4,1,,,https://koko-soccer.com/score/705
2017,総体,都予選,2017-06-24,関東一 （東京）,関東第一,國學院久我山 （東京）,国学院久我山,1,0,,,https://koko-soccer.com/score/705
2017,総体,都予選,2017-06-24,実践学園 （東京）,実践学園,東海大菅生 （東京）,東海大菅生,2,0,,,https://koko-soccer.com/score/705
2017,総体,都予選,2017-06-25,関東一 （東京）,関東第一,実践学園 （東京）,実践学園,3,2,,,https://koko-soccer.com/score/705
2017,総体,都予選 南支部予選,2017-04-23,東京学芸大附,東京学芸大附,東京立正,東京立正,5,2,,,https://koko-soccer.com/score/711
2017,総体,都予選 南支部予選,2017-04-23,目黒,目黒,都立杉並,杉並,1,1,3,4,https://koko-soccer.com/score/711
2017,総体,都予選 南支部予選,2017-04-23,都立西,西,都立鷺宮,鷺宮,0,3,,,https://koko-soccer.com/score/711
2017,総体,都予選 南支部予選,2017-04-23,都立世田谷総合,世田谷総合,東農大一,農大一,0,4,,,https://koko-soccer.com/score/711
2017,総体,都予選 南支部予選,2017-04-23,筑波大駒場,筑波大駒場,宝仙学園,宝仙学園,0,1,,,https://koko-soccer.com/score/711
2017,総体,都予選 南支部予選,2017-04-23,都立総合工科,総合工科,都立千歳丘,千歳丘,4,4,4,1,https://koko-soccer.com/score/711
2017,総体,都予選 南支部予選,2017-04-23,東京都市大等々力,東京都市大等々力,都立杉並総合,杉並総合,0,1,,,https://koko-soccer.com/score/711
2017,総体,都予選 南支部予選,2017-04-23,都立成瀬,成瀬,都立野津田,野津田,0,1,,,https://koko-soccer.com/score/711
2017,総体,都予選 南支部予選,2017-04-23,目黒学院,目黒学院,都立山崎,山崎,0,2,,,https://koko-soccer.com/score/711
2017,総体,都予選 南支部予選,2017-04-23,日工大駒場,日工大駒場,都立科学技術,科学技術,14,0,,,https://koko-soccer.com/score/711
2017,総体,都予選 南支部予選,2017-04-23,都立国際,国際,早大学院,早大学院,0,4,,,https://koko-soccer.com/score/711
2017,総体,都予選 南支部予選,2017-04-23,専修大附,専修大附,日出,日出,8,0,,,https://koko-soccer.com/score/711
2017,総体,都予選 南支部予選,2017-04-23,都立町田工,町田工,世田谷学園,世田谷学園,0,6,,,https://koko-soccer.com/score/711
2017,総体,都予選 南支部予選,2017-04-23,都立田無,田無,東京都市大付,都市大付,0,3,,,https://koko-soccer.com/score/711
2017,総体,都予選 南支部予選,2017-04-23,都立杉並工,杉並工,都立農芸,農芸,6,0,,,https://koko-soccer.com/score/711
2017,総体,都予選 南支部予選,2017-04-23,多摩大目黒,多摩大学目黒,都立練馬,練馬,14,0,,,https://koko-soccer.com/score/711
2017,総体,都予選 南支部予選,2017-04-23,大東学園,大東学園,東大附,東大附属,2,2,4,3,https://koko-soccer.com/score/711
2017,総体,都予選 南支部予選,2017-04-23,都立松原,松原,都立桜修館,桜修館中等,2,1,,,https://koko-soccer.com/score/711
2017,総体,都予選 南支部予選,2017-04-23,都立町田総合,町田総合,都立大泉,大泉,0,4,,,https://koko-soccer.com/score/711
2017,総体,都予選 南支部予選,2017-04-23,都立保谷,保谷,都立田柄,田柄,13,0,,,https://koko-soccer.com/score/711
2017,総体,都予選 南支部予選,2017-04-23,玉川学園,玉川学園,佼成学園,佼成学園,0,0,3,4,https://koko-soccer.com/score/711
2017,総体,都予選 南支部予選,2017-04-23,都立豊多摩,豊多摩,日大桜丘,日大櫻丘,3,0,,,https://koko-soccer.com/score/711
2017,総体,都予選 南支部予選,2017-04-23,杉並学院,杉並学院,桜美林,桜美林,1,1,2,3,https://koko-soccer.com/score/711
2017,総体,都予選 南支部予選,2017-04-23,都立石神井,石神井,都立武蔵丘,武蔵丘,2,2,3,4,https://koko-soccer.com/score/711
2017,総体,都予選 南支部予選,2017-04-23,都立練馬工,練馬工,都立第四商,第四商,1,1,4,2,https://koko-soccer.com/score/711
2017,総体,都予選 南支部予選,2017-04-23,都立町田,町田,都立井草,井草,6,1,,,https://koko-soccer.com/score/711
2017,総体,都予選 南支部予選,2017-04-23,都立桜町,桜町,明大中野,明大中野,0,4,,,https://koko-soccer.com/score/711
2017,総体,都予選 南支部予選,2017-04-23,武蔵,武蔵,成城学園,成城学園,1,1,2,4,https://koko-soccer.com/score/711
2017,総体,都予選 南支部予選,2017-04-23,都立小川,小川,都立光丘,光丘,0,0,4,2,https://koko-soccer.com/score/711
2017,総体,都予選 南支部予選,2017-04-23,都立若葉総合,若葉総合,都立芦花,芦花,1,4,,,https://koko-soccer.com/score/711
2017,総体,都予選 南支部予選,2017-04-23,三田国際,三田国際,駒場学園,駒場学園,0,4,,,https://koko-soccer.com/score/711
2017,総体,都予選 南支部予選,2017-04-30,都立田無工,田無工,駒場東邦,駒場東邦,0,3,,,https://koko-soccer.com/score/711
2017,総体,都予選 南支部予選,2017-04-30,都立狛江,狛江,都立富士,富士,1,0,,,https://koko-soccer.com/score/711
2017,総体,都予選 南支部予選,2017-04-30,学芸大国際,学芸大国際,都立深沢,深沢,1,7,,,https://koko-soccer.com/score/711
2017,総体,都予選 南支部予選,2017-04-30,和光,和光,日大二,日大二,0,3,,,https://koko-soccer.com/score/711
2017,総体,都予選 南支部予選,2017-04-30,中大杉並,中大杉並,国士舘,国士舘,0,1,,,https://koko-soccer.com/score/711
2017,総体,都予選 南支部予選,2017-04-30,堀越,堀越,都立鷺宮,鷺宮,1,1,6,7,https://koko-soccer.com/score/711
2017,総体,都予選 南支部予選,2017-04-30,東農大一,農大一,宝仙学園,宝仙学園,4,1,,,https://koko-soccer.com/score/711
2017,総体,都予選 南支部予選,2017-04-30,東亜学園,東亜学園,都立総合工科,総合工科,5,0,,,https://koko-soccer.com/score/711
2017,総体,都予選 南支部予選,2017-04-30,都立杉並総合,杉並総合,都立野津田,野津田,2,2,5,3,https://koko-soccer.com/score/711
2017,総体,都予選 南支部予選,2017-04-30,日大三,日大三,都立山崎,山崎,10,0,,,https://koko-soccer.com/score/711
2017,総体,都予選 南支部予選,2017-04-30,日工大駒場,日工大駒場,早大学院,早大学院,0,12,,,https://koko-soccer.com/score/711
2017,総体,都予選 南支部予選,2017-04-30,専修大附,専修大附,世田谷学園,世田谷学園,10,1,,,https://koko-soccer.com/score/711
2017,総体,都予選 南支部予選,2017-04-30,東京都市大付,都市大付,都立杉並工,杉並工,5,0,,,https://koko-soccer.com/score/711
2017,総体,都予選 南支部予選,2017-04-30,多摩大目黒,多摩大学目黒,大東学園,大東学園,9,0,,,https://koko-soccer.com/score/711
2017,総体,都予選 南支部予選,2017-04-30,都立松原,松原,都立大泉,大泉,1,3,,,https://koko-soccer.com/score/711
2017,総体,都予選 南支部予選,2017-04-30,都立保谷,保谷,佼成学園,佼成学園,7,0,,,https://koko-soccer.com/score/711
2017,総体,都予選 南支部予選,2017-04-30,都立豊多摩,豊多摩,桜美林,桜美林,2,1,,,https://koko-soccer.com/score/711
2017,総体,都予選 南支部予選,2017-04-30,都立武蔵丘,武蔵丘,都立練馬工,練馬工,6,0,,,https://koko-soccer.com/score/711
2017,総体,都予選 南支部予選,2017-04-30,都立町田,町田,明大中野,明大中野,2,0,,,https://koko-soccer.com/score/711
2017,総体,都予選 南支部予選,2017-05-03,日大鶴ヶ丘,日大鶴ヶ丘,駒場東邦,駒場東邦,1,0,,,https://koko-soccer.com/score/711
2017,総体,都予選 南支部予選,2017-05-03,東京学芸大附,東京学芸大附,都立杉並,杉並,2,0,,,https://koko-soccer.com/score/711
2017,総体,都予選 南支部予選,2017-05-03,都立狛江,狛江,都立深沢,深沢,5,0,,,https://koko-soccer.com/score/711
2017,総体,都予選 南支部予選,2017-05-03,日大二,日大二,国士舘,国士舘,0,1,,,https://koko-soccer.com/score/711
2017,総体,都予選 南支部予選,2017-05-03,成城学園,成城学園,都立小川,小川,1,0,,,https://koko-soccer.com/score/711
2017,総体,都予選 南支部予選,2017-05-03,都立芦花,芦花,駒場学園,駒場学園,1,2,,,https://koko-soccer.com/score/711
2017,総体,都予選 南支部予選,2017-05-03,都立鷺宮,鷺宮,東農大一,農大一,0,3,,,https://koko-soccer.com/score/711
2017,総体,都予選 南支部予選,2017-05-03,日大三,日大三,早大学院,早大学院,1,2,,,https://koko-soccer.com/score/711
2017,総体,都予選 南支部予選,2017-05-03,専修大附,専修大附,東京都市大付,都市大付,3,1,,,https://koko-soccer.com/score/711
2017,総体,都予選 南支部予選,2017-05-03,多摩大目黒,多摩大学目黒,都立大泉,大泉,3,0,,,https://koko-soccer.com/score/711
2017,総体,都予選 南支部予選,2017-05-03,都立保谷,保谷,都立豊多摩,豊多摩,2,1,,,https://koko-soccer.com/score/711
2017,総体,都予選 南支部予選,2017-05-03,都立武蔵丘,武蔵丘,都立町田,町田,1,1,4,5,https://koko-soccer.com/score/711
2017,総体,都予選 南支部予選,2017-05-03,東亜学園,東亜学園,都立杉並総合,杉並総合,2,1,,,https://koko-soccer.com/score/711
2017,総体,都予選 南支部予選,2017-05-04,日大鶴ヶ丘,日大鶴ヶ丘,東京学芸大附,東京学芸大附,2,1,,,https://koko-soccer.com/score/711
2017,総体,都予選 南支部予選,2017-05-04,都立狛江,狛江,国士舘,国士舘,2,2,6,5,https://koko-soccer.com/score/711
2017,総体,都予選 南支部予選,2017-05-04,成城学園,成城学園,駒場学園,駒場学園,1,0,,,https://koko-soccer.com/score/711
2017,総体,都予選 東支部予選,2017-04-23,都立向丘,向丘,中央学院大中央,中央学院大学中央,8,2,,,https://koko-soccer.com/score/710
2017,総体,都予選 東支部予選,2017-04-23,都立墨田工,墨田工,都立南葛飾,南葛飾,0,1,,,https://koko-soccer.com/score/710
2017,総体,都予選 東支部予選,2017-04-23,都立両国,両国,都立小岩,小岩,0,4,,,https://koko-soccer.com/score/710
2017,総体,都予選 東支部予選,2017-04-23,城西大城西,城西大城西,安田学園,安田学園,1,1,4,3,https://koko-soccer.com/score/710
2017,総体,都予選 東支部予選,2017-04-23,都立墨田川,墨田川,東洋大京北,東洋大京北,1,1,2,3,https://koko-soccer.com/score/710
2017,総体,都予選 東支部予選,2017-04-23,都立足立,足立,都立葛飾商,葛飾商,1,1,5,6,https://koko-soccer.com/score/710
2017,総体,都予選 東支部予選,2017-04-23,都立深川,深川,豊島学院,豊島学院,0,1,,,https://koko-soccer.com/score/710
2017,総体,都予選 東支部予選,2017-04-23,都立小石川中等教育学校,小石川中等教育学校,都立足立新田,足立新田,0,4,,,https://koko-soccer.com/score/710
2017,総体,都予選 東支部予選,2017-04-23,巣鴨,巣鴨,本郷,本郷,0,4,,,https://koko-soccer.com/score/710
2017,総体,都予選 東支部予選,2017-04-23,芝浦工大高,芝浦工大高,獨協,獨協,2,2,4,3,https://koko-soccer.com/score/710
2017,総体,都予選 東支部予選,2017-04-23,立教池袋,立教池袋,都立荒川商,荒川商,1,2,,,https://koko-soccer.com/score/710
2017,総体,都予選 東支部予選,2017-04-23,都立足立工,足立工,都立千早,千早,2,2,4,5,https://koko-soccer.com/score/710
2017,総体,都予選 東支部予選,2017-04-23,都立淵江,淵江,都立三商,三商,0,2,,,https://koko-soccer.com/score/710
2017,総体,都予選 東支部予選,2017-04-23,都立荒川工,荒川工,都立足立西,足立西,1,0,,,https://koko-soccer.com/score/710
2017,総体,都予選 東支部予選,2017-04-23,共栄学園,共栄学園,都立豊島,豊島,0,11,,,https://koko-soccer.com/score/710
2017,総体,都予選 東支部予選,2017-04-23,都立小松川,小松川,立志舎,立志舎,7,1,,,https://koko-soccer.com/score/710
2017,総体,都予選 東支部予選,2017-04-23,都立葛飾総合,葛飾総合,都立葛西南,葛西南,1,1,7,8,https://koko-soccer.com/score/710
2017,総体,都予選 東支部予選,2017-04-23,都立江戸川,江戸川,昭和一,昭和一,1,2,,,https://koko-soccer.com/score/710
2017,総体,都予選 東支部予選,2017-04-23,都立本所,本所,筑波大附,筑波大学附属,0,1,,,https://koko-soccer.com/score/710
2017,総体,都予選 東支部予選,2017-04-23,都立青井,青井,京華商,京華商,1,3,,,https://koko-soccer.com/score/710
2017,総体,都予選 東支部予選,2017-04-23,都立足立東,足立東,都立文京,文京,0,4,,,https://koko-soccer.com/score/710
2017,総体,都予選 東支部予選,2017-04-23,郁文館,郁文館,都立日本橋,日本橋,1,0,,,https://koko-soccer.com/score/710
2017,総体,都予選 東支部予選,2017-04-23,足立学園,足立学園,豊南,豊南,5,0,,,https://koko-soccer.com/score/710
2017,総体,都予選 東支部予選,2017-04-23,都立篠崎,篠崎,貞静学園,貞静学園,4,0,,,https://koko-soccer.com/score/710
2017,総体,都予選 東支部予選,2017-04-23,都立江東商,江東商,都立紅葉川,紅葉川,0,18,,,https://koko-soccer.com/score/710
2017,総体,都予選 東支部予選,2017-04-23,日大豊山,日大豊山,中大附,中大附属,5,0,,,https://koko-soccer.com/score/710
2017,総体,都予選 東支部予選,2017-04-23,日大一,日大一,都立東,東,1,1,1,4,https://koko-soccer.com/score/710
2017,総体,都予選 東支部予選,2017-04-23,都立江北,江北,開成,開成,2,0,,,https://koko-soccer.com/score/710
2017,総体,都予選 東支部予選,2017-04-23,都立竹早,竹早,都立科学技術,科学技術,2,0,,,https://koko-soccer.com/score/710
2017,総体,都予選 東支部予選,2017-04-30,駒込,駒込,都立向丘,向丘,8,1,,,https://koko-soccer.com/score/710
2017,総体,都予選 東支部予選,2017-04-30,都立南葛飾,南葛飾,都立小岩,小岩,2,1,,,https://koko-soccer.com/score/710
2017,総体,都予選 東支部予選,2017-04-30,京華,京華,城西大城西,城西大城西,1,0,,,https://koko-soccer.com/score/710
2017,総体,都予選 東支部予選,2017-04-30,東洋大京北,東洋大京北,都立葛飾商,葛飾商,5,1,,,https://koko-soccer.com/score/710
2017,総体,都予選 東支部予選,2017-04-30,淑徳巣鴨,淑徳巣鴨,豊島学院,豊島学院,2,1,,,https://koko-soccer.com/score/710
2017,総体,都予選 東支部予選,2017-04-30,都立足立新田,足立新田,本郷,本郷,1,11,,,https://koko-soccer.com/score/710
2017,総体,都予選 東支部予選,2017-04-30,学習院,学習院,芝浦工大高,芝浦工大高,4,0,,,https://koko-soccer.com/score/710
2017,総体,都予選 東支部予選,2017-04-30,都立荒川商,荒川商,都立千早,千早,10,1,,,https://koko-soccer.com/score/710
2017,総体,都予選 東支部予選,2017-04-30,都立城東,城東,都立三商,三商,2,0,,,https://koko-soccer.com/score/710
2017,総体,都予選 東支部予選,2017-04-30,都立足立西,足立西,都立豊島,豊島,0,5,,,https://koko-soccer.com/score/710
2017,総体,都予選 東支部予選,2017-04-30,都立葛飾野,葛飾野,都立小松川,小松川,7,1,,,https://koko-soccer.com/score/710
2017,総体,都予選 東支部予選,2017-04-30,都立葛西南,葛西南,昭和一,昭和一,0,3,,,https://koko-soccer.com/score/710
2017,総体,都予選 東支部予選,2017-04-30,かえつ有明,かえつ有明,筑波大附,筑波大学附属,2,1,,,https://koko-soccer.com/score/710
2017,総体,都予選 東支部予選,2017-04-30,京華商,京華商,都立文京,文京,0,3,,,https://koko-soccer.com/score/710
2017,総体,都予選 東支部予選,2017-04-30,郁文館,郁文館,足立学園,足立学園,1,4,,,https://koko-soccer.com/score/710
2017,総体,都予選 東支部予選,2017-04-30,都立篠崎,篠崎,都立紅葉川,紅葉川,0,5,,,https://koko-soccer.com/score/710
2017,総体,都予選 東支部予選,2017-04-30,日大豊山,日大豊山,都立東,東,3,2,,,https://koko-soccer.com/score/710
2017,総体,都予選 東支部予選,2017-04-30,都立江北,江北,都立竹早,竹早,2,1,,,https://koko-soccer.com/score/710
2017,総体,都予選 東支部予選,2017-05-03,駒込,駒込,都立南葛飾,南葛飾,2,0,,,https://koko-soccer.com/score/710
2017,総体,都予選 東支部予選,2017-05-03,京華,京華,東洋大京北,東洋大京北,9,0,,,https://koko-soccer.com/score/710
2017,総体,都予選 東支部予選,2017-05-03,淑徳巣鴨,淑徳巣鴨,本郷,本郷,1,2,,,https://koko-soccer.com/score/710
2017,総体,都予選 東支部予選,2017-05-03,学習院,学習院,都立荒川商,荒川商,0,0,4,3,https://koko-soccer.com/score/710
2017,総体,都予選 東支部予選,2017-05-03,都立城東,城東,都立豊島,豊島,2,0,,,https://koko-soccer.com/score/710
2017,総体,都予選 東支部予選,2017-05-03,都立葛飾野,葛飾野,昭和一,昭和一,3,0,,,https://koko-soccer.com/score/710
2017,総体,都予選 東支部予選,2017-05-03,かえつ有明,かえつ有明,都立文京,文京,1,2,,,https://koko-soccer.com/score/710
2017,総体,都予選 東支部予選,2017-05-03,足立学園,足立学園,都立紅葉川,紅葉川,3,1,,,https://koko-soccer.com/score/710
2017,総体,都予選 東支部予選,2017-05-03,日大豊山,日大豊山,都立江北,江北,2,1,,,https://koko-soccer.com/score/710
2017,総体,都予選 西支部予選,2017-04-23,都立八王子東,八王子東,聖徳学園,聖徳学園,3,0,,,https://koko-soccer.com/score/709
2017,総体,都予選 西支部予選,2017-04-23,国際基督教大高,国際基督教大高,中央国際,中央国際,5,1,,,https://koko-soccer.com/score/709
2017,総体,都予選 西支部予選,2017-04-23,都立府中工,府中工科,都立富士森,富士森,1,2,,,https://koko-soccer.com/score/709
2017,総体,都予選 西支部予選,2017-04-23,都立片倉,片倉,穎明館,穎明館,2,2,4,3,https://koko-soccer.com/score/709
2017,総体,都予選 西支部予選,2017-04-23,都立南平,南平,都立拝島,拝島,2,0,,,https://koko-soccer.com/score/709
2017,総体,都予選 西支部予選,2017-04-23,都立東大和,東大和,都立調布北,調布北,0,1,,,https://koko-soccer.com/score/709
2017,総体,都予選 西支部予選,2017-04-23,都立府中西,府中西,昭和一学園,昭和一学園,0,3,,,https://koko-soccer.com/score/709
2017,総体,都予選 西支部予選,2017-04-23,都立上水,上水,都立府中,府中,4,3,,,https://koko-soccer.com/score/709
2017,総体,都予選 西支部予選,2017-04-23,錦城,錦城,都立日野,日野,3,1,,,https://koko-soccer.com/score/709
2017,総体,都予選 西支部予選,2017-04-23,東京電機大高,東京電機大学,都立永山,永山,2,4,,,https://koko-soccer.com/score/709
2017,総体,都予選 西支部予選,2017-04-23,都立松が谷,松が谷,成蹊,成蹊,3,1,,,https://koko-soccer.com/score/709
2017,総体,都予選 西支部予選,2017-04-23,都立昭和,昭和,都立東村山,東村山,5,1,,,https://koko-soccer.com/score/709
2017,総体,都予選 西支部予選,2017-04-23,明星,明星,八王子実践,八王子実践,1,1,5,6,https://koko-soccer.com/score/709
2017,総体,都予選 西支部予選,2017-04-23,法政大高,法政大高,都立小平,小平,1,1,10,9,https://koko-soccer.com/score/709
2017,総体,都予選 西支部予選,2017-04-23,都立府中東,府中東,都立立川国際中等教育学校,立川国際中等教育学校,4,1,,,https://koko-soccer.com/score/709
2017,総体,都予選 西支部予選,2017-04-23,都立多摩工,多摩工,都立武蔵野北,武蔵野北,0,5,,,https://koko-soccer.com/score/709
2017,総体,都予選 西支部予選,2017-04-23,都立八王子北,八王子北,中大附,中大附属,0,1,,,https://koko-soccer.com/score/709
2017,総体,都予選 西支部予選,2017-04-23,多摩大聖ヶ丘,多摩大聖ヶ丘,工学院大附,工学院大附,2,3,,,https://koko-soccer.com/score/709
2017,総体,都予選 西支部予選,2017-04-23,創価,創価,都立神代,神代,8,0,,,https://koko-soccer.com/score/709
2017,総体,都予選 西支部予選,2017-04-23,都立小平西,小平西,都立秋留台,秋留台,0,1,,,https://koko-soccer.com/score/709
2017,総体,都予選 西支部予選,2017-04-23,帝京八王子,帝京八王子,都立多摩科学技術,多摩科学技術,1,1,4,2,https://koko-soccer.com/score/709
2017,総体,都予選 西支部予選,2017-04-23,都立青梅総合,青梅総合,都立翔陽,翔陽,2,1,,,https://koko-soccer.com/score/709
2017,総体,都予選 西支部予選,2017-04-23,都立久留米西,久留米西,桐朋,桐朋,3,0,,,https://koko-soccer.com/score/709
2017,総体,都予選 西支部予選,2017-04-23,拓大一高,拓大一高,都立小金井北,小金井北,0,2,,,https://koko-soccer.com/score/709
2017,総体,都予選 西支部予選,2017-04-23,都立福生,福生,都立日野台,日野台,0,5,,,https://koko-soccer.com/score/709
2017,総体,都予選 西支部予選,2017-04-23,都立五日市,五日市,明大中野八王子,明大中野八王子,0,2,,,https://koko-soccer.com/score/709
2017,総体,都予選 西支部予選,2017-04-23,都立東村山西,東村山西,八王子,八王子,2,1,,,https://koko-soccer.com/score/709
2017,総体,都予選 西支部予選,2017-04-23,帝京大高,帝京大高,都立国立,国立,0,8,,,https://koko-soccer.com/score/709
2017,総体,都予選 西支部予選,2017-04-23,都立立川,立川,都立武蔵村山,武蔵村山,1,2,,,https://koko-soccer.com/score/709
2017,総体,都予選 西支部予選,2017-04-23,都立清瀬,清瀬,都立羽村,羽村,4,0,,,https://koko-soccer.com/score/709
2017,総体,都予選 西支部予選,2017-04-23,明学東村山,明治学院東村山,都立武蔵,都立武蔵,3,0,,,https://koko-soccer.com/score/709
2017,総体,都予選 西支部予選,2017-04-23,都立八王子桑志,八王子桑志,自由学園,自由学園,0,9,,,https://koko-soccer.com/score/709
2017,総体,都予選 西支部予選,2017-04-23,都立多摩,多摩,都立国分寺,国分寺,0,8,,,https://koko-soccer.com/score/709
2017,総体,都予選 西支部予選,2017-04-23,明星学園,明星学園,明法,明法,1,1,3,1,https://koko-soccer.com/score/709
2017,総体,都予選 西支部予選,2017-04-30,都立小平南,小平南,都立三鷹中等教育学校,三鷹中等教育学校,1,1,3,4,https://koko-soccer.com/score/709
2017,総体,都予選 西支部予選,2017-04-30,啓明学園,啓明学園,都立調布南,調布南,0,8,,,https://koko-soccer.com/score/709
2017,総体,都予選 西支部予選,2017-04-30,都立東久留米総合,東久留米総合,都立八王子東,八王子東,3,0,,,https://koko-soccer.com/score/709
2017,総体,都予選 西支部予選,2017-04-30,国際基督教大高,国際基督教大高,都立富士森,富士森,5,1,,,https://koko-soccer.com/score/709
2017,総体,都予選 西支部予選,2017-04-30,大成,大成,都立片倉,片倉,3,1,,,https://koko-soccer.com/score/709
2017,総体,都予選 西支部予選,2017-04-30,東海大菅生,東海大菅生,都立南平,南平,7,0,,,https://koko-soccer.com/score/709
2017,総体,都予選 西支部予選,2017-04-30,都立調布北,調布北,昭和一学園,昭和一学園,1,2,,,https://koko-soccer.com/score/709
2017,総体,都予選 西支部予選,2017-04-30,都立東大和南,東大和南,都立上水,上水,7,1,,,https://koko-soccer.com/score/709
2017,総体,都予選 西支部予選,2017-04-30,錦城,錦城,都立永山,永山,1,1,,,https://koko-soccer.com/score/709
2017,総体,都予選 西支部予選,2017-04-30,都立松が谷,松が谷,都立昭和,昭和,1,0,,,https://koko-soccer.com/score/709
2017,総体,都予選 西支部予選,2017-04-30,八王子実践,八王子実践,法政大高,法政大高,1,9,,,https://koko-soccer.com/score/709
2017,総体,都予選 西支部予選,2017-04-30,都立府中東,府中東,都立武蔵野北,武蔵野北,3,1,,,https://koko-soccer.com/score/709
2017,総体,都予選 西支部予選,2017-04-30,中大附,中大附属,工学院大附,工学院大附,2,1,,,https://koko-soccer.com/score/709
2017,総体,都予選 西支部予選,2017-04-30,創価,創価,都立秋留台,秋留台,13,1,,,https://koko-soccer.com/score/709
2017,総体,都予選 西支部予選,2017-04-30,帝京八王子,帝京八王子,都立青梅総合,青梅総合,7,0,,,https://koko-soccer.com/score/709
2017,総体,都予選 西支部予選,2017-04-30,都立久留米西,久留米西,都立小金井北,小金井北,3,0,,,https://koko-soccer.com/score/709
2017,総体,都予選 西支部予選,2017-04-30,都立日野台,日野台,明大中野八王子,明大中野八王子,1,1,3,1,https://koko-soccer.com/score/709
2017,総体,都予選 西支部予選,2017-04-30,都立東村山西,東村山西,都立国立,国立,1,1,9,8,https://koko-soccer.com/score/709
2017,総体,都予選 西支部予選,2017-04-30,都立武蔵村山,武蔵村山,都立清瀬,清瀬,2,1,,,https://koko-soccer.com/score/709
2017,総体,都予選 西支部予選,2017-04-30,明学東村山,明治学院東村山,自由学園,自由学園,1,0,,,https://koko-soccer.com/score/709
2017,総体,都予選 西支部予選,2017-04-30,都立国分寺,国分寺,明星学園,明星学園,1,0,,,https://koko-soccer.com/score/709
2017,総体,都予選 西支部予選,2017-05-03,都立三鷹中等教育学校,三鷹中等教育学校,都立調布南,調布南,1,2,,,https://koko-soccer.com/score/709
2017,総体,都予選 西支部予選,2017-05-03,都立東久留米総合,東久留米総合,国際基督教大高,国際基督教大高,6,0,,,https://koko-soccer.com/score/709
2017,総体,都予選 西支部予選,2017-05-03,東海大菅生,東海大菅生,昭和一学園,昭和一学園,5,1,,,https://koko-soccer.com/score/709
2017,総体,都予選 西支部予選,2017-05-03,都立東大和南,東大和南,錦城,錦城,4,1,,,https://koko-soccer.com/score/709
2017,総体,都予選 西支部予選,2017-05-03,都立府中東,府中東,中大附,中大附属,11,0,,,https://koko-soccer.com/score/709
2017,総体,都予選 西支部予選,2017-05-03,創価,創価,帝京八王子,帝京八王子,5,0,,,https://koko-soccer.com/score/709
2017,総体,都予選 西支部予選,2017-05-03,都立久留米西,久留米西,都立日野台,日野台,0,3,,,https://koko-soccer.com/score/709
2017,総体,都予選 西支部予選,2017-05-03,都立東村山西,東村山西,都立武蔵村山,武蔵村山,1,0,,,https://koko-soccer.com/score/709
2017,総体,都予選 西支部予選,2017-05-03,明学東村山,明治学院東村山,都立国分寺,国分寺,0,2,,,https://koko-soccer.com/score/709
2017,総体,都予選 西支部予選,2017-05-03,都立松が谷,松が谷,法政大高,法政大高,3,4,,,https://koko-soccer.com/score/709
2017,総体,都予選 西支部予選,2017-05-05,大成,大成,都立調布南,調布南,2,1,,,https://koko-soccer.com/score/709
2017,総体,都予選 中支部予選,2017-04-23,都立白鴎,白鴎,都立小山台,小山台,0,5,,,https://koko-soccer.com/score/706
2017,総体,都予選 中支部予選,2017-04-23,都立美原,美原,朋優学院,朋優学院,2,2,6,5,https://koko-soccer.com/score/706
2017,総体,都予選 中支部予選,2017-04-23,錦城学園,錦城学園,武蔵野,武蔵野,3,1,,,https://koko-soccer.com/score/706
2017,総体,都予選 中支部予選,2017-04-23,区立九段中等教育,九段中等教育,日本ウェルネス,日本ウェルネス,2,0,,,https://koko-soccer.com/score/706
2017,総体,都予選 中支部予選,2017-04-23,都立北豊島工,北豊島工,都立赤羽商,赤羽商,3,1,,,https://koko-soccer.com/score/706
2017,総体,都予選 中支部予選,2017-04-23,海城,海城,正則,正則,2,1,,,https://koko-soccer.com/score/706
2017,総体,都予選 中支部予選,2017-04-23,都立蒲田,蒲田,都立板橋有徳,板橋有徳,2,0,,,https://koko-soccer.com/score/706
2017,総体,都予選 中支部予選,2017-04-23,攻玉社,攻玉社,順天,順天,4,1,,,https://koko-soccer.com/score/706
2017,総体,都予選 中支部予選,2017-04-23,第一商,第一商,都立大山,大山,2,3,,,https://koko-soccer.com/score/706
2017,総体,都予選 中支部予選,2017-04-23,都立大島海洋国際,大島海洋国際,都立戸山,戸山,0,7,,,https://koko-soccer.com/score/706
2017,総体,都予選 中支部予選,2017-04-23,都立八潮,八潮,都立大島,大島,5,2,,,https://koko-soccer.com/score/706
2017,総体,都予選 中支部予選,2017-04-23,東京成徳大高,東京成徳大高,明治学院,明治学院,3,0,,,https://koko-soccer.com/score/706
2017,総体,都予選 中支部予選,2017-04-23,駿台学園,駿台学園,都立八丈,八丈,23,0,,,https://koko-soccer.com/score/706
2017,総体,都予選 中支部予選,2017-04-23,東工大付,東工大付,大智学園,大智学園,4,1,,,https://koko-soccer.com/score/706
2017,総体,都予選 中支部予選,2017-04-23,都立田園調布,田園調布,桜丘,桜丘,3,1,,,https://koko-soccer.com/score/706
2017,総体,都予選 中支部予選,2017-04-23,都立上野,上野,上野学園,上野学園,0,1,,,https://koko-soccer.com/score/706
2017,総体,都予選 中支部予選,2017-04-23,都立三田,三田,都立大森,大森,13,0,,,https://koko-soccer.com/score/706
2017,総体,都予選 中支部予選,2017-04-23,麻布,麻布,芝,芝,1,1,5,4,https://koko-soccer.com/score/706
2017,総体,都予選 中支部予選,2017-04-23,都立日比谷,日比谷,文教大付,文教大付,2,1,,,https://koko-soccer.com/score/706
2017,総体,都予選 中支部予選,2017-04-23,二松学舎大附,二松学舎大附,東洋,東洋,2,0,,,https://koko-soccer.com/score/706
2017,総体,都予選 中支部予選,2017-04-23,日体大荏原,日体大荏原,目白研心,目白研心,2,3,,,https://koko-soccer.com/score/706
2017,総体,都予選 中支部予選,2017-04-23,都立北園,北園,都立雪谷,雪谷,3,0,,,https://koko-soccer.com/score/706
2017,総体,都予選 中支部予選,2017-04-23,広尾学園,広尾学園,國學院,国学院,1,3,,,https://koko-soccer.com/score/706
2017,総体,都予選 中支部予選,2017-04-23,東京,東京,岩倉,岩倉,11,0,,,https://koko-soccer.com/score/706
2017,総体,都予選 中支部予選,2017-04-23,淑徳,淑徳,都立つばさ総合,つばさ総合,1,5,,,https://koko-soccer.com/score/706
2017,総体,都予選 中支部予選,2017-04-23,都立王子総合,王子総合,高輪,高輪,1,2,,,https://koko-soccer.com/score/706
2017,総体,都予選 中支部予選,2017-04-23,立正大立正,立正大立正,青山学院,青山学院,2,2,7,8,https://koko-soccer.com/score/706
2017,総体,都予選 中支部予選,2017-04-23,渋谷教育学園渋谷,渋谷教育学園渋谷,聖学院,聖学院,0,2,,,https://koko-soccer.com/score/706
2017,総体,都予選 中支部予選,2017-04-23,都立板橋,板橋,都立芝商業,芝商業,7,2,,,https://koko-soccer.com/score/706
2017,総体,都予選 中支部予選,2017-04-23,都立大田桜台,大田桜台,都立青山,青山,0,8,,,https://koko-soccer.com/score/706
2017,総体,都予選 中支部予選,2017-04-23,都立大崎,大崎,都立新宿,新宿,1,4,,,https://koko-soccer.com/score/706
2017,総体,都予選 中支部予選,2017-04-23,都立飛鳥,飛鳥,都立広尾,広尾,0,5,,,https://koko-soccer.com/score/706
2017,総体,都予選 中支部予選,2017-04-30,成城,成城,都立小山台,小山台,1,1,2,4,https://koko-soccer.com/score/706
2017,総体,都予選 中支部予選,2017-04-30,都立美原,美原,錦城学園,錦城学園,3,0,,,https://koko-soccer.com/score/706
2017,総体,都予選 中支部予選,2017-04-30,青稜,青稜,区立九段中等教育,九段中等教育,1,1,4,2,https://koko-soccer.com/score/706
2017,総体,都予選 中支部予選,2017-04-30,都立北豊島工,北豊島工,海城,海城,0,1,,,https://koko-soccer.com/score/706
2017,総体,都予選 中支部予選,2017-04-30,城北,城北,都立蒲田,蒲田,6,0,,,https://koko-soccer.com/score/706
2017,総体,都予選 中支部予選,2017-04-30,攻玉社,攻玉社,都立大山,大山,4,0,,,https://koko-soccer.com/score/706
2017,総体,都予選 中支部予選,2017-04-30,大東大一,大東大一,都立戸山,戸山,0,0,,,https://koko-soccer.com/score/706
2017,総体,都予選 中支部予選,2017-04-30,都立八潮,八潮,東京成徳大高,東京成徳大高,0,7,,,https://koko-soccer.com/score/706
2017,総体,都予選 中支部予選,2017-04-30,正則学園,正則学園,都立三田,三田,1,1,,,https://koko-soccer.com/score/706
2017,総体,都予選 中支部予選,2017-04-30,早稲田,早稲田,麻布,麻布,0,1,,,https://koko-soccer.com/score/706
2017,総体,都予選 中支部予選,2017-04-30,都立高島,高島,都立日比谷,日比谷,4,0,,,https://koko-soccer.com/score/706
2017,総体,都予選 中支部予選,2017-04-30,二松学舎大附,二松学舎大附,目白研心,目白研心,1,4,,,https://koko-soccer.com/score/706
2017,総体,都予選 中支部予選,2017-04-30,大森学園,大森学園,都立北園,北園,1,1,4,2,https://koko-soccer.com/score/706
2017,総体,都予選 中支部予選,2017-04-30,國學院,国学院,東京,東京,2,6,,,https://koko-soccer.com/score/706
2017,総体,都予選 中支部予選,2017-04-30,都立つばさ総合,つばさ総合,高輪,高輪,1,1,3,4,https://koko-soccer.com/score/706
2017,総体,都予選 中支部予選,2017-04-30,青山学院,青山学院,聖学院,聖学院,6,0,,,https://koko-soccer.com/score/706
2017,総体,都予選 中支部予選,2017-04-30,都立板橋,板橋,都立青山,青山,1,1,5,6,https://koko-soccer.com/score/706
2017,総体,都予選 中支部予選,2017-04-30,都立新宿,新宿,都立広尾,広尾,4,0,,,https://koko-soccer.com/score/706
2017,総体,都予選 中支部予選,2017-04-30,駿台学園,駿台学園,東工大付,東工大付,7,0,,,https://koko-soccer.com/score/706
2017,総体,都予選 中支部予選,2017-04-30,都立田園調布,田園調布,上野学園,上野学園,1,2,,,https://koko-soccer.com/score/706
2017,総体,都予選 中支部予選,2017-05-03,都立小山台,小山台,都立美原,美原,1,0,,,https://koko-soccer.com/score/706
2017,総体,都予選 中支部予選,2017-05-03,青稜,青稜,海城,海城,1,1,2,3,https://koko-soccer.com/score/706
2017,総体,都予選 中支部予選,2017-05-03,城北,城北,攻玉社,攻玉社,1,2,,,https://koko-soccer.com/score/706
2017,総体,都予選 中支部予選,2017-05-03,大東大一,大東大一,東京成徳大高,東京成徳大高,0,2,,,https://koko-soccer.com/score/706
2017,総体,都予選 中支部予選,2017-05-03,大森学園,大森学園,東京,東京,1,2,,,https://koko-soccer.com/score/706
2017,総体,都予選 中支部予選,2017-05-03,正則学園,正則学園,麻布,麻布,0,1,,,https://koko-soccer.com/score/706
2017,総体,都予選 中支部予選,2017-05-03,都立高島,高島,目白研心,目白研心,4,2,,,https://koko-soccer.com/score/706
2017,総体,都予選 中支部予選,2017-05-03,駿台学園,駿台学園,上野学園,上野学園,7,0,,,https://koko-soccer.com/score/706
2017,総体,都予選 中支部予選,2017-05-03,高輪,高輪,青山学院,青山学院,1,2,,,https://koko-soccer.com/score/706
2017,総体,都予選 中支部予選,2017-05-03,都立青山,青山,都立新宿,新宿,2,1,,,https://koko-soccer.com/score/706
2017,選手権,予選,2017-08-14,都立第四商,第四商,都立東村山,東村山,2,7,,,https://koko-soccer.com/score/802
2017,選手権,予選,2017-08-14,都立北豊島工,北豊島工,都立本所,本所,1,1,3,4,https://koko-soccer.com/score/802
2017,選手権,予選,2017-08-14,都立府中西,府中西,都立田園調布,田園調布,2,0,,,https://koko-soccer.com/score/802
2017,選手権,予選,2017-08-14,都立小川,小川,二松学舎大附,二松学舎大附,4,3,,,https://koko-soccer.com/score/802
2017,選手権,予選,2017-08-14,聖徳学園,聖徳学園,立教池袋,立教池袋,0,8,,,https://koko-soccer.com/score/802
2017,選手権,予選,2017-08-14,都立江東商,江東商,都立田無工,田無工,0,5,,,https://koko-soccer.com/score/802
2017,選手権,予選,2017-08-16,中央国際,中央国際,都立国立,国立,1,5,,,https://koko-soccer.com/score/802
2017,選手権,予選,2017-08-16,開成,開成,都立八潮,八潮,4,2,,,https://koko-soccer.com/score/802
2017,選手権,予選,2017-08-16,筑波大附,筑波大学附属,桜丘,桜丘,5,1,,,https://koko-soccer.com/score/802
2017,選手権,予選,2017-08-16,聖学院,聖学院,日大櫻丘,日大櫻丘,1,11,,,https://koko-soccer.com/score/802
2017,選手権,予選,2017-08-16,都立三鷹中等教育学校,三鷹中等教育学校,都立松原,松原,6,1,,,https://koko-soccer.com/score/802
2017,選手権,予選,2017-08-16,都立科学技術,科学技術,都立青梅総合,青梅総合,1,7,,,https://koko-soccer.com/score/802
2017,選手権,予選,2017-08-16,都立葛飾総合,葛飾総合,都立戸山,戸山,2,3,,,https://koko-soccer.com/score/802
2017,選手権,予選,2017-08-16,都立羽村,羽村,大東学園,大東学園,1,1,5,4,https://koko-soccer.com/score/802
2017,選手権,予選,2017-08-16,日体大荏原,日体大荏原,中大附,中大附属,11,1,,,https://koko-soccer.com/score/802
2017,選手権,予選,2017-08-16,日大一,日大一,都立足立新田,足立新田,6,2,,,https://koko-soccer.com/score/802
2017,選手権,予選,2017-08-16,都立小金井北,小金井北,都立大田桜台,大田桜台,4,0,,,https://koko-soccer.com/score/802
2017,選手権,予選,2017-08-16,都立足立西,足立西,宝仙学園,宝仙学園,0,2,,,https://koko-soccer.com/score/802
2017,選手権,予選,2017-08-16,都立東大和,東大和,共栄学園,共栄学園,3,0,,,https://koko-soccer.com/score/802
2017,選手権,予選,2017-08-16,朋優学院,朋優学院,芝,芝,0,0,4,3,https://koko-soccer.com/score/802
2017,選手権,予選,2017-08-16,中 央 学 院 大 中 央,中央学院大学中央,桐朋,桐朋,0,4,,,https://koko-soccer.com/score/802
2017,選手権,予選,2017-08-16,都立竹台,竹台,都立小松川,小松川,0,4,,,https://koko-soccer.com/score/802
2017,選手権,予選,2017-08-16,自由学園,自由学園,淑徳巣鴨,淑徳巣鴨,0,4,,,https://koko-soccer.com/score/802
2017,選手権,予選,2017-08-16,都立国際,国際,啓明学園,啓明学園,2,1,,,https://koko-soccer.com/score/802
2017,選手権,予選,2017-08-16,都立練馬,練馬,都立八王子北,八王子北,1,5,,,https://koko-soccer.com/score/802
2017,選手権,予選,2017-08-16,東京電機大高,東京電機大学,都立田無,田無,0,3,,,https://koko-soccer.com/score/802
2017,選手権,予選,2017-08-16,八王子,八王子,上野学園,上野学園,12,0,,,https://koko-soccer.com/score/802
2017,選手権,予選,2017-08-16,都立府中,府中,昭和一学園,昭和一学園,0,2,,,https://koko-soccer.com/score/802
2017,選手権,予選,2017-08-16,工学院大附,工学院大附,都立拝島,拝島,4,2,,,https://koko-soccer.com/score/802
2017,選手権,予選,2017-08-16,都立広尾,広尾,都立松が谷,松が谷,0,8,,,https://koko-soccer.com/score/802
2017,選手権,予選,2017-08-16,拓大一高,拓大一高,都立目黒,目黒,4,2,,,https://koko-soccer.com/score/802
2017,選手権,予選,2017-08-16,都立八丈,八丈,都立農芸,農芸,6,2,,,https://koko-soccer.com/score/802
2017,選手権,予選,2017-08-16,都立橘,橘,青稜,青稜,0,4,,,https://koko-soccer.com/score/802
2017,選手権,予選,2017-08-16,都立大島,大島,第一商,第一商,1,7,,,https://koko-soccer.com/score/802
2017,選手権,予選,2017-08-16,都立竹早,竹早,都立武蔵丘,武蔵丘,1,4,,,https://koko-soccer.com/score/802
2017,選手権,予選,2017-08-16,都立武蔵,都立武蔵,巣鴨,巣鴨,5,1,,,https://koko-soccer.com/score/802
2017,選手権,予選,2017-08-16,都立町田工,町田工,都立調布南,調布南,1,10,,,https://koko-soccer.com/score/802
2017,選手権,予選,2017-08-16,都立深川,深川,都立片倉,片倉,0,0,4,5,https://koko-soccer.com/score/802
2017,選手権,予選,2017-08-16,成蹊,成蹊,都立光丘,光丘,0,2,,,https://koko-soccer.com/score/802
2017,選手権,予選,2017-08-16,世田谷学園,世田谷学園,帝京八王子,帝京八王子,0,3,,,https://koko-soccer.com/score/802
2017,選手権,予選,2017-08-16,本郷,本郷,三田国際,三田国際,12,0,,,https://koko-soccer.com/score/802
2017,選手権,予選,2017-08-16,獨協,獨協,都立日本橋,日本橋,0,1,,,https://koko-soccer.com/score/802
2017,選手権,予選,2017-08-16,明星学園,明星学園,都立若葉総合,若葉総合,6,0,,,https://koko-soccer.com/score/802
2017,選手権,予選,2017-08-16,淑徳,淑徳,東京学芸大附,東京学芸大附,1,3,,,https://koko-soccer.com/score/802
2017,選手権,予選,2017-08-16,成城学園,成城学園,國學院,国学院,4,0,,,https://koko-soccer.com/score/802
2017,選手権,予選,2017-08-16,都立小石川中等教育学校,小石川中等教育学校,都立日野,日野,2,4,,,https://koko-soccer.com/score/802
2017,選手権,予選,2017-08-16,穎明館,穎明館,日出,日出,4,2,,,https://koko-soccer.com/score/802
2017,選手権,予選,2017-08-16,都立富士,富士,都立武蔵村山,武蔵村山,0,3,,,https://koko-soccer.com/score/802
2017,選手権,予選,2017-08-16,青山学院,青山学院,都立杉並工,杉並工,6,0,,,https://koko-soccer.com/score/802
2017,選手権,予選,2017-08-16,明法,明法,都立昭和,昭和,2,0,,,https://koko-soccer.com/score/802
2017,選手権,予選,2017-08-16,都立荒川工,荒川工,都立富士森,富士森,2,6,,,https://koko-soccer.com/score/802
2017,選手権,予選,2017-08-16,都立三田,三田,都立久留米西,久留米西,0,7,,,https://koko-soccer.com/score/802
2017,選手権,予選,2017-08-16,海城,海城,都立秋留台,秋留台,8,0,,,https://koko-soccer.com/score/802
2017,選手権,予選,2017-08-16,都立立川,立川,高輪,高輪,0,0,2,4,https://koko-soccer.com/score/802
2017,選手権,予選,2017-08-16,東亜学園,東亜学園,明治学院,明治学院,2,1,,,https://koko-soccer.com/score/802
2017,選手権,予選,2017-08-16,大智学園,大智学園,都立多摩,多摩,1,1,3,4,https://koko-soccer.com/score/802
2017,選手権,予選,2017-08-16,国際基督教大高,国際基督教大高,明星,明星,2,2,4,5,https://koko-soccer.com/score/802
2017,選手権,予選,2017-08-16,都立両国,両国,昭和一,昭和一,1,12,,,https://koko-soccer.com/score/802
2017,選手権,予選,2017-08-16,都立東村山西,東村山西,都立立川国際中等教育学校,立川国際中等教育学校,1,1,4,1,https://koko-soccer.com/score/802
2017,選手権,予選,2017-08-16,都立翔陽,翔陽,城西大城西,城西大城西,0,0,1,3,https://koko-soccer.com/score/802
2017,選手権,予選,2017-08-16,都立武蔵野北,武蔵野北,城北,城北,0,2,,,https://koko-soccer.com/score/802
2017,選手権,予選,2017-08-16,都立保谷,保谷,都立上水,上水,10,0,,,https://koko-soccer.com/score/802
2017,選手権,予選,2017-08-16,都立永山,永山,都立小平,小平,3,0,,,https://koko-soccer.com/score/802
2017,選手権,予選,2017-08-16,大森学園,大森学園,都立府中工,府中工科,16,0,,,https://koko-soccer.com/score/802
2017,選手権,予選,2017-08-16,都立白鴎,白鴎,日大三,日大三,0,11,,,https://koko-soccer.com/score/802
2017,選手権,予選,2017-08-16,駒込,駒込,京華商,京華商,9,0,,,https://koko-soccer.com/score/802
2017,選手権,予選,2017-08-16,都立町田総合,町田総合,豊島学院,豊島学院,1,2,,,https://koko-soccer.com/score/802
2017,選手権,予選,2017-08-16,武蔵,武蔵,広尾学園,広尾学園,17,0,,,https://koko-soccer.com/score/802
2017,選手権,予選,2017-08-16,都立西,西,都立鷺宮,鷺宮,1,3,,,https://koko-soccer.com/score/802
2017,選手権,予選,2017-08-16,駿台学園,駿台学園,大原学園,大原学園,9,0,,,https://koko-soccer.com/score/802
2017,選手権,予選,2017-08-16,都立大島海洋国際,大島海洋国際,都立八王子東,八王子東,2,1,,,https://koko-soccer.com/score/802
2017,選手権,予選,2017-08-16,東洋大京北,東洋大京北,錦城学園,錦城学園,2,2,4,5,https://koko-soccer.com/score/802
2017,選手権,予選,2017-08-16,成城,成城,都立大泉,大泉,2,2,5,3,https://koko-soccer.com/score/802
2017,選手権,予選,2017-08-16,都立五日市,五日市,都立神代,神代,0,3,,,https://koko-soccer.com/score/802
2017,選手権,予選,2017-08-16,都立大崎,大崎,都立小平西,小平西,0,4,,,https://koko-soccer.com/score/802
2017,選手権,予選,2017-08-16,創価,創価,東京工業高専,東京工業高専,16,0,,,https://koko-soccer.com/score/802
2017,選手権,予選,2017-08-16,都立千早,千早,正則学園,正則学園,0,10,,,https://koko-soccer.com/score/802
2017,選手権,予選,2017-08-16,法政大高,法政大高,立志舎,立志舎,18,0,,,https://koko-soccer.com/score/802
2017,選手権,予選,2017-08-16,学習院,学習院,都立田柄,田柄,10,0,,,https://koko-soccer.com/score/802
2017,選手権,予選,2017-08-16,都立板橋,板橋,都立板橋有徳,板橋有徳,9,1,,,https://koko-soccer.com/score/802
2017,選手権,予選,2017-08-16,東京都市大付,都市大付,都立墨田工,墨田工,7,2,,,https://koko-soccer.com/score/802
2017,選手権,予選,2017-08-16,学芸大国際,学芸大国際,都立王子総合,王子総合,1,1,4,2,https://koko-soccer.com/score/802
2017,選手権,予選,2017-08-16,和光,和光,都立美原,美原,0,0,5,4,https://koko-soccer.com/score/802
2017,選手権,予選,2017-08-16,都立府中東,府中東,都立多摩科学技術,多摩科学技術,14,0,,,https://koko-soccer.com/score/802
2017,選手権,予選,2017-08-16,明大中野八王子,明大中野八王子,文教大付,文教大付,8,0,,,https://koko-soccer.com/score/802
2017,選手権,予選,2017-08-16,都立国分寺,国分寺,東大附,東大附属,2,0,,,https://koko-soccer.com/score/802
2017,選手権,予選,2017-08-16,八王子実践,八王子実践,日大二,日大二,0,3,,,https://koko-soccer.com/score/802
2017,選手権,予選,2017-08-16,帝京大高,帝京大高,都立杉並総合,杉並総合,1,9,,,https://koko-soccer.com/score/802
2017,選手権,予選,2017-08-16,多摩大目黒,多摩大学目黒,日工大駒場,日工大駒場,11,0,,,https://koko-soccer.com/score/802
2017,選手権,予選,2017-08-16,多摩大聖ヶ丘,多摩大聖ヶ丘,都立篠崎,篠崎,0,0,4,2,https://koko-soccer.com/score/802
2017,選手権,予選,2017-08-16,都立赤羽商,赤羽商,都立多摩工,多摩工,1,1,3,2,https://koko-soccer.com/score/802
2017,選手権,予選,2017-08-16,東農大一,農大一,都立南平,南平,9,0,,,https://koko-soccer.com/score/802
2017,選手権,予選,2017-08-16,都立日比谷,日比谷,都立石神井,石神井,0,4,,,https://koko-soccer.com/score/802
2017,選手権,予選,2017-08-16,東工大付,東工大付,錦城,錦城,2,3,,,https://koko-soccer.com/score/802
2017,選手権,予選,2017-08-16,武蔵野,武蔵野,駒場学園,駒場学園,0,5,,,https://koko-soccer.com/score/802
2017,選手権,予選,2017-08-16,麻布,麻布,都立つばさ総合,つばさ総合,2,0,,,https://koko-soccer.com/score/802
2017,選手権,予選,2017-08-16,都立足立,足立,都立清瀬,清瀬,0,2,,,https://koko-soccer.com/score/802
2017,選手権,予選,2017-08-16,中大杉並,中大杉並,貞静学園,貞静学園,13,0,,,https://koko-soccer.com/score/802
2017,選手権,予選,2017-08-16,都立杉並,杉並,大東大一,大東大一,0,2,,,https://koko-soccer.com/score/802
2017,選手権,予選,2017-08-16,都立福生,福生,都立淵江,淵江,7,1,,,https://koko-soccer.com/score/802
2017,選手権,予選,2017-08-16,正則,正則,日本学園,日本学園,1,7,,,https://koko-soccer.com/score/802
2017,選手権,予選,2017-08-16,立正大立正,立正大立正,東洋,東洋,3,0,,,https://koko-soccer.com/score/802
2017,選手権,予選,2017-08-17,都立桜修館,桜修館中等,玉川学園,玉川学園,3,3,5,4,https://koko-soccer.com/score/802
2017,選手権,予選,2017-08-17,都立三商,三商,都立千歳丘,千歳丘,0,1,,,https://koko-soccer.com/score/802
2017,選手権,予選,2017-08-17,芝浦工大高,芝浦工大高,佼成学園,佼成学園,1,0,,,https://koko-soccer.com/score/802
2017,選手権,予選,2017-08-17,日本ウェルネス,日本ウェルネス,都立小岩,小岩,1,8,,,https://koko-soccer.com/score/802
2017,選手権,予選,2017-08-17,都立山崎,山崎,都立科学技術,科学技術,14,1,,,https://koko-soccer.com/score/802
2017,選手権,予選,2017-08-17,目黒学院,目黒学院,都立紅葉川,紅葉川,1,4,,,https://koko-soccer.com/score/802
2017,選手権,予選,2017-08-17,明大中野,明大中野,都立芦花,芦花,3,0,,,https://koko-soccer.com/score/802
2017,選手権,予選,2017-08-17,都立向丘,向丘,都立青井,青井,4,1,,,https://koko-soccer.com/score/802
2017,選手権,予選,2017-08-17,都立中野工,中野工,都立葛飾商,葛飾商,0,6,,,https://koko-soccer.com/score/802
2017,選手権,予選,2017-08-17,都立文京,文京,都立世田谷総合,世田谷総合,8,1,,,https://koko-soccer.com/score/802
2017,選手権,予選,2017-08-17,杉並学院,杉並学院,都立豊島,豊島,0,1,,,https://koko-soccer.com/score/802
2017,選手権,予選,2017-08-17,都立青山,青山,都立蒲田,蒲田,1,0,,,https://koko-soccer.com/score/802
2017,選手権,予選,2017-08-17,区立九段中等教育,九段中等教育,早稲田,早稲田,0,6,,,https://koko-soccer.com/score/802
2017,選手権,予選,2017-08-17,岩倉,岩倉,中大附,中大附属,0,9,,,https://koko-soccer.com/score/802
2017,選手権,予選,2017-08-17,都立深沢,深沢,都立足立東,足立東,2,2,4,2,https://koko-soccer.com/score/802
2017,選手権,予選,2017-08-17,都立豊多摩,豊多摩,都立六郷工科,六郷工科,16,0,,,https://koko-soccer.com/score/802
2017,選手権,予選,2017-08-17,郁文館,郁文館,都立野津田,野津田,0,2,,,https://koko-soccer.com/score/802
2017,選手権,予選,2017-08-17,都立南葛飾,南葛飾,都立小平南,小平南,0,1,,,https://koko-soccer.com/score/802
2017,選手権,予選,2017-08-17,都立練馬工,練馬工,かえつ有明,かえつ有明,0,6,,,https://koko-soccer.com/score/802
2017,選手権,予選,2017-08-17,都立町田,町田,都立江戸川,江戸川,0,3,,,https://koko-soccer.com/score/802
2017,選手権,予選,2017-08-17,都立東,東,都立芝商業,芝商業,9,0,,,https://koko-soccer.com/score/802
2017,選手権,予選,2017-08-17,渋谷教育学園渋谷,渋谷教育学園渋谷,都立桜町,桜町,0,4,,,https://koko-soccer.com/score/802
2017,選手権,予選,2017-08-17,都立墨田川,墨田川,都立新宿,新宿,1,0,,,https://koko-soccer.com/score/802
2017,選手権,予選,2017-08-17,都立飛鳥,飛鳥,都立総合工科,総合工科,2,2,3,4,https://koko-soccer.com/score/802
2017,選手権,予選,2017-08-17,都立雪谷,雪谷,都立江北,江北,0,3,,,https://koko-soccer.com/score/802
2017,選手権,予選,2017-08-17,目白研心,目白研心,都立上野,上野,1,0,,,https://koko-soccer.com/score/802
2017,選手権,予選,2017-08-17,東京立正,東京立正,都立葛西南,葛西南,2,1,,,https://koko-soccer.com/score/802
2017,選手権,予選,2017-08-17,桜美林,桜美林,都立大森,大森,7,0,,,https://koko-soccer.com/score/802
2017,選手権,予選,2017-08-17,都立小山台,小山台,都立成瀬,成瀬,1,1,3,5,https://koko-soccer.com/score/802
2017,選手権,予選,2017-08-17,自由ヶ丘学園,自由ヶ丘学園,都立大山,大山,1,9,,,https://koko-soccer.com/score/802
2017,選手権,予選,2017-08-17,日大鶴ヶ丘,日大鶴ヶ丘,東京都市大等々力,東京都市大等々力,4,1,,,https://koko-soccer.com/score/802
2017,選手権,予選,2017-08-17,豊南,豊南,筑波大附,筑波大学附属,7,4,,,https://koko-soccer.com/score/802
2017,選手権,予選,2017-08-17,都立調布北,調布北,都立葛飾野,葛飾野,0,6,,,https://koko-soccer.com/score/802
2017,選手権,予選,2017-08-18,保善,保善,都立国立,国立,1,1,4,5,https://koko-soccer.com/score/802
2017,選手権,予選,2017-08-18,開成,開成,筑波大附,筑波大学附属,1,1,2,3,https://koko-soccer.com/score/802
2017,選手権,予選,2017-08-18,都立駒場,駒場,日大桜丘,日大櫻丘,10,1,,,https://koko-soccer.com/score/802
2017,選手権,予選,2017-08-18,都立三鷹中等教育学校,三鷹中等教育学校,都立青梅総合,青梅総合,9,0,,,https://koko-soccer.com/score/802
2017,選手権,予選,2017-08-18,都立高島,高島,都立戸山,戸山,6,0,,,https://koko-soccer.com/score/802
2017,選手権,予選,2017-08-18,都立羽村,羽村,日体大荏原,日体大荏原,2,7,,,https://koko-soccer.com/score/802
2017,選手権,予選,2017-08-18,早大学院,早大学院,日大一,日大一,9,0,,,https://koko-soccer.com/score/802
2017,選手権,予選,2017-08-18,都立桜修館,桜修館中等,都立小金井北,小金井北,0,3,,,https://koko-soccer.com/score/802
2017,選手権,予選,2017-08-18,都立狛江,狛江,都立千歳丘,千歳丘,7,1,,,https://koko-soccer.com/score/802
2017,選手権,予選,2017-08-18,宝仙学園,宝仙学園,都立東大和,東大和,0,9,,,https://koko-soccer.com/score/802
2017,選手権,予選,2017-08-18,修徳,修徳,芝浦工大高,芝浦工大高,7,0,,,https://koko-soccer.com/score/802
2017,選手権,予選,2017-08-18,朋優学院,朋優学院,都立小岩,小岩,1,7,,,https://koko-soccer.com/score/802
2017,選手権,予選,2017-08-18,都立東大和南,東大和南,桐朋,桐朋,5,0,,,https://koko-soccer.com/score/802
2017,選手権,予選,2017-08-18,都立小松川,小松川,淑徳巣鴨,淑徳巣鴨,1,0,,,https://koko-soccer.com/score/802
2017,選手権,予選,2017-08-18,明大明治,明大明治,都立国際,国際,6,0,,,https://koko-soccer.com/score/802
2017,選手権,予選,2017-08-18,都立八王子北,八王子北,明学東村山,明治学院東村山,2,2,,,https://koko-soccer.com/score/802
2017,選手権,予選,2017-08-18,専修大附,専修大附,都立東村山,東村山,5,1,,,https://koko-soccer.com/score/802
2017,選手権,予選,2017-08-18,都立田無,田無,八王子,八王子,0,2,,,https://koko-soccer.com/score/802
2017,選手権,予選,2017-08-18,日大豊山,日大豊山,安田学園,安田学園,2,0,,,https://koko-soccer.com/score/802
2017,選手権,予選,2017-08-18,都立山崎,山崎,昭和一学園,昭和一学園,3,3,4,5,https://koko-soccer.com/score/802
2017,選手権,予選,2017-08-18,足立学園,足立学園,都立本所,本所,2,0,,,https://koko-soccer.com/score/802
2017,選手権,予選,2017-08-18,工学院大附,工学院大附,都立松が谷,松が谷,0,4,,,https://koko-soccer.com/score/802
2017,選手権,予選,2017-08-18,京華,京華,拓大一高,拓大一高,1,2,,,https://koko-soccer.com/score/802
2017,選手権,予選,2017-08-18,都立八丈,八丈,青稜,青稜,3,4,,,https://koko-soccer.com/score/802
2017,選手権,予選,2017-08-18,攻玉社,攻玉社,都立府中西,府中西,4,0,,,https://koko-soccer.com/score/802
2017,選手権,予選,2017-08-18,第一商,第一商,都立武蔵丘,武蔵丘,1,5,,,https://koko-soccer.com/score/802
2017,選手権,予選,2017-08-18,東京,東京,都立小川,小川,9,0,,,https://koko-soccer.com/score/802
2017,選手権,予選,2017-08-18,都立武蔵,都立武蔵,都立調布南,調布南,1,11,,,https://koko-soccer.com/score/802
2017,選手権,予選,2017-08-18,東京成徳大高,東京成徳大高,立教池袋,立教池袋,2,3,,,https://koko-soccer.com/score/802
2017,選手権,予選,2017-08-18,都立片倉,片倉,都立紅葉川,紅葉川,4,1,,,https://koko-soccer.com/score/802
2017,選手権,予選,2017-08-18,都立日野台,日野台,都立田無工,田無工,17,0,,,https://koko-soccer.com/score/802
2017,選手権,予選,2017-08-18,都立光丘,光丘,帝京八王子,帝京八王子,0,1,,,https://koko-soccer.com/score/802
2017,選手権,予選,2017-08-18,本郷,本郷,都立日本橋,日本橋,5,0,,,https://koko-soccer.com/score/802
2017,選手権,予選,2017-08-18,明星学園,明星学園,東京学芸大附,東京学芸大附,3,0,,,https://koko-soccer.com/score/802
2017,選手権,予選,2017-08-18,成城学園,成城学園,都立日野,日野,2,0,,,https://koko-soccer.com/score/802
2017,選手権,予選,2017-08-18,穎明館,穎明館,都立武蔵村山,武蔵村山,3,3,6,7,https://koko-soccer.com/score/802
2017,選手権,予選,2017-08-18,青山学院,青山学院,明法,明法,0,2,,,https://koko-soccer.com/score/802
2017,選手権,予選,2017-08-18,都立富士森,富士森,都立久留米西,久留米西,0,5,,,https://koko-soccer.com/score/802
2017,選手権,予選,2017-08-18,海城,海城,明大中野,明大中野,1,2,,,https://koko-soccer.com/score/802
2017,選手権,予選,2017-08-18,都立向丘,向丘,高輪,高輪,2,1,,,https://koko-soccer.com/score/802
2017,選手権,予選,2017-08-18,東亜学園,東亜学園,都立多摩,多摩,8,0,,,https://koko-soccer.com/score/802
2017,選手権,予選,2017-08-18,明星,明星,昭和一,昭和一,1,2,,,https://koko-soccer.com/score/802
2017,選手権,予選,2017-08-18,都立東村山西,東村山西,城西大城西,城西大城西,3,0,,,https://koko-soccer.com/score/802
2017,選手権,予選,2017-08-18,都立葛飾商,葛飾商,城北,城北,1,3,,,https://koko-soccer.com/score/802
2017,選手権,予選,2017-08-18,都立保谷,保谷,都立永山,永山,3,0,,,https://koko-soccer.com/score/802
2017,選手権,予選,2017-08-18,大森学園,大森学園,日大三,日大三,3,1,,,https://koko-soccer.com/score/802
2017,選手権,予選,2017-08-18,駒込,駒込,豊島学院,豊島学院,1,1,4,5,https://koko-soccer.com/score/802
2017,選手権,予選,2017-08-18,武蔵,武蔵,都立鷺宮,鷺宮,1,0,,,https://koko-soccer.com/score/802
2017,選手権,予選,2017-08-18,駿台学園,駿台学園,都立大島海洋国際,大島海洋国際,15,0,,,https://koko-soccer.com/score/802
2017,選手権,予選,2017-08-18,錦城学園,錦城学園,成城,成城,0,5,,,https://koko-soccer.com/score/802
2017,選手権,予選,2017-08-18,都立文京,文京,都立神代,神代,0,4,,,https://koko-soccer.com/score/802
2017,選手権,予選,2017-08-18,都立北園,北園,都立豊島,豊島,0,4,,,https://koko-soccer.com/score/802
2017,選手権,予選,2017-08-18,都立青山,青山,都立小平西,小平西,4,0,,,https://koko-soccer.com/score/802
2017,選手権,予選,2017-08-18,早稲田,早稲田,中大附,中大附属,1,1,3,4,https://koko-soccer.com/score/802
2017,選手権,予選,2017-08-18,創価,創価,都立深沢,深沢,6,0,,,https://koko-soccer.com/score/802
2017,選手権,予選,2017-08-18,都立豊多摩,豊多摩,正則学園,正則学園,0,8,,,https://koko-soccer.com/score/802
2017,選手権,予選,2017-08-18,法政大高,法政大高,都立野津田,野津田,1,5,,,https://koko-soccer.com/score/802
2017,選手権,予選,2017-08-18,都立小平南,小平南,かえつ有明,かえつ有明,0,4,,,https://koko-soccer.com/score/802
2017,選手権,予選,2017-08-18,学習院,学習院,都立板橋,板橋,9,1,,,https://koko-soccer.com/score/802
2017,選手権,予選,2017-08-18,東京都市大付,都市大付,都立荒川商,荒川商,2,6,,,https://koko-soccer.com/score/802
2017,選手権,予選,2017-08-18,都立江戸川,江戸川,都立東,東,0,2,,,https://koko-soccer.com/score/802
2017,選手権,予選,2017-08-18,学芸大国際,学芸大国際,和光,和光,3,0,,,https://koko-soccer.com/score/802
2017,選手権,予選,2017-08-18,都立府中東,府中東,明大中野八王子,明大中野八王子,6,0,,,https://koko-soccer.com/score/802
2017,選手権,予選,2017-08-18,都立桜町,桜町,都立墨田川,墨田川,0,4,,,https://koko-soccer.com/score/802
2017,選手権,予選,2017-08-18,都立国分寺,国分寺,日大二,日大二,2,0,,,https://koko-soccer.com/score/802
2017,選手権,予選,2017-08-18,都立総合工科,総合工科,都立杉並総合,杉並総合,1,1,5,6,https://koko-soccer.com/score/802
2017,選手権,予選,2017-08-18,多摩大目黒,多摩大学目黒,多摩大聖ヶ丘,多摩大聖ヶ丘,2,0,,,https://koko-soccer.com/score/802
2017,選手権,予選,2017-08-18,都立赤羽商,赤羽商,都立江北,江北,0,4,,,https://koko-soccer.com/score/802
2017,選手権,予選,2017-08-18,東農大一,農大一,都立石神井,石神井,0,1,,,https://koko-soccer.com/score/802
2017,選手権,予選,2017-08-18,目白研心,目白研心,錦城,錦城,4,2,,,https://koko-soccer.com/score/802
2017,選手権,予選,2017-08-18,都立城東,城東,東京立正,東京立正,6,0,,,https://koko-soccer.com/score/802
2017,選手権,予選,2017-08-18,桜美林,桜美林,駒場学園,駒場学園,1,0,,,https://koko-soccer.com/score/802
2017,選手権,予選,2017-08-18,麻布,麻布,都立清瀬,清瀬,1,0,,,https://koko-soccer.com/score/802
2017,選手権,予選,2017-08-18,中大杉並,中大杉並,大東大一,大東大一,1,1,3,4,https://koko-soccer.com/score/802
2017,選手権,予選,2017-08-18,都立成瀬,成瀬,都立大山,大山,1,4,,,https://koko-soccer.com/score/802
2017,選手権,予選,2017-08-18,都立福生,福生,日本学園,日本学園,0,2,,,https://koko-soccer.com/score/802
2017,選手権,予選,2017-08-18,日大鶴ヶ丘,日大鶴ヶ丘,立正大立正,立正大立正,1,0,,,https://koko-soccer.com/score/802
2017,選手権,予選,2017-08-18,豊南,豊南,都立葛飾野,葛飾野,0,11,,,https://koko-soccer.com/score/802
2017,選手権,予選,2017-08-20,早大学院,早大学院,都立小金井北,小金井北,6,0,,,https://koko-soccer.com/score/802
2017,選手権,予選,2017-08-20,明大明治,明大明治,都立八王子北,八王子北,5,1,,,https://koko-soccer.com/score/802
2017,選手権,予選,2017-08-20,拓大一高,拓大一高,青稜,青稜,6,1,,,https://koko-soccer.com/score/802
2017,選手権,予選,2017-08-20,攻玉社,攻玉社,都立武蔵丘,武蔵丘,1,2,,,https://koko-soccer.com/score/802
2017,選手権,予選,2017-08-20,東京,東京,都立調布南,調布南,0,1,,,https://koko-soccer.com/score/802
2017,選手権,予選,2017-08-20,本郷,本郷,明星学園,明星学園,3,1,,,https://koko-soccer.com/score/802
2017,選手権,予選,2017-08-20,都立府中東,府中東,都立墨田川,墨田川,5,1,,,https://koko-soccer.com/score/802
2017,選手権,予選,2017-08-20,都立国分寺,国分寺,都立杉並総合,杉並総合,7,0,,,https://koko-soccer.com/score/802
2017,選手権,予選,2017-08-20,多摩大目黒,多摩大学目黒,都立江北,江北,5,0,,,https://koko-soccer.com/score/802
2017,選手権,予選,2017-08-20,都立城東,城東,桜美林,桜美林,0,0,5,3,https://koko-soccer.com/score/802
2017,選手権,予選,2017-08-20,麻布,麻布,大東大一,大東大一,0,2,,,https://koko-soccer.com/score/802
2017,選手権,予選,2017-08-20,都立大山,大山,日本学園,日本学園,0,8,,,https://koko-soccer.com/score/802
2017,選手権,予選,2017-08-20,日大鶴ヶ丘,日大鶴ヶ丘,都立葛飾野,葛飾野,2,1,,,https://koko-soccer.com/score/802
2017,選手権,予選,2017-08-20,明大中野,明大中野,都立向丘,向丘,4,3,,,https://koko-soccer.com/score/802
2017,選手権,予選,2017-08-20,成城学園,成城学園,都立武蔵村山,武蔵村山,3,2,,,https://koko-soccer.com/score/802
2017,選手権,予選,2017-08-20,東亜学園,東亜学園,昭和一,昭和一,3,2,,,https://koko-soccer.com/score/802
2017,選手権,予選,2017-08-20,都立保谷,保谷,大森学園,大森学園,0,1,,,https://koko-soccer.com/score/802
2017,選手権,予選,2017-08-20,豊島学院,豊島学院,武蔵,武蔵,1,2,,,https://koko-soccer.com/score/802
2017,選手権,予選,2017-08-20,都立神代,神代,都立豊島,豊島,0,0,6,5,https://koko-soccer.com/score/802
2017,選手権,予選,2017-08-20,創価,創価,正則学園,正則学園,4,2,,,https://koko-soccer.com/score/802
2017,選手権,予選,2017-08-20,都立野津田,野津田,かえつ有明,かえつ有明,0,5,,,https://koko-soccer.com/score/802
2017,選手権,予選,2017-08-21,都立駒場,駒場,都立三鷹中等教育学校,三鷹中等教育学校,2,2,5,4,https://koko-soccer.com/score/802
2017,選手権,予選,2017-08-21,都立高島,高島,日体大荏原,日体大荏原,0,3,,,https://koko-soccer.com/score/802
2017,選手権,予選,2017-08-21,都立狛江,狛江,都立東大和,東大和,4,0,,,https://koko-soccer.com/score/802
2017,選手権,予選,2017-08-21,修徳,修徳,都立小岩,小岩,9,0,,,https://koko-soccer.com/score/802
2017,選手権,予選,2017-08-21,都立東大和南,東大和南,都立小松川,小松川,4,0,,,https://koko-soccer.com/score/802
2017,選手権,予選,2017-08-21,日大豊山,日大豊山,昭和一学園,昭和一学園,2,0,,,https://koko-soccer.com/score/802
2017,選手権,予選,2017-08-21,足立学園,足立学園,都立松が谷,松が谷,1,0,,,https://koko-soccer.com/score/802
2017,選手権,予選,2017-08-21,立教池袋,立教池袋,都立片倉,片倉,2,0,,,https://koko-soccer.com/score/802
2017,選手権,予選,2017-08-21,都立東,東,学芸大国際,学芸大国際,3,0,,,https://koko-soccer.com/score/802
2017,選手権,予選,2017-08-21,学習院,学習院,都立荒川商,荒川商,7,0,,,https://koko-soccer.com/score/802
2017,選手権,予選,2017-08-21,都立石神井,石神井,目白研心,目白研心,2,1,,,https://koko-soccer.com/score/802
2017,選手権,予選,2017-08-21,都立青山,青山,中大附,中大附属,2,3,,,https://koko-soccer.com/score/802
2017,選手権,予選,2017-08-21,駿台学園,駿台学園,成城,成城,4,1,,,https://koko-soccer.com/score/802
2017,選手権,予選,2017-08-21,都立東村山西,東村山西,城北,城北,0,1,,,https://koko-soccer.com/score/802
2017,選手権,予選,2017-08-21,明法,明法,都立久留米西,久留米西,0,3,,,https://koko-soccer.com/score/802
2017,選手権,予選,2017-08-21,都立日野台,日野台,帝京八王子,帝京八王子,8,1,,,https://koko-soccer.com/score/802
2017,選手権,予選,2017-08-21,都立国立,国立,筑波大附,筑波大学附属,5,0,,,https://koko-soccer.com/score/802
2017,選手権,予選,2017-08-21,専修大附,専修大附,八王子,八王子,3,2,,,https://koko-soccer.com/score/802
2017,選手権,予選,2017-10-14,東亜学園,東亜学園,駒場東邦,駒場東邦,3,1,,,https://koko-soccer.com/score/802
2017,選手権,予選,2017-10-14,都立久留米西,久留米西,都立駒場,駒場,1,4,,,https://koko-soccer.com/score/802
2017,選手権,予選,2017-10-14,暁星高等学校,暁星,立教池袋,立教池袋,6,0,,,https://koko-soccer.com/score/802
2017,選手権,予選,2017-10-14,大森学園,大森学園,明大中野,明大中野,4,0,,,https://koko-soccer.com/score/802
2017,選手権,予選,2017-10-14,東京実業,東京実業,都立国分寺,国分寺,3,1,,,https://koko-soccer.com/score/802
2017,選手権,予選,2017-10-14,専修大附,専修大附,創価,創価,3,4,,,https://koko-soccer.com/score/802
2017,選手権,予選,2017-10-14,大東大一,大東大一,本郷,本郷,3,4,,,https://koko-soccer.com/score/802
2017,選手権,予選,2017-10-14,国士舘,国士舘,学習院,学習院,2,0,,,https://koko-soccer.com/score/802
2017,選手権,予選,2017-10-15,日大鶴ヶ丘,日大鶴ヶ丘,都立石神井,石神井,2,1,,,https://koko-soccer.com/score/802
2017,選手権,予選,2017-10-15,都立国立,国立,武蔵,武蔵,3,1,,,https://koko-soccer.com/score/802
2017,選手権,予選,2017-10-15,大成,大成,都立神代,神代,4,0,,,https://koko-soccer.com/score/802
2017,選手権,予選,2017-10-15,成立学園,成立学園,堀越,堀越,2,1,,,https://koko-soccer.com/score/802
2017,選手権,予選,2017-10-15,都立東久留米総合,東久留米総合,修徳,修徳,1,0,,,https://koko-soccer.com/score/802
2017,選手権,予選,2017-10-15,拓大一高,拓大一高,日大豊山,日大豊山,0,1,,,https://koko-soccer.com/score/802
2017,選手権,予選,2017-10-15,成城学園,成城学園,都立調布南,調布南,0,1,,,https://koko-soccer.com/score/802
2017,選手権,予選,2017-10-15,早大学院,早大学院,日本学園,日本学園,2,1,,,https://koko-soccer.com/score/802
2017,選手権,予選,2017-10-15,駿台学園,駿台学園,都立武蔵丘,武蔵丘,1,0,,,https://koko-soccer.com/score/802
2017,選手権,予選,2017-10-15,東京朝鮮中高級学校,東京朝鮮中高級学校,城北,城北,2,1,,,https://koko-soccer.com/score/802
2017,選手権,予選,2017-10-15,都立府中東,府中東,都立日野台,日野台,3,0,,,https://koko-soccer.com/score/802
2017,選手権,予選,2017-10-15,都立東,東,都立狛江,狛江,1,4,,,https://koko-soccer.com/score/802
2017,選手権,予選,2017-10-15,足立学園,足立学園,明大明治,明大明治,1,1,3,5,https://koko-soccer.com/score/802
2017,選手権,予選,2017-10-15,都立城東,城東,日体大荏原,日体大荏原,1,2,,,https://koko-soccer.com/score/802
2017,選手権,予選,2017-10-15,かえつ有明,かえつ有明,都立東大和南,東大和南,1,2,,,https://koko-soccer.com/score/802
2017,選手権,予選,2017-10-15,中大附,中大附属,多摩大目黒,多摩大学目黒,0,4,,,https://koko-soccer.com/score/802
2017,選手権,予選,2017-10-21,関東一,関東第一,東京実業,東京実業,2,1,,,https://koko-soccer.com/score/802
2017,選手権,予選,2017-10-21,國學院久我山,国学院久我山,都立府中東,府中東,5,2,,,https://koko-soccer.com/score/802
2017,選手権,予選,2017-10-21,本郷,本郷,都立東大和南,東大和南,3,5,,,https://koko-soccer.com/score/802
2017,選手権,予選,2017-10-21,都立国立,国立,駿台学園,駿台学園,1,2,,,https://koko-soccer.com/score/802
2017,選手権,予選,2017-10-21,日体大荏原,日体大荏原,東海大菅生,東海大菅生,0,5,,,https://koko-soccer.com/score/802
2017,選手権,予選,2017-10-21,帝京,帝京,創価,創価,2,0,,,https://koko-soccer.com/score/802
2017,選手権,予選,2017-10-21,日大鶴ヶ丘,日大鶴ヶ丘,都立調布南,調布南,1,1,2,4,https://koko-soccer.com/score/802
2017,選手権,予選,2017-10-21,大森学園,大森学園,東亜学園,東亜学園,2,0,,,https://koko-soccer.com/score/802
2017,選手権,予選,2017-10-22,都立東久留米総合,東久留米総合,都立狛江,狛江,2,1,,,https://koko-soccer.com/score/802
2017,選手権,予選,2017-10-22,早大学院,早大学院,成立学園,成立学園,1,2,,,https://koko-soccer.com/score/802
2017,選手権,予選,2017-10-22,大成,大成,実践学園,実践学園,0,1,,,https://koko-soccer.com/score/802
2017,選手権,予選,2017-10-22,東京朝鮮中高級学校,東京朝鮮中高級学校,早稲田実業,早稲田実業,1,1,5,3,https://koko-soccer.com/score/802
2017,選手権,予選,2017-10-22,駒澤大学高等学校,駒澤大高,多摩大目黒,多摩大学目黒,2,3,,,https://koko-soccer.com/score/802
2017,選手権,予選,2017-10-22,日大豊山,日大豊山,明大明治,明大明治,2,0,,,https://koko-soccer.com/score/802
2017,選手権,予選,2017-10-22,国士舘,国士舘,東海大高輪台,東海大高輪台,1,1,4,2,https://koko-soccer.com/score/802
2017,選手権,予選,2017-10-23,暁星高等学校,暁星,都立駒場,駒場,0,1,,,https://koko-soccer.com/score/802
2017,選手権,予選,2017-10-28,都立調布南,調布南,東海大菅生,東海大菅生,1,4,,,https://koko-soccer.com/score/802
2017,選手権,予選,2017-10-28,多摩大目黒,多摩大学目黒,成立学園,成立学園,1,3,,,https://koko-soccer.com/score/802
2017,選手権,予選,2017-10-29,都立東久留米総合,東久留米総合,東京朝鮮中高級学校,東京朝鮮中高級学校,0,0,4,5,https://koko-soccer.com/score/802
2017,選手権,予選,2017-10-29,関東一,関東第一,都立東大和南,東大和南,2,0,,,https://koko-soccer.com/score/802
2017,選手権,予選,2017-10-28,國學院久我山,国学院久我山,駿台学園,駿台学園,1,0,,,https://koko-soccer.com/score/802
2017,選手権,予選,2017-10-28,都立駒場,駒場,国士舘,国士舘,1,2,,,https://koko-soccer.com/score/802
2017,選手権,予選,2017-10-29,日大豊山,日大豊山,実践学園,実践学園,0,4,,,https://koko-soccer.com/score/802
2017,選手権,予選,2017-10-29,帝京,帝京,大森学園,大森学園,4,1,,,https://koko-soccer.com/score/802
2017,選手権,予選,2017-11-04,関東一,関東第一,東京朝鮮中高級学校,東京朝鮮中高級学校,4,3,,,https://koko-soccer.com/score/802
2017,選手権,予選,2017-11-04,成立学園,成立学園,東海大菅生,東海大菅生,2,0,,,https://koko-soccer.com/score/802
2017,選手権,予選,2017-11-05,帝京,帝京,実践学園,実践学園,1,2,,,https://koko-soccer.com/score/802
2017,選手権,予選,2017-11-05,國學院久我山,国学院久我山,国士舘,国士舘,1,0,,,https://koko-soccer.com/score/802
2017,選手権,予選,2017-11-11,関東一,関東第一,成立学園,成立学園,1,0,,,https://koko-soccer.com/score/802
2017,選手権,予選,2017-11-11,國學院久我山,国学院久我山,実践学園,実践学園,0,1,,,https://koko-soccer.com/score/802
2018,新人戦,新人戦（新人選手権大会）第1地区,2018-11-18,都立荒川工,荒川工,開成,開成,0,7,,,https://koko-soccer.com/score/1331
2018,新人戦,新人戦（新人選手権大会）第1地区,2018-11-18,中央学院大中央,中央学院大学中央,都立墨田工,墨田工,0,0,13,12,https://koko-soccer.com/score/1331
2018,新人戦,新人戦（新人選手権大会）第1地区,2018-11-18,都立葛飾商,葛飾商,都立三商,三商,3,1,,,https://koko-soccer.com/score/1331
2018,新人戦,新人戦（新人選手権大会）第1地区,2018-11-18,都立葛西南,葛西南,都立小松川,小松川,0,5,,,https://koko-soccer.com/score/1331
2018,新人戦,新人戦（新人選手権大会）第1地区,2018-11-18,安田学園,安田学園,都立橘,橘,2,0,,,https://koko-soccer.com/score/1331
2018,新人戦,新人戦（新人選手権大会）第1地区,2018-11-18,都立墨田川,墨田川,都立小岩,小岩,2,4,,,https://koko-soccer.com/score/1331
2018,新人戦,新人戦（新人選手権大会）第1地区,2018-11-23,芝浦工大高,芝浦工大高,都立本所,本所,1,1,2,4,https://koko-soccer.com/score/1331
2018,新人戦,新人戦（新人選手権大会）第1地区,2018-11-23,都立篠崎,篠崎,共栄学園,共栄学園,6,2,,,https://koko-soccer.com/score/1331
2018,新人戦,新人戦（新人選手権大会）第1地区,2018-11-23,都立両国,両国,都立日本橋,日本橋,2,0,,,https://koko-soccer.com/score/1331
2018,新人戦,新人戦（新人選手権大会）第1地区,2018-11-23,都立科学技術,科学技術,都立葛飾総合,葛飾総合,1,7,,,https://koko-soccer.com/score/1331
2018,新人戦,新人戦（新人選手権大会）第1地区,2018-11-23,都立江戸川,江戸川,都立小松川,小松川,1,1,4,5,https://koko-soccer.com/score/1331
2018,新人戦,新人戦（新人選手権大会）第1地区,2018-11-23,開成,開成,都立本所,本所,3,1,,,https://koko-soccer.com/score/1331
2018,新人戦,新人戦（新人選手権大会）第1地区,2018-11-23,日大一,日大一,都立篠崎,篠崎,2,2,4,1,https://koko-soccer.com/score/1331
2018,新人戦,新人戦（新人選手権大会）第1地区,2018-11-23,都立深川,深川,安田学園,安田学園,3,0,,,https://koko-soccer.com/score/1331
2018,新人戦,新人戦（新人選手権大会）第1地区,2018-11-23,中央学院大中央,中央学院大学中央,都立両国,両国,0,8,,,https://koko-soccer.com/score/1331
2018,新人戦,新人戦（新人選手権大会）第1地区,2018-11-23,都立小岩,小岩,都立葛飾商,葛飾商,1,2,,,https://koko-soccer.com/score/1331
2018,新人戦,新人戦（新人選手権大会）第1地区,2018-11-25,都立葛飾総合,葛飾総合,都立東,東,0,2,,,https://koko-soccer.com/score/1331
2018,新人戦,新人戦（新人選手権大会）第1地区,2018-12-02,都立小松川,小松川,都立東,東,0,2,,,https://koko-soccer.com/score/1331
2018,新人戦,新人戦（新人選手権大会）第1地区,2018-12-02,都立深川,深川,都立葛飾商,葛飾商,1,0,,,https://koko-soccer.com/score/1331
2018,新人戦,新人戦（新人選手権大会）第1地区,2018-12-02,開成,開成,都立紅葉川,紅葉川,2,1,,,https://koko-soccer.com/score/1331
2018,新人戦,新人戦（新人選手権大会）第1地区,2018-12-02,日大一,日大一,都立両国,両国,1,1,4,5,https://koko-soccer.com/score/1331
2018,新人戦,新人戦（新人選手権大会）第1地区,2018-12-09,都立南葛飾,南葛飾,開成,開成,4,0,,,https://koko-soccer.com/score/1331
2018,新人戦,新人戦（新人選手権大会）第1地区,2018-12-09,関東一,関東第一,都立東,東,3,1,,,https://koko-soccer.com/score/1331
2018,新人戦,新人戦（新人選手権大会）第1地区,2018-12-09,都立深川,深川,都立城東,城東,0,3,,,https://koko-soccer.com/score/1331
2018,新人戦,新人戦（新人選手権大会）第1地区,2018-12-09,都立両国,両国,都立葛飾野,葛飾野,0,12,,,https://koko-soccer.com/score/1331
2018,新人戦,新人戦（新人選手権大会）第1地区,2018-12-16,都立南葛飾,南葛飾,都立葛飾野,葛飾野,1,0,,,https://koko-soccer.com/score/1331
2018,新人戦,新人戦（新人選手権大会）第1地区,2018-12-22,関東一,関東第一,都立城東,城東,1,0,,,https://koko-soccer.com/score/1331
2018,新人戦,新人戦（新人選手権大会）第1地区,2018-12-23,都立葛飾野,葛飾野,都立城東,城東,2,3,,,https://koko-soccer.com/score/1331
2018,新人戦,新人戦（新人選手権大会）第1地区,2018-12-23,関東一,関東第一,都立南葛飾,南葛飾,2,0,,,https://koko-soccer.com/score/1331
2018,新人戦,新人戦（新人選手権大会）第2地区,2018-11-18,立教池袋,立教池袋,京華商,京華商,0,0,3,4,https://koko-soccer.com/score/1345
2018,新人戦,新人戦（新人選手権大会）第2地区,2018-11-18,豊南,豊南,京華,京華,0,3,,,https://koko-soccer.com/score/1345
2018,新人戦,新人戦（新人選手権大会）第2地区,2018-11-18,中大附,中大附属,都立足立西,足立西,2,1,,,https://koko-soccer.com/score/1345
2018,新人戦,新人戦（新人選手権大会）第2地区,2018-11-18,都立竹早,竹早,都立小石川中等教育学校,小石川中等教育学校,1,1,4,3,https://koko-soccer.com/score/1345
2018,新人戦,新人戦（新人選手権大会）第2地区,2018-11-18,東洋大京北,東洋大京北,学習院,学習院,0,4,,,https://koko-soccer.com/score/1345
2018,新人戦,新人戦（新人選手権大会）第2地区,2018-11-18,昭和一,昭和一,都立足立東,足立東,3,0,,,https://koko-soccer.com/score/1345
2018,新人戦,新人戦（新人選手権大会）第2地区,2018-11-18,都立青井,青井,獨協,獨協,0,0,4,3,https://koko-soccer.com/score/1345
2018,新人戦,新人戦（新人選手権大会）第2地区,2018-11-18,城西大城西,城西大城西,都立文京,文京,1,3,,,https://koko-soccer.com/score/1345
2018,新人戦,新人戦（新人選手権大会）第2地区,2018-11-18,足立学園,足立学園,都立足立,足立,2,3,,,https://koko-soccer.com/score/1345
2018,新人戦,新人戦（新人選手権大会）第2地区,2018-11-18,都立荒川商,荒川商,都立江北,江北,1,2,,,https://koko-soccer.com/score/1345
2018,新人戦,新人戦（新人選手権大会）第2地区,2018-11-23,京華商,京華商,京華,京華,1,11,,,https://koko-soccer.com/score/1345
2018,新人戦,新人戦（新人選手権大会）第2地区,2018-11-23,中大附,中大附属,都立淵江,淵江,1,0,,,https://koko-soccer.com/score/1345
2018,新人戦,新人戦（新人選手権大会）第2地区,2018-11-23,淑徳巣鴨,淑徳巣鴨,都立竹早,竹早,1,0,,,https://koko-soccer.com/score/1345
2018,新人戦,新人戦（新人選手権大会）第2地区,2018-11-23,学習院,学習院,巣鴨,巣鴨,9,1,,,https://koko-soccer.com/score/1345
2018,新人戦,新人戦（新人選手権大会）第2地区,2018-11-23,都立向丘,向丘,昭和一,昭和一,1,4,,,https://koko-soccer.com/score/1345
2018,新人戦,新人戦（新人選手権大会）第2地区,2018-11-25,都立足立新田,足立新田,都立千早,千早,5,2,,,https://koko-soccer.com/score/1345
2018,新人戦,新人戦（新人選手権大会）第2地区,2018-11-25,郁文館,郁文館,筑波大附,筑波大学附属,6,0,,,https://koko-soccer.com/score/1345
2018,新人戦,新人戦（新人選手権大会）第2地区,2018-12-16,都立豊島,豊島,京華,京華,1,0,,,https://koko-soccer.com/score/1345
2018,新人戦,新人戦（新人選手権大会）第2地区,2018-12-16,本郷,本郷,中大附,中大附属,4,0,,,https://koko-soccer.com/score/1345
2018,新人戦,新人戦（新人選手権大会）第2地区,2018-12-16,淑徳巣鴨,淑徳巣鴨,駒込,駒込,0,5,,,https://koko-soccer.com/score/1345
2018,新人戦,新人戦（新人選手権大会）第2地区,2018-12-16,日大豊山,日大豊山,学習院,学習院,3,0,,,https://koko-soccer.com/score/1345
2018,新人戦,新人戦（新人選手権大会）第2地区,2018-12-16,昭和一,昭和一,豊島学院,豊島学院,1,0,,,https://koko-soccer.com/score/1345
2018,新人戦,新人戦（新人選手権大会）第2地区,2018-12-16,都立足立,足立,都立江北,江北,2,1,,,https://koko-soccer.com/score/1345
2018,新人戦,新人戦（新人選手権大会）第2地区,2018-12-16,都立青井,青井,都立文京,文京,0,3,,,https://koko-soccer.com/score/1345
2018,新人戦,新人戦（新人選手権大会）第2地区,2018-12-16,都立足立新田,足立新田,郁文館,郁文館,1,2,,,https://koko-soccer.com/score/1345
2018,新人戦,新人戦（新人選手権大会）第2地区,2018-12-22,日大豊山,日大豊山,都立文京,文京,5,0,,,https://koko-soccer.com/score/1345
2018,新人戦,新人戦（新人選手権大会）第2地区,2018-12-22,郁文館,郁文館,昭和一,昭和一,3,1,,,https://koko-soccer.com/score/1345
2018,新人戦,新人戦（新人選手権大会）第2地区,2018-12-23,都立豊島,豊島,都立足立,足立,0,0,5,6,https://koko-soccer.com/score/1345
2018,新人戦,新人戦（新人選手権大会）第2地区,2018-12-23,本郷,本郷,駒込,駒込,2,0,,,https://koko-soccer.com/score/1345
2018,新人戦,新人戦（新人選手権大会）第2地区,2018-12-24,都立足立,足立,本郷,本郷,3,5,,,https://koko-soccer.com/score/1345
2018,新人戦,新人戦（新人選手権大会）第2地区,2018-12-24,日大豊山,日大豊山,郁文館,郁文館,3,0,,,https://koko-soccer.com/score/1345
2018,新人戦,新人戦（新人選手権大会）第2地区,2019-01-19,都立足立,足立,郁文館,郁文館,2,0,,,https://koko-soccer.com/score/1345
2018,新人戦,新人戦（新人選手権大会）第2地区,2019-01-19,本郷,本郷,日大豊山,日大豊山,1,6,,,https://koko-soccer.com/score/1345
2018,新人戦,新人戦（新人選手権大会）第3地区,2018-11-18,成城,成城,都立大山,大山,4,0,,,https://koko-soccer.com/score/1346
2018,新人戦,新人戦（新人選手権大会）第3地区,2018-11-18,都立北園,北園,大智学園,大智学園,2,0,,,https://koko-soccer.com/score/1346
2018,新人戦,新人戦（新人選手権大会）第3地区,2018-11-18,桜丘,桜丘,都立広尾,広尾,0,2,,,https://koko-soccer.com/score/1346
2018,新人戦,新人戦（新人選手権大会）第3地区,2018-11-18,都立新宿,新宿,飛鳥,飛鳥,0,1,,,https://koko-soccer.com/score/1346
2018,新人戦,新人戦（新人選手権大会）第3地区,2018-11-18,海城,海城,淑徳,淑徳,1,0,,,https://koko-soccer.com/score/1346
2018,新人戦,新人戦（新人選手権大会）第3地区,2018-11-18,都立青山,青山,都立板橋有徳,板橋有徳,6,0,,,https://koko-soccer.com/score/1346
2018,新人戦,新人戦（新人選手権大会）第3地区,2018-11-23,城北,城北,保善,保善,0,0,4,5,https://koko-soccer.com/score/1346
2018,新人戦,新人戦（新人選手権大会）第3地区,2018-11-23,順天,順天,都立板橋,板橋,1,3,,,https://koko-soccer.com/score/1346
2018,新人戦,新人戦（新人選手権大会）第3地区,2018-11-23,武蔵野,武蔵野,岩倉,岩倉,13,0,,,https://koko-soccer.com/score/1346
2018,新人戦,新人戦（新人選手権大会）第3地区,2018-11-23,渋谷教育学園渋谷,渋谷教育学園渋谷,都立戸山,戸山,0,4,,,https://koko-soccer.com/score/1346
2018,新人戦,新人戦（新人選手権大会）第3地区,2018-11-23,都立白鴎,白鴎,東京成徳大高,東京成徳大高,0,5,,,https://koko-soccer.com/score/1346
2018,新人戦,新人戦（新人選手権大会）第3地区,2018-11-23,都立北豊島工,北豊島工,目白研心,目白研心,0,10,,,https://koko-soccer.com/score/1346
2018,新人戦,新人戦（新人選手権大会）第3地区,2018-11-23,青山学院,青山学院,大東大一,大東大一,2,0,,,https://koko-soccer.com/score/1346
2018,新人戦,新人戦（新人選手権大会）第3地区,2018-11-23,國學院,国学院,聖学院,聖学院,5,0,,,https://koko-soccer.com/score/1346
2018,新人戦,新人戦（新人選手権大会）第3地区,2018-11-23,上野学園,上野学園,早稲田,早稲田,0,11,,,https://koko-soccer.com/score/1346
2018,新人戦,新人戦（新人選手権大会）第3地区,2018-11-23,都立上野,上野,都立高島,高島,0,2,,,https://koko-soccer.com/score/1346
2018,新人戦,新人戦（新人選手権大会）第3地区,2018-11-25,保善,保善,都立板橋,板橋,5,0,,,https://koko-soccer.com/score/1346
2018,新人戦,新人戦（新人選手権大会）第3地区,2018-11-25,武蔵野,武蔵野,都立戸山,戸山,3,2,,,https://koko-soccer.com/score/1346
2018,新人戦,新人戦（新人選手権大会）第3地区,2018-11-25,成城,成城,都立北園,北園,0,2,,,https://koko-soccer.com/score/1346
2018,新人戦,新人戦（新人選手権大会）第3地区,2018-11-25,都立広尾,広尾,東京成徳大高,東京成徳大高,0,2,,,https://koko-soccer.com/score/1346
2018,新人戦,新人戦（新人選手権大会）第3地区,2018-11-25,都立飛鳥,飛鳥,目白研心,目白研心,0,3,,,https://koko-soccer.com/score/1346
2018,新人戦,新人戦（新人選手権大会）第3地区,2018-11-25,海城,海城,青山学院,青山学院,0,0,5,3,https://koko-soccer.com/score/1346
2018,新人戦,新人戦（新人選手権大会）第3地区,2018-11-25,國學院,国学院,早稲田,早稲田,0,1,,,https://koko-soccer.com/score/1346
2018,新人戦,新人戦（新人選手権大会）第3地区,2018-11-25,都立青山,青山,都立高島,高島,0,0,3,4,https://koko-soccer.com/score/1346
2018,新人戦,新人戦（新人選手権大会）第3地区,2018-12-02,保善,保善,武蔵野,武蔵野,5,0,,,https://koko-soccer.com/score/1346
2018,新人戦,新人戦（新人選手権大会）第3地区,2018-12-02,都立北園,北園,東京成徳大高,東京成徳大高,0,4,,,https://koko-soccer.com/score/1346
2018,新人戦,新人戦（新人選手権大会）第3地区,2018-12-02,目白研心,目白研心,海城,海城,3,3,5,3,https://koko-soccer.com/score/1346
2018,新人戦,新人戦（新人選手権大会）第3地区,2018-12-02,早稲田,早稲田,都立高島,高島,1,1,3,4,https://koko-soccer.com/score/1346
2018,新人戦,新人戦（新人選手権大会）第3地区,2018-12-16,目白研心,目白研心,都立高島,高島,2,1,,,https://koko-soccer.com/score/1346
2018,新人戦,新人戦（新人選手権大会）第3地区,2018-12-16,保善,保善,東京成徳大高,東京成徳大高,2,0,,,https://koko-soccer.com/score/1346
2018,新人戦,新人戦（新人選手権大会）第3地区,2018-12-23,保善,保善,目白研心,目白研心,1,0,,,https://koko-soccer.com/score/1346
2018,新人戦,新人戦（新人選手権大会）第4地区,2018-11-18,都立大島海洋国際,大島海洋国際,都立つばさ総合,つばさ総合,0,2,,,https://koko-soccer.com/score/1332
2018,新人戦,新人戦（新人選手権大会）第4地区,2018-11-18,正則,正則,麻布,麻布,0,4,,,https://koko-soccer.com/score/1332
2018,新人戦,新人戦（新人選手権大会）第4地区,2018-11-23,都立八丈,八丈,朋優学院,朋優学院,0,3,,,https://koko-soccer.com/score/1332
2018,新人戦,新人戦（新人選手権大会）第4地区,2018-11-23,高輪,高輪,都立大崎,大崎,3,0,,,https://koko-soccer.com/score/1332
2018,新人戦,新人戦（新人選手権大会）第4地区,2018-11-23,立正大立正,立正大立正,都立つばさ総合,つばさ総合,0,1,,,https://koko-soccer.com/score/1332
2018,新人戦,新人戦（新人選手権大会）第4地区,2018-11-23,日体大荏原,日体大荏原,二松学舎大附,二松学舎大附,11,0,,,https://koko-soccer.com/score/1332
2018,新人戦,新人戦（新人選手権大会）第4地区,2018-11-23,東工大付,東工大付,区立九段中等教育,九段中等教育,2,0,,,https://koko-soccer.com/score/1332
2018,新人戦,新人戦（新人選手権大会）第4地区,2018-11-23,青稜,青稜,錦城学園,錦城学園,5,0,,,https://koko-soccer.com/score/1332
2018,新人戦,新人戦（新人選手権大会）第4地区,2018-11-23,東京,東京,大森学園,大森学園,1,5,,,https://koko-soccer.com/score/1332
2018,新人戦,新人戦（新人選手権大会）第4地区,2018-11-23,芝,芝,東洋,東洋,1,1,2,4,https://koko-soccer.com/score/1332
2018,新人戦,新人戦（新人選手権大会）第4地区,2018-11-23,都立田園調布,田園調布,都立小山台,小山台,0,0,1,3,https://koko-soccer.com/score/1332
2018,新人戦,新人戦（新人選手権大会）第4地区,2018-11-23,都立雪谷,雪谷,暁星高等学校,暁星,0,5,,,https://koko-soccer.com/score/1332
2018,新人戦,新人戦（新人選手権大会）第4地区,2018-11-23,都立大森,大森,文教大付,文教大付,0,6,,,https://koko-soccer.com/score/1332
2018,新人戦,新人戦（新人選手権大会）第4地区,2018-11-23,都立三田,三田,都立八潮,八潮,2,1,,,https://koko-soccer.com/score/1332
2018,新人戦,新人戦（新人選手権大会）第4地区,2018-11-23,明治学院,明治学院,都立日比谷,日比谷,1,0,,,https://koko-soccer.com/score/1332
2018,新人戦,新人戦（新人選手権大会）第4地区,2018-11-23,麻布,麻布,都立美原,美原,1,0,,,https://koko-soccer.com/score/1332
2018,新人戦,新人戦（新人選手権大会）第4地区,2018-11-23,東海大高輪台,東海大高輪台,広尾学園,広尾学園,9,0,,,https://koko-soccer.com/score/1332
2018,新人戦,新人戦（新人選手権大会）第4地区,2018-11-23,正則学園,正則学園,攻玉社,攻玉社,1,1,5,4,https://koko-soccer.com/score/1332
2018,新人戦,新人戦（新人選手権大会）第4地区,2018-11-24,日体大荏原,日体大荏原,東洋,東洋,11,0,,,https://koko-soccer.com/score/1332
2018,新人戦,新人戦（新人選手権大会）第4地区,2018-11-24,高輪,高輪,明治学院,明治学院,3,1,,,https://koko-soccer.com/score/1332
2018,新人戦,新人戦（新人選手権大会）第4地区,2018-11-25,東海大高輪台,東海大高輪台,都立小山台,小山台,3,0,,,https://koko-soccer.com/score/1332
2018,新人戦,新人戦（新人選手権大会）第4地区,2018-11-25,東工大付,東工大付,麻布,麻布,1,2,,,https://koko-soccer.com/score/1332
2018,新人戦,新人戦（新人選手権大会）第4地区,2018-11-25,文教大付,文教大付,正則学園,正則学園,0,2,,,https://koko-soccer.com/score/1332
2018,新人戦,新人戦（新人選手権大会）第4地区,2018-11-25,都立つばさ総合,つばさ総合,暁星高等学校,暁星,1,4,,,https://koko-soccer.com/score/1332
2018,新人戦,新人戦（新人選手権大会）第4地区,2018-11-25,青稜,青稜,朋優学院,朋優学院,2,0,,,https://koko-soccer.com/score/1332
2018,新人戦,新人戦（新人選手権大会）第4地区,2018-11-25,都立三田,三田,大森学園,大森学園,0,6,,,https://koko-soccer.com/score/1332
2018,新人戦,新人戦（新人選手権大会）第4地区,2018-12-16,東海大高輪台,東海大高輪台,日体大荏原,日体大荏原,6,0,,,https://koko-soccer.com/score/1332
2018,新人戦,新人戦（新人選手権大会）第4地区,2018-12-16,麻布,麻布,正則学園,正則学園,4,3,,,https://koko-soccer.com/score/1332
2018,新人戦,新人戦（新人選手権大会）第4地区,2018-12-16,高輪,高輪,暁星高等学校,暁星,0,4,,,https://koko-soccer.com/score/1332
2018,新人戦,新人戦（新人選手権大会）第4地区,2018-12-16,青稜,青稜,大森学園,大森学園,0,6,,,https://koko-soccer.com/score/1332
2018,新人戦,新人戦（新人選手権大会）第4地区,2018-12-23,東海大高輪台,東海大高輪台,麻布,麻布,4,0,,,https://koko-soccer.com/score/1332
2018,新人戦,新人戦（新人選手権大会）第4地区,2018-12-23,暁星高等学校,暁星,大森学園,大森学園,2,3,,,https://koko-soccer.com/score/1332
2018,新人戦,新人戦（新人選手権大会）第4地区,2018-12-24,東海大高輪台,東海大高輪台,大森学園,大森学園,4,0,,,https://koko-soccer.com/score/1332
2018,新人戦,新人戦（新人選手権大会）第5地区,2018-11-18,都立西,西,都立杉並工,杉並工,4,0,,,https://koko-soccer.com/score/1333
2018,新人戦,新人戦（新人選手権大会）第5地区,2018-11-18,東京立正,東京立正,都立武蔵丘,武蔵丘,0,9,,,https://koko-soccer.com/score/1333
2018,新人戦,新人戦（新人選手権大会）第5地区,2018-11-18,宝仙学園,宝仙学園,佼成学園,佼成学園,0,1,,,https://koko-soccer.com/score/1333
2018,新人戦,新人戦（新人選手権大会）第5地区,2018-11-18,都立富士,富士,都立第四商,第四商,8,0,,,https://koko-soccer.com/score/1333
2018,新人戦,新人戦（新人選手権大会）第5地区,2018-11-18,専修大附,専修大附,都立石神井,石神井,0,3,,,https://koko-soccer.com/score/1333
2018,新人戦,新人戦（新人選手権大会）第5地区,2018-11-18,中大杉並,中大杉並,日大二,日大二,0,5,,,https://koko-soccer.com/score/1333
2018,新人戦,新人戦（新人選手権大会）第5地区,2018-11-18,実践学園,実践学園,学芸大国際,学芸大国際,10,0,,,https://koko-soccer.com/score/1333
2018,新人戦,新人戦（新人選手権大会）第5地区,2018-11-18,都立光丘,光丘,杉並学院,杉並学院,1,0,,,https://koko-soccer.com/score/1333
2018,新人戦,新人戦（新人選手権大会）第5地区,2018-11-18,都立豊多摩,豊多摩,都立大泉,大泉,2,0,,,https://koko-soccer.com/score/1333
2018,新人戦,新人戦（新人選手権大会）第5地区,2018-11-18,都立練馬,練馬,都立田無工,田無工,2,1,,,https://koko-soccer.com/score/1333
2018,新人戦,新人戦（新人選手権大会）第5地区,2018-11-18,武蔵,武蔵,都立田無,田無,2,2,8,7,https://koko-soccer.com/score/1333
2018,新人戦,新人戦（新人選手権大会）第5地区,2018-11-23,都立井草,井草,早大学院,早大学院,0,9,,,https://koko-soccer.com/score/1333
2018,新人戦,新人戦（新人選手権大会）第5地区,2018-11-23,東亜学園,東亜学園,明大中野,明大中野,2,4,,,https://koko-soccer.com/score/1333
2018,新人戦,新人戦（新人選手権大会）第5地区,2018-11-23,都立西,西,都立鷺宮,鷺宮,1,2,,,https://koko-soccer.com/score/1333
2018,新人戦,新人戦（新人選手権大会）第5地区,2018-11-23,都立杉並総合,杉並総合,都立杉並,杉並,1,5,,,https://koko-soccer.com/score/1333
2018,新人戦,新人戦（新人選手権大会）第5地区,2018-11-23,東大附,東大附属,日大鶴ヶ丘,日大鶴ヶ丘,0,8,,,https://koko-soccer.com/score/1333
2018,新人戦,新人戦（新人選手権大会）第5地区,2018-11-23,都立練馬工,練馬工,都立保谷,保谷,0,9,,,https://koko-soccer.com/score/1333
2018,新人戦,新人戦（新人選手権大会）第5地区,2018-11-23,実践学園,実践学園,都立練馬,練馬,10,0,,,https://koko-soccer.com/score/1333
2018,新人戦,新人戦（新人選手権大会）第5地区,2018-11-23,都立光丘,光丘,都立石神井,石神井,1,4,,,https://koko-soccer.com/score/1333
2018,新人戦,新人戦（新人選手権大会）第5地区,2018-11-23,都立豊多摩,豊多摩,都立武蔵丘,武蔵丘,4,4,8,7,https://koko-soccer.com/score/1333
2018,新人戦,新人戦（新人選手権大会）第5地区,2018-11-23,日大二,日大二,佼成学園,佼成学園,5,0,,,https://koko-soccer.com/score/1333
2018,新人戦,新人戦（新人選手権大会）第5地区,2018-11-23,都立富士,富士,武蔵,武蔵,2,2,3,5,https://koko-soccer.com/score/1333
2018,新人戦,新人戦（新人選手権大会）第5地区,2018-11-25,日大鶴ヶ丘,日大鶴ヶ丘,都立鷺宮,鷺宮,5,1,,,https://koko-soccer.com/score/1333
2018,新人戦,新人戦（新人選手権大会）第5地区,2018-11-25,都立杉並,杉並,早大学院,早大学院,1,3,,,https://koko-soccer.com/score/1333
2018,新人戦,新人戦（新人選手権大会）第5地区,2018-11-25,明大中野,明大中野,都立保谷,保谷,0,1,,,https://koko-soccer.com/score/1333
2018,新人戦,新人戦（新人選手権大会）第5地区,2018-12-16,実践学園,実践学園,都立石神井,石神井,2,1,,,https://koko-soccer.com/score/1333
2018,新人戦,新人戦（新人選手権大会）第5地区,2018-12-16,都立豊多摩,豊多摩,早大学院,早大学院,0,1,,,https://koko-soccer.com/score/1333
2018,新人戦,新人戦（新人選手権大会）第5地区,2018-12-16,日大二,日大二,武蔵,武蔵,2,2,4,5,https://koko-soccer.com/score/1333
2018,新人戦,新人戦（新人選手権大会）第5地区,2018-12-16,都立保谷,保谷,日大鶴ヶ丘,日大鶴ヶ丘,1,1,2,4,https://koko-soccer.com/score/1333
2018,新人戦,新人戦（新人選手権大会）第5地区,2018-12-23,実践学園,実践学園,早大学院,早大学院,2,2,6,7,https://koko-soccer.com/score/1333
2018,新人戦,新人戦（新人選手権大会）第5地区,2018-12-23,武蔵,武蔵,日大鶴ヶ丘,日大鶴ヶ丘,0,2,,,https://koko-soccer.com/score/1333
2018,新人戦,新人戦（新人選手権大会）第5地区,2018-12-24,早大学院,早大学院,日大鶴ヶ丘,日大鶴ヶ丘,1,2,,,https://koko-soccer.com/score/1333
2018,新人戦,新人戦（新人選手権大会）第6地区,2018-11-18,世田谷学園,世田谷学園,都立目黒,目黒,3,2,,,https://koko-soccer.com/score/1334
2018,新人戦,新人戦（新人選手権大会）第6地区,2018-11-18,都立成瀬,成瀬,玉川学園,玉川学園,12,0,,,https://koko-soccer.com/score/1334
2018,新人戦,新人戦（新人選手権大会）第6地区,2018-11-18,都立科学技術,科学技術,自由ヶ丘学園,自由ヶ丘学園,0,18,,,https://koko-soccer.com/score/1334
2018,新人戦,新人戦（新人選手権大会）第6地区,2018-11-18,三田国際,三田国際,都立小川,小川,0,13,,,https://koko-soccer.com/score/1334
2018,新人戦,新人戦（新人選手権大会）第6地区,2018-11-18,成城学園,成城学園,都立町田工,町田工,9,0,,,https://koko-soccer.com/score/1334
2018,新人戦,新人戦（新人選手権大会）第6地区,2018-11-18,日大桜丘,日大櫻丘,駒場学園,駒場学園,1,5,,,https://koko-soccer.com/score/1334
2018,新人戦,新人戦（新人選手権大会）第6地区,2018-11-18,日出,日出,桜美林,桜美林,0,2,,,https://koko-soccer.com/score/1334
2018,新人戦,新人戦（新人選手権大会）第6地区,2018-11-18,目黒学院,目黒学院,都立国際,国際,0,1,,,https://koko-soccer.com/score/1334
2018,新人戦,新人戦（新人選手権大会）第6地区,2018-11-18,東京都市大等々力,東京都市大等々力,都立芦花,芦花,1,2,,,https://koko-soccer.com/score/1334
2018,新人戦,新人戦（新人選手権大会）第6地区,2018-11-18,都立世田谷総合,世田谷総合,都立松原,松原,0,2,,,https://koko-soccer.com/score/1334
2018,新人戦,新人戦（新人選手権大会）第6地区,2018-11-18,都立山崎,山崎,都立町田,町田,0,4,,,https://koko-soccer.com/score/1334
2018,新人戦,新人戦（新人選手権大会）第6地区,2018-11-18,筑波大附,筑波大学附属,東京都市大付,都市大付,1,6,,,https://koko-soccer.com/score/1334
2018,新人戦,新人戦（新人選手権大会）第6地区,2018-11-18,都立野津田,野津田,東農大一,農大一,1,1,4,1,https://koko-soccer.com/score/1334
2018,新人戦,新人戦（新人選手権大会）第6地区,2018-11-18,都立千歳丘,千歳丘,都立桜修館,桜修館中等,0,2,,,https://koko-soccer.com/score/1334
2018,新人戦,新人戦（新人選手権大会）第6地区,2018-11-18,都立山崎,山崎,都立町田,町田,0,4,,,https://koko-soccer.com/score/1334
2018,新人戦,新人戦（新人選手権大会）第6地区,2018-11-23,都立松原,松原,桜美林,桜美林,0,2,,,https://koko-soccer.com/score/1334
2018,新人戦,新人戦（新人選手権大会）第6地区,2018-11-23,成城学園,成城学園,都立国際,国際,5,1,,,https://koko-soccer.com/score/1334
2018,新人戦,新人戦（新人選手権大会）第6地区,2018-11-23,都立小川,小川,都立桜修館,桜修館中等,6,0,,,https://koko-soccer.com/score/1334
2018,新人戦,新人戦（新人選手権大会）第6地区,2018-11-24,都立野津田,野津田,和光,和光,5,0,,,https://koko-soccer.com/score/1334
2018,新人戦,新人戦（新人選手権大会）第6地区,2018-11-24,駒場東邦,駒場東邦,世田谷学園,世田谷学園,3,2,,,https://koko-soccer.com/score/1334
2018,新人戦,新人戦（新人選手権大会）第6地区,2018-11-24,駒場学園,駒場学園,都立成瀬,成瀬,1,2,,,https://koko-soccer.com/score/1334
2018,新人戦,新人戦（新人選手権大会）第6地区,2018-11-24,自由ヶ丘学園,自由ヶ丘学園,日工大駒場,日工大駒場,1,1,1,4,https://koko-soccer.com/score/1334
2018,新人戦,新人戦（新人選手権大会）第6地区,2018-11-24,都立桜町,桜町,都立芦花,芦花,0,0,0,3,https://koko-soccer.com/score/1334
2018,新人戦,新人戦（新人選手権大会）第6地区,2018-11-25,都立町田,町田,大東学園,大東学園,9,0,,,https://koko-soccer.com/score/1334
2018,新人戦,新人戦（新人選手権大会）第6地区,2018-11-25,都立町田総合,町田総合,東京都市大付,都市大付,2,4,,,https://koko-soccer.com/score/1334
2018,新人戦,新人戦（新人選手権大会）第6地区,2018-12-09,日本学園,日本学園,都立成瀬,成瀬,2,0,,,https://koko-soccer.com/score/1334
2018,新人戦,新人戦（新人選手権大会）第6地区,2018-12-09,駒場東邦,駒場東邦,都立町田,町田,1,3,,,https://koko-soccer.com/score/1334
2018,新人戦,新人戦（新人選手権大会）第6地区,2018-12-09,多摩大目黒,多摩大学目黒,日工大駒場,日工大駒場,5,0,,,https://koko-soccer.com/score/1334
2018,新人戦,新人戦（新人選手権大会）第6地区,2018-12-09,都立深沢,深沢,桜美林,桜美林,1,0,,,https://koko-soccer.com/score/1334
2018,新人戦,新人戦（新人選手権大会）第6地区,2018-12-09,都立小川,小川,東京学芸大附,東京学芸大附,4,0,,,https://koko-soccer.com/score/1334
2018,新人戦,新人戦（新人選手権大会）第6地区,2018-12-09,成城学園,成城学園,日大三,日大三,1,4,,,https://koko-soccer.com/score/1334
2018,新人戦,新人戦（新人選手権大会）第6地区,2018-12-09,都立芦花,芦花,都立狛江,狛江,0,4,,,https://koko-soccer.com/score/1334
2018,新人戦,新人戦（新人選手権大会）第6地区,2018-12-09,東京都市大付,都市大付,都立野津田,野津田,1,2,,,https://koko-soccer.com/score/1334
2018,新人戦,新人戦（新人選手権大会）第6地区,2018-12-16,多摩大目黒,多摩大学目黒,都立野津田,野津田,3,0,,,https://koko-soccer.com/score/1334
2018,新人戦,新人戦（新人選手権大会）第6地区,2018-12-16,日本学園,日本学園,日大三,日大三,0,2,,,https://koko-soccer.com/score/1334
2018,新人戦,新人戦（新人選手権大会）第6地区,2018-12-16,都立深沢,深沢,都立小川,小川,1,1,4,3,https://koko-soccer.com/score/1334
2018,新人戦,新人戦（新人選手権大会）第6地区,2018-12-16,都立町田,町田,都立狛江,狛江,0,2,,,https://koko-soccer.com/score/1334
2018,新人戦,新人戦（新人選手権大会）第6地区,2018-12-23,日大三,日大三,都立狛江,狛江,3,1,,,https://koko-soccer.com/score/1334
2018,新人戦,新人戦（新人選手権大会）第6地区,2018-12-23,多摩大目黒,多摩大学目黒,都立深沢,深沢,3,0,,,https://koko-soccer.com/score/1334
2018,新人戦,新人戦（新人選手権大会）第6地区,2018-12-24,日大三,日大三,多摩大目黒,多摩大学目黒,1,1,3,2,https://koko-soccer.com/score/1334
2018,新人戦,新人戦（新人選手権大会）第7地区,2018-11-18,帝京大高,帝京大高,明星学園,明星学園,0,5,,,https://koko-soccer.com/score/1335
2018,新人戦,新人戦（新人選手権大会）第7地区,2018-11-18,昭和一学園,昭和一学園,都立富士森,富士森,4,1,,,https://koko-soccer.com/score/1335
2018,新人戦,新人戦（新人選手権大会）第7地区,2018-11-18,八王子実践,八王子実践,都立神代,神代,1,2,,,https://koko-soccer.com/score/1335
2018,新人戦,新人戦（新人選手権大会）第7地区,2018-11-18,工学院大附,工学院大附,都立府中西,府中西,1,2,,,https://koko-soccer.com/score/1335
2018,新人戦,新人戦（新人選手権大会）第7地区,2018-11-18,八王子,八王子,都立調布南,調布南,1,2,,,https://koko-soccer.com/score/1335
2018,新人戦,新人戦（新人選手権大会）第7地区,2018-11-23,都立南平,南平,都立調布北,調布北,2,0,,,https://koko-soccer.com/score/1335
2018,新人戦,新人戦（新人選手権大会）第7地区,2018-11-23,都立八王子東,八王子東,都立片倉,片倉,2,1,,,https://koko-soccer.com/score/1335
2018,新人戦,新人戦（新人選手権大会）第7地区,2018-11-23,多摩大聖ヶ丘,多摩大聖ヶ丘,明星,明星,2,2,7,8,https://koko-soccer.com/score/1335
2018,新人戦,新人戦（新人選手権大会）第7地区,2018-11-23,都立日野,日野,都立八王子北,八王子北,1,1,4,3,https://koko-soccer.com/score/1335
2018,新人戦,新人戦（新人選手権大会）第7地区,2018-11-23,都立翔陽,翔陽,都立日野台,日野台,0,2,,,https://koko-soccer.com/score/1335
2018,新人戦,新人戦（新人選手権大会）第7地区,2018-11-23,明星学園,明星学園,都立松が谷,松が谷,0,4,,,https://koko-soccer.com/score/1335
2018,新人戦,新人戦（新人選手権大会）第7地区,2018-11-23,法政大高,法政大高,明大中野八王子,明大中野八王子,3,2,,,https://koko-soccer.com/score/1335
2018,新人戦,新人戦（新人選手権大会）第7地区,2018-11-23,都立府中,府中,都立永山,永山,7,0,,,https://koko-soccer.com/score/1335
2018,新人戦,新人戦（新人選手権大会）第7地区,2018-11-23,明大明治,明大明治,昭和一学園,昭和一学園,1,3,,,https://koko-soccer.com/score/1335
2018,新人戦,新人戦（新人選手権大会）第7地区,2018-11-23,都立三鷹中等教育学校,三鷹中等教育学校,帝京八王子,帝京八王子,7,4,,,https://koko-soccer.com/score/1335
2018,新人戦,新人戦（新人選手権大会）第7地区,2018-11-23,都立府中工,府中工科,都立府中東,府中東,0,1,,,https://koko-soccer.com/score/1335
2018,新人戦,新人戦（新人選手権大会）第7地区,2018-11-23,都立立川,立川,都立神代,神代,5,0,,,https://koko-soccer.com/score/1335
2018,新人戦,新人戦（新人選手権大会）第7地区,2018-11-23,穎明館,穎明館,都立国立,国立,0,2,,,https://koko-soccer.com/score/1335
2018,新人戦,新人戦（新人選手権大会）第7地区,2018-11-23,桐朋,桐朋,都立立川国際中等教育学校,立川国際中等教育学校,6,1,,,https://koko-soccer.com/score/1335
2018,新人戦,新人戦（新人選手権大会）第7地区,2018-11-25,昭和一学園,昭和一学園,都立府中西,府中西,2,0,,,https://koko-soccer.com/score/1335
2018,新人戦,新人戦（新人選手権大会）第7地区,2018-11-25,都立南平,南平,都立八王子東,八王子東,3,0,,,https://koko-soccer.com/score/1335
2018,新人戦,新人戦（新人選手権大会）第7地区,2018-11-25,法政大高,法政大高,明星,明星,1,0,,,https://koko-soccer.com/score/1335
2018,新人戦,新人戦（新人選手権大会）第7地区,2018-11-25,都立三鷹中等教育学校,三鷹中等教育学校,都立府中東,府中東,2,1,,,https://koko-soccer.com/score/1335
2018,新人戦,新人戦（新人選手権大会）第7地区,2018-11-25,都立立川,立川,都立調布南,調布南,2,2,3,4,https://koko-soccer.com/score/1335
2018,新人戦,新人戦（新人選手権大会）第7地区,2018-11-25,都立日野,日野,都立府中,府中,1,3,,,https://koko-soccer.com/score/1335
2018,新人戦,新人戦（新人選手権大会）第7地区,2018-11-25,都立日野台,日野台,都立国立,国立,0,1,,,https://koko-soccer.com/score/1335
2018,新人戦,新人戦（新人選手権大会）第7地区,2018-11-25,桐朋,桐朋,都立松が谷,松が谷,3,0,,,https://koko-soccer.com/score/1335
2018,新人戦,新人戦（新人選手権大会）第7地区,2018-12-16,昭和一学園,昭和一学園,都立南平,南平,0,2,,,https://koko-soccer.com/score/1335
2018,新人戦,新人戦（新人選手権大会）第7地区,2018-12-16,法政大高,法政大高,都立三鷹中等教育学校,三鷹中等教育学校,2,0,,,https://koko-soccer.com/score/1335
2018,新人戦,新人戦（新人選手権大会）第7地区,2018-12-16,都立調布南,調布南,都立府中,府中,1,1,4,2,https://koko-soccer.com/score/1335
2018,新人戦,新人戦（新人選手権大会）第7地区,2018-12-16,都立国立,国立,桐朋,桐朋,0,0,4,5,https://koko-soccer.com/score/1335
2018,新人戦,新人戦（新人選手権大会）第7地区,2018-12-23,都立南平,南平,法政大高,法政大高,1,1,5,4,https://koko-soccer.com/score/1335
2018,新人戦,新人戦（新人選手権大会）第7地区,2018-12-23,都立調布南,調布南,桐朋,桐朋,0,2,,,https://koko-soccer.com/score/1335
2018,新人戦,新人戦（新人選手権大会）第7地区,2018-12-24,法政大高,法政大高,都立調布南,調布南,1,1,1,4,https://koko-soccer.com/score/1335
2018,新人戦,新人戦（新人選手権大会）第7地区,2018-12-24,都立南平,南平,桐朋,桐朋,1,3,,,https://koko-soccer.com/score/1335
2018,新人戦,新人戦（新人選手権大会）第8地区,2018-11-18,都立秋留台,秋留台,都立久留米西,久留米西,0,8,,,https://koko-soccer.com/score/1336
2018,新人戦,新人戦（新人選手権大会）第8地区,2018-11-18,都立清瀬,清瀬,啓明学園,啓明学園,0,0,4,5,https://koko-soccer.com/score/1336
2018,新人戦,新人戦（新人選手権大会）第8地区,2018-11-18,明学東村山,明治学院東村山,国際基督教大高,国際基督教大高,0,1,,,https://koko-soccer.com/score/1336
2018,新人戦,新人戦（新人選手権大会）第8地区,2018-11-18,武蔵,武蔵,中央国際,中央国際,0,4,,,https://koko-soccer.com/score/1336
2018,新人戦,新人戦（新人選手権大会）第8地区,2018-11-18,都立東村山,東村山,都立羽村,羽村,5,1,,,https://koko-soccer.com/score/1336
2018,新人戦,新人戦（新人選手権大会）第8地区,2018-11-23,成蹊,成蹊,都立小平西,小平西,2,0,,,https://koko-soccer.com/score/1336
2018,新人戦,新人戦（新人選手権大会）第8地区,2018-11-23,都立東村山西,東村山西,都立青梅総合,青梅総合,7,0,,,https://koko-soccer.com/score/1336
2018,新人戦,新人戦（新人選手権大会）第8地区,2018-11-23,都立昭和,昭和,都立五日市,五日市,8,1,,,https://koko-soccer.com/score/1336
2018,新人戦,新人戦（新人選手権大会）第8地区,2018-11-23,都立久留米西,久留米西,都立東久留米総合,東久留米総合,1,3,,,https://koko-soccer.com/score/1336
2018,新人戦,新人戦（新人選手権大会）第8地区,2018-11-23,錦城,錦城,都立小平南,小平南,3,1,,,https://koko-soccer.com/score/1336
2018,新人戦,新人戦（新人選手権大会）第8地区,2018-11-23,明法,明法,都立多摩,多摩,3,0,,,https://koko-soccer.com/score/1336
2018,新人戦,新人戦（新人選手権大会）第8地区,2018-11-23,中央国際,中央国際,中大附,中大附属,0,4,,,https://koko-soccer.com/score/1336
2018,新人戦,新人戦（新人選手権大会）第8地区,2018-11-23,東京電機大高,東京電機大学,都立東大和,東大和,0,2,,,https://koko-soccer.com/score/1336
2018,新人戦,新人戦（新人選手権大会）第8地区,2018-11-23,自由学園,自由学園,都立小平,小平,0,5,,,https://koko-soccer.com/score/1336
2018,新人戦,新人戦（新人選手権大会）第8地区,2018-11-23,啓明学園,啓明学園,都立福生,福生,0,4,,,https://koko-soccer.com/score/1336
2018,新人戦,新人戦（新人選手権大会）第8地区,2018-11-23,都立東大和南,東大和南,国際基督教大高,国際基督教大高,3,0,,,https://koko-soccer.com/score/1336
2018,新人戦,新人戦（新人選手権大会）第8地区,2018-11-23,都立武蔵野北,武蔵野北,都立小金井北,小金井北,3,6,,,https://koko-soccer.com/score/1336
2018,新人戦,新人戦（新人選手権大会）第8地区,2018-11-23,都立上水,上水,都立武蔵村山,武蔵村山,0,7,,,https://koko-soccer.com/score/1336
2018,新人戦,新人戦（新人選手権大会）第8地区,2018-11-23,拓大一高,拓大一高,都立拝島,拝島,4,0,,,https://koko-soccer.com/score/1336
2018,新人戦,新人戦（新人選手権大会）第8地区,2018-11-23,東海大菅生,東海大菅生,都立東村山,東村山,10,0,,,https://koko-soccer.com/score/1336
2018,新人戦,新人戦（新人選手権大会）第8地区,2018-11-25,都立東大和南,東大和南,都立東大和,東大和,0,1,,,https://koko-soccer.com/score/1336
2018,新人戦,新人戦（新人選手権大会）第8地区,2018-11-25,都立小金井北,小金井北,都立武蔵村山,武蔵村山,2,0,,,https://koko-soccer.com/score/1336
2018,新人戦,新人戦（新人選手権大会）第8地区,2018-11-25,拓大一高,拓大一高,都立昭和,昭和,0,1,,,https://koko-soccer.com/score/1336
2018,新人戦,新人戦（新人選手権大会）第8地区,2018-11-25,都立多摩工,多摩工,都立東久留米総合,東久留米総合,0,5,,,https://koko-soccer.com/score/1336
2018,新人戦,新人戦（新人選手権大会）第8地区,2018-11-25,東海大菅生,東海大菅生,錦城,錦城,5,1,,,https://koko-soccer.com/score/1336
2018,新人戦,新人戦（新人選手権大会）第8地区,2018-11-25,明法,明法,中大附,中大附属,0,6,,,https://koko-soccer.com/score/1336
2018,新人戦,新人戦（新人選手権大会）第8地区,2018-11-25,成蹊,成蹊,都立小平,小平,2,2,3,4,https://koko-soccer.com/score/1336
2018,新人戦,新人戦（新人選手権大会）第8地区,2018-11-25,都立東村山西,東村山西,都立福生,福生,1,2,,,https://koko-soccer.com/score/1336
2018,新人戦,新人戦（新人選手権大会）第8地区,2018-12-16,都立東大和,東大和,都立小金井北,小金井北,5,1,,,https://koko-soccer.com/score/1336
2018,新人戦,新人戦（新人選手権大会）第8地区,2018-12-16,都立昭和,昭和,都立東久留米総合,東久留米総合,0,7,,,https://koko-soccer.com/score/1336
2018,新人戦,新人戦（新人選手権大会）第8地区,2018-12-16,東海大菅生,東海大菅生,中大附,中大附属,3,1,,,https://koko-soccer.com/score/1336
2018,新人戦,新人戦（新人選手権大会）第8地区,2018-12-16,都立小平,小平,都立福生,福生,0,3,,,https://koko-soccer.com/score/1336
2018,新人戦,新人戦（新人選手権大会）第8地区,2018-12-23,都立東大和,東大和,都立東久留米総合,東久留米総合,2,2,3,5,https://koko-soccer.com/score/1336
2018,新人戦,新人戦（新人選手権大会）第8地区,2018-12-23,東海大菅生,東海大菅生,都立福生,福生,4,3,,,https://koko-soccer.com/score/1336
2018,新人戦,新人戦（新人選手権大会）第8地区,2018-12-24,都立東大和,東大和,都立福生,福生,3,0,,,https://koko-soccer.com/score/1336
2018,新人戦,新人戦（新人選手権大会）第8地区,2018-12-24,都立東久留米総合,東久留米総合,東海大菅生,東海大菅生,4,1,,,https://koko-soccer.com/score/1336
2018,総体,予選,2018-05-12,日本学園 （東京）,日本学園,都立江北 （東京）,江北,3,0,,,https://koko-soccer.com/score/1067
2018,総体,予選,2018-05-12,東京朝鮮中高級学校 （東京）,東京朝鮮中高級学校,駒場東邦 （東京）,駒場東邦,4,0,,,https://koko-soccer.com/score/1067
2018,総体,予選,2018-05-12,都立城東 （東京）,城東,東京実業 （東京）,東京実業,4,2,,,https://koko-soccer.com/score/1067
2018,総体,予選,2018-05-12,都立立川 （東京）,立川,都立紅葉川 （東京）,紅葉川,2,1,,,https://koko-soccer.com/score/1067
2018,総体,予選,2018-05-12,日大三 （東京）,日大三,都立東 （東京）,東,5,2,,,https://koko-soccer.com/score/1067
2018,総体,予選,2018-05-12,都立新宿 （東京）,新宿,昭和一学園 （東京）,昭和一学園,0,4,,,https://koko-soccer.com/score/1067
2018,総体,予選,2018-05-12,法政大高 （東京）,法政大高,都立葛飾野 （東京）,葛飾野,0,3,,,https://koko-soccer.com/score/1067
2018,総体,予選,2018-05-12,日大豊山 （東京）,日大豊山,都立鷺宮 （東京）,鷺宮,5,1,,,https://koko-soccer.com/score/1067
2018,総体,予選,2018-05-12,駒込 （東京）,駒込,立正大立正 （東京）,立正大立正,4,0,,,https://koko-soccer.com/score/1067
2018,総体,予選,2018-05-12,暁星高等学校 （東京）,暁星,早稲田実業 （東京）,早稲田実業,0,1,,,https://koko-soccer.com/score/1067
2018,総体,予選,2018-05-12,多摩大目黒 （東京）,多摩大学目黒,かえつ有明 （東京）,かえつ有明,5,0,,,https://koko-soccer.com/score/1067
2018,総体,予選,2018-05-13,都立南葛飾 （東京）,南葛飾,武蔵 （東京）,武蔵,0,1,,,https://koko-soccer.com/score/1067
2018,総体,予選,2018-05-13,都立文京 （東京）,文京,都立高島 （東京）,高島,0,4,,,https://koko-soccer.com/score/1067
2018,総体,予選,2018-05-13,東海大菅生 （東京）,東海大菅生,都立駒場 （東京）,駒場,0,3,,,https://koko-soccer.com/score/1067
2018,総体,予選,2018-05-13,実践学園 （東京）,実践学園,都立武蔵野北 （東京）,武蔵野北,5,0,,,https://koko-soccer.com/score/1067
2018,総体,予選,2018-05-13,都立深川 （東京）,深川,早大学院 （東京）,早大学院,0,2,,,https://koko-soccer.com/score/1067
2018,総体,予選,2018-05-13,大東大一 （東京）,大東大一,中大附 （東京）,中大附属,0,1,,,https://koko-soccer.com/score/1067
2018,総体,予選,2018-05-13,都立東大和 （東京）,東大和,明大明治 （東京）,明大明治,1,2,,,https://koko-soccer.com/score/1067
2018,総体,予選,2018-05-13,國學院久我山 （東京）,国学院久我山,目白研心 （東京）,目白研心,4,0,,,https://koko-soccer.com/score/1067
2018,総体,予選,2018-05-13,東海大高輪台 （東京）,東海大高輪台,東京成徳大高 （東京）,東京成徳大高,0,1,,,https://koko-soccer.com/score/1067
2018,総体,予選,2018-05-13,都立野津田 （東京）,野津田,堀越 （東京）,堀越,2,9,,,https://koko-soccer.com/score/1067
2018,総体,予選,2018-05-13,成城 （東京）,成城,修徳 （東京）,修徳,0,7,,,https://koko-soccer.com/score/1067
2018,総体,予選,2018-05-13,豊島学院 （東京）,豊島学院,拓大一高 （東京）,拓大一高,2,4,,,https://koko-soccer.com/score/1067
2018,総体,予選,2018-05-19,堀越 （東京）,堀越,拓大一高 （東京）,拓大一高,2,0,,,https://koko-soccer.com/score/1067
2018,総体,予選,2018-05-19,大森学園 （東京）,大森学園,修徳 （東京）,修徳,2,7,,,https://koko-soccer.com/score/1067
2018,総体,予選,2018-05-20,都立東久留米総合 （東京）,東久留米総合,都立高島 （東京）,高島,3,2,,,https://koko-soccer.com/score/1067
2018,総体,予選,2018-05-20,成立学園 （東京）,成立学園,都立葛飾野 （東京）,葛飾野,5,0,,,https://koko-soccer.com/score/1067
2018,総体,予選,2018-05-20,都立狛江 （東京）,狛江,都立駒場 （東京）,駒場,0,2,,,https://koko-soccer.com/score/1067
2018,総体,予選,2018-05-20,国士舘 （東京）,国士舘,実践学園 （東京）,実践学園,0,2,,,https://koko-soccer.com/score/1067
2018,総体,予選,2018-05-20,駒込 （東京）,駒込,多摩大目黒 （東京）,多摩大学目黒,0,4,,,https://koko-soccer.com/score/1067
2018,総体,予選,2018-05-20,都立東大和南 （東京）,東大和南,中大附 （東京）,中大附属,1,0,,,https://koko-soccer.com/score/1067
2018,総体,予選,2018-05-20,日本学園 （東京）,日本学園,都立立川 （東京）,立川,1,1,4,5,https://koko-soccer.com/score/1067
2018,総体,予選,2018-05-20,都立城東 （東京）,城東,昭和一学園 （東京）,昭和一学園,2,1,,,https://koko-soccer.com/score/1067
2018,総体,予選,2018-05-20,國學院久我山 （東京）,国学院久我山,早大学院 （東京）,早大学院,6,0,,,https://koko-soccer.com/score/1067
2018,総体,予選,2018-05-20,駒澤大学高等学校 （東京）,駒澤大高,東京成徳大高 （東京）,東京成徳大高,5,1,,,https://koko-soccer.com/score/1067
2018,総体,予選,2018-05-20,大成 （東京）,大成,武蔵 （東京）,武蔵,1,0,,,https://koko-soccer.com/score/1067
2018,総体,予選,2018-05-20,帝京 （東京）,帝京,明大明治 （東京）,明大明治,6,1,,,https://koko-soccer.com/score/1067
2018,総体,予選,2018-05-20,東京朝鮮中高級学校 （東京）,東京朝鮮中高級学校,日大三 （東京）,日大三,4,1,,,https://koko-soccer.com/score/1067
2018,総体,予選,2018-05-20,日大豊山 （東京）,日大豊山,早稲田実業 （東京）,早稲田実業,0,2,,,https://koko-soccer.com/score/1067
2018,総体,予選,2018-05-26,都立立川 （東京）,立川,成立学園 （東京）,成立学園,0,7,,,https://koko-soccer.com/score/1067
2018,総体,予選,2018-05-26,修徳 （東京）,修徳,堀越 （東京）,堀越,3,2,,,https://koko-soccer.com/score/1067
2018,総体,予選,2018-05-26,都立東久留米総合 （東京）,東久留米総合,都立東大和南 （東京）,東大和南,1,4,,,https://koko-soccer.com/score/1067
2018,総体,予選,2018-05-26,実践学園 （東京）,実践学園,國學院久我山 （東京）,国学院久我山,1,2,,,https://koko-soccer.com/score/1067
2018,総体,予選,2018-06-10,都立東大和南 （東京）,東大和南,成立学園 （東京）,成立学園,0,2,,,https://koko-soccer.com/score/1067
2018,総体,予選,2018-06-10,修徳 （東京）,修徳,國學院久我山 （東京）,国学院久我山,1,2,,,https://koko-soccer.com/score/1067
2018,総体,予選,2018-06-10,早稲田実業 （東京）,早稲田実業,帝京 （東京）,帝京,2,3,,,https://koko-soccer.com/score/1067
2018,総体,予選,2018-06-10,都立駒場 （東京）,駒場,都立城東 （東京）,城東,4,0,,,https://koko-soccer.com/score/1067
2018,総体,予選,2018-06-10,大成 （東京）,大成,東京朝鮮中高級学校 （東京）,東京朝鮮中高級学校,0,1,,,https://koko-soccer.com/score/1067
2018,総体,予選,2018-06-10,多摩大目黒 （東京）,多摩大学目黒,駒澤大学高等学校 （東京）,駒澤大高,2,1,,,https://koko-soccer.com/score/1067
2018,総体,予選,2018-06-16,國學院久我山 （東京）,国学院久我山,駿台学園 （東京）,駿台学園,5,0,,,https://koko-soccer.com/score/1067
2018,総体,予選,2018-06-16,都立駒場 （東京）,駒場,多摩大目黒 （東京）,多摩大学目黒,2,4,,,https://koko-soccer.com/score/1067
2018,総体,予選,2018-06-17,関東一 （東京）,関東第一,成立学園 （東京）,成立学園,1,0,,,https://koko-soccer.com/score/1067
2018,総体,予選,2018-06-17,東京朝鮮中高級学校 （東京）,東京朝鮮中高級学校,帝京 （東京）,帝京,4,3,,,https://koko-soccer.com/score/1067
2018,総体,予選,2018-06-23,関東一 （東京）,関東第一,東京朝鮮中高級学校 （東京）,東京朝鮮中高級学校,3,3,5,4,https://koko-soccer.com/score/1067
2018,総体,予選,2018-06-23,多摩大目黒 （東京）,多摩大学目黒,國學院久我山 （東京）,国学院久我山,2,3,,,https://koko-soccer.com/score/1067
2018,総体,予選,2018-06-24,関東一 （東京）,関東第一,國學院久我山 （東京）,国学院久我山,3,2,,,https://koko-soccer.com/score/1067
2018,総体,予選中支部,2018-04-22,都立北豊島工,北豊島工,都立大田桜台,大田桜台,1,0,,,https://koko-soccer.com/score/1073
2018,総体,予選中支部,2018-04-22,都立つばさ総合,つばさ総合,正則,正則,3,0,,,https://koko-soccer.com/score/1073
2018,総体,予選中支部,2018-04-22,青稜,青稜,区立九段中等教育,九段中等教育,4,0,,,https://koko-soccer.com/score/1073
2018,総体,予選中支部,2018-04-22,聖学院,聖学院,岩倉,岩倉,0,0,4,3,https://koko-soccer.com/score/1073
2018,総体,予選中支部,2018-04-22,保善,保善,明治学院,明治学院,4,0,,,https://koko-soccer.com/score/1073
2018,総体,予選中支部,2018-04-22,東京実業,東京実業,麻布,麻布,3,2,,,https://koko-soccer.com/score/1073
2018,総体,予選中支部,2018-04-22,正則学園,正則学園,朋優学院,朋優学院,4,0,,,https://koko-soccer.com/score/1073
2018,総体,予選中支部,2018-04-22,都立北園,北園,都立美原,美原,1,4,,,https://koko-soccer.com/score/1073
2018,総体,予選中支部,2018-04-22,高輪,高輪,芝,芝,2,0,,,https://koko-soccer.com/score/1073
2018,総体,予選中支部,2018-04-22,都立大森,大森,攻玉社,攻玉社,0,5,,,https://koko-soccer.com/score/1073
2018,総体,予選中支部,2018-04-22,渋谷教育学園渋谷,渋谷教育学園渋谷,都立雪谷,雪谷,0,7,,,https://koko-soccer.com/score/1073
2018,総体,予選中支部,2018-04-22,大東大一,大東大一,大原学園,大原学園,12,0,,,https://koko-soccer.com/score/1073
2018,総体,予選中支部,2018-04-22,都立日比谷,日比谷,二松学舎大附,二松学舎大附,2,0,,,https://koko-soccer.com/score/1073
2018,総体,予選中支部,2018-04-22,武蔵野,武蔵野,都立田園調布,田園調布,4,4,6,7,https://koko-soccer.com/score/1073
2018,総体,予選中支部,2018-04-22,都立上野,上野,上野学園,上野学園,3,2,,,https://koko-soccer.com/score/1073
2018,総体,予選中支部,2018-04-22,東洋,東洋,都立大山,大山,1,0,,,https://koko-soccer.com/score/1073
2018,総体,予選中支部,2018-04-22,都立新宿,新宿,都立戸山,戸山,0,0,4,2,https://koko-soccer.com/score/1073
2018,総体,予選中支部,2018-04-22,錦城学園,錦城学園,東京,東京,1,1,2,4,https://koko-soccer.com/score/1073
2018,総体,予選中支部,2018-04-22,都立芝商業,芝商業,広尾学園,広尾学園,2,1,,,https://koko-soccer.com/score/1073
2018,総体,予選中支部,2018-04-22,都立大崎,大崎,立正大立正,立正大立正,1,5,,,https://koko-soccer.com/score/1073
2018,総体,予選中支部,2018-04-22,都立板橋,板橋,大智学園,大智学園,2,1,,,https://koko-soccer.com/score/1073
2018,総体,予選中支部,2018-04-22,都立三田,三田,淑徳,淑徳,1,4,,,https://koko-soccer.com/score/1073
2018,総体,予選中支部,2018-04-22,都立広尾,広尾,都大島・大島海洋国際,大島・大島海洋国際,9,0,,,https://koko-soccer.com/score/1073
2018,総体,予選中支部,2018-04-22,成城,成城,都立小山台,小山台,2,0,,,https://koko-soccer.com/score/1073
2018,総体,予選中支部,2018-04-22,都立白鴎,白鴎,都立八丈,八丈,3,0,,,https://koko-soccer.com/score/1073
2018,総体,予選中支部,2018-04-22,都立飛鳥,飛鳥,都立板橋有徳,板橋有徳,0,0,3,4,https://koko-soccer.com/score/1073
2018,総体,予選中支部,2018-04-22,都立青山,青山,順天,順天,5,0,,,https://koko-soccer.com/score/1073
2018,総体,予選中支部,2018-04-22,桜丘,桜丘,國學院,国学院,0,2,,,https://koko-soccer.com/score/1073
2018,総体,予選中支部,2018-04-22,青山学院,青山学院,都立八潮,八潮,7,0,,,https://koko-soccer.com/score/1073
2018,総体,予選中支部,2018-04-29,東海大高輪台,東海大高輪台,都立北豊島工,北豊島工,11,0,,,https://koko-soccer.com/score/1073
2018,総体,予選中支部,2018-04-29,都立つばさ総合,つばさ総合,青稜,青稜,2,1,,,https://koko-soccer.com/score/1073
2018,総体,予選中支部,2018-04-29,城北,城北,聖学院,聖学院,10,0,,,https://koko-soccer.com/score/1073
2018,総体,予選中支部,2018-04-29,保善,保善,東京実業,東京実業,1,1,2,4,https://koko-soccer.com/score/1073
2018,総体,予選中支部,2018-04-29,目白研心,目白研心,正則学園,正則学園,2,2,4,3,https://koko-soccer.com/score/1073
2018,総体,予選中支部,2018-04-29,都立美原,美原,高輪,高輪,0,3,,,https://koko-soccer.com/score/1073
2018,総体,予選中支部,2018-04-29,東工大付,東工大付,攻玉社,攻玉社,2,0,,,https://koko-soccer.com/score/1073
2018,総体,予選中支部,2018-04-29,都立雪谷,雪谷,大東大一,大東大一,0,3,,,https://koko-soccer.com/score/1073
2018,総体,予選中支部,2018-04-29,都立高島,高島,都立日比谷,日比谷,3,0,,,https://koko-soccer.com/score/1073
2018,総体,予選中支部,2018-04-29,早稲田,早稲田,都立田園調布,田園調布,8,0,,,https://koko-soccer.com/score/1073
2018,総体,予選中支部,2018-04-29,文教大付,文教大付,都立上野,上野,1,3,,,https://koko-soccer.com/score/1073
2018,総体,予選中支部,2018-04-29,東洋,東洋,都立新宿,新宿,0,2,,,https://koko-soccer.com/score/1073
2018,総体,予選中支部,2018-04-29,海城,海城,東京,東京,1,1,4,5,https://koko-soccer.com/score/1073
2018,総体,予選中支部,2018-04-29,都立芝商業,芝商業,立正大立正,立正大立正,0,5,,,https://koko-soccer.com/score/1073
2018,総体,予選中支部,2018-04-29,暁星高等学校,暁星,都立板橋,板橋,8,0,,,https://koko-soccer.com/score/1073
2018,総体,予選中支部,2018-04-29,淑徳,淑徳,都立広尾,広尾,0,3,,,https://koko-soccer.com/score/1073
2018,総体,予選中支部,2018-04-29,日体大荏原,日体大荏原,成城,成城,0,1,,,https://koko-soccer.com/score/1073
2018,総体,予選中支部,2018-04-29,都立白鴎,白鴎,都立板橋有徳,板橋有徳,0,0,7,6,https://koko-soccer.com/score/1073
2018,総体,予選中支部,2018-04-29,東京成徳大高,東京成徳大高,都立青山,青山,1,0,,,https://koko-soccer.com/score/1073
2018,総体,予選中支部,2018-04-29,國學院,国学院,青山学院,青山学院,1,1,4,5,https://koko-soccer.com/score/1073
2018,総体,予選中支部,2018-05-03,目白研心,目白研心,高輪,高輪,3,0,,,https://koko-soccer.com/score/1073
2018,総体,予選中支部,2018-05-03,暁星高等学校,暁星,都立広尾,広尾,6,0,,,https://koko-soccer.com/score/1073
2018,総体,予選中支部,2018-05-04,東海大高輪台,東海大高輪台,都立つばさ総合,つばさ総合,4,0,,,https://koko-soccer.com/score/1073
2018,総体,予選中支部,2018-05-04,城北,城北,東京実業,東京実業,1,3,,,https://koko-soccer.com/score/1073
2018,総体,予選中支部,2018-05-04,東工大付,東工大付,大東大一,大東大一,1,2,,,https://koko-soccer.com/score/1073
2018,総体,予選中支部,2018-05-04,都立高島,高島,早稲田,早稲田,3,2,,,https://koko-soccer.com/score/1073
2018,総体,予選中支部,2018-05-04,都立上野,上野,都立新宿,新宿,1,3,,,https://koko-soccer.com/score/1073
2018,総体,予選中支部,2018-05-04,東京,東京,立正大立正,立正大立正,0,3,,,https://koko-soccer.com/score/1073
2018,総体,予選中支部,2018-05-04,成城,成城,都立白鴎,白鴎,5,1,,,https://koko-soccer.com/score/1073
2018,総体,予選中支部,2018-05-04,東京成徳大高,東京成徳大高,青山学院,青山学院,3,2,,,https://koko-soccer.com/score/1073
2018,総体,予選東支部,2018-04-22,都立青井,青井,都立千早,千早,1,3,,,https://koko-soccer.com/score/1071
2018,総体,予選東支部,2018-04-22,都立淵江,淵江,中央学院大中央,中央学院大学中央,3,0,,,https://koko-soccer.com/score/1071
2018,総体,予選東支部,2018-04-22,都立科学技術,科学技術,巣鴨,巣鴨,0,6,,,https://koko-soccer.com/score/1071
2018,総体,予選東支部,2018-04-22,淑徳巣鴨,淑徳巣鴨,都立江戸川,江戸川,1,2,,,https://koko-soccer.com/score/1071
2018,総体,予選東支部,2018-04-22,安田学園,安田学園,共栄学園,共栄学園,2,1,,,https://koko-soccer.com/score/1071
2018,総体,予選東支部,2018-04-22,足立学園,足立学園,都立足立新田,足立新田,2,1,,,https://koko-soccer.com/score/1071
2018,総体,予選東支部,2018-04-22,東洋大京北,東洋大京北,都立向丘,向丘,0,11,,,https://koko-soccer.com/score/1071
2018,総体,予選東支部,2018-04-22,昭和一,昭和一,都立紅葉川,紅葉川,0,2,,,https://koko-soccer.com/score/1071
2018,総体,予選東支部,2018-04-22,都立両国,両国,都立葛飾総合,葛飾総合,2,3,,,https://koko-soccer.com/score/1071
2018,総体,予選東支部,2018-04-22,城西大城西,城西大城西,日大一,日大一,2,4,,,https://koko-soccer.com/score/1071
2018,総体,予選東支部,2018-04-22,都立小石川中等教育学校,小石川中等教育学校,京華,京華,1,2,,,https://koko-soccer.com/score/1071
2018,総体,予選東支部,2018-04-22,都立日本橋,日本橋,筑波大附,筑波大学附属,0,7,,,https://koko-soccer.com/score/1071
2018,総体,予選東支部,2018-04-22,都立文京,文京,獨協,獨協,6,1,,,https://koko-soccer.com/score/1071
2018,総体,予選東支部,2018-04-22,都立足立,足立,京華商,京華商,2,0,,,https://koko-soccer.com/score/1071
2018,総体,予選東支部,2018-04-22,都立東,東,都立三商,三商,5,1,,,https://koko-soccer.com/score/1071
2018,総体,予選東支部,2018-04-22,都立墨田工,墨田工,都立竹早,竹早,0,4,,,https://koko-soccer.com/score/1071
2018,総体,予選東支部,2018-04-22,都立墨田川,墨田川,貞静学園,貞静学園,12,0,,,https://koko-soccer.com/score/1071
2018,総体,予選東支部,2018-04-22,学習院,学習院,都立南葛飾,南葛飾,1,3,,,https://koko-soccer.com/score/1071
2018,総体,予選東支部,2018-04-22,郁文館,郁文館,本郷,本郷,0,3,,,https://koko-soccer.com/score/1071
2018,総体,予選東支部,2018-04-22,都立小岩,小岩,中大附,中大附属,5,1,,,https://koko-soccer.com/score/1071
2018,総体,予選東支部,2018-04-22,都立篠崎,篠崎,都立荒川商,荒川商,1,1,3,2,https://koko-soccer.com/score/1071
2018,総体,予選東支部,2018-04-22,豊島学院,豊島学院,都立葛飾商,葛飾商,2,0,,,https://koko-soccer.com/score/1071
2018,総体,予選東支部,2018-04-22,都立橘,橘,芝浦工大高,芝浦工大高,0,3,,,https://koko-soccer.com/score/1071
2018,総体,予選東支部,2018-04-29,都立江北,江北,都立千早,千早,4,3,,,https://koko-soccer.com/score/1071
2018,総体,予選東支部,2018-04-29,都立淵江,淵江,豊南,豊南,4,1,,,https://koko-soccer.com/score/1071
2018,総体,予選東支部,2018-04-29,都立葛飾野,葛飾野,巣鴨,巣鴨,10,0,,,https://koko-soccer.com/score/1071
2018,総体,予選東支部,2018-04-29,都立江戸川,江戸川,都立小松川,小松川,2,1,,,https://koko-soccer.com/score/1071
2018,総体,予選東支部,2018-04-29,修徳,修徳,安田学園,安田学園,4,0,,,https://koko-soccer.com/score/1071
2018,総体,予選東支部,2018-04-29,足立学園,足立学園,都立足立工,足立工,6,0,,,https://koko-soccer.com/score/1071
2018,総体,予選東支部,2018-04-29,都立豊島,豊島,都立向丘,向丘,1,0,,,https://koko-soccer.com/score/1071
2018,総体,予選東支部,2018-04-29,都立紅葉川,紅葉川,開成,開成,3,1,,,https://koko-soccer.com/score/1071
2018,総体,予選東支部,2018-04-29,かえつ有明,かえつ有明,都立葛飾総合,葛飾総合,12,0,,,https://koko-soccer.com/score/1071
2018,総体,予選東支部,2018-04-29,日大一,日大一,都立足立西,足立西,1,2,,,https://koko-soccer.com/score/1071
2018,総体,予選東支部,2018-04-29,立教池袋,立教池袋,京華,京華,0,0,9,8,https://koko-soccer.com/score/1071
2018,総体,予選東支部,2018-04-29,筑波大附,筑波大学附属,都立深川,深川,1,2,,,https://koko-soccer.com/score/1071
2018,総体,予選東支部,2018-04-29,都立本所,本所,都立文京,文京,3,3,2,4,https://koko-soccer.com/score/1071
2018,総体,予選東支部,2018-04-29,都立足立,足立,都立足立東,足立東,4,0,,,https://koko-soccer.com/score/1071
2018,総体,予選東支部,2018-04-29,都立葛西南,葛西南,都立東,東,0,7,,,https://koko-soccer.com/score/1071
2018,総体,予選東支部,2018-04-29,都立竹早,竹早,都立墨田川,墨田川,1,1,7,6,https://koko-soccer.com/score/1071
2018,総体,予選東支部,2018-04-29,都立江東商,江東商,都立南葛飾,南葛飾,0,4,,,https://koko-soccer.com/score/1071
2018,総体,予選東支部,2018-04-29,本郷,本郷,都立小岩,小岩,7,0,,,https://koko-soccer.com/score/1071
2018,総体,予選東支部,2018-04-29,都立荒川工,荒川工,都立篠崎,篠崎,1,3,,,https://koko-soccer.com/score/1071
2018,総体,予選東支部,2018-04-29,豊島学院,豊島学院,芝浦工大高,芝浦工大高,2,0,,,https://koko-soccer.com/score/1071
2018,総体,予選東支部,2018-05-03,修徳,修徳,足立学園,足立学園,7,0,,,https://koko-soccer.com/score/1071
2018,総体,予選東支部,2018-05-03,かえつ有明,かえつ有明,都立足立西,足立西,10,0,,,https://koko-soccer.com/score/1071
2018,総体,予選東支部,2018-05-03,立教池袋,立教池袋,都立深川,深川,0,2,,,https://koko-soccer.com/score/1071
2018,総体,予選東支部,2018-05-03,都立文京,文京,都立足立,足立,4,3,,,https://koko-soccer.com/score/1071
2018,総体,予選東支部,2018-05-03,都立東,東,都立竹早,竹早,4,0,,,https://koko-soccer.com/score/1071
2018,総体,予選東支部,2018-05-03,都立南葛飾,南葛飾,本郷,本郷,2,1,,,https://koko-soccer.com/score/1071
2018,総体,予選東支部,2018-05-04,都立江北,江北,都立淵江,淵江,3,1,,,https://koko-soccer.com/score/1071
2018,総体,予選東支部,2018-05-04,都立葛飾野,葛飾野,都立江戸川,江戸川,4,0,,,https://koko-soccer.com/score/1071
2018,総体,予選東支部,2018-05-04,都立豊島,豊島,都立紅葉川,紅葉川,0,3,,,https://koko-soccer.com/score/1071
2018,総体,予選東支部,2018-05-04,都立篠崎,篠崎,豊島学院,豊島学院,1,5,,,https://koko-soccer.com/score/1071
2018,総体,予選南支部,2018-04-22,都立田柄,田柄,日出,日出,1,0,,,https://koko-soccer.com/score/1070
2018,総体,予選南支部,2018-04-22,世田谷学園,世田谷学園,都立総合工科,総合工科,4,2,,,https://koko-soccer.com/score/1070
2018,総体,予選南支部,2018-04-22,日工大駒場,日工大駒場,都立桜町,桜町,2,4,,,https://koko-soccer.com/score/1070
2018,総体,予選南支部,2018-04-22,三田国際,三田国際,都立科学技術,科学技術,9,0,,,https://koko-soccer.com/score/1070
2018,総体,予選南支部,2018-04-22,大東学園,大東学園,都立杉並総合,杉並総合,0,2,,,https://koko-soccer.com/score/1070
2018,総体,予選南支部,2018-04-22,学芸大国際,学芸大国際,東京学芸大附,東京学芸大附,0,3,,,https://koko-soccer.com/score/1070
2018,総体,予選南支部,2018-04-22,都立深沢,深沢,都立小川,小川,0,2,,,https://koko-soccer.com/score/1070
2018,総体,予選南支部,2018-04-22,都立練馬工,練馬工,都立山崎,山崎,0,2,,,https://koko-soccer.com/score/1070
2018,総体,予選南支部,2018-04-22,宝仙学園,宝仙学園,都立成瀬,成瀬,1,2,,,https://koko-soccer.com/score/1070
2018,総体,予選南支部,2018-04-22,都立練馬,練馬,駒場東邦,駒場東邦,0,0,2,4,https://koko-soccer.com/score/1070
2018,総体,予選南支部,2018-04-22,都立保谷,保谷,駒場学園,駒場学園,1,0,,,https://koko-soccer.com/score/1070
2018,総体,予選南支部,2018-04-22,自由ヶ丘学園,自由ヶ丘学園,都立武蔵丘,武蔵丘,0,5,,,https://koko-soccer.com/score/1070
2018,総体,予選南支部,2018-04-22,和光,和光,都立鷺宮,鷺宮,0,1,,,https://koko-soccer.com/score/1070
2018,総体,予選南支部,2018-04-22,桜美林,桜美林,専修大附,専修大附,2,2,6,5,https://koko-soccer.com/score/1070
2018,総体,予選南支部,2018-04-22,都立若葉総合,若葉総合,都立第四商,第四商,1,4,,,https://koko-soccer.com/score/1070
2018,総体,予選南支部,2018-04-22,杉並学院,杉並学院,日本学園,日本学園,0,4,,,https://koko-soccer.com/score/1070
2018,総体,予選南支部,2018-04-22,都立目黒,目黒,日大桜丘,日大櫻丘,1,1,4,2,https://koko-soccer.com/score/1070
2018,総体,予選南支部,2018-04-22,都立富士,富士,早大学院,早大学院,0,0,3,4,https://koko-soccer.com/score/1070
2018,総体,予選南支部,2018-04-22,都立豊多摩,豊多摩,都立国際,国際,2,1,,,https://koko-soccer.com/score/1070
2018,総体,予選南支部,2018-04-22,都立松原,松原,東京立正,東京立正,4,1,,,https://koko-soccer.com/score/1070
2018,総体,予選南支部,2018-04-22,都立井草,井草,都立千歳丘,千歳丘,8,0,,,https://koko-soccer.com/score/1070
2018,総体,予選南支部,2018-04-22,都立桜修館,桜修館中等,都立町田工,町田工,8,0,,,https://koko-soccer.com/score/1070
2018,総体,予選南支部,2018-04-22,東農大一,農大一,筑波大駒場,筑波大駒場,0,0,3,4,https://koko-soccer.com/score/1070
2018,総体,予選南支部,2018-04-22,日大鶴ヶ丘,日大鶴ヶ丘,都立田無工,田無工,9,0,,,https://koko-soccer.com/score/1070
2018,総体,予選南支部,2018-04-22,東京都市大等々力,東京都市大等々力,都立芦花,芦花,1,1,11,12,https://koko-soccer.com/score/1070
2018,総体,予選南支部,2018-04-22,都立野津田,野津田,東大附,東大附属,13,1,,,https://koko-soccer.com/score/1070
2018,総体,予選南支部,2018-04-22,都立杉並,杉並,都立世田谷総合,世田谷総合,5,0,,,https://koko-soccer.com/score/1070
2018,総体,予選南支部,2018-04-22,東亜学園,東亜学園,都立田無,田無,1,2,,,https://koko-soccer.com/score/1070
2018,総体,予選南支部,2018-04-22,日大三,日大三,都立西,西,5,1,,,https://koko-soccer.com/score/1070
2018,総体,予選南支部,2018-04-22,東京都市大付,都市大付,都立中野工,中野工,17,0,,,https://koko-soccer.com/score/1070
2018,総体,予選南支部,2018-04-22,明大中野,明大中野,日大二,日大二,0,1,,,https://koko-soccer.com/score/1070
2018,総体,予選南支部,2018-04-22,都立杉並工,杉並工,都立町田,町田,0,1,,,https://koko-soccer.com/score/1070
2018,総体,予選南支部,2018-04-22,都立大泉,大泉,都立光丘,光丘,2,0,,,https://koko-soccer.com/score/1070
2018,総体,予選南支部,2018-04-29,中大杉並,中大杉並,佼成学園,佼成学園,2,0,,,https://koko-soccer.com/score/1070
2018,総体,予選南支部,2018-04-29,目黒学院,目黒学院,都立石神井,石神井,0,3,,,https://koko-soccer.com/score/1070
2018,総体,予選南支部,2018-04-29,成城学園,成城学園,都立町田総合,町田総合,1,0,,,https://koko-soccer.com/score/1070
2018,総体,予選南支部,2018-04-22,都立井草,井草,都立桜修館,桜修館中等,1,1,4,3,https://koko-soccer.com/score/1070
2018,総体,予選南支部,2018-04-29,多摩大目黒,多摩大学目黒,都立田柄,田柄,12,0,,,https://koko-soccer.com/score/1070
2018,総体,予選南支部,2018-04-29,世田谷学園,世田谷学園,都立桜町,桜町,3,0,,,https://koko-soccer.com/score/1070
2018,総体,予選南支部,2018-04-29,堀越,堀越,都立小川,小川,9,1,,,https://koko-soccer.com/score/1070
2018,総体,予選南支部,2018-04-29,都立山崎,山崎,都立成瀬,成瀬,2,0,,,https://koko-soccer.com/score/1070
2018,総体,予選南支部,2018-04-29,日大鶴ヶ丘,日大鶴ヶ丘,都立芦花,芦花,8,0,,,https://koko-soccer.com/score/1070
2018,総体,予選南支部,2018-04-29,都立野津田,野津田,都立杉並,杉並,1,0,,,https://koko-soccer.com/score/1070
2018,総体,予選南支部,2018-04-29,都立田無,田無,都立大泉,大泉,1,1,6,5,https://koko-soccer.com/score/1070
2018,総体,予選南支部,2018-04-29,筑波大駒場,筑波大駒場,駒場東邦,駒場東邦,0,0,5,6,https://koko-soccer.com/score/1070
2018,総体,予選南支部,2018-04-29,都立保谷,保谷,都立武蔵丘,武蔵丘,1,0,,,https://koko-soccer.com/score/1070
2018,総体,予選南支部,2018-04-29,都立鷺宮,鷺宮,桜美林,桜美林,4,1,,,https://koko-soccer.com/score/1070
2018,総体,予選南支部,2018-04-29,日大三,日大三,東京都市大付,都市大付,6,1,,,https://koko-soccer.com/score/1070
2018,総体,予選南支部,2018-04-29,日大二,日大二,都立町田,町田,2,2,3,4,https://koko-soccer.com/score/1070
2018,総体,予選南支部,2018-04-30,都立駒場,駒場,成城学園,成城学園,1,0,,,https://koko-soccer.com/score/1070
2018,総体,予選南支部,2018-04-30,中大杉並,中大杉並,都立石神井,石神井,0,2,,,https://koko-soccer.com/score/1070
2018,総体,予選南支部,2018-04-30,都立第四商,第四商,日本学園,日本学園,0,3,,,https://koko-soccer.com/score/1070
2018,総体,予選南支部,2018-04-30,都立目黒,目黒,早大学院,早大学院,1,3,,,https://koko-soccer.com/score/1070
2018,総体,予選南支部,2018-04-30,都立豊多摩,豊多摩,都立松原,松原,2,2,4,2,https://koko-soccer.com/score/1070
2018,総体,予選南支部,2018-05-03,武蔵,武蔵,三田国際,三田国際,13,0,,,https://koko-soccer.com/score/1070
2018,総体,予選南支部,2018-05-03,都立杉並総合,杉並総合,東京学芸大附,東京学芸大附,2,4,,,https://koko-soccer.com/score/1070
2018,総体,予選南支部,2018-05-03,多摩大目黒,多摩大学目黒,世田谷学園,世田谷学園,6,0,,,https://koko-soccer.com/score/1070
2018,総体,予選南支部,2018-05-03,堀越,堀越,都立山崎,山崎,6,0,,,https://koko-soccer.com/score/1070
2018,総体,予選南支部,2018-05-03,都立駒場,駒場,日大鶴ヶ丘,日大鶴ヶ丘,1,0,,,https://koko-soccer.com/score/1070
2018,総体,予選南支部,2018-05-03,都立野津田,野津田,都立田無,田無,2,0,,,https://koko-soccer.com/score/1070
2018,総体,予選南支部,2018-05-03,都立石神井,石神井,日本学園,日本学園,0,1,,,https://koko-soccer.com/score/1070
2018,総体,予選南支部,2018-05-04,武蔵,武蔵,東京学芸大附,東京学芸大附,5,3,,,https://koko-soccer.com/score/1070
2018,総体,予選南支部,2018-05-04,日大三,日大三,都立町田,町田,4,0,,,https://koko-soccer.com/score/1070
2018,総体,予選南支部,2018-05-04,都立井草,井草,駒場東邦,駒場東邦,2,3,,,https://koko-soccer.com/score/1070
2018,総体,予選南支部,2018-05-04,都立保谷,保谷,都立鷺宮,鷺宮,2,2,1,3,https://koko-soccer.com/score/1070
2018,総体,予選南支部,2018-05-04,早大学院,早大学院,都立豊多摩,豊多摩,2,0,,,https://koko-soccer.com/score/1070
2018,総体,予選西支部,2018-04-22,中大附,中大附属,工学院大附,工学院大附,1,0,,,https://koko-soccer.com/score/1068
2018,総体,予選西支部,2018-04-22,都立小平,小平,都立八王子北,八王子北,1,0,,,https://koko-soccer.com/score/1068
2018,総体,予選西支部,2018-04-22,都立秋留台,秋留台,帝京大高,帝京大高,0,3,,,https://koko-soccer.com/score/1068
2018,総体,予選西支部,2018-04-22,東京電機大高,東京電機大学,都立府中,府中,1,2,,,https://koko-soccer.com/score/1068
2018,総体,予選西支部,2018-04-22,都立福生,福生,都立羽村,羽村,8,0,,,https://koko-soccer.com/score/1068
2018,総体,予選西支部,2018-04-22,中央国際,中央国際,都立富士森,富士森,0,5,,,https://koko-soccer.com/score/1068
2018,総体,予選西支部,2018-04-22,都立小平西,小平西,明法,明法,2,2,13,14,https://koko-soccer.com/score/1068
2018,総体,予選西支部,2018-04-22,都立青梅総合,青梅総合,法政大高,法政大高,0,4,,,https://koko-soccer.com/score/1068
2018,総体,予選西支部,2018-04-22,都立多摩科学技術,多摩科学技術,成蹊,成蹊,0,5,,,https://koko-soccer.com/score/1068
2018,総体,予選西支部,2018-04-22,明星,明星,都立永山,永山,0,5,,,https://koko-soccer.com/score/1068
2018,総体,予選西支部,2018-04-22,都立清瀬,清瀬,都立神代,神代,0,1,,,https://koko-soccer.com/score/1068
2018,総体,予選西支部,2018-04-22,都立小金井北,小金井北,都立武蔵村山,武蔵村山,1,0,,,https://koko-soccer.com/score/1068
2018,総体,予選西支部,2018-04-22,拓大一高,拓大一高,都立南多摩,南多摩,15,0,,,https://koko-soccer.com/score/1068
2018,総体,予選西支部,2018-04-22,帝京八王子,帝京八王子,都立五日市,五日市,3,2,,,https://koko-soccer.com/score/1068
2018,総体,予選西支部,2018-04-22,都立片倉,片倉,都立調布北,調布北,0,2,,,https://koko-soccer.com/score/1068
2018,総体,予選西支部,2018-04-22,都立日野台,日野台,都立東村山西,東村山西,1,2,,,https://koko-soccer.com/score/1068
2018,総体,予選西支部,2018-04-22,都立武蔵野北,武蔵野北,都立南平,南平,1,0,,,https://koko-soccer.com/score/1068
2018,総体,予選西支部,2018-04-22,都立昭和,昭和,都立多摩工,多摩工,3,1,,,https://koko-soccer.com/score/1068
2018,総体,予選西支部,2018-04-22,都立府中工,府中工科,明大中野八王子,明大中野八王子,0,7,,,https://koko-soccer.com/score/1068
2018,総体,予選西支部,2018-04-22,錦城,錦城,明学東村山,明治学院東村山,4,2,,,https://koko-soccer.com/score/1068
2018,総体,予選西支部,2018-04-22,昭和一学園,昭和一学園,多摩大聖ヶ丘,多摩大聖ヶ丘,3,2,,,https://koko-soccer.com/score/1068
2018,総体,予選西支部,2018-04-22,国際基督教大高,国際基督教大高,桐朋,桐朋,0,3,,,https://koko-soccer.com/score/1068
2018,総体,予選西支部,2018-04-22,都立小平南,小平南,穎明館,穎明館,1,0,,,https://koko-soccer.com/score/1068
2018,総体,予選西支部,2018-04-22,都立国分寺,国分寺,都立八王子東,八王子東,5,1,,,https://koko-soccer.com/score/1068
2018,総体,予選西支部,2018-04-22,啓明学園,啓明学園,都立国立,国立,1,2,,,https://koko-soccer.com/score/1068
2018,総体,予選西支部,2018-04-22,都立東大和,東大和,都立翔陽,翔陽,2,0,,,https://koko-soccer.com/score/1068
2018,総体,予選西支部,2018-04-22,都立東村山,東村山,八王子実践,八王子実践,4,2,,,https://koko-soccer.com/score/1068
2018,総体,予選西支部,2018-04-22,八王子,八王子,都立日野,日野,2,1,,,https://koko-soccer.com/score/1068
2018,総体,予選西支部,2018-04-22,都立武蔵,都立武蔵,都立上水,上水,2,2,2,4,https://koko-soccer.com/score/1068
2018,総体,予選西支部,2018-04-22,都立久留米西,久留米西,都立立川国際中等教育学校,立川国際中等教育学校,0,2,,,https://koko-soccer.com/score/1068
2018,総体,予選西支部,2018-04-22,聖徳学園,聖徳学園,都立立川,立川,0,7,,,https://koko-soccer.com/score/1068
2018,総体,予選西支部,2018-04-22,都立三鷹中等教育学校,三鷹中等教育学校,都立拝島,拝島,4,0,,,https://koko-soccer.com/score/1068
2018,総体,予選西支部,2018-04-22,都立府中東,府中東,自由学園,自由学園,9,0,,,https://koko-soccer.com/score/1068
2018,総体,予選西支部,2018-04-22,明大明治,明大明治,都立府中西,府中西,11,0,,,https://koko-soccer.com/score/1068
2018,総体,予選西支部,2018-04-22,都立多摩,多摩,明星学園,明星学園,2,6,,,https://koko-soccer.com/score/1068
2018,総体,予選西支部,2018-04-29,都立松が谷,松が谷,中大附,中大附属,1,4,,,https://koko-soccer.com/score/1068
2018,総体,予選西支部,2018-04-29,都立小平,小平,帝京大高,帝京大高,7,0,,,https://koko-soccer.com/score/1068
2018,総体,予選西支部,2018-04-29,早稲田実業,早稲田実業,都立府中,府中,4,0,,,https://koko-soccer.com/score/1068
2018,総体,予選西支部,2018-04-29,都立福生,福生,都立富士森,富士森,0,0,2,4,https://koko-soccer.com/score/1068
2018,総体,予選西支部,2018-04-29,創価,創価,明法,明法,3,0,,,https://koko-soccer.com/score/1068
2018,総体,予選西支部,2018-04-29,法政大高,法政大高,成蹊,成蹊,0,0,3,1,https://koko-soccer.com/score/1068
2018,総体,予選西支部,2018-04-29,東海大菅生,東海大菅生,都立永山,永山,2,1,,,https://koko-soccer.com/score/1068
2018,総体,予選西支部,2018-04-29,都立神代,神代,都立小金井北,小金井北,0,0,6,7,https://koko-soccer.com/score/1068
2018,総体,予選西支部,2018-04-29,都立調布南,調布南,拓大一高,拓大一高,0,1,,,https://koko-soccer.com/score/1068
2018,総体,予選西支部,2018-04-29,帝京八王子,帝京八王子,都立調布北,調布北,0,0,5,3,https://koko-soccer.com/score/1068
2018,総体,予選西支部,2018-04-29,都立東村山西,東村山西,都立武蔵野北,武蔵野北,3,3,2,4,https://koko-soccer.com/score/1068
2018,総体,予選西支部,2018-04-29,都立昭和,昭和,明大中野八王子,明大中野八王子,0,3,,,https://koko-soccer.com/score/1068
2018,総体,予選西支部,2018-04-29,錦城,錦城,昭和一学園,昭和一学園,1,3,,,https://koko-soccer.com/score/1068
2018,総体,予選西支部,2018-04-29,桐朋,桐朋,都立小平南,小平南,0,0,3,5,https://koko-soccer.com/score/1068
2018,総体,予選西支部,2018-04-29,都立国分寺,国分寺,都立国立,国立,0,1,,,https://koko-soccer.com/score/1068
2018,総体,予選西支部,2018-04-29,都立東大和,東大和,都立東村山,東村山,10,0,,,https://koko-soccer.com/score/1068
2018,総体,予選西支部,2018-04-29,八王子,八王子,都立上水,上水,8,0,,,https://koko-soccer.com/score/1068
2018,総体,予選西支部,2018-04-29,都立立川国際中等教育学校,立川国際中等教育学校,都立立川,立川,1,2,,,https://koko-soccer.com/score/1068
2018,総体,予選西支部,2018-04-29,都立三鷹中等教育学校,三鷹中等教育学校,都立府中東,府中東,1,2,,,https://koko-soccer.com/score/1068
2018,総体,予選西支部,2018-04-29,明大明治,明大明治,明星学園,明星学園,1,1,4,3,https://koko-soccer.com/score/1068
2018,総体,予選西支部,2018-05-03,中大附,中大附属,都立小平,小平,1,0,,,https://koko-soccer.com/score/1068
2018,総体,予選西支部,2018-05-03,早稲田実業,早稲田実業,都立富士森,富士森,5,0,,,https://koko-soccer.com/score/1068
2018,総体,予選西支部,2018-05-03,創価,創価,法政大高,法政大高,0,1,,,https://koko-soccer.com/score/1068
2018,総体,予選西支部,2018-05-03,東海大菅生,東海大菅生,都立小金井北,小金井北,3,1,,,https://koko-soccer.com/score/1068
2018,総体,予選西支部,2018-05-03,拓大一高,拓大一高,帝京八王子,帝京八王子,2,0,,,https://koko-soccer.com/score/1068
2018,総体,予選西支部,2018-05-03,都立武蔵野北,武蔵野北,明大中野八王子,明大中野八王子,1,1,5,4,https://koko-soccer.com/score/1068
2018,総体,予選西支部,2018-05-03,昭和一学園,昭和一学園,都立小平南,小平南,2,0,,,https://koko-soccer.com/score/1068
2018,総体,予選西支部,2018-05-03,都立国立,国立,都立東大和,東大和,0,0,2,4,https://koko-soccer.com/score/1068
2018,総体,予選西支部,2018-05-03,八王子,八王子,都立立川,立川,3,3,4,5,https://koko-soccer.com/score/1068
2018,総体,予選西支部,2018-05-03,都立府中東,府中東,明大明治,明大明治,0,1,,,https://koko-soccer.com/score/1068
2018,選手権,予選,2018-08-16,都立中野工 （東京）,中野工,都立杉並 （東京）,杉並,0,10,,,https://koko-soccer.com/score/1203
2018,選手権,予選,2018-08-16,広尾学園 （東京）,広尾学園,都立武蔵 （東京）,武蔵,0,5,,,https://koko-soccer.com/score/1203
2018,選手権,予選,2018-08-16,都立目黒 （東京）,目黒,都立富士 （東京）,富士,0,5,,,https://koko-soccer.com/score/1203
2018,選手権,予選,2018-08-16,淑徳巣鴨 （東京）,淑徳巣鴨,都立芝商業 （東京）,芝商業,0,1,,,https://koko-soccer.com/score/1203
2018,選手権,予選,2018-08-16,共栄学園 （東京）,共栄学園,都立町田総合 （東京）,町田総合,1,10,,,https://koko-soccer.com/score/1203
2018,選手権,予選,2018-08-16,都立秋留台 （東京）,秋留台,都立小石川中等教育学校 （東京）,小石川中等教育学校,2,2,4,2,https://koko-soccer.com/score/1203
2018,選手権,予選,2018-08-16,東京成徳大高 （東京）,東京成徳大高,学習院 （東京）,学習院,4,2,,,https://koko-soccer.com/score/1203
2018,選手権,予選,2018-08-16,都立葛飾総合 （東京）,葛飾総合,京華 （東京）,京華,0,2,,,https://koko-soccer.com/score/1203
2018,選手権,予選,2018-08-16,都立清瀬 （東京）,清瀬,都立桜修館 （東京）,桜修館中等,2,0,,,https://koko-soccer.com/score/1203
2018,選手権,予選,2018-08-16,都立足立新田 （東京）,足立新田,都立小平西 （東京）,小平西,3,1,,,https://koko-soccer.com/score/1203
2018,選手権,予選,2018-08-16,日本学園 （東京）,日本学園,都立南多摩・南多摩中央教育 （東京）,南多摩・南多摩中央教育,5,0,,,https://koko-soccer.com/score/1203
2018,選手権,予選,2018-08-16,都立武蔵村山 （東京）,武蔵村山,都立府中工 （東京）,府中工科,6,0,,,https://koko-soccer.com/score/1203
2018,選手権,予選,2018-08-16,都立芦花 （東京）,芦花,筑波大駒場 （東京）,筑波大駒場,3,0,,,https://koko-soccer.com/score/1203
2018,選手権,予選,2018-08-16,目黒学院 （東京）,目黒学院,和光 （東京）,和光,1,1,1,3,https://koko-soccer.com/score/1203
2018,選手権,予選,2018-08-16,武蔵 （東京）,武蔵,都立武蔵丘 （東京）,武蔵丘,2,2,3,5,https://koko-soccer.com/score/1203
2018,選手権,予選,2018-08-16,武蔵野 （東京）,武蔵野,明星 （東京）,明星,0,2,,,https://koko-soccer.com/score/1203
2018,選手権,予選,2018-08-16,東京都市大等々力 （東京）,東京都市大等々力,都立深沢 （東京）,深沢,0,3,,,https://koko-soccer.com/score/1203
2018,選手権,予選,2018-08-16,都立上水 （東京）,上水,都立大島海洋国際 （東京）,大島海洋国際,2,1,,,https://koko-soccer.com/score/1203
2018,選手権,予選,2018-08-16,国士舘 （東京）,国士舘,工学院大附 （東京）,工学院大附,9,0,,,https://koko-soccer.com/score/1203
2018,選手権,予選,2018-08-16,日出 （東京）,日出,都立三鷹中等教育学校 （東京）,三鷹中等教育学校,0,8,,,https://koko-soccer.com/score/1203
2018,選手権,予選,2018-08-16,錦城 （東京）,錦城,獨協 （東京）,獨協,3,0,,,https://koko-soccer.com/score/1203
2018,選手権,予選,2018-08-16,都立五日市 （東京）,五日市,都立南平 （東京）,南平,1,5,,,https://koko-soccer.com/score/1203
2018,選手権,予選,2018-08-16,日大三 （東京）,日大三,都立杉並工 （東京）,杉並工,5,0,,,https://koko-soccer.com/score/1203
2018,選手権,予選,2018-08-16,東洋 （東京）,東洋,都立足立東 （東京）,足立東,1,0,,,https://koko-soccer.com/score/1203
2018,選手権,予選,2018-08-16,自由ヶ丘学園 （東京）,自由ヶ丘学園,明治学院 （東京）,明治学院,1,5,,,https://koko-soccer.com/score/1203
2018,選手権,予選,2018-08-16,都立桜町 （東京）,桜町,日大二 （東京）,日大二,2,1,,,https://koko-soccer.com/score/1203
2018,選手権,予選,2018-08-16,都立葛飾野 （東京）,葛飾野,明星学園 （東京）,明星学園,2,0,,,https://koko-soccer.com/score/1203
2018,選手権,予選,2018-08-16,都立松原 （東京）,松原,佼成学園 （東京）,佼成学園,3,0,,,https://koko-soccer.com/score/1203
2018,選手権,予選,2018-08-16,都立府中西 （東京）,府中西,都立橘 （東京）,橘,0,0,4,2,https://koko-soccer.com/score/1203
2018,選手権,予選,2018-08-16,都立昭和 （東京）,昭和,日工大駒場 （東京）,日工大駒場,3,1,,,https://koko-soccer.com/score/1203
2018,選手権,予選,2018-08-16,都立大泉 （東京）,大泉,都立町田工 （東京）,町田工,12,0,,,https://koko-soccer.com/score/1203
2018,選手権,予選,2018-08-16,都立成瀬 （東京）,成瀬,正則学園 （東京）,正則学園,0,8,,,https://koko-soccer.com/score/1203
2018,選手権,予選,2018-08-16,都立高島 （東京）,高島,都立片倉 （東京）,片倉,3,0,,,https://koko-soccer.com/score/1203
2018,選手権,予選,2018-08-16,安田学園 （東京）,安田学園,都立八潮 （東京）,八潮,0,1,,,https://koko-soccer.com/score/1203
2018,選手権,予選,2018-08-16,東亜学園 （東京）,東亜学園,玉川学園 （東京）,玉川学園,7,1,,,https://koko-soccer.com/score/1203
2018,選手権,予選,2018-08-16,都立小岩 （東京）,小岩,都立翔陽 （東京）,翔陽,0,3,,,https://koko-soccer.com/score/1203
2018,選手権,予選,2018-08-16,明大明治 （東京）,明大明治,芝 （東京）,芝,2,0,,,https://koko-soccer.com/score/1203
2018,選手権,予選,2018-08-16,都立千歳丘 （東京）,千歳丘,渋谷教育学園渋谷 （東京）,渋谷教育学園渋谷,1,1,4,3,https://koko-soccer.com/score/1203
2018,選手権,予選,2018-08-16,都立永山 （東京）,永山,専修大附 （東京）,専修大附,2,2,3,5,https://koko-soccer.com/score/1203
2018,選手権,予選,2018-08-16,都立羽村 （東京）,羽村,都立保谷 （東京）,保谷,1,5,,,https://koko-soccer.com/score/1203
2018,選手権,予選,2018-08-16,都立飛鳥 （東京）,飛鳥,都立小川 （東京）,小川,0,0,4,5,https://koko-soccer.com/score/1203
2018,選手権,予選,2018-08-16,豊島学院 （東京）,豊島学院,都立大崎 （東京）,大崎,4,1,,,https://koko-soccer.com/score/1203
2018,選手権,予選,2018-08-16,啓明学園 （東京）,啓明学園,中大附 （東京）,中大附属,1,1,4,3,https://koko-soccer.com/score/1203
2018,選手権,予選,2018-08-16,東京 （東京）,東京,日大一 （東京）,日大一,2,3,,,https://koko-soccer.com/score/1203
2018,選手権,予選,2018-08-16,帝京大高 （東京）,帝京大高,都立広尾 （東京）,広尾,0,1,,,https://koko-soccer.com/score/1203
2018,選手権,予選,2018-08-16,駒場東邦 （東京）,駒場東邦,都立向丘 （東京）,向丘,4,3,,,https://koko-soccer.com/score/1203
2018,選手権,予選,2018-08-16,豊南 （東京）,豊南,都立八丈 （東京）,八丈,4,4,4,5,https://koko-soccer.com/score/1203
2018,選手権,予選,2018-08-16,東京学芸大附 （東京）,東京学芸大附,都立田園調布 （東京）,田園調布,1,1,5,4,https://koko-soccer.com/score/1203
2018,選手権,予選,2018-08-16,都立青梅総合 （東京）,青梅総合,都立淵江 （東京）,淵江,0,3,,,https://koko-soccer.com/score/1203
2018,選手権,予選,2018-08-16,都立拝島 （東京）,拝島,大原学園 （東京）,大原学園,2,0,,,https://koko-soccer.com/score/1203
2018,選手権,予選,2018-08-16,都立武蔵野北 （東京）,武蔵野北,攻玉社 （東京）,攻玉社,0,1,,,https://koko-soccer.com/score/1203
2018,選手権,予選,2018-08-16,都立板橋 （東京）,板橋,都立八王子東 （東京）,八王子東,1,2,,,https://koko-soccer.com/score/1203
2018,選手権,予選,2018-08-16,八王子 （東京）,八王子,学芸大国際 （東京）,学芸大国際,4,1,,,https://koko-soccer.com/score/1203
2018,選手権,予選,2018-08-16,保善 （東京）,保善,都立富士森 （東京）,富士森,3,0,,,https://koko-soccer.com/score/1203
2018,選手権,予選,2018-08-16,都立野津田 （東京）,野津田,都立青山 （東京）,青山,1,1,3,4,https://koko-soccer.com/score/1203
2018,選手権,予選,2018-08-16,都立若葉総合 （東京）,若葉総合,都立福生 （東京）,福生,0,5,,,https://koko-soccer.com/score/1203
2018,選手権,予選,2018-08-16,早稲田 （東京）,早稲田,都立田柄 （東京）,田柄,4,0,,,https://koko-soccer.com/score/1203
2018,選手権,予選,2018-08-16,都立八王子北 （東京）,八王子北,都立上野 （東京）,上野,5,0,,,https://koko-soccer.com/score/1203
2018,選手権,予選,2018-08-16,都立江戸川 （東京）,江戸川,都立科学技術 （東京）,科学技術,9,0,,,https://koko-soccer.com/score/1203
2018,選手権,予選,2018-08-16,都立西 （東京）,西,都立小平南 （東京）,小平南,0,1,,,https://koko-soccer.com/score/1203
2018,選手権,予選,2018-08-16,都立竹早 （東京）,竹早,明法 （東京）,明法,2,2,3,4,https://koko-soccer.com/score/1203
2018,選手権,予選,2018-08-16,正則 （東京）,正則,本郷 （東京）,本郷,0,3,,,https://koko-soccer.com/score/1203
2018,選手権,予選,2018-08-16,立教池袋 （東京）,立教池袋,東洋大京北 （東京）,東洋大京北,10,0,,,https://koko-soccer.com/score/1203
2018,選手権,予選,2018-08-16,都立新宿 （東京）,新宿,中央国際 （東京）,中央国際,4,0,,,https://koko-soccer.com/score/1203
2018,選手権,予選,2018-08-16,都立日本橋 （東京）,日本橋,青稜 （東京）,青稜,1,3,,,https://koko-soccer.com/score/1203
2018,選手権,予選,2018-08-16,都立白鴎 （東京）,白鴎,明大中野 （東京）,明大中野,0,9,,,https://koko-soccer.com/score/1203
2018,選手権,予選,2018-08-16,都立大森 （東京）,大森,都立豊多摩 （東京）,豊多摩,0,11,,,https://koko-soccer.com/score/1203
2018,選手権,予選,2018-08-16,都立国分寺 （東京）,国分寺,都立杉並総合 （東京）,杉並総合,3,1,,,https://koko-soccer.com/score/1203
2018,選手権,予選,2018-08-16,都立葛飾商 （東京）,葛飾商,都立光丘 （東京）,光丘,1,0,,,https://koko-soccer.com/score/1203
2018,選手権,予選,2018-08-16,都立町田 （東京）,町田,八王子実践 （東京）,八王子実践,1,1,3,4,https://koko-soccer.com/score/1203
2018,選手権,予選,2018-08-16,文教大付 （東京）,文教大付,都立豊島 （東京）,豊島,0,3,,,https://koko-soccer.com/score/1203
2018,選手権,予選,2018-08-16,都立三商 （東京）,三商,三田国際 （東京）,三田国際,11,0,,,https://koko-soccer.com/score/1203
2018,選手権,予選,2018-08-16,中央学院大中央 （東京）,中央学院大学中央,都立文京 （東京）,文京,0,8,,,https://koko-soccer.com/score/1203
2018,選手権,予選,2018-08-16,桐朋 （東京）,桐朋,都立練馬 （東京）,練馬,2,1,,,https://koko-soccer.com/score/1203
2018,選手権,予選,2018-08-16,杉並学院 （東京）,杉並学院,区立九段中等教育 （東京）,九段中等教育,4,0,,,https://koko-soccer.com/score/1203
2018,選手権,予選,2018-08-17,日大豊山 （東京）,日大豊山,国際基督教大高 （東京）,国際基督教大高,8,0,,,https://koko-soccer.com/score/1203
2018,選手権,予選,2018-08-17,日体大荏原 （東京）,日体大荏原,日大桜丘 （東京）,日大櫻丘,5,0,,,https://koko-soccer.com/score/1203
2018,選手権,予選,2018-08-17,大東学園 （東京）,大東学園,都立田無工 （東京）,田無工,5,2,,,https://koko-soccer.com/score/1203
2018,選手権,予選,2018-08-17,大森学園 （東京）,大森学園,都立日野 （東京）,日野,7,0,,,https://koko-soccer.com/score/1203
2018,選手権,予選,2018-08-17,昭和一学園 （東京）,昭和一学園,都立日野台 （東京）,日野台,1,4,,,https://koko-soccer.com/score/1203
2018,選手権,予選,2018-08-17,都立多摩工 （東京）,多摩工,都立多摩科学技術 （東京）,多摩科学技術,7,0,,,https://koko-soccer.com/score/1203
2018,選手権,予選,2018-08-17,城西大城西 （東京）,城西大城西,京華商 （東京）,京華商,0,1,,,https://koko-soccer.com/score/1203
2018,選手権,予選,2018-08-17,都立荒川商 （東京）,荒川商,創価 （東京）,創価,0,4,,,https://koko-soccer.com/score/1203
2018,選手権,予選,2018-08-17,中大附 （東京）,中大附属,都立荒川工 （東京）,荒川工,11,1,,,https://koko-soccer.com/score/1203
2018,選手権,予選,2018-08-17,都立板橋有徳 （東京）,板橋有徳,都立立川国際中等教育学校 （東京）,立川国際中等教育学校,0,1,,,https://koko-soccer.com/score/1203
2018,選手権,予選,2018-08-17,二松学舎大附 （東京）,二松学舎大附,都立青井 （東京）,青井,2,1,,,https://koko-soccer.com/score/1203
2018,選手権,予選,2018-08-17,駒場学園 （東京）,駒場学園,都立小金井北 （東京）,小金井北,0,3,,,https://koko-soccer.com/score/1203
2018,選手権,予選,2018-08-17,拓大一高 （東京）,拓大一高,都立戸山 （東京）,戸山,0,0,5,3,https://koko-soccer.com/score/1203
2018,選手権,予選,2018-08-17,都立雪谷 （東京）,雪谷,大智学園 （東京）,大智学園,4,0,,,https://koko-soccer.com/score/1203
2018,選手権,予選,2018-08-17,淑徳 （東京）,淑徳,東農大一 （東京）,農大一,0,4,,,https://koko-soccer.com/score/1203
2018,選手権,予選,2018-08-17,都立墨田川 （東京）,墨田川,城北 （東京）,城北,1,1,4,5,https://koko-soccer.com/score/1203
2018,選手権,予選,2018-08-17,かえつ有明 （東京）,かえつ有明,多摩大聖ヶ丘 （東京）,多摩大聖ヶ丘,2,0,,,https://koko-soccer.com/score/1203
2018,選手権,予選,2018-08-17,都立足立西 （東京）,足立西,上野学園 （東京）,上野学園,0,1,,,https://koko-soccer.com/score/1203
2018,選手権,予選,2018-08-17,都立調布北 （東京）,調布北,都立国立 （東京）,国立,0,7,,,https://koko-soccer.com/score/1203
2018,選手権,予選,2018-08-17,都立神代 （東京）,神代,錦城学園 （東京）,錦城学園,4,0,,,https://koko-soccer.com/score/1203
2018,選手権,予選,2018-08-17,都立足立 （東京）,足立,郁文館 （東京）,郁文館,0,0,5,3,https://koko-soccer.com/score/1203
2018,選手権,予選,2018-08-17,都立府中 （東京）,府中,都立府中東 （東京）,府中東,1,6,,,https://koko-soccer.com/score/1203
2018,選手権,予選,2018-08-17,東海大菅生 （東京）,東海大菅生,都立小松川 （東京）,小松川,2,1,,,https://koko-soccer.com/score/1203
2018,選手権,予選,2018-08-17,都立千早 （東京）,千早,都立東村山西 （東京）,東村山西,1,8,,,https://koko-soccer.com/score/1203
2018,選手権,予選,2018-08-17,帝京八王子 （東京）,帝京八王子,都立葛西南 （東京）,葛西南,2,1,,,https://koko-soccer.com/score/1203
2018,選手権,予選,2018-08-17,聖徳学園 （東京）,聖徳学園,都立篠崎 （東京）,篠崎,1,0,,,https://koko-soccer.com/score/1203
2018,選手権,予選,2018-08-17,都立鷺宮 （東京）,鷺宮,都立足立工 （東京）,足立工,8,0,,,https://koko-soccer.com/score/1203
2018,選手権,予選,2018-08-17,芝浦工大高 （東京）,芝浦工大高,都立多摩 （東京）,多摩,1,3,,,https://koko-soccer.com/score/1203
2018,選手権,予選,2018-08-17,國學院 （東京）,国学院,都立総合工科 （東京）,総合工科,5,0,,,https://koko-soccer.com/score/1203
2018,選手権,予選,2018-08-17,都立小平 （東京）,小平,都立日比谷 （東京）,日比谷,0,0,7,6,https://koko-soccer.com/score/1203
2018,選手権,予選,2018-08-17,都立三田 （東京）,三田,高輪 （東京）,高輪,0,1,,,https://koko-soccer.com/score/1203
2018,選手権,予選,2018-08-17,東京電機大高 （東京）,東京電機大学,穎明館 （東京）,穎明館,3,4,,,https://koko-soccer.com/score/1203
2018,選手権,予選,2018-08-17,青山学院 （東京）,青山学院,桜美林 （東京）,桜美林,2,3,,,https://koko-soccer.com/score/1203
2018,選手権,予選,2018-08-17,都立第四商 （東京）,第四商,都立つばさ総合 （東京）,つばさ総合,0,5,,,https://koko-soccer.com/score/1203
2018,選手権,予選,2018-08-17,目白研心 （東京）,目白研心,都立竹台 （東京）,竹台,17,0,,,https://koko-soccer.com/score/1203
2018,選手権,予選,2018-08-17,東京立正 （東京）,東京立正,都立調布南 （東京）,調布南,0,12,,,https://koko-soccer.com/score/1203
2018,選手権,予選,2018-08-17,東海大高輪台 （東京）,東海大高輪台,都立墨田工 （東京）,墨田工,12,0,,,https://koko-soccer.com/score/1203
2018,選手権,予選,2018-08-17,明学東村山 （東京）,明治学院東村山,巣鴨 （東京）,巣鴨,3,0,,,https://koko-soccer.com/score/1203
2018,選手権,予選,2018-08-17,宝仙学園 （東京）,宝仙学園,明大中野八王子 （東京）,明大中野八王子,0,5,,,https://koko-soccer.com/score/1203
2018,選手権,予選,2018-08-17,都立田無 （東京）,田無,貞静学園 （東京）,貞静学園,9,0,,,https://koko-soccer.com/score/1203
2018,選手権,予選,2018-08-17,都立大田桜台 （東京）,大田桜台,世田谷学園 （東京）,世田谷学園,2,4,,,https://koko-soccer.com/score/1203
2018,選手権,予選,2018-08-17,立正大立正 （東京）,立正大立正,都立練馬工 （東京）,練馬工,2,0,,,https://koko-soccer.com/score/1203
2018,選手権,予選,2018-08-17,都立石神井 （東京）,石神井,東京工業高専 （東京）,東京工業高専,6,0,,,https://koko-soccer.com/score/1203
2018,選手権,予選,2018-08-17,都立東村山 （東京）,東村山,都立山崎 （東京）,山崎,1,1,4,3,https://koko-soccer.com/score/1203
2018,選手権,予選,2018-08-17,法政大高 （東京）,法政大高,自由学園 （東京）,自由学園,7,0,,,https://koko-soccer.com/score/1203
2018,選手権,予選,2018-08-17,都立東大和 （東京）,東大和,都立久留米西 （東京）,久留米西,1,4,,,https://koko-soccer.com/score/1203
2018,選手権,予選,2018-08-17,都立小山台 （東京）,小山台,都立江東商 （東京）,江東商,8,1,,,https://koko-soccer.com/score/1203
2018,選手権,予選,2018-08-17,日大鶴ヶ丘 （東京）,日大鶴ヶ丘,聖学院 （東京）,聖学院,8,0,,,https://koko-soccer.com/score/1203
2018,選手権,予選,2018-08-17,都立北園 （東京）,北園,東工大付 （東京）,東工大付,0,2,,,https://koko-soccer.com/score/1203
2018,選手権,予選,2018-08-17,都立南葛飾 （東京）,南葛飾,東京都市大付 （東京）,都市大付,3,1,,,https://koko-soccer.com/score/1203
2018,選手権,予選,2018-08-17,都立国際 （東京）,国際,桜丘 （東京）,桜丘,2,1,,,https://koko-soccer.com/score/1203
2018,選手権,予選,2018-08-17,都立江北 （東京）,江北,都立科学技術 （東京）,科学技術,9,0,,,https://koko-soccer.com/score/1203
2018,選手権,予選,2018-08-17,都立両国 （東京）,両国,東京実業 （東京）,東京実業,0,17,,,https://koko-soccer.com/score/1203
2018,選手権,予選,2018-08-18,早大学院 （東京）,早大学院,都立杉並 （東京）,杉並,2,1,,,https://koko-soccer.com/score/1203
2018,選手権,予選,2018-08-18,都立世田谷総合 （東京）,世田谷総合,岩倉 （東京）,岩倉,6,0,,,https://koko-soccer.com/score/1203
2018,選手権,予選,2018-08-18,都立狛江 （東京）,狛江,都立武蔵 （東京）,武蔵,9,0,,,https://koko-soccer.com/score/1203
2018,選手権,予選,2018-08-18,成蹊 （東京）,成蹊,朋優学院 （東京）,朋優学院,2,0,,,https://koko-soccer.com/score/1203
2018,選手権,予選,2018-08-18,麻布 （東京）,麻布,都立六郷工科 （東京）,六郷工科,16,0,,,https://koko-soccer.com/score/1203
2018,選手権,予選,2018-08-18,都立深川 （東京）,深川,筑波大附 （東京）,筑波大学附属,3,3,7,6,https://koko-soccer.com/score/1203
2018,選手権,予選,2018-08-18,都立井草 （東京）,井草,都立美原 （東京）,美原,0,2,,,https://koko-soccer.com/score/1203
2018,選手権,予選,2018-08-18,都立北豊島工 （東京）,北豊島工,足立学園 （東京）,足立学園,0,4,,,https://koko-soccer.com/score/1203
2018,選手権,予選,2018-08-18,大東大一 （東京）,大東大一,海城 （東京）,海城,8,0,,,https://koko-soccer.com/score/1203
2018,選手権,予選,2018-08-18,都立東 （東京）,東,開成 （東京）,開成,3,0,,,https://koko-soccer.com/score/1203
2018,選手権,予選,2018-08-18,都立紅葉川 （東京）,紅葉川,都立大山 （東京）,大山,5,1,,,https://koko-soccer.com/score/1203
2018,選手権,予選,2018-08-18,成城 （東京）,成城,都立松が谷 （東京）,松が谷,1,2,,,https://koko-soccer.com/score/1203
2018,選手権,予選,2018-08-18,都立本所 （東京）,本所,成城学園 （東京）,成城学園,0,5,,,https://koko-soccer.com/score/1203
2018,選手権,予選,2018-08-21,都立富士 （東京）,富士,都立芝商業 （東京）,芝商業,6,0,,,https://koko-soccer.com/score/1203
2018,選手権,予選,2018-08-21,都立町田総合 （東京）,町田総合,都立秋留台 （東京）,秋留台,4,2,,,https://koko-soccer.com/score/1203
2018,選手権,予選,2018-08-21,東京成徳大高 （東京）,東京成徳大高,京華 （東京）,京華,4,2,,,https://koko-soccer.com/score/1203
2018,選手権,予選,2018-08-21,成蹊 （東京）,成蹊,麻布 （東京）,麻布,0,3,,,https://koko-soccer.com/score/1203
2018,選手権,予選,2018-08-21,日大豊山 （東京）,日大豊山,日体大荏原 （東京）,日体大荏原,1,0,,,https://koko-soccer.com/score/1203
2018,選手権,予選,2018-08-21,都立清瀬 （東京）,清瀬,都立足立新田 （東京）,足立新田,1,2,,,https://koko-soccer.com/score/1203
2018,選手権,予選,2018-08-21,日本学園 （東京）,日本学園,都立武蔵村山 （東京）,武蔵村山,6,0,,,https://koko-soccer.com/score/1203
2018,選手権,予選,2018-08-21,都立芦花 （東京）,芦花,和光 （東京）,和光,1,4,,,https://koko-soccer.com/score/1203
2018,選手権,予選,2018-08-21,都立武蔵丘 （東京）,武蔵丘,明星 （東京）,明星,6,0,,,https://koko-soccer.com/score/1203
2018,選手権,予選,2018-08-21,都立深沢 （東京）,深沢,都立上水 （東京）,上水,1,0,,,https://koko-soccer.com/score/1203
2018,選手権,予選,2018-08-21,国士舘 （東京）,国士舘,都立三鷹中等教育学校 （東京）,三鷹中等教育学校,6,0,,,https://koko-soccer.com/score/1203
2018,選手権,予選,2018-08-21,錦城 （東京）,錦城,都立南平 （東京）,南平,1,2,,,https://koko-soccer.com/score/1203
2018,選手権,予選,2018-08-21,日大三 （東京）,日大三,東洋 （東京）,東洋,10,0,,,https://koko-soccer.com/score/1203
2018,選手権,予選,2018-08-21,明治学院 （東京）,明治学院,都立桜町 （東京）,桜町,5,0,,,https://koko-soccer.com/score/1203
2018,選手権,予選,2018-08-21,都立葛飾野 （東京）,葛飾野,都立松原 （東京）,松原,5,0,,,https://koko-soccer.com/score/1203
2018,選手権,予選,2018-08-21,都立府中西 （東京）,府中西,大東学園 （東京）,大東学園,2,2,0,3,https://koko-soccer.com/score/1203
2018,選手権,予選,2018-08-21,大森学園 （東京）,大森学園,都立昭和 （東京）,昭和,5,0,,,https://koko-soccer.com/score/1203
2018,選手権,予選,2018-08-21,都立大泉 （東京）,大泉,正則学園 （東京）,正則学園,2,3,,,https://koko-soccer.com/score/1203
2018,選手権,予選,2018-08-21,都立高島 （東京）,高島,都立八潮 （東京）,八潮,9,0,,,https://koko-soccer.com/score/1203
2018,選手権,予選,2018-08-21,東亜学園 （東京）,東亜学園,都立翔陽 （東京）,翔陽,2,0,,,https://koko-soccer.com/score/1203
2018,選手権,予選,2018-08-21,都立日野台 （東京）,日野台,都立多摩工 （東京）,多摩工,6,1,,,https://koko-soccer.com/score/1203
2018,選手権,予選,2018-08-21,京華商 （東京）,京華商,創価 （東京）,創価,0,14,,,https://koko-soccer.com/score/1203
2018,選手権,予選,2018-08-21,中大附 （東京）,中大附属,都立立川国際中等教育学校 （東京）,立川国際中等教育学校,11,0,,,https://koko-soccer.com/score/1203
2018,選手権,予選,2018-08-21,二松学舎大附 （東京）,二松学舎大附,都立小金井北 （東京）,小金井北,0,6,,,https://koko-soccer.com/score/1203
2018,選手権,予選,2018-08-21,拓大一高 （東京）,拓大一高,都立雪谷 （東京）,雪谷,1,1,5,3,https://koko-soccer.com/score/1203
2018,選手権,予選,2018-08-21,東農大一 （東京）,農大一,城北 （東京）,城北,0,1,,,https://koko-soccer.com/score/1203
2018,選手権,予選,2018-08-21,明大明治 （東京）,明大明治,都立千歳丘 （東京）,千歳丘,12,0,,,https://koko-soccer.com/score/1203
2018,選手権,予選,2018-08-21,専修大附 （東京）,専修大附,都立保谷 （東京）,保谷,0,3,,,https://koko-soccer.com/score/1203
2018,選手権,予選,2018-08-21,かえつ有明 （東京）,かえつ有明,都立小川 （東京）,小川,5,0,,,https://koko-soccer.com/score/1203
2018,選手権,予選,2018-08-21,上野学園 （東京）,上野学園,都立国立 （東京）,国立,0,8,,,https://koko-soccer.com/score/1203
2018,選手権,予選,2018-08-21,都立深川 （東京）,深川,都立神代 （東京）,神代,2,1,,,https://koko-soccer.com/score/1203
2018,選手権,予選,2018-08-21,都立足立 （東京）,足立,都立府中東 （東京）,府中東,3,4,,,https://koko-soccer.com/score/1203
2018,選手権,予選,2018-08-21,豊島学院 （東京）,豊島学院,啓明学園 （東京）,啓明学園,2,0,,,https://koko-soccer.com/score/1203
2018,選手権,予選,2018-08-21,日大一 （東京）,日大一,都立広尾 （東京）,広尾,3,0,,,https://koko-soccer.com/score/1203
2018,選手権,予選,2018-08-21,駒場東邦 （東京）,駒場東邦,都立八丈 （東京）,八丈,5,0,,,https://koko-soccer.com/score/1203
2018,選手権,予選,2018-08-21,東京学芸大附 （東京）,東京学芸大附,都立淵江 （東京）,淵江,4,0,,,https://koko-soccer.com/score/1203
2018,選手権,予選,2018-08-21,東海大菅生 （東京）,東海大菅生,都立東村山西 （東京）,東村山西,5,4,,,https://koko-soccer.com/score/1203
2018,選手権,予選,2018-08-21,帝京八王子 （東京）,帝京八王子,聖徳学園 （東京）,聖徳学園,2,0,,,https://koko-soccer.com/score/1203
2018,選手権,予選,2018-08-21,都立鷺宮 （東京）,鷺宮,都立拝島 （東京）,拝島,3,1,,,https://koko-soccer.com/score/1203
2018,選手権,予選,2018-08-21,都立美原 （東京）,美原,足立学園 （東京）,足立学園,2,2,4,2,https://koko-soccer.com/score/1203
2018,選手権,予選,2018-08-21,攻玉社 （東京）,攻玉社,都立八王子東 （東京）,八王子東,5,0,,,https://koko-soccer.com/score/1203
2018,選手権,予選,2018-08-21,八王子 （東京）,八王子,保善 （東京）,保善,1,1,4,3,https://koko-soccer.com/score/1203
2018,選手権,予選,2018-08-21,都立青山 （東京）,青山,都立福生 （東京）,福生,0,2,,,https://koko-soccer.com/score/1203
2018,選手権,予選,2018-08-21,早稲田 （東京）,早稲田,都立八王子北 （東京）,八王子北,2,3,,,https://koko-soccer.com/score/1203
2018,選手権,予選,2018-08-21,大東大一 （東京）,大東大一,都立多摩 （東京）,多摩,6,0,,,https://koko-soccer.com/score/1203
2018,選手権,予選,2018-08-21,都立江戸川 （東京）,江戸川,都立小平南 （東京）,小平南,1,0,,,https://koko-soccer.com/score/1203
2018,選手権,予選,2018-08-21,都立東 （東京）,東,國學院 （東京）,国学院,1,0,,,https://koko-soccer.com/score/1203
2018,選手権,予選,2018-08-21,都立小平 （東京）,小平,高輪 （東京）,高輪,0,1,,,https://koko-soccer.com/score/1203
2018,選手権,予選,2018-08-21,都立紅葉川 （東京）,紅葉川,穎明館 （東京）,穎明館,4,0,,,https://koko-soccer.com/score/1203
2018,選手権,予選,2018-08-21,桜美林 （東京）,桜美林,都立つばさ総合 （東京）,つばさ総合,2,3,,,https://koko-soccer.com/score/1203
2018,選手権,予選,2018-08-21,目白研心 （東京）,目白研心,都立調布南 （東京）,調布南,4,0,,,https://koko-soccer.com/score/1203
2018,選手権,予選,2018-08-21,明法 （東京）,明法,本郷 （東京）,本郷,0,3,,,https://koko-soccer.com/score/1203
2018,選手権,予選,2018-08-21,東海大高輪台 （東京）,東海大高輪台,明学東村山 （東京）,明治学院東村山,6,1,,,https://koko-soccer.com/score/1203
2018,選手権,予選,2018-08-21,立教池袋 （東京）,立教池袋,明大中野八王子 （東京）,明大中野八王子,1,4,,,https://koko-soccer.com/score/1203
2018,選手権,予選,2018-08-21,都立新宿 （東京）,新宿,青稜 （東京）,青稜,2,1,,,https://koko-soccer.com/score/1203
2018,選手権,予選,2018-08-21,都立田無 （東京）,田無,世田谷学園 （東京）,世田谷学園,1,0,,,https://koko-soccer.com/score/1203
2018,選手権,予選,2018-08-21,都立松が谷 （東京）,松が谷,成城学園 （東京）,成城学園,1,0,,,https://koko-soccer.com/score/1203
2018,選手権,予選,2018-08-21,明大中野 （東京）,明大中野,都立豊多摩 （東京）,豊多摩,0,2,,,https://koko-soccer.com/score/1203
2018,選手権,予選,2018-08-21,立正大立正 （東京）,立正大立正,都立国分寺 （東京）,国分寺,0,4,,,https://koko-soccer.com/score/1203
2018,選手権,予選,2018-08-21,都立石神井 （東京）,石神井,都立東村山 （東京）,東村山,6,0,,,https://koko-soccer.com/score/1203
2018,選手権,予選,2018-08-21,法政大高 （東京）,法政大高,都立葛飾商 （東京）,葛飾商,5,0,,,https://koko-soccer.com/score/1203
2018,選手権,予選,2018-08-21,八王子実践 （東京）,八王子実践,都立豊島 （東京）,豊島,0,2,,,https://koko-soccer.com/score/1203
2018,選手権,予選,2018-08-21,都立久留米西 （東京）,久留米西,都立小山台 （東京）,小山台,1,0,,,https://koko-soccer.com/score/1203
2018,選手権,予選,2018-08-21,日大鶴ヶ丘 （東京）,日大鶴ヶ丘,東工大付 （東京）,東工大付,0,3,,,https://koko-soccer.com/score/1203
2018,選手権,予選,2018-08-21,都立南葛飾 （東京）,南葛飾,都立国際 （東京）,国際,3,0,,,https://koko-soccer.com/score/1203
2018,選手権,予選,2018-08-21,都立三商 （東京）,三商,都立文京 （東京）,文京,0,2,,,https://koko-soccer.com/score/1203
2018,選手権,予選,2018-08-21,都立江北 （東京）,江北,桐朋 （東京）,桐朋,0,1,,,https://koko-soccer.com/score/1203
2018,選手権,予選,2018-08-21,杉並学院 （東京）,杉並学院,東京実業 （東京）,東京実業,0,1,,,https://koko-soccer.com/score/1203
2018,選手権,予選,2018-08-21,早大学院 （東京）,早大学院,都立世田谷総合 （東京）,世田谷総合,6,1,,,https://koko-soccer.com/score/1203
2018,選手権,予選,2018-08-21,都立狛江 （東京）,狛江,昭和一 （東京）,昭和一,0,0,4,1,https://koko-soccer.com/score/1203
2018,選手権,予選,2018-08-23,東京成徳大高 （東京）,東京成徳大高,麻布 （東京）,麻布,1,0,,,https://koko-soccer.com/score/1203
2018,選手権,予選,2018-08-23,日大豊山 （東京）,日大豊山,都立足立新田 （東京）,足立新田,5,0,,,https://koko-soccer.com/score/1203
2018,選手権,予選,2018-08-23,日本学園 （東京）,日本学園,和光 （東京）,和光,6,0,,,https://koko-soccer.com/score/1203
2018,選手権,予選,2018-08-23,都立武蔵丘 （東京）,武蔵丘,都立深沢 （東京）,深沢,0,0,3,4,https://koko-soccer.com/score/1203
2018,選手権,予選,2018-08-23,国士舘 （東京）,国士舘,都立南平 （東京）,南平,4,0,,,https://koko-soccer.com/score/1203
2018,選手権,予選,2018-08-23,日大三 （東京）,日大三,明治学院 （東京）,明治学院,5,3,,,https://koko-soccer.com/score/1203
2018,選手権,予選,2018-08-23,都立葛飾野 （東京）,葛飾野,大東学園 （東京）,大東学園,5,0,,,https://koko-soccer.com/score/1203
2018,選手権,予選,2018-08-23,都立高島 （東京）,高島,東亜学園 （東京）,東亜学園,1,0,,,https://koko-soccer.com/score/1203
2018,選手権,予選,2018-08-23,都立日野台 （東京）,日野台,創価 （東京）,創価,2,5,,,https://koko-soccer.com/score/1203
2018,選手権,予選,2018-08-23,中大附 （東京）,中大附属,都立小金井北 （東京）,小金井北,3,2,,,https://koko-soccer.com/score/1203
2018,選手権,予選,2018-08-23,拓大一高 （東京）,拓大一高,城北 （東京）,城北,1,2,,,https://koko-soccer.com/score/1203
2018,選手権,予選,2018-08-23,かえつ有明 （東京）,かえつ有明,都立国立 （東京）,国立,4,0,,,https://koko-soccer.com/score/1203
2018,選手権,予選,2018-08-23,東海大菅生 （東京）,東海大菅生,帝京八王子 （東京）,帝京八王子,3,0,,,https://koko-soccer.com/score/1203
2018,選手権,予選,2018-08-23,都立紅葉川 （東京）,紅葉川,都立つばさ総合 （東京）,つばさ総合,5,1,,,https://koko-soccer.com/score/1203
2018,選手権,予選,2018-08-23,目白研心 （東京）,目白研心,本郷 （東京）,本郷,0,1,,,https://koko-soccer.com/score/1203
2018,選手権,予選,2018-08-23,東海大高輪台 （東京）,東海大高輪台,明大中野八王子 （東京）,明大中野八王子,1,0,,,https://koko-soccer.com/score/1203
2018,選手権,予選,2018-08-23,都立松が谷 （東京）,松が谷,都立豊多摩 （東京）,豊多摩,2,1,,,https://koko-soccer.com/score/1203
2018,選手権,予選,2018-08-23,都立国分寺 （東京）,国分寺,都立石神井 （東京）,石神井,2,1,,,https://koko-soccer.com/score/1203
2018,選手権,予選,2018-08-23,都立久留米西 （東京）,久留米西,東工大付 （東京）,東工大付,2,6,,,https://koko-soccer.com/score/1203
2018,選手権,予選,2018-08-23,都立南葛飾 （東京）,南葛飾,都立文京 （東京）,文京,2,1,,,https://koko-soccer.com/score/1203
2018,選手権,予選,2018-08-23,桐朋 （東京）,桐朋,東京実業 （東京）,東京実業,0,3,,,https://koko-soccer.com/score/1203
2018,選手権,予選,2018-08-24,早大学院 （東京）,早大学院,都立富士 （東京）,富士,3,1,,,https://koko-soccer.com/score/1203
2018,選手権,予選,2018-08-24,都立狛江 （東京）,狛江,都立町田総合 （東京）,町田総合,13,0,,,https://koko-soccer.com/score/1203
2018,選手権,予選,2018-08-24,大森学園 （東京）,大森学園,正則学園 （東京）,正則学園,1,0,,,https://koko-soccer.com/score/1203
2018,選手権,予選,2018-08-24,明大明治 （東京）,明大明治,都立保谷 （東京）,保谷,3,1,,,https://koko-soccer.com/score/1203
2018,選手権,予選,2018-08-24,都立深川 （東京）,深川,都立府中東 （東京）,府中東,1,8,,,https://koko-soccer.com/score/1203
2018,選手権,予選,2018-08-24,豊島学院 （東京）,豊島学院,日大一 （東京）,日大一,3,0,,,https://koko-soccer.com/score/1203
2018,選手権,予選,2018-08-24,駒場東邦 （東京）,駒場東邦,東京学芸大附 （東京）,東京学芸大附,1,5,,,https://koko-soccer.com/score/1203
2018,選手権,予選,2018-08-24,都立鷺宮 （東京）,鷺宮,都立美原 （東京）,美原,5,1,,,https://koko-soccer.com/score/1203
2018,選手権,予選,2018-08-24,攻玉社 （東京）,攻玉社,八王子 （東京）,八王子,3,2,,,https://koko-soccer.com/score/1203
2018,選手権,予選,2018-08-24,都立福生 （東京）,福生,都立八王子北 （東京）,八王子北,1,1,4,3,https://koko-soccer.com/score/1203
2018,選手権,予選,2018-08-24,大東大一 （東京）,大東大一,都立江戸川 （東京）,江戸川,2,0,,,https://koko-soccer.com/score/1203
2018,選手権,予選,2018-08-24,都立東 （東京）,東,高輪 （東京）,高輪,2,2,4,5,https://koko-soccer.com/score/1203
2018,選手権,予選,2018-08-24,都立新宿 （東京）,新宿,都立田無 （東京）,田無,3,0,,,https://koko-soccer.com/score/1203
2018,選手権,予選,2018-08-24,法政大高 （東京）,法政大高,都立豊島 （東京）,豊島,0,1,,,https://koko-soccer.com/score/1203
2018,選手権,予選,2018-10-13,日大豊山 （東京）,日大豊山,東京実業 （東京）,東京実業,1,2,,,https://koko-soccer.com/score/1203
2018,選手権,予選,2018-10-13,都立東大和南 （東京）,東大和南,中大杉並 （東京）,中大杉並,3,1,,,https://koko-soccer.com/score/1203
2018,選手権,予選,2018-10-13,都立紅葉川 （東京）,紅葉川,都立高島 （東京）,高島,1,5,,,https://koko-soccer.com/score/1203
2018,選手権,予選,2018-10-13,駒澤大学高等学校 （東京）,駒澤大高,都立南葛飾 （東京）,南葛飾,6,0,,,https://koko-soccer.com/score/1203
2018,選手権,予選,2018-10-13,暁星高等学校 （東京）,暁星,大成 （東京）,大成,0,1,,,https://koko-soccer.com/score/1203
2018,選手権,予選,2018-10-13,豊島学院 （東京）,豊島学院,都立福生 （東京）,福生,2,3,,,https://koko-soccer.com/score/1203
2018,選手権,予選,2018-10-13,創価 （東京）,創価,都立城東 （東京）,城東,2,0,,,https://koko-soccer.com/score/1203
2018,選手権,予選,2018-10-14,早稲田実業 （東京）,早稲田実業,中大附 （東京）,中大附属,4,0,,,https://koko-soccer.com/score/1203
2018,選手権,予選,2018-10-14,東海大高輪台 （東京）,東海大高輪台,都立豊島 （東京）,豊島,7,0,,,https://koko-soccer.com/score/1203
2018,選手権,予選,2018-10-14,都立東久留米総合 （東京）,東久留米総合,大東大一 （東京）,大東大一,5,0,,,https://koko-soccer.com/score/1203
2018,選手権,予選,2018-10-14,堀越 （東京）,堀越,都立深沢 （東京）,深沢,1,0,,,https://koko-soccer.com/score/1203
2018,選手権,予選,2018-10-14,都立府中東 （東京）,府中東,実践学園 （東京）,実践学園,0,3,,,https://koko-soccer.com/score/1203
2018,選手権,予選,2018-10-14,東京成徳大高 （東京）,東京成徳大高,都立新宿 （東京）,新宿,4,1,,,https://koko-soccer.com/score/1203
2018,選手権,予選,2018-10-14,都立国分寺 （東京）,国分寺,都立立川 （東京）,立川,3,2,,,https://koko-soccer.com/score/1203
2018,選手権,予選,2018-10-14,都立葛飾野 （東京）,葛飾野,かえつ有明 （東京）,かえつ有明,1,3,,,https://koko-soccer.com/score/1203
2018,選手権,予選,2018-10-14,国士舘 （東京）,国士舘,東工大付 （東京）,東工大付,2,2,4,1,https://koko-soccer.com/score/1203
2018,選手権,予選,2018-10-14,都立松が谷 （東京）,松が谷,都立狛江 （東京）,狛江,1,1,4,5,https://koko-soccer.com/score/1203
2018,選手権,予選,2018-10-14,大森学園 （東京）,大森学園,早大学院 （東京）,早大学院,3,0,,,https://koko-soccer.com/score/1203
2018,選手権,予選,2018-10-14,東京学芸大附 （東京）,東京学芸大附,東海大菅生 （東京）,東海大菅生,0,5,,,https://koko-soccer.com/score/1203
2018,選手権,予選,2018-10-14,本郷 （東京）,本郷,高輪 （東京）,高輪,1,2,,,https://koko-soccer.com/score/1203
2018,選手権,予選,2018-10-14,都立鷺宮 （東京）,鷺宮,城北 （東京）,城北,1,2,,,https://koko-soccer.com/score/1203
2018,選手権,予選,2018-10-14,明大明治 （東京）,明大明治,攻玉社 （東京）,攻玉社,2,0,,,https://koko-soccer.com/score/1203
2018,選手権,予選,2018-10-14,日大三 （東京）,日大三,修徳 （東京）,修徳,2,3,,,https://koko-soccer.com/score/1203
2018,選手権,予選,2018-10-14,駒込 （東京）,駒込,日本学園 （東京）,日本学園,1,3,,,https://koko-soccer.com/score/1203
2018,選手権,予選,2018-10-20,日本学園 （東京）,日本学園,國學院久我山 （東京）,国学院久我山,0,1,,,https://koko-soccer.com/score/1203
2018,選手権,予選,2018-10-20,東京朝鮮中高級学校 （東京）,東京朝鮮中高級学校,都立狛江 （東京）,狛江,3,1,,,https://koko-soccer.com/score/1203
2018,選手権,予選,2018-10-20,国士舘 （東京）,国士舘,多摩大目黒 （東京）,多摩大学目黒,2,0,,,https://koko-soccer.com/score/1203
2018,選手権,予選,2018-10-20,都立駒場 （東京）,駒場,城北 （東京）,城北,3,0,,,https://koko-soccer.com/score/1203
2018,選手権,予選,2018-10-21,関東一 （東京）,関東第一,東京実業 （東京）,東京実業,0,0,2,3,https://koko-soccer.com/score/1203
2018,選手権,予選,2018-10-21,大森学園 （東京）,大森学園,創価 （東京）,創価,1,2,,,https://koko-soccer.com/score/1203
2018,選手権,予選,2018-10-21,明大明治 （東京）,明大明治,大成 （東京）,大成,1,2,,,https://koko-soccer.com/score/1203
2018,選手権,予選,2018-10-21,都立東大和南 （東京）,東大和南,かえつ有明 （東京）,かえつ有明,1,2,,,https://koko-soccer.com/score/1203
2018,選手権,予選,2018-10-21,駒澤大学高等学校 （東京）,駒澤大高,高輪 （東京）,高輪,4,1,,,https://koko-soccer.com/score/1203
2018,選手権,予選,2018-10-21,東海大高輪台 （東京）,東海大高輪台,成立学園 （東京）,成立学園,1,2,,,https://koko-soccer.com/score/1203
2018,選手権,予選,2018-10-21,都立東久留米総合 （東京）,東久留米総合,都立国分寺 （東京）,国分寺,0,1,,,https://koko-soccer.com/score/1203
2018,選手権,予選,2018-10-21,東海大菅生 （東京）,東海大菅生,修徳 （東京）,修徳,0,1,,,https://koko-soccer.com/score/1203
2018,選手権,予選,2018-10-21,都立高島 （東京）,高島,帝京 （東京）,帝京,0,5,,,https://koko-soccer.com/score/1203
2018,選手権,予選,2018-10-21,早稲田実業 （東京）,早稲田実業,東京成徳大高 （東京）,東京成徳大高,2,0,,,https://koko-soccer.com/score/1203
2018,選手権,予選,2018-10-21,駿台学園 （東京）,駿台学園,都立福生 （東京）,福生,4,0,,,https://koko-soccer.com/score/1203
2018,選手権,予選,2018-10-21,堀越 （東京）,堀越,実践学園 （東京）,実践学園,3,3,4,3,https://koko-soccer.com/score/1203
2018,選手権,予選,2018-10-28,都立駒場 （東京）,駒場,都立国分寺 （東京）,国分寺,0,2,,,https://koko-soccer.com/score/1203
2018,選手権,予選,2018-10-28,東京実業 （東京）,東京実業,大成 （東京）,大成,1,1,1,3,https://koko-soccer.com/score/1203
2018,選手権,予選,2018-10-28,かえつ有明 （東京）,かえつ有明,国士舘 （東京）,国士舘,1,2,,,https://koko-soccer.com/score/1203
2018,選手権,予選,2018-10-28,早稲田実業 （東京）,早稲田実業,成立学園 （東京）,成立学園,1,1,5,6,https://koko-soccer.com/score/1203
2018,選手権,予選,2018-10-28,堀越 （東京）,堀越,帝京 （東京）,帝京,1,2,,,https://koko-soccer.com/score/1203
2018,選手権,予選,2018-10-28,駿台学園 （東京）,駿台学園,創価 （東京）,創価,4,1,,,https://koko-soccer.com/score/1203
2018,選手権,予選,2018-10-28,駒澤大学高等学校 （東京）,駒澤大高,國學院久我山 （東京）,国学院久我山,2,1,,,https://koko-soccer.com/score/1203
2018,選手権,予選,2018-10-28,東京朝鮮中高級学校 （東京）,東京朝鮮中高級学校,修徳 （東京）,修徳,2,1,,,https://koko-soccer.com/score/1203
2018,選手権,予選,2018-11-10,大成 （東京）,大成,成立学園 （東京）,成立学園,1,0,,,https://koko-soccer.com/score/1203
2018,選手権,予選,2018-11-10,都立国分寺 （東京）,国分寺,国士舘 （東京）,国士舘,0,2,,,https://koko-soccer.com/score/1203
2018,選手権,予選,2018-11-11,駿台学園 （東京）,駿台学園,駒澤大学高等学校 （東京）,駒澤大高,0,0,3,4,https://koko-soccer.com/score/1203
2018,選手権,予選,2018-11-11,東京朝鮮中高級学校 （東京）,東京朝鮮中高級学校,帝京 （東京）,帝京,2,4,,,https://koko-soccer.com/score/1203
2018,選手権,予選,2018-11-17,大成 （東京）,大成,国士舘 （東京）,国士舘,0,1,,,https://koko-soccer.com/score/1203
2018,選手権,予選,2018-11-17,帝京 （東京）,帝京,駒澤大学高等学校 （東京）,駒澤大高,1,2,,,https://koko-soccer.com/score/1203
2019,新人戦,新人戦（新人選手権大会）第1地区,2019-11-17,開成,開成,都立江戸川,江戸川,0,1,,,https://koko-soccer.com/score/1745
2019,新人戦,新人戦（新人選手権大会）第1地区,2019-11-17,都立篠崎,篠崎,都立葛西南,葛西南,2,1,,,https://koko-soccer.com/score/1745
2019,新人戦,新人戦（新人選手権大会）第1地区,2019-11-17,安田学園,安田学園,都立科学技術,科学技術,12,0,,,https://koko-soccer.com/score/1745
2019,新人戦,新人戦（新人選手権大会）第1地区,2019-11-17,芝浦工大高,芝浦工大高,都立墨田川,墨田川,2,1,,,https://koko-soccer.com/score/1745
2019,新人戦,新人戦（新人選手権大会）第1地区,2019-11-17,都立小松川,小松川,都立城東,城東,1,1,3,1,https://koko-soccer.com/score/1745
2019,新人戦,新人戦（新人選手権大会）第1地区,2019-11-17,都立江東商,江東商,都立荒川工,荒川工,2,2,4,1,https://koko-soccer.com/score/1745
2019,新人戦,新人戦（新人選手権大会）第1地区,2019-11-17,都立三商,三商,都立両国,両国,3,0,,,https://koko-soccer.com/score/1745
2019,新人戦,新人戦（新人選手権大会）第1地区,2019-11-17,都立本所,本所,都立葛飾商,葛飾商,1,2,,,https://koko-soccer.com/score/1745
2019,新人戦,新人戦（新人選手権大会）第1地区,2019-11-17,都立葛飾野,葛飾野,都立竹台,竹台,6,0,,,https://koko-soccer.com/score/1745
2019,新人戦,新人戦（新人選手権大会）第1地区,2019-11-17,都立深川,深川,都立橘,橘,7,1,,,https://koko-soccer.com/score/1745
2019,新人戦,新人戦（新人選手権大会）第1地区,2019-11-17,都立東,東,都立日本橋,日本橋,5,1,,,https://koko-soccer.com/score/1745
2019,新人戦,新人戦（新人選手権大会）第1地区,2019-11-17,都立墨田工,墨田工,都立小岩,小岩,1,4,,,https://koko-soccer.com/score/1745
2019,新人戦,新人戦（新人選手権大会）第1地区,2019-11-23,日大一,日大一,都立紅葉川,紅葉川,3,3,2,4,https://koko-soccer.com/score/1745
2019,新人戦,新人戦（新人選手権大会）第1地区,2019-11-23,共栄学園,共栄学園,かえつ有明,かえつ有明,1,5,,,https://koko-soccer.com/score/1745
2019,新人戦,新人戦（新人選手権大会）第1地区,2019-11-23,都立深川,深川,安田学園,安田学園,3,2,,,https://koko-soccer.com/score/1745
2019,新人戦,新人戦（新人選手権大会）第1地区,2019-11-24,都立三商,三商,都立小松川,小松川,0,13,,,https://koko-soccer.com/score/1745
2019,新人戦,新人戦（新人選手権大会）第1地区,2019-11-24,芝浦工大高,芝浦工大高,都立東,東,0,3,,,https://koko-soccer.com/score/1745
2019,新人戦,新人戦（新人選手権大会）第1地区,2019-11-30,都立葛飾野,葛飾野,都立江戸川,江戸川,2,0,,,https://koko-soccer.com/score/1745
2019,新人戦,新人戦（新人選手権大会）第1地区,2019-12-01,都立小岩,小岩,かえつ有明,かえつ有明,0,7,,,https://koko-soccer.com/score/1745
2019,新人戦,新人戦（新人選手権大会）第1地区,2019-12-01,都立葛飾商,葛飾商,都立紅葉川,紅葉川,0,1,,,https://koko-soccer.com/score/1745
2019,新人戦,新人戦（新人選手権大会）第1地区,2019-11-30,都立南葛飾,南葛飾,都立小松川,小松川,1,2,,,https://koko-soccer.com/score/1745
2019,新人戦,新人戦（新人選手権大会）第1地区,2019-12-08,都立東,東,かえつ有明,かえつ有明,4,1,,,https://koko-soccer.com/score/1745
2019,新人戦,新人戦（新人選手権大会）第1地区,2019-12-08,都立深川,深川,都立紅葉川,紅葉川,0,0,1,3,https://koko-soccer.com/score/1745
2019,新人戦,新人戦（新人選手権大会）第1地区,2019-12-08,都立葛飾野,葛飾野,都立篠崎,篠崎,10,0,,,https://koko-soccer.com/score/1745
2019,新人戦,新人戦（新人選手権大会）第1地区,2019-12-15,都立紅葉川,紅葉川,都立東,東,1,1,5,4,https://koko-soccer.com/score/1745
2019,新人戦,新人戦（新人選手権大会）第1地区,2019-12-15,都立小松川,小松川,都立葛飾野,葛飾野,0,1,,,https://koko-soccer.com/score/1745
2019,新人戦,新人戦（新人選手権大会）第1地区,2019-12-21,都立小松川,小松川,都立東,東,4,4,0,3,https://koko-soccer.com/score/1745
2019,新人戦,新人戦（新人選手権大会）第1地区,2019-12-21,都立葛飾野,葛飾野,都立紅葉川,紅葉川,6,0,,,https://koko-soccer.com/score/1745
2019,新人戦,新人戦（新人選手権大会）第2地区,2019-11-17,都立文京,文京,筑波大附,筑波大学附属,5,1,,,https://koko-soccer.com/score/1746
2019,新人戦,新人戦（新人選手権大会）第2地区,2019-11-17,都立江北,江北,都立千早,千早,6,1,,,https://koko-soccer.com/score/1746
2019,新人戦,新人戦（新人選手権大会）第2地区,2019-11-17,豊島学院,豊島学院,都立荒川商,荒川商,1,0,,,https://koko-soccer.com/score/1746
2019,新人戦,新人戦（新人選手権大会）第2地区,2019-11-17,都立足立新田,足立新田,郁文館,郁文館,5,0,,,https://koko-soccer.com/score/1746
2019,新人戦,新人戦（新人選手権大会）第2地区,2019-11-17,都立向丘,向丘,都立淵江,淵江,5,1,,,https://koko-soccer.com/score/1746
2019,新人戦,新人戦（新人選手権大会）第2地区,2019-11-23,中大附,中大附属,城西大城西,城西大城西,1,3,,,https://koko-soccer.com/score/1746
2019,新人戦,新人戦（新人選手権大会）第2地区,2019-11-23,立教池袋,立教池袋,都立文京,文京,1,2,,,https://koko-soccer.com/score/1746
2019,新人戦,新人戦（新人選手権大会）第2地区,2019-11-24,足立学園,足立学園,都立小石川中等教育学校,小石川中等教育学校,3,1,,,https://koko-soccer.com/score/1746
2019,新人戦,新人戦（新人選手権大会）第2地区,2019-11-24,都立江北,江北,巣鴨,巣鴨,4,0,,,https://koko-soccer.com/score/1746
2019,新人戦,新人戦（新人選手権大会）第2地区,2019-11-24,獨協,獨協,都立足立,足立,1,2,,,https://koko-soccer.com/score/1746
2019,新人戦,新人戦（新人選手権大会）第2地区,2019-11-24,都立竹早,竹早,淑徳巣鴨,淑徳巣鴨,0,2,,,https://koko-soccer.com/score/1746
2019,新人戦,新人戦（新人選手権大会）第2地区,2019-12-01,京華,京華,昭和一,昭和一,3,0,,,https://koko-soccer.com/score/1746
2019,新人戦,新人戦（新人選手権大会）第2地区,2019-12-01,都立足立西,足立西,豊南,豊南,0,0,3,4,https://koko-soccer.com/score/1746
2019,新人戦,新人戦（新人選手権大会）第2地区,2019-12-01,京華商,京華商,東洋大京北,東洋大京北,1,5,,,https://koko-soccer.com/score/1746
2019,新人戦,新人戦（新人選手権大会）第2地区,2019-11-30,豊島学院,豊島学院,都立足立新田,足立新田,2,0,,,https://koko-soccer.com/score/1746
2019,新人戦,新人戦（新人選手権大会）第2地区,2019-11-30,都立向丘,向丘,駒込,駒込,0,1,,,https://koko-soccer.com/score/1746
2019,新人戦,新人戦（新人選手権大会）第2地区,2019-12-01,都立文京,文京,都立豊島,豊島,1,0,,,https://koko-soccer.com/score/1746
2019,新人戦,新人戦（新人選手権大会）第2地区,2019-12-01,本郷,本郷,都立江北,江北,3,2,,,https://koko-soccer.com/score/1746
2019,新人戦,新人戦（新人選手権大会）第2地区,2019-12-01,足立学園,足立学園,城西大城西,城西大城西,3,1,,,https://koko-soccer.com/score/1746
2019,新人戦,新人戦（新人選手権大会）第2地区,2019-12-01,淑徳巣鴨,淑徳巣鴨,都立足立,足立,1,1,5,6,https://koko-soccer.com/score/1746
2019,新人戦,新人戦（新人選手権大会）第2地区,2019-12-08,東洋大京北,東洋大京北,京華,京華,1,4,,,https://koko-soccer.com/score/1746
2019,新人戦,新人戦（新人選手権大会）第2地区,2019-12-08,学習院,学習院,豊南,豊南,1,1,9,8,https://koko-soccer.com/score/1746
2019,新人戦,新人戦（新人選手権大会）第2地区,2019-12-15,足立学園,足立学園,都立文京,文京,1,1,7,8,https://koko-soccer.com/score/1746
2019,新人戦,新人戦（新人選手権大会）第2地区,2019-12-15,本郷,本郷,都立足立,足立,4,3,,,https://koko-soccer.com/score/1746
2019,新人戦,新人戦（新人選手権大会）第2地区,2019-12-15,豊島学院,豊島学院,駒込,駒込,2,3,,,https://koko-soccer.com/score/1746
2019,新人戦,新人戦（新人選手権大会）第2地区,2019-12-15,学習院,学習院,京華,京華,2,1,,,https://koko-soccer.com/score/1746
2019,新人戦,新人戦（新人選手権大会）第2地区,2019-12-21,学習院,学習院,都立文京,文京,1,0,,,https://koko-soccer.com/score/1746
2019,新人戦,新人戦（新人選手権大会）第2地区,2019-12-21,本郷,本郷,駒込,駒込,1,5,,,https://koko-soccer.com/score/1746
2019,新人戦,新人戦（新人選手権大会）第2地区,2019-12-22,駒込,駒込,学習院,学習院,3,2,,,https://koko-soccer.com/score/1746
2019,新人戦,新人戦（新人選手権大会）第3地区,2019-11-17,保善,保善,大東大一,大東大一,0,1,,,https://koko-soccer.com/score/1757
2019,新人戦,新人戦（新人選手権大会）第3地区,2019-11-17,淑徳,淑徳,都立大山,大山,2,4,,,https://koko-soccer.com/score/1757
2019,新人戦,新人戦（新人選手権大会）第3地区,2019-11-17,都立青山,青山,都立北園,北園,1,0,,,https://koko-soccer.com/score/1757
2019,新人戦,新人戦（新人選手権大会）第3地区,2019-11-17,駿台学園,駿台学園,順天,順天,13,0,,,https://koko-soccer.com/score/1757
2019,新人戦,新人戦（新人選手権大会）第3地区,2019-11-17,成城,成城,都立板橋有徳,板橋有徳,3,1,,,https://koko-soccer.com/score/1757
2019,新人戦,新人戦（新人選手権大会）第3地区,2019-11-17,都立戸山,戸山,桜丘,桜丘,4,0,,,https://koko-soccer.com/score/1757
2019,新人戦,新人戦（新人選手権大会）第3地区,2019-11-17,都立飛鳥,飛鳥,都立北豊島工,北豊島工,3,0,,,https://koko-soccer.com/score/1757
2019,新人戦,新人戦（新人選手権大会）第3地区,2019-11-17,聖学院,聖学院,早稲田,早稲田,2,3,,,https://koko-soccer.com/score/1757
2019,新人戦,新人戦（新人選手権大会）第3地区,2019-12-01,青山学院,青山学院,都立新宿,新宿,2,1,,,https://koko-soccer.com/score/1757
2019,新人戦,新人戦（新人選手権大会）第3地区,2019-12-01,東京成徳大高,東京成徳大高,都立板橋,板橋,11,0,,,https://koko-soccer.com/score/1757
2019,新人戦,新人戦（新人選手権大会）第3地区,2019-12-01,大智学園,大智学園,上野学園,上野学園,2,1,,,https://koko-soccer.com/score/1757
2019,新人戦,新人戦（新人選手権大会）第3地区,2019-12-01,海城,海城,都立高島,高島,2,2,4,3,https://koko-soccer.com/score/1757
2019,新人戦,新人戦（新人選手権大会）第3地区,2019-12-01,渋谷教育学園渋谷,渋谷教育学園渋谷,武蔵野,武蔵野,1,6,,,https://koko-soccer.com/score/1757
2019,新人戦,新人戦（新人選手権大会）第3地区,2019-12-01,都立白鴎,白鴎,國學院,国学院,1,5,,,https://koko-soccer.com/score/1757
2019,新人戦,新人戦（新人選手権大会）第3地区,2019-12-01,都立上野,上野,城北,城北,0,5,,,https://koko-soccer.com/score/1757
2019,新人戦,新人戦（新人選手権大会）第3地区,2019-12-01,都立広尾,広尾,目白研心,目白研心,0,4,,,https://koko-soccer.com/score/1757
2019,新人戦,新人戦（新人選手権大会）第3地区,2019-12-08,青山学院,青山学院,東京成徳大高,東京成徳大高,0,4,,,https://koko-soccer.com/score/1757
2019,新人戦,新人戦（新人選手権大会）第3地区,2019-12-08,大東大一,大東大一,成城,成城,0,0,5,4,https://koko-soccer.com/score/1757
2019,新人戦,新人戦（新人選手権大会）第3地区,2019-12-08,武蔵野,武蔵野,國學院,国学院,1,3,,,https://koko-soccer.com/score/1757
2019,新人戦,新人戦（新人選手権大会）第3地区,2019-12-08,都立青山,青山,都立戸山,戸山,4,1,,,https://koko-soccer.com/score/1757
2019,新人戦,新人戦（新人選手権大会）第3地区,2019-12-08,都立大山,大山,早稲田,早稲田,0,3,,,https://koko-soccer.com/score/1757
2019,新人戦,新人戦（新人選手権大会）第3地区,2019-12-08,駿台学園,駿台学園,都立飛鳥,飛鳥,11,0,,,https://koko-soccer.com/score/1757
2019,新人戦,新人戦（新人選手権大会）第3地区,2019-12-08,大智学園,大智学園,海城,海城,0,17,,,https://koko-soccer.com/score/1757
2019,新人戦,新人戦（新人選手権大会）第3地区,2019-12-08,城北,城北,目白研心,目白研心,1,1,7,6,https://koko-soccer.com/score/1757
2019,新人戦,新人戦（新人選手権大会）第3地区,2019-12-15,駿台学園,駿台学園,東京成徳大高,東京成徳大高,0,2,,,https://koko-soccer.com/score/1757
2019,新人戦,新人戦（新人選手権大会）第3地区,2019-12-15,都立青山,青山,早稲田,早稲田,1,3,,,https://koko-soccer.com/score/1757
2019,新人戦,新人戦（新人選手権大会）第3地区,2019-12-22,國學院,国学院,城北,城北,2,1,,,https://koko-soccer.com/score/1757
2019,新人戦,新人戦（新人選手権大会）第3地区,2019-12-22,大東大一,大東大一,海城,海城,2,1,,,https://koko-soccer.com/score/1757
2019,新人戦,新人戦（新人選手権大会）第3地区,2020-01-12,早稲田,早稲田,東京成徳大高,東京成徳大高,1,5,,,https://koko-soccer.com/score/1757
2019,新人戦,新人戦（新人選手権大会）第3地区,2020-01-12,大東大一,大東大一,國學院,国学院,1,0,,,https://koko-soccer.com/score/1757
2019,新人戦,新人戦（新人選手権大会）第3地区,2020-01-19,早稲田,早稲田,國學院,国学院,1,0,,,https://koko-soccer.com/score/1757
2019,新人戦,新人戦（新人選手権大会）第3地区,2020-01-25,東京成徳大高,東京成徳大高,大東大一,大東大一,4,0,,,https://koko-soccer.com/score/1757
2019,新人戦,新人戦（新人選手権大会）第4地区,2019-11-17,錦城学園,錦城学園,都立三田,三田,1,1,3,4,https://koko-soccer.com/score/1744
2019,新人戦,新人戦（新人選手権大会）第4地区,2019-11-17,東洋,東洋,都立大田桜台,大田桜台,7,1,,,https://koko-soccer.com/score/1744
2019,新人戦,新人戦（新人選手権大会）第4地区,2019-11-17,都立大森,大森,都立雪谷,雪谷,0,11,,,https://koko-soccer.com/score/1744
2019,新人戦,新人戦（新人選手権大会）第4地区,2019-11-17,都立美原,美原,東京実業,東京実業,0,4,,,https://koko-soccer.com/score/1744
2019,新人戦,新人戦（新人選手権大会）第4地区,2019-11-23,二松学舎大附,二松学舎大附,都八丈・三宅,八丈・三宅,2,1,,,https://koko-soccer.com/score/1744
2019,新人戦,新人戦（新人選手権大会）第4地区,2019-11-23,大森学園,大森学園,立正大立正,立正大立正,1,1,6,5,https://koko-soccer.com/score/1744
2019,新人戦,新人戦（新人選手権大会）第4地区,2019-11-23,都立日比谷,日比谷,都立小山台,小山台,1,3,,,https://koko-soccer.com/score/1744
2019,新人戦,新人戦（新人選手権大会）第4地区,2019-11-23,暁星高等学校,暁星,都立大崎,大崎,6,0,,,https://koko-soccer.com/score/1744
2019,新人戦,新人戦（新人選手権大会）第4地区,2019-11-24,東洋,東洋,東工大付,東工大付,0,7,,,https://koko-soccer.com/score/1744
2019,新人戦,新人戦（新人選手権大会）第4地区,2019-11-24,大島海洋国際・大島,大島海洋国際・大島,都立田園調布,田園調布,4,3,,,https://koko-soccer.com/score/1744
2019,新人戦,新人戦（新人選手権大会）第4地区,2019-12-07,都立八潮,八潮,青稜,青稜,0,7,,,https://koko-soccer.com/score/1744
2019,新人戦,新人戦（新人選手権大会）第4地区,2019-12-07,文教大付,文教大付,麻布,麻布,1,4,,,https://koko-soccer.com/score/1744
2019,新人戦,新人戦（新人選手権大会）第4地区,2019-12-08,都立三田,三田,芝,芝,0,1,,,https://koko-soccer.com/score/1744
2019,新人戦,新人戦（新人選手権大会）第4地区,2019-12-08,都立つばさ総合,つばさ総合,正則,正則,3,0,,,https://koko-soccer.com/score/1744
2019,新人戦,新人戦（新人選手権大会）第4地区,2019-12-08,高輪,高輪,広尾学園,広尾学園,2,1,,,https://koko-soccer.com/score/1744
2019,新人戦,新人戦（新人選手権大会）第4地区,2019-12-08,朋優学院,朋優学院,東京,東京,0,6,,,https://koko-soccer.com/score/1744
2019,新人戦,新人戦（新人選手権大会）第4地区,2019-12-08,攻玉社,攻玉社,都立雪谷,雪谷,2,1,,,https://koko-soccer.com/score/1744
2019,新人戦,新人戦（新人選手権大会）第4地区,2019-12-08,日体大荏原,日体大荏原,正則学園,正則学園,1,1,3,4,https://koko-soccer.com/score/1744
2019,新人戦,新人戦（新人選手権大会）第4地区,2019-12-15,麻布,麻布,都立つばさ総合,つばさ総合,1,1,4,3,https://koko-soccer.com/score/1744
2019,新人戦,新人戦（新人選手権大会）第4地区,2019-12-15,高輪,高輪,東京実業,東京実業,0,3,,,https://koko-soccer.com/score/1744
2019,新人戦,新人戦（新人選手権大会）第4地区,2019-12-15,攻玉社,攻玉社,二松学舎大附,二松学舎大附,4,1,,,https://koko-soccer.com/score/1744
2019,新人戦,新人戦（新人選手権大会）第4地区,2019-12-15,大森学園,大森学園,東工大付,東工大付,1,1,5,6,https://koko-soccer.com/score/1744
2019,新人戦,新人戦（新人選手権大会）第4地区,2019-12-15,正則学園,正則学園,青稜,青稜,1,1,4,3,https://koko-soccer.com/score/1744
2019,新人戦,新人戦（新人選手権大会）第4地区,2019-12-15,大島海洋国際・大島,大島海洋国際・大島,東京,東京,0,10,,,https://koko-soccer.com/score/1744
2019,新人戦,新人戦（新人選手権大会）第4地区,2019-12-15,暁星高等学校,暁星,都立小山台,小山台,4,2,,,https://koko-soccer.com/score/1744
2019,新人戦,新人戦（新人選手権大会）第4地区,2019-12-15,明治学院,明治学院,芝,芝,2,0,,,https://koko-soccer.com/score/1744
2019,新人戦,新人戦（新人選手権大会）第4地区,2019-12-22,暁星高等学校,暁星,麻布,麻布,5,1,,,https://koko-soccer.com/score/1744
2019,新人戦,新人戦（新人選手権大会）第4地区,2019-12-22,明治学院,明治学院,東京実業,東京実業,0,1,,,https://koko-soccer.com/score/1744
2019,新人戦,新人戦（新人選手権大会）第4地区,2019-12-22,正則学園,正則学園,攻玉社,攻玉社,0,0,4,2,https://koko-soccer.com/score/1744
2019,新人戦,新人戦（新人選手権大会）第4地区,2019-12-22,東工大付,東工大付,東京,東京,1,0,,,https://koko-soccer.com/score/1744
2019,新人戦,新人戦（新人選手権大会）第4地区,2020-01-12,暁星高等学校,暁星,東京実業,東京実業,2,0,,,https://koko-soccer.com/score/1744
2019,新人戦,新人戦（新人選手権大会）第4地区,2020-01-12,正則学園,正則学園,東工大付,東工大付,1,3,,,https://koko-soccer.com/score/1744
2019,新人戦,新人戦（新人選手権大会）第4地区,2020-01-19,東京実業,東京実業,正則学園,正則学園,1,2,,,https://koko-soccer.com/score/1744
2019,新人戦,新人戦（新人選手権大会）第4地区,2020-01-19,暁星高等学校,暁星,東工大付,東工大付,4,0,,,https://koko-soccer.com/score/1744
2019,新人戦,新人戦（新人選手権大会）第5地区,2019-11-17,都立豊多摩,豊多摩,都立第四商,第四商,10,0,,,https://koko-soccer.com/score/1723
2019,新人戦,新人戦（新人選手権大会）第5地区,2019-11-17,都立西,西,東大附,東大附属,2,0,,,https://koko-soccer.com/score/1723
2019,新人戦,新人戦（新人選手権大会）第5地区,2019-11-17,専修大附,専修大附,東京立正,東京立正,16,0,,,https://koko-soccer.com/score/1723
2019,新人戦,新人戦（新人選手権大会）第5地区,2019-11-17,学芸大国際,学芸大国際,都立杉並総合,杉並総合,1,4,,,https://koko-soccer.com/score/1723
2019,新人戦,新人戦（新人選手権大会）第5地区,2019-11-17,中大杉並,中大杉並,都立田無工,田無工,8,1,,,https://koko-soccer.com/score/1723
2019,新人戦,新人戦（新人選手権大会）第5地区,2019-11-17,明大中野,明大中野,都立武蔵丘,武蔵丘,2,3,,,https://koko-soccer.com/score/1723
2019,新人戦,新人戦（新人選手権大会）第5地区,2019-11-17,都立杉並,杉並,早大学院,早大学院,0,7,,,https://koko-soccer.com/score/1723
2019,新人戦,新人戦（新人選手権大会）第5地区,2019-11-17,都立練馬,練馬,日大二,日大二,0,5,,,https://koko-soccer.com/score/1723
2019,新人戦,新人戦（新人選手権大会）第5地区,2019-11-17,都立光丘,光丘,都立田無,田無,1,4,,,https://koko-soccer.com/score/1723
2019,新人戦,新人戦（新人選手権大会）第5地区,2019-11-17,武蔵,武蔵,都立富士,富士,0,2,,,https://koko-soccer.com/score/1723
2019,新人戦,新人戦（新人選手権大会）第5地区,2019-11-17,都立杉並工,杉並工,都立保谷,保谷,0,3,,,https://koko-soccer.com/score/1723
2019,新人戦,新人戦（新人選手権大会）第5地区,2019-11-17,宝仙学園,宝仙学園,日大鶴ヶ丘,日大鶴ヶ丘,1,5,,,https://koko-soccer.com/score/1723
2019,新人戦,新人戦（新人選手権大会）第5地区,2019-11-17,都立井草,井草,杉並学院,杉並学院,3,2,,,https://koko-soccer.com/score/1723
2019,新人戦,新人戦（新人選手権大会）第5地区,2019-11-17,都立石神井,石神井,佼成学園,佼成学園,3,1,,,https://koko-soccer.com/score/1723
2019,新人戦,新人戦（新人選手権大会）第5地区,2019-11-23,都立鷺宮,鷺宮,文化学園大学杉並中学・高等学校,文化学園大学杉並中学・,5,0,,,https://koko-soccer.com/score/1723
2019,新人戦,新人戦（新人選手権大会）第5地区,2019-11-23,東亜学園,東亜学園,都立大泉,大泉,0,2,,,https://koko-soccer.com/score/1723
2019,新人戦,新人戦（新人選手権大会）第5地区,2019-11-23,都立井草,井草,都立保谷,保谷,0,5,,,https://koko-soccer.com/score/1723
2019,新人戦,新人戦（新人選手権大会）第5地区,2019-11-23,都立田無,田無,日大鶴ヶ丘,日大鶴ヶ丘,1,4,,,https://koko-soccer.com/score/1723
2019,新人戦,新人戦（新人選手権大会）第5地区,2019-11-23,都立豊多摩,豊多摩,都立杉並総合,杉並総合,3,0,,,https://koko-soccer.com/score/1723
2019,新人戦,新人戦（新人選手権大会）第5地区,2019-11-23,都立西,西,日大二,日大二,0,4,,,https://koko-soccer.com/score/1723
2019,新人戦,新人戦（新人選手権大会）第5地区,2019-11-23,都立富士,富士,都立武蔵丘,武蔵丘,2,3,,,https://koko-soccer.com/score/1723
2019,新人戦,新人戦（新人選手権大会）第5地区,2019-11-23,専修大附,専修大附,早大学院,早大学院,0,0,4,5,https://koko-soccer.com/score/1723
2019,新人戦,新人戦（新人選手権大会）第5地区,2019-11-24,都立鷺宮,鷺宮,都立大泉,大泉,3,3,4,5,https://koko-soccer.com/score/1723
2019,新人戦,新人戦（新人選手権大会）第5地区,2019-11-24,都立石神井,石神井,中大杉並,中大杉並,3,0,,,https://koko-soccer.com/score/1723
2019,新人戦,新人戦（新人選手権大会）第5地区,2019-12-01,都立豊多摩,豊多摩,日大二,日大二,3,0,,,https://koko-soccer.com/score/1723
2019,新人戦,新人戦（新人選手権大会）第5地区,2019-12-01,都立武蔵丘,武蔵丘,都立保谷,保谷,1,0,,,https://koko-soccer.com/score/1723
2019,新人戦,新人戦（新人選手権大会）第5地区,2019-12-01,都立石神井,石神井,日大鶴ヶ丘,日大鶴ヶ丘,1,0,,,https://koko-soccer.com/score/1723
2019,新人戦,新人戦（新人選手権大会）第5地区,2019-12-01,都立大泉,大泉,早大学院,早大学院,1,2,,,https://koko-soccer.com/score/1723
2019,新人戦,新人戦（新人選手権大会）第5地区,2019-12-15,都立石神井,石神井,早大学院,早大学院,1,0,,,https://koko-soccer.com/score/1723
2019,新人戦,新人戦（新人選手権大会）第5地区,2019-12-15,都立豊多摩,豊多摩,都立武蔵丘,武蔵丘,1,1,1,4,https://koko-soccer.com/score/1723
2019,新人戦,新人戦（新人選手権大会）第5地区,2019-12-22,都立武蔵丘,武蔵丘,都立石神井,石神井,1,5,,,https://koko-soccer.com/score/1723
2019,新人戦,新人戦（新人選手権大会）第6地区,2019-11-17,目黒学院,目黒学院,都立国際,国際,0,0,7,6,https://koko-soccer.com/score/1728
2019,新人戦,新人戦（新人選手権大会）第6地区,2019-11-17,都立成瀬,成瀬,都立総合工科,総合工科,9,0,,,https://koko-soccer.com/score/1728
2019,新人戦,新人戦（新人選手権大会）第6地区,2019-11-17,都立町田,町田,都立千歳丘,千歳丘,6,0,,,https://koko-soccer.com/score/1728
2019,新人戦,新人戦（新人選手権大会）第6地区,2019-11-17,都立若葉総合,若葉総合,筑波大駒場,筑波大駒場,0,2,,,https://koko-soccer.com/score/1728
2019,新人戦,新人戦（新人選手権大会）第6地区,2019-11-17,都立目黒,目黒,都立町田総合,町田総合,2,1,,,https://koko-soccer.com/score/1728
2019,新人戦,新人戦（新人選手権大会）第6地区,2019-11-17,自由ヶ丘学園,自由ヶ丘学園,三田国際,三田国際,3,1,,,https://koko-soccer.com/score/1728
2019,新人戦,新人戦（新人選手権大会）第6地区,2019-11-17,世田谷学園,世田谷学園,大東学園,大東学園,0,1,,,https://koko-soccer.com/score/1728
2019,新人戦,新人戦（新人選手権大会）第6地区,2019-11-17,都立山崎,山崎,日大櫻丘,日大櫻丘,0,3,,,https://koko-soccer.com/score/1728
2019,新人戦,新人戦（新人選手権大会）第6地区,2019-11-17,都立深沢,深沢,駒場学園,駒場学園,1,1,7,6,https://koko-soccer.com/score/1728
2019,新人戦,新人戦（新人選手権大会）第6地区,2019-11-17,東京学芸大附,東京学芸大附,玉川学園,玉川学園,2,2,4,2,https://koko-soccer.com/score/1728
2019,新人戦,新人戦（新人選手権大会）第6地区,2019-11-17,東京都市大等々力,東京都市大等々力,都立狛江,狛江,0,4,,,https://koko-soccer.com/score/1728
2019,新人戦,新人戦（新人選手権大会）第6地区,2019-11-17,東京都市大付,都市大付,和光,和光,4,2,,,https://koko-soccer.com/score/1728
2019,新人戦,新人戦（新人選手権大会）第6地区,2019-11-17,都立科学技術,科学技術,都立小川,小川,0,14,,,https://koko-soccer.com/score/1728
2019,新人戦,新人戦（新人選手権大会）第6地区,2019-11-24,桜美林,桜美林,筑波大駒場,筑波大駒場,5,1,,,https://koko-soccer.com/score/1728
2019,新人戦,新人戦（新人選手権大会）第6地区,2019-11-24,都立深沢,深沢,都立桜町,桜町,0,0,3,2,https://koko-soccer.com/score/1728
2019,新人戦,新人戦（新人選手権大会）第6地区,2019-11-24,都立町田,町田,自由ヶ丘学園,自由ヶ丘学園,6,0,,,https://koko-soccer.com/score/1728
2019,新人戦,新人戦（新人選手権大会）第6地区,2019-11-24,大東学園,大東学園,目黒日大,目黒日大,1,0,,,https://koko-soccer.com/score/1728
2019,新人戦,新人戦（新人選手権大会）第6地区,2019-11-24,目黒学院,目黒学院,都立松原,松原,0,3,,,https://koko-soccer.com/score/1728
2019,新人戦,新人戦（新人選手権大会）第6地区,2019-11-24,東農大一,農大一,都立成瀬,成瀬,4,0,,,https://koko-soccer.com/score/1728
2019,新人戦,新人戦（新人選手権大会）第6地区,2019-11-24,都立芦花,芦花,日大櫻丘,日大櫻丘,2,3,,,https://koko-soccer.com/score/1728
2019,新人戦,新人戦（新人選手権大会）第6地区,2019-11-24,都立小川,小川,駒場東邦,駒場東邦,2,1,,,https://koko-soccer.com/score/1728
2019,新人戦,新人戦（新人選手権大会）第6地区,2019-11-24,東京学芸大附,東京学芸大附,都立狛江,狛江,0,0,4,2,https://koko-soccer.com/score/1728
2019,新人戦,新人戦（新人選手権大会）第6地区,2019-11-24,東京都市大付,都市大付,都立世田谷総合,世田谷総合,12,0,,,https://koko-soccer.com/score/1728
2019,新人戦,新人戦（新人選手権大会）第6地区,2019-11-24,都立桜修館,桜修館中等,都立目黒,目黒,3,4,,,https://koko-soccer.com/score/1728
2019,新人戦,新人戦（新人選手権大会）第6地区,2019-12-01,日大三,日大三,都立松原,松原,3,0,,,https://koko-soccer.com/score/1728
2019,新人戦,新人戦（新人選手権大会）第6地区,2019-12-01,都立町田,町田,都立野津田,野津田,1,2,,,https://koko-soccer.com/score/1728
2019,新人戦,新人戦（新人選手権大会）第6地区,2019-12-01,日大櫻丘,日大櫻丘,成城学園,成城学園,2,1,,,https://koko-soccer.com/score/1728
2019,新人戦,新人戦（新人選手権大会）第6地区,2019-12-01,日工大駒場,日工大駒場,東京学芸大附,東京学芸大附,1,1,3,4,https://koko-soccer.com/score/1728
2019,新人戦,新人戦（新人選手権大会）第6地区,2019-12-01,都立目黒,目黒,大東学園,大東学園,1,0,,,https://koko-soccer.com/score/1728
2019,新人戦,新人戦（新人選手権大会）第6地区,2019-12-01,都立駒場,駒場,東京都市大付,都市大付,7,0,,,https://koko-soccer.com/score/1728
2019,新人戦,新人戦（新人選手権大会）第6地区,2019-12-01,東農大一,農大一,都立深沢,深沢,3,0,,,https://koko-soccer.com/score/1728
2019,新人戦,新人戦（新人選手権大会）第6地区,2019-12-01,桜美林,桜美林,都立小川,小川,1,2,,,https://koko-soccer.com/score/1728
2019,新人戦,新人戦（新人選手権大会）第6地区,2019-12-15,東京学芸大附,東京学芸大附,都立野津田,野津田,0,0,3,2,https://koko-soccer.com/score/1728
2019,新人戦,新人戦（新人選手権大会）第6地区,2019-12-15,日大三,日大三,東農大一,農大一,1,0,,,https://koko-soccer.com/score/1728
2019,新人戦,新人戦（新人選手権大会）第6地区,2019-12-15,都立目黒,目黒,日大櫻丘,日大櫻丘,0,4,,,https://koko-soccer.com/score/1728
2019,新人戦,新人戦（新人選手権大会）第6地区,2019-12-15,都立駒場,駒場,都立小川,小川,14,0,,,https://koko-soccer.com/score/1728
2019,新人戦,新人戦（新人選手権大会）第6地区,2019-12-22,都立駒場,駒場,日大櫻丘,日大櫻丘,5,1,,,https://koko-soccer.com/score/1728
2019,新人戦,新人戦（新人選手権大会）第6地区,2019-12-22,日大三,日大三,東京学芸大附,東京学芸大附,3,1,,,https://koko-soccer.com/score/1728
2019,新人戦,新人戦（新人選手権大会）第6地区,2020-01-19,日大三,日大三,都立駒場,駒場,0,0,3,2,https://koko-soccer.com/score/1728
2019,新人戦,新人戦（新人選手権大会）第7地区,2019-11-17,都立日野台,日野台,穎明館,穎明館,4,0,,,https://koko-soccer.com/score/1730
2019,新人戦,新人戦（新人選手権大会）第7地区,2019-11-17,帝京八王子,帝京八王子,八王子実践,八王子実践,0,2,,,https://koko-soccer.com/score/1730
2019,新人戦,新人戦（新人選手権大会）第7地区,2019-11-17,都立調布北,調布北,都立立川,立川,1,4,,,https://koko-soccer.com/score/1730
2019,新人戦,新人戦（新人選手権大会）第7地区,2019-11-17,都立富士森,富士森,工学院大附,工学院大附,3,2,,,https://koko-soccer.com/score/1730
2019,新人戦,新人戦（新人選手権大会）第7地区,2019-11-17,都立府中東,府中東,都立府中工,府中工科,6,2,,,https://koko-soccer.com/score/1730
2019,新人戦,新人戦（新人選手権大会）第7地区,2019-11-17,都立翔陽,翔陽,昭和一学園,昭和一学園,0,6,,,https://koko-soccer.com/score/1730
2019,新人戦,新人戦（新人選手権大会）第7地区,2019-11-17,明大中野八王子,明大中野八王子,都立府中,府中,3,1,,,https://koko-soccer.com/score/1730
2019,新人戦,新人戦（新人選手権大会）第7地区,2019-11-17,都立日野,日野,都立八王子北,八王子北,2,1,,,https://koko-soccer.com/score/1730
2019,新人戦,新人戦（新人選手権大会）第7地区,2019-11-17,都立松が谷,松が谷,都立八王子東,八王子東,1,0,,,https://koko-soccer.com/score/1730
2019,新人戦,新人戦（新人選手権大会）第7地区,2019-11-17,帝京大高,帝京大高,都立南多摩・南多摩中央教育,南多摩・南多摩中央教育,1,0,,,https://koko-soccer.com/score/1730
2019,新人戦,新人戦（新人選手権大会）第7地区,2019-11-17,多摩大聖ヶ丘,多摩大聖ヶ丘,都立立川国際中等教育学校,立川国際中等教育学校,4,1,,,https://koko-soccer.com/score/1730
2019,新人戦,新人戦（新人選手権大会）第7地区,2019-11-17,都立片倉,片倉,都立永山,永山,2,0,,,https://koko-soccer.com/score/1730
2019,新人戦,新人戦（新人選手権大会）第7地区,2019-11-17,明星,明星,都立神代,神代,1,1,1,3,https://koko-soccer.com/score/1730
2019,新人戦,新人戦（新人選手権大会）第7地区,2019-11-23,明大明治,明大明治,多摩大聖ヶ丘,多摩大聖ヶ丘,3,0,,,https://koko-soccer.com/score/1730
2019,新人戦,新人戦（新人選手権大会）第7地区,2019-11-23,帝京大高,帝京大高,八王子実践,八王子実践,1,1,6,5,https://koko-soccer.com/score/1730
2019,新人戦,新人戦（新人選手権大会）第7地区,2019-11-24,都立日野台,日野台,法政大高,法政大高,2,1,,,https://koko-soccer.com/score/1730
2019,新人戦,新人戦（新人選手権大会）第7地区,2019-11-24,都立片倉,片倉,都立神代,神代,1,1,8,7,https://koko-soccer.com/score/1730
2019,新人戦,新人戦（新人選手権大会）第7地区,2019-11-24,都立立川,立川,都立富士森,富士森,4,1,,,https://koko-soccer.com/score/1730
2019,新人戦,新人戦（新人選手権大会）第7地区,2019-11-24,都立日野,日野,昭和一学園,昭和一学園,0,4,,,https://koko-soccer.com/score/1730
2019,新人戦,新人戦（新人選手権大会）第7地区,2019-11-24,都立松が谷,松が谷,都立南平,南平,2,0,,,https://koko-soccer.com/score/1730
2019,新人戦,新人戦（新人選手権大会）第7地区,2019-11-24,都立府中東,府中東,明大中野八王子,明大中野八王子,0,3,,,https://koko-soccer.com/score/1730
2019,新人戦,新人戦（新人選手権大会）第7地区,2019-11-24,明大明治,明大明治,都立調布南,調布南,2,1,,,https://koko-soccer.com/score/1730
2019,新人戦,新人戦（新人選手権大会）第7地区,2019-11-24,都立三鷹中等教育学校,三鷹中等教育学校,帝京大高,帝京大高,7,1,,,https://koko-soccer.com/score/1730
2019,新人戦,新人戦（新人選手権大会）第7地区,2019-12-01,都立松が谷,松が谷,桐朋,桐朋,0,1,,,https://koko-soccer.com/score/1730
2019,新人戦,新人戦（新人選手権大会）第7地区,2019-12-01,都立片倉,片倉,都立立川,立川,2,4,8,7,https://koko-soccer.com/score/1730
2019,新人戦,新人戦（新人選手権大会）第7地区,2019-12-01,明大中野八王子,明大中野八王子,昭和一学園,昭和一学園,3,1,,,https://koko-soccer.com/score/1730
2019,新人戦,新人戦（新人選手権大会）第7地区,2019-12-01,都立国立,国立,都立日野台,日野台,1,3,,,https://koko-soccer.com/score/1730
2019,新人戦,新人戦（新人選手権大会）第7地区,2019-12-15,都立三鷹中等教育学校,三鷹中等教育学校,明大明治,明大明治,3,2,,,https://koko-soccer.com/score/1730
2019,新人戦,新人戦（新人選手権大会）第7地区,2019-12-15,都立日野台,日野台,桐朋,桐朋,3,0,,,https://koko-soccer.com/score/1730
2019,新人戦,新人戦（新人選手権大会）第7地区,2019-12-15,都立立川,立川,八王子,八王子,3,0,,,https://koko-soccer.com/score/1730
2019,新人戦,新人戦（新人選手権大会）第7地区,2019-12-15,明星学園,明星学園,明大中野八王子,明大中野八王子,3,2,,,https://koko-soccer.com/score/1730
2019,新人戦,新人戦（新人選手権大会）第7地区,2019-12-22,都立三鷹中等教育学校,三鷹中等教育学校,都立立川,立川,0,2,,,https://koko-soccer.com/score/1730
2019,新人戦,新人戦（新人選手権大会）第7地区,2019-12-22,明星学園,明星学園,都立日野台,日野台,1,0,,,https://koko-soccer.com/score/1730
2019,新人戦,新人戦（新人選手権大会）第7地区,2020-01-19,都立日野台,日野台,都立三鷹中等教育学校,三鷹中等教育学校,3,2,,,https://koko-soccer.com/score/1730
2019,新人戦,新人戦（新人選手権大会）第7地区,2020-01-19,明星学園,明星学園,都立立川,立川,1,0,,,https://koko-soccer.com/score/1730
2019,新人戦,新人戦（新人選手権大会）第8地区,2019-11-17,明法,明法,都立小平西,小平西,2,2,3,2,https://koko-soccer.com/score/1731
2019,新人戦,新人戦（新人選手権大会）第8地区,2019-11-17,都立多摩,多摩,啓明学園,啓明学園,0,0,6,5,https://koko-soccer.com/score/1731
2019,新人戦,新人戦（新人選手権大会）第8地区,2019-11-17,都立武蔵野北,武蔵野北,自由学園,自由学園,5,2,,,https://koko-soccer.com/score/1731
2019,新人戦,新人戦（新人選手権大会）第8地区,2019-11-17,都立多摩工,多摩工,都立武蔵,都立武蔵,0,1,,,https://koko-soccer.com/score/1731
2019,新人戦,新人戦（新人選手権大会）第8地区,2019-11-17,錦城,錦城,国際基督教大高,国際基督教大高,5,1,,,https://koko-soccer.com/score/1731
2019,新人戦,新人戦（新人選手権大会）第8地区,2019-11-17,都立清瀬,清瀬,都立拝島,拝島,3,0,,,https://koko-soccer.com/score/1731
2019,新人戦,新人戦（新人選手権大会）第8地区,2019-11-17,都立武蔵村山,武蔵村山,都立東村山西,東村山西,4,0,,,https://koko-soccer.com/score/1731
2019,新人戦,新人戦（新人選手権大会）第8地区,2019-11-17,都立小金井北,小金井北,東京電機大高,東京電機大学,1,0,,,https://koko-soccer.com/score/1731
2019,新人戦,新人戦（新人選手権大会）第8地区,2019-11-17,都立羽村,羽村,都立小平南,小平南,0,2,,,https://koko-soccer.com/score/1731
2019,新人戦,新人戦（新人選手権大会）第8地区,2019-11-17,都立五日市,五日市,都立昭和,昭和,0,2,,,https://koko-soccer.com/score/1731
2019,新人戦,新人戦（新人選手権大会）第8地区,2019-11-17,都立上水,上水,都立福生,福生,2,7,,,https://koko-soccer.com/score/1731
2019,新人戦,新人戦（新人選手権大会）第8地区,2019-11-23,都立小平,小平,聖徳学園,聖徳学園,2,0,,,https://koko-soccer.com/score/1731
2019,新人戦,新人戦（新人選手権大会）第8地区,2019-11-23,都立武蔵,都立武蔵,都立小平南,小平南,0,4,,,https://koko-soccer.com/score/1731
2019,新人戦,新人戦（新人選手権大会）第8地区,2019-11-23,都立東村山,東村山,都立多摩,多摩,5,0,,,https://koko-soccer.com/score/1731
2019,新人戦,新人戦（新人選手権大会）第8地区,2019-11-23,都立清瀬,清瀬,都立福生,福生,1,3,,,https://koko-soccer.com/score/1731
2019,新人戦,新人戦（新人選手権大会）第8地区,2019-11-23,明法,明法,明学東村山,明治学院東村山,1,1,4,1,https://koko-soccer.com/score/1731
2019,新人戦,新人戦（新人選手権大会）第8地区,2019-11-23,都立多摩科学技術,多摩科学技術,成蹊,成蹊,0,7,,,https://koko-soccer.com/score/1731
2019,新人戦,新人戦（新人選手権大会）第8地区,2019-11-23,都立久留米西,久留米西,都立武蔵野北,武蔵野北,1,0,,,https://koko-soccer.com/score/1731
2019,新人戦,新人戦（新人選手権大会）第8地区,2019-11-23,都立小金井北,小金井北,中央国際,中央国際,1,1,3,4,https://koko-soccer.com/score/1731
2019,新人戦,新人戦（新人選手権大会）第8地区,2019-11-23,錦城,錦城,中大附,中大附属,1,2,,,https://koko-soccer.com/score/1731
2019,新人戦,新人戦（新人選手権大会）第8地区,2019-11-23,都立昭和,昭和,都立武蔵村山,武蔵村山,1,1,4,3,https://koko-soccer.com/score/1731
2019,新人戦,新人戦（新人選手権大会）第8地区,2019-11-24,都立久留米西,久留米西,成蹊,成蹊,1,0,,,https://koko-soccer.com/score/1731
2019,新人戦,新人戦（新人選手権大会）第8地区,2019-11-24,都立東村山,東村山,都立昭和,昭和,0,1,,,https://koko-soccer.com/score/1731
2019,新人戦,新人戦（新人選手権大会）第8地区,2019-11-24,都立小平,小平,明法,明法,1,0,,,https://koko-soccer.com/score/1731
2019,新人戦,新人戦（新人選手権大会）第8地区,2019-11-24,都立小平南,小平南,中大附,中大附属,0,1,,,https://koko-soccer.com/score/1731
2019,新人戦,新人戦（新人選手権大会）第8地区,2019-11-24,都立福生,福生,中央国際,中央国際,3,0,,,https://koko-soccer.com/score/1731
2019,新人戦,新人戦（新人選手権大会）第8地区,2019-12-01,都立小平,小平,都立久留米西,久留米西,1,3,,,https://koko-soccer.com/score/1731
2019,新人戦,新人戦（新人選手権大会）第8地区,2019-12-01,都立昭和,昭和,都立国分寺,国分寺,0,5,,,https://koko-soccer.com/score/1731
2019,新人戦,新人戦（新人選手権大会）第8地区,2019-12-01,創価,創価,中大附,中大附属,3,1,,,https://koko-soccer.com/score/1731
2019,新人戦,新人戦（新人選手権大会）第8地区,2019-12-01,拓大一高,拓大一高,都立福生,福生,4,2,,,https://koko-soccer.com/score/1731
2019,新人戦,新人戦（新人選手権大会）第8地区,2019-12-15,創価,創価,都立東大和南,東大和南,5,1,,,https://koko-soccer.com/score/1731
2019,新人戦,新人戦（新人選手権大会）第8地区,2019-12-15,都立東大和,東大和,都立国分寺,国分寺,1,2,,,https://koko-soccer.com/score/1731
2019,新人戦,新人戦（新人選手権大会）第8地区,2019-12-15,東海大菅生,東海大菅生,都立久留米西,久留米西,7,1,,,https://koko-soccer.com/score/1731
2019,新人戦,新人戦（新人選手権大会）第8地区,2019-12-15,拓大一高,拓大一高,早稲田実業,早稲田実業,1,0,,,https://koko-soccer.com/score/1731
2019,新人戦,新人戦（新人選手権大会）第8地区,2019-12-22,都立国分寺,国分寺,拓大一高,拓大一高,2,0,,,https://koko-soccer.com/score/1731
2019,新人戦,新人戦（新人選手権大会）第8地区,2019-12-22,東海大菅生,東海大菅生,創価,創価,1,1,7,8,https://koko-soccer.com/score/1731
2019,新人戦,新人戦（新人選手権大会）第8地区,2020-01-19,拓大一高,拓大一高,東海大菅生,東海大菅生,0,2,,,https://koko-soccer.com/score/1731
2019,新人戦,新人戦（新人選手権大会）第8地区,2020-01-19,創価,創価,都立国分寺,国分寺,1,2,,,https://koko-soccer.com/score/1731
2019,総体,予選,2019-05-11,堀越 （東京）,堀越,大森学園 （東京）,大森学園,3,1,,,https://koko-soccer.com/score/1479
2019,総体,予選,2019-05-11,成立学園 （東京）,成立学園,都立府中東 （東京）,府中東,5,1,,,https://koko-soccer.com/score/1479
2019,総体,予選,2019-05-11,都立小松川 （東京）,小松川,東京成徳大高 （東京）,東京成徳大高,2,0,,,https://koko-soccer.com/score/1479
2019,総体,予選,2019-05-11,学習院 （東京）,学習院,都立葛飾野 （東京）,葛飾野,3,1,,,https://koko-soccer.com/score/1479
2019,総体,予選,2019-05-11,都立青山 （東京）,青山,日大三 （東京）,日大三,1,4,,,https://koko-soccer.com/score/1479
2019,総体,予選,2019-05-11,修徳 （東京）,修徳,専修大附 （東京）,専修大附,3,2,,,https://koko-soccer.com/score/1479
2019,総体,予選,2019-05-11,成城学園 （東京）,成城学園,都立東大和南 （東京）,東大和南,1,2,,,https://koko-soccer.com/score/1479
2019,総体,予選,2019-05-11,日大二 （東京）,日大二,都立三鷹中等教育学校 （東京）,三鷹中等教育学校,2,1,,,https://koko-soccer.com/score/1479
2019,総体,予選,2019-05-12,東海大菅生 （東京）,東海大菅生,目白研心 （東京）,目白研心,2,1,,,https://koko-soccer.com/score/1479
2019,総体,予選,2019-05-12,実践学園 （東京）,実践学園,都立高島 （東京）,高島,8,0,,,https://koko-soccer.com/score/1479
2019,総体,予選,2019-05-12,都立墨田川 （東京）,墨田川,拓大一高 （東京）,拓大一高,0,2,,,https://koko-soccer.com/score/1479
2019,総体,予選,2019-05-12,駿台学園 （東京）,駿台学園,駒込 （東京）,駒込,0,1,,,https://koko-soccer.com/score/1479
2019,総体,予選,2019-05-12,創価 （東京）,創価,都立調布南 （東京）,調布南,4,0,,,https://koko-soccer.com/score/1479
2019,総体,予選,2019-05-12,東京朝鮮中高級学校 （東京）,東京朝鮮中高級学校,日体大荏原 （東京）,日体大荏原,0,0,7,6,https://koko-soccer.com/score/1479
2019,総体,予選,2019-05-12,桐朋 （東京）,桐朋,都立東 （東京）,東,0,1,,,https://koko-soccer.com/score/1479
2019,総体,予選,2019-05-12,早稲田実業 （東京）,早稲田実業,東海大高輪台 （東京）,東海大高輪台,0,0,2,4,https://koko-soccer.com/score/1479
2019,総体,予選,2019-05-12,本郷 （東京）,本郷,城北 （東京）,城北,4,3,,,https://koko-soccer.com/score/1479
2019,総体,予選,2019-05-12,青山学院 （東京）,青山学院,都立東村山西 （東京）,東村山西,2,1,,,https://koko-soccer.com/score/1479
2019,総体,予選,2019-05-12,日大鶴ヶ丘 （東京）,日大鶴ヶ丘,都立久留米西 （東京）,久留米西,3,1,,,https://koko-soccer.com/score/1479
2019,総体,予選,2019-05-12,都立豊島 （東京）,豊島,多摩大目黒 （東京）,多摩大学目黒,1,3,,,https://koko-soccer.com/score/1479
2019,総体,予選,2019-05-12,保善 （東京）,保善,日本学園 （東京）,日本学園,2,1,,,https://koko-soccer.com/score/1479
2019,総体,予選,2019-05-12,都立足立 （東京）,足立,都立東大和 （東京）,東大和,0,5,,,https://koko-soccer.com/score/1479
2019,総体,予選,2019-05-12,早大学院 （東京）,早大学院,都立保谷 （東京）,保谷,2,2,2,0,https://koko-soccer.com/score/1479
2019,総体,予選,2019-05-12,都立北園 （東京）,北園,武蔵 （東京）,武蔵,1,3,,,https://koko-soccer.com/score/1479
2019,総体,予選,2019-05-18,関東一 （東京）,関東第一,都立東大和南 （東京）,東大和南,1,0,,,https://koko-soccer.com/score/1479
2019,総体,予選,2019-05-18,駒澤大学高等学校 （東京）,駒澤大高,青山学院 （東京）,青山学院,4,0,,,https://koko-soccer.com/score/1479
2019,総体,予選,2019-05-18,都立国分寺 （東京）,国分寺,多摩大目黒 （東京）,多摩大学目黒,1,1,8,9,https://koko-soccer.com/score/1479
2019,総体,予選,2019-05-18,保善 （東京）,保善,早大学院 （東京）,早大学院,0,1,,,https://koko-soccer.com/score/1479
2019,総体,予選,2019-05-18,駒込 （東京）,駒込,武蔵 （東京）,武蔵,1,1,3,4,https://koko-soccer.com/score/1479
2019,総体,予選,2019-05-18,日大豊山 （東京）,日大豊山,日大二 （東京）,日大二,1,0,,,https://koko-soccer.com/score/1479
2019,総体,予選,2019-05-18,東京実業 （東京）,東京実業,東海大高輪台 （東京）,東海大高輪台,1,2,,,https://koko-soccer.com/score/1479
2019,総体,予選,2019-05-18,都立東 （東京）,東,拓大一高 （東京）,拓大一高,0,0,2,4,https://koko-soccer.com/score/1479
2019,総体,予選,2019-05-18,国士舘 （東京）,国士舘,日大三 （東京）,日大三,2,0,,,https://koko-soccer.com/score/1479
2019,総体,予選,2019-05-18,都立南葛飾 （東京）,南葛飾,修徳 （東京）,修徳,0,3,,,https://koko-soccer.com/score/1479
2019,総体,予選,2019-05-19,創価 （東京）,創価,東海大菅生 （東京）,東海大菅生,0,1,,,https://koko-soccer.com/score/1479
2019,総体,予選,2019-05-19,東京朝鮮中高級学校 （東京）,東京朝鮮中高級学校,実践学園 （東京）,実践学園,0,2,,,https://koko-soccer.com/score/1479
2019,総体,予選,2019-05-19,堀越 （東京）,堀越,都立小松川 （東京）,小松川,7,0,,,https://koko-soccer.com/score/1479
2019,総体,予選,2019-05-19,都立東大和 （東京）,東大和,本郷 （東京）,本郷,4,1,,,https://koko-soccer.com/score/1479
2019,総体,予選,2019-05-19,大成 （東京）,大成,日大鶴ヶ丘 （東京）,日大鶴ヶ丘,6,0,,,https://koko-soccer.com/score/1479
2019,総体,予選,2019-05-19,成立学園 （東京）,成立学園,学習院 （東京）,学習院,4,1,,,https://koko-soccer.com/score/1479
2019,総体,予選,2019-05-25,武蔵 （東京）,武蔵,多摩大目黒 （東京）,多摩大学目黒,0,4,,,https://koko-soccer.com/score/1479
2019,総体,予選,2019-05-25,駒澤大学高等学校 （東京）,駒澤大高,早大学院 （東京）,早大学院,4,0,,,https://koko-soccer.com/score/1479
2019,総体,予選,2019-05-26,東海大高輪台 （東京）,東海大高輪台,東海大菅生 （東京）,東海大菅生,2,1,,,https://koko-soccer.com/score/1479
2019,総体,予選,2019-05-26,修徳 （東京）,修徳,成立学園 （東京）,成立学園,0,1,,,https://koko-soccer.com/score/1479
2019,総体,予選,2019-05-26,都立東大和 （東京）,東大和,国士舘 （東京）,国士舘,2,0,,,https://koko-soccer.com/score/1479
2019,総体,予選,2019-05-26,日大豊山 （東京）,日大豊山,拓大一高 （東京）,拓大一高,7,1,,,https://koko-soccer.com/score/1479
2019,総体,予選,2019-06-08,大成 （東京）,大成,実践学園 （東京）,実践学園,1,0,,,https://koko-soccer.com/score/1479
2019,総体,予選,2019-06-08,駒澤大学高等学校 （東京）,駒澤大高,多摩大目黒 （東京）,多摩大学目黒,2,0,,,https://koko-soccer.com/score/1479
2019,総体,予選,2019-06-08,日大豊山 （東京）,日大豊山,成立学園 （東京）,成立学園,3,3,5,4,https://koko-soccer.com/score/1479
2019,総体,予選,2019-06-08,堀越 （東京）,堀越,関東一 （東京）,関東第一,1,0,,,https://koko-soccer.com/score/1479
2019,総体,予選,2019-06-08,東海大高輪台 （東京）,東海大高輪台,都立東大和 （東京）,東大和,2,1,,,https://koko-soccer.com/score/1479
2019,総体,予選,2019-06-15,帝京 （東京）,帝京,東海大高輪台 （東京）,東海大高輪台,3,2,,,https://koko-soccer.com/score/1479
2019,総体,予選,2019-06-15,日大豊山 （東京）,日大豊山,國學院久我山 （東京）,国学院久我山,0,6,,,https://koko-soccer.com/score/1479
2019,総体,予選,2019-06-15,都立東久留米総合 （東京）,東久留米総合,駒澤大学高等学校 （東京）,駒澤大高,0,3,,,https://koko-soccer.com/score/1479
2019,総体,予選,2019-06-15,大成 （東京）,大成,堀越 （東京）,堀越,2,1,,,https://koko-soccer.com/score/1479
2019,総体,予選,2019-06-22,帝京 （東京）,帝京,大成 （東京）,大成,1,1,8,9,https://koko-soccer.com/score/1479
2019,総体,予選,2019-06-22,駒澤大学高等学校 （東京）,駒澤大高,國學院久我山 （東京）,国学院久我山,2,4,,,https://koko-soccer.com/score/1479
2019,総体,予選,2019-06-23,大成 （東京）,大成,國學院久我山 （東京）,国学院久我山,0,2,,,https://koko-soccer.com/score/1479
2019,総体,予選中支部,2019-04-21,東工大付,東工大付,都立大田桜台,大田桜台,8,0,,,https://koko-soccer.com/score/1482
2019,総体,予選中支部,2019-04-21,都立美原,美原,日体大荏原,日体大荏原,2,3,,,https://koko-soccer.com/score/1482
2019,総体,予選中支部,2019-04-21,上野学園,上野学園,都立芝商業,芝商業,9,0,,,https://koko-soccer.com/score/1482
2019,総体,予選中支部,2019-04-21,都立北豊島工,北豊島工,高輪,高輪,0,6,,,https://koko-soccer.com/score/1482
2019,総体,予選中支部,2019-04-21,海城,海城,攻玉社,攻玉社,2,1,,,https://koko-soccer.com/score/1482
2019,総体,予選中支部,2019-04-21,渋谷教育学園渋谷,渋谷教育学園渋谷,桜丘,桜丘,0,1,,,https://koko-soccer.com/score/1482
2019,総体,予選中支部,2019-04-21,朋優学院,朋優学院,都立戸山,戸山,1,1,6,7,https://koko-soccer.com/score/1482
2019,総体,予選中支部,2019-04-21,都立つばさ総合,つばさ総合,青稜,青稜,2,3,,,https://koko-soccer.com/score/1482
2019,総体,予選中支部,2019-04-21,広尾学園,広尾学園,芝,芝,1,2,,,https://koko-soccer.com/score/1482
2019,総体,予選中支部,2019-04-21,岩倉,岩倉,都立大森,大森,1,1,1,3,https://koko-soccer.com/score/1482
2019,総体,予選中支部,2019-04-21,都立広尾,広尾,成城,成城,1,5,,,https://koko-soccer.com/score/1482
2019,総体,予選中支部,2019-04-21,立正大立正,立正大立正,大原学園,大原学園,10,0,,,https://koko-soccer.com/score/1482
2019,総体,予選中支部,2019-04-21,都立大崎,大崎,正則学園,正則学園,0,4,,,https://koko-soccer.com/score/1482
2019,総体,予選中支部,2019-04-21,東京,東京,明治学院,明治学院,3,0,,,https://koko-soccer.com/score/1482
2019,総体,予選中支部,2019-04-21,聖学院,聖学院,都立小山台,小山台,2,2,6,7,https://koko-soccer.com/score/1482
2019,総体,予選中支部,2019-04-21,都立板橋有徳,板橋有徳,東洋,東洋,0,2,,,https://koko-soccer.com/score/1482
2019,総体,予選中支部,2019-04-21,淑徳,淑徳,都立日比谷,日比谷,0,2,,,https://koko-soccer.com/score/1482
2019,総体,予選中支部,2019-04-21,都立八丈,八丈,都立三田,三田,0,10,,,https://koko-soccer.com/score/1482
2019,総体,予選中支部,2019-04-21,区立九段中等教育,九段中等教育,國學院,国学院,0,5,,,https://koko-soccer.com/score/1482
2019,総体,予選中支部,2019-04-21,都立新宿,新宿,都立板橋,板橋,2,0,,,https://koko-soccer.com/score/1482
2019,総体,予選中支部,2019-04-21,都立白鴎,白鴎,大東大一,大東大一,1,4,,,https://koko-soccer.com/score/1482
2019,総体,予選中支部,2019-04-21,大智学園,大智学園,都立北園,北園,1,2,,,https://koko-soccer.com/score/1482
2019,総体,予選中支部,2019-04-21,都立神津,神津,錦城学園,錦城学園,2,2,4,2,https://koko-soccer.com/score/1482
2019,総体,予選中支部,2019-04-21,城北,城北,二松学舎大附,二松学舎大附,5,2,,,https://koko-soccer.com/score/1482
2019,総体,予選中支部,2019-04-21,都大島・大島海洋国際,大島・大島海洋国際,都立雪谷,雪谷,0,6,,,https://koko-soccer.com/score/1482
2019,総体,予選中支部,2019-04-21,武蔵野,武蔵野,都立八潮,八潮,1,2,,,https://koko-soccer.com/score/1482
2019,総体,予選中支部,2019-04-21,青山学院,青山学院,都立飛鳥,飛鳥,1,0,,,https://koko-soccer.com/score/1482
2019,総体,予選中支部,2019-04-21,都立大山,大山,都立上野,上野,0,1,,,https://koko-soccer.com/score/1482
2019,総体,予選中支部,2019-04-21,都立赤羽商,赤羽商,文教大付,文教大付,0,7,,,https://koko-soccer.com/score/1482
2019,総体,予選中支部,2019-04-21,早稲田,早稲田,正則,正則,1,2,,,https://koko-soccer.com/score/1482
2019,総体,予選中支部,2019-04-28,都立日比谷,日比谷,東京,東京,0,2,,,https://koko-soccer.com/score/1482
2019,総体,予選中支部,2019-04-28,成城,成城,東工大付,東工大付,1,2,,,https://koko-soccer.com/score/1482
2019,総体,予選中支部,2019-04-28,暁星高等学校,暁星,正則学園,正則学園,3,0,,,https://koko-soccer.com/score/1482
2019,総体,予選中支部,2019-04-28,海城,海城,國學院,国学院,0,1,,,https://koko-soccer.com/score/1482
2019,総体,予選中支部,2019-04-28,桜丘,桜丘,都立上野,上野,0,0,3,1,https://koko-soccer.com/score/1482
2019,総体,予選中支部,2019-04-28,正則,正則,青稜,青稜,1,2,,,https://koko-soccer.com/score/1482
2019,総体,予選中支部,2019-04-28,芝,芝,上野学園,上野学園,4,0,,,https://koko-soccer.com/score/1482
2019,総体,予選中支部,2019-04-28,大森学園,大森学園,都立大森,大森,18,0,,,https://koko-soccer.com/score/1482
2019,総体,予選中支部,2019-04-28,東海大高輪台,東海大高輪台,都立小山台,小山台,7,1,,,https://koko-soccer.com/score/1482
2019,総体,予選中支部,2019-04-28,麻布,麻布,都立三田,三田,0,0,5,4,https://koko-soccer.com/score/1482
2019,総体,予選中支部,2019-04-28,都立青山,青山,都立新宿,新宿,3,0,,,https://koko-soccer.com/score/1482
2019,総体,予選中支部,2019-04-28,目白研心,目白研心,都立雪谷,雪谷,1,1,4,2,https://koko-soccer.com/score/1482
2019,総体,予選中支部,2019-04-28,都立北園,北園,都立八潮,八潮,1,0,,,https://koko-soccer.com/score/1482
2019,総体,予選中支部,2019-04-28,大東大一,大東大一,立正大立正,立正大立正,3,2,,,https://koko-soccer.com/score/1482
2019,総体,予選中支部,2019-04-28,日体大荏原,日体大荏原,東洋,東洋,9,0,,,https://koko-soccer.com/score/1482
2019,総体,予選中支部,2019-04-28,城北,城北,文教大付,文教大付,7,0,,,https://koko-soccer.com/score/1482
2019,総体,予選中支部,2019-04-28,都立高島,高島,高輪,高輪,1,1,4,3,https://koko-soccer.com/score/1482
2019,総体,予選中支部,2019-04-28,順天,順天,青山学院,青山学院,0,2,,,https://koko-soccer.com/score/1482
2019,総体,予選中支部,2019-04-28,東京成徳大高,東京成徳大高,都立戸山,戸山,4,1,,,https://koko-soccer.com/score/1482
2019,総体,予選中支部,2019-04-28,都立田園調布,田園調布,都立神津,神津,2,0,,,https://koko-soccer.com/score/1482
2019,総体,予選中支部,2019-05-03,都立青山,青山,東京,東京,1,0,,,https://koko-soccer.com/score/1482
2019,総体,予選中支部,2019-05-03,東京成徳大高,東京成徳大高,青稜,青稜,5,0,,,https://koko-soccer.com/score/1482
2019,総体,予選中支部,2019-05-03,目白研心,目白研心,芝,芝,1,0,,,https://koko-soccer.com/score/1482
2019,総体,予選中支部,2019-05-03,東海大高輪台,東海大高輪台,大東大一,大東大一,8,0,,,https://koko-soccer.com/score/1482
2019,総体,予選中支部,2019-05-03,大森学園,大森学園,東工大付,東工大付,3,0,,,https://koko-soccer.com/score/1482
2019,総体,予選中支部,2019-05-03,都立田園調布,田園調布,都立北園,北園,0,1,,,https://koko-soccer.com/score/1482
2019,総体,予選中支部,2019-05-03,麻布,麻布,日体大荏原,日体大荏原,1,3,,,https://koko-soccer.com/score/1482
2019,総体,予選中支部,2019-05-03,暁星高等学校,暁星,城北,城北,1,2,,,https://koko-soccer.com/score/1482
2019,総体,予選中支部,2019-05-03,青山学院,青山学院,桜丘,桜丘,7,0,,,https://koko-soccer.com/score/1482
2019,総体,予選中支部,2019-05-03,都立高島,高島,國學院,国学院,2,1,,,https://koko-soccer.com/score/1482
2019,総体,予選西支部,2019-04-21,都立青梅総合,青梅総合,昭和一学園,昭和一学園,1,1,3,4,https://koko-soccer.com/score/1481
2019,総体,予選西支部,2019-04-21,都立神代,神代,八王子実践,八王子実践,1,1,6,7,https://koko-soccer.com/score/1481
2019,総体,予選西支部,2019-04-21,都立拝島,拝島,都立日野台,日野台,0,4,,,https://koko-soccer.com/score/1481
2019,総体,予選西支部,2019-04-21,都立久留米西,久留米西,都立南多摩・南多摩中央教育,南多摩・南多摩中央教育,3,0,,,https://koko-soccer.com/score/1481
2019,総体,予選西支部,2019-04-21,自由学園,自由学園,八王子,八王子,0,9,,,https://koko-soccer.com/score/1481
2019,総体,予選西支部,2019-04-21,啓明学園,啓明学園,都立小平,小平,0,7,,,https://koko-soccer.com/score/1481
2019,総体,予選西支部,2019-04-21,都立秋留台,秋留台,都立多摩,多摩,0,3,,,https://koko-soccer.com/score/1481
2019,総体,予選西支部,2019-04-21,都立清瀬,清瀬,多摩大聖ヶ丘,多摩大聖ヶ丘,3,2,,,https://koko-soccer.com/score/1481
2019,総体,予選西支部,2019-04-21,国際基督教大高,国際基督教大高,中央国際,中央国際,1,2,,,https://koko-soccer.com/score/1481
2019,総体,予選西支部,2019-04-21,都立小平南,小平南,都立武蔵,都立武蔵,5,0,,,https://koko-soccer.com/score/1481
2019,総体,予選西支部,2019-04-21,明法,明法,都立府中,府中,1,3,,,https://koko-soccer.com/score/1481
2019,総体,予選西支部,2019-04-21,都立調布北,調布北,成蹊,成蹊,0,2,,,https://koko-soccer.com/score/1481
2019,総体,予選西支部,2019-04-21,都立多摩科学技術,多摩科学技術,帝京大高,帝京大高,0,5,,,https://koko-soccer.com/score/1481
2019,総体,予選西支部,2019-04-21,明大中野八王子,明大中野八王子,都立富士森,富士森,12,0,,,https://koko-soccer.com/score/1481
2019,総体,予選西支部,2019-04-21,都立小平西,小平西,都立五日市,五日市,3,2,,,https://koko-soccer.com/score/1481
2019,総体,予選西支部,2019-04-21,都立府中西,府中西,都立多摩工,多摩工,2,0,,,https://koko-soccer.com/score/1481
2019,総体,予選西支部,2019-04-21,中大附,中大附属,工学院大附,工学院大附,2,0,,,https://koko-soccer.com/score/1481
2019,総体,予選西支部,2019-04-21,都立上水,上水,都立日野,日野,0,1,,,https://koko-soccer.com/score/1481
2019,総体,予選西支部,2019-04-21,都立府中東,府中東,穎明館,穎明館,9,0,,,https://koko-soccer.com/score/1481
2019,総体,予選西支部,2019-04-21,都立羽村,羽村,明学東村山,明治学院東村山,3,7,,,https://koko-soccer.com/score/1481
2019,総体,予選西支部,2019-04-21,都立永山,永山,明星学園,明星学園,1,6,,,https://koko-soccer.com/score/1481
2019,総体,予選西支部,2019-04-21,東京電機大高,東京電機大学,都立翔陽,翔陽,3,1,,,https://koko-soccer.com/score/1481
2019,総体,予選西支部,2019-04-21,都立武蔵村山,武蔵村山,都立小金井北,小金井北,0,1,,,https://koko-soccer.com/score/1481
2019,総体,予選西支部,2019-04-21,都立松が谷,松が谷,都立武蔵野北,武蔵野北,1,1,5,3,https://koko-soccer.com/score/1481
2019,総体,予選西支部,2019-04-21,都立三鷹中等教育学校,三鷹中等教育学校,錦城,錦城,3,3,4,2,https://koko-soccer.com/score/1481
2019,総体,予選西支部,2019-04-21,都立昭和,昭和,都立立川,立川,2,2,3,2,https://koko-soccer.com/score/1481
2019,総体,予選西支部,2019-04-21,聖徳学園,聖徳学園,都立東大和南,東大和南,1,8,,,https://koko-soccer.com/score/1481
2019,総体,予選西支部,2019-04-21,明星,明星,都立東村山,東村山,4,1,,,https://koko-soccer.com/score/1481
2019,総体,予選西支部,2019-04-21,都立片倉,片倉,都立八王子東,八王子東,2,1,,,https://koko-soccer.com/score/1481
2019,総体,予選西支部,2019-04-21,明大明治,明大明治,都立府中工,府中工科,2,0,,,https://koko-soccer.com/score/1481
2019,総体,予選西支部,2019-04-21,都立東村山西,東村山西,都立立川国際中等教育学校,立川国際中等教育学校,2,0,,,https://koko-soccer.com/score/1481
2019,総体,予選西支部,2019-04-21,都立国立,国立,帝京八王子,帝京八王子,7,2,,,https://koko-soccer.com/score/1481
2019,総体,予選西支部,2019-04-21,都立八王子北,八王子北,拓大一高,拓大一高,0,2,,,https://koko-soccer.com/score/1481
2019,総体,予選西支部,2019-04-28,都立調布南,調布南,都立松が谷,松が谷,2,1,,,https://koko-soccer.com/score/1481
2019,総体,予選西支部,2019-04-28,桐朋,桐朋,都立小平西,小平西,4,0,,,https://koko-soccer.com/score/1481
2019,総体,予選西支部,2019-04-28,明星学園,明星学園,帝京大高,帝京大高,5,0,,,https://koko-soccer.com/score/1481
2019,総体,予選西支部,2019-04-28,都立福生,福生,都立久留米西,久留米西,0,4,,,https://koko-soccer.com/score/1481
2019,総体,予選西支部,2019-04-28,都立三鷹中等教育学校,三鷹中等教育学校,昭和一学園,昭和一学園,3,0,,,https://koko-soccer.com/score/1481
2019,総体,予選西支部,2019-04-28,都立昭和,昭和,八王子,八王子,1,0,,,https://koko-soccer.com/score/1481
2019,総体,予選西支部,2019-04-28,八王子実践,八王子実践,都立東村山西,東村山西,2,5,,,https://koko-soccer.com/score/1481
2019,総体,予選西支部,2019-04-28,明学東村山,明治学院東村山,明大中野八王子,明大中野八王子,0,1,,,https://koko-soccer.com/score/1481
2019,総体,予選西支部,2019-04-28,都立南平,南平,東京電機大高,東京電機大学,1,4,,,https://koko-soccer.com/score/1481
2019,総体,予選西支部,2019-04-28,都立清瀬,清瀬,都立府中西,府中西,0,1,,,https://koko-soccer.com/score/1481
2019,総体,予選西支部,2019-04-28,都立片倉,片倉,都立小平南,小平南,1,0,,,https://koko-soccer.com/score/1481
2019,総体,予選西支部,2019-04-28,法政大高,法政大高,都立府中東,府中東,0,6,,,https://koko-soccer.com/score/1481
2019,総体,予選西支部,2019-04-28,中大附,中大附属,都立日野,日野,2,0,,,https://koko-soccer.com/score/1481
2019,総体,予選西支部,2019-04-28,都立多摩,多摩,都立東大和南,東大和南,0,3,,,https://koko-soccer.com/score/1481
2019,総体,予選西支部,2019-04-28,都立東大和,東大和,都立小金井北,小金井北,2,1,,,https://koko-soccer.com/score/1481
2019,総体,予選西支部,2019-04-28,中央国際,中央国際,明星,明星,1,1,5,4,https://koko-soccer.com/score/1481
2019,総体,予選西支部,2019-04-28,東海大菅生,東海大菅生,都立日野台,日野台,2,1,,,https://koko-soccer.com/score/1481
2019,総体,予選西支部,2019-04-28,都立小平,小平,明大明治,明大明治,0,0,6,7,https://koko-soccer.com/score/1481
2019,総体,予選西支部,2019-04-28,都立国立,国立,都立府中,府中,1,0,,,https://koko-soccer.com/score/1481
2019,総体,予選西支部,2019-04-28,拓大一高,拓大一高,成蹊,成蹊,0,0,3,1,https://koko-soccer.com/score/1481
2019,総体,予選西支部,2019-05-02,中大附,中大附属,都立三鷹中等教育学校,三鷹中等教育学校,0,1,,,https://koko-soccer.com/score/1481
2019,総体,予選西支部,2019-05-02,都立東大和,東大和,中央国際,中央国際,3,0,,,https://koko-soccer.com/score/1481
2019,総体,予選西支部,2019-05-02,都立府中東,府中東,明大中野八王子,明大中野八王子,1,0,,,https://koko-soccer.com/score/1481
2019,総体,予選西支部,2019-05-02,東京電機大高,東京電機大学,都立東大和南,東大和南,0,7,,,https://koko-soccer.com/score/1481
2019,総体,予選西支部,2019-05-02,東海大菅生,東海大菅生,明星学園,明星学園,2,1,,,https://koko-soccer.com/score/1481
2019,総体,予選西支部,2019-05-02,都立調布南,調布南,都立小平,小平,2,1,,,https://koko-soccer.com/score/1481
2019,総体,予選西支部,2019-05-03,桐朋,桐朋,都立府中西,府中西,5,0,,,https://koko-soccer.com/score/1481
2019,総体,予選西支部,2019-05-03,都立昭和,昭和,都立東村山西,東村山西,1,3,,,https://koko-soccer.com/score/1481
2019,総体,予選西支部,2019-05-03,都立久留米西,久留米西,都立片倉,片倉,3,2,,,https://koko-soccer.com/score/1481
2019,総体,予選西支部,2019-05-03,都立国立,国立,拓大一高,拓大一高,2,3,,,https://koko-soccer.com/score/1481
2019,総体,予選東支部,2019-04-28,都立墨田川,墨田川,安田学園,安田学園,4,0,,,https://koko-soccer.com/score/1478
2019,総体,予選東支部,2019-04-28,淑徳巣鴨,淑徳巣鴨,日大一,日大一,1,2,,,https://koko-soccer.com/score/1478
2019,総体,予選東支部,2019-04-28,都立豊島,豊島,都立青井,青井,1,0,,,https://koko-soccer.com/score/1478
2019,総体,予選東支部,2019-04-28,都立足立東,足立東,都立荒川工,荒川工,1,3,,,https://koko-soccer.com/score/1478
2019,総体,予選東支部,2019-04-28,足立学園,足立学園,都立足立西,足立西,8,0,,,https://koko-soccer.com/score/1478
2019,総体,予選東支部,2019-04-28,中大附,中大附属,都立深川,深川,2,7,,,https://koko-soccer.com/score/1478
2019,総体,予選東支部,2019-04-28,都立葛飾総合,葛飾総合,都立荒川商,荒川商,2,1,,,https://koko-soccer.com/score/1478
2019,総体,予選東支部,2019-04-28,都立江北,江北,共栄学園,共栄学園,1,0,,,https://koko-soccer.com/score/1478
2019,総体,予選東支部,2019-04-28,都立葛西南,葛西南,都立墨田工,墨田工,0,7,,,https://koko-soccer.com/score/1478
2019,総体,予選東支部,2019-04-28,筑波大附,筑波大学附属,城西大城西,城西大城西,2,1,,,https://koko-soccer.com/score/1478
2019,総体,予選東支部,2019-04-28,昭和一,昭和一,都立紅葉川,紅葉川,2,1,,,https://koko-soccer.com/score/1478
2019,総体,予選東支部,2019-04-28,東洋大京北,東洋大京北,都立向丘,向丘,1,4,,,https://koko-soccer.com/score/1478
2019,総体,予選東支部,2019-04-28,都立小石川中等教育学校,小石川中等教育学校,都立淵江,淵江,4,0,,,https://koko-soccer.com/score/1478
2019,総体,予選東支部,2019-04-28,豊島学院,豊島学院,都立科学技術,科学技術,6,0,,,https://koko-soccer.com/score/1478
2019,総体,予選東支部,2019-04-28,都立本所,本所,都立竹早,竹早,1,3,,,https://koko-soccer.com/score/1478
2019,総体,予選東支部,2019-04-28,芝浦工大高,芝浦工大高,立教池袋,立教池袋,1,0,,,https://koko-soccer.com/score/1478
2019,総体,予選東支部,2019-04-28,学習院,学習院,都立千早,千早,10,0,,,https://koko-soccer.com/score/1478
2019,総体,予選東支部,2019-04-28,都立篠崎,篠崎,都立橘,橘,1,0,,,https://koko-soccer.com/score/1478
2019,総体,予選東支部,2019-04-28,京華商,京華商,都立足立新田,足立新田,1,12,,,https://koko-soccer.com/score/1478
2019,総体,予選東支部,2019-04-28,巣鴨,巣鴨,豊南,豊南,1,3,,,https://koko-soccer.com/score/1478
2019,総体,予選東支部,2019-04-28,都立日本橋,日本橋,都立葛飾商,葛飾商,1,2,,,https://koko-soccer.com/score/1478
2019,総体,予選東支部,2019-04-28,都立東,東,獨協,獨協,1,0,,,https://koko-soccer.com/score/1478
2019,総体,予選東支部,2019-04-28,都立三商,三商,都立江戸川,江戸川,0,5,,,https://koko-soccer.com/score/1478
2019,総体,予選東支部,2019-04-28,都立文京,文京,中央学院大中央,中央学院大学中央,12,0,,,https://koko-soccer.com/score/1478
2019,総体,予選東支部,2019-04-29,都立小岩,小岩,駒込,駒込,0,4,,,https://koko-soccer.com/score/1478
2019,総体,予選東支部,2019-04-29,都立江東商,江東商,京華,京華,0,11,,,https://koko-soccer.com/score/1478
2019,総体,予選東支部,2019-05-01,都立小松川,小松川,都立文京,文京,3,1,,,https://koko-soccer.com/score/1478
2019,総体,予選東支部,2019-05-01,都立城東,城東,都立東,東,0,0,3,4,https://koko-soccer.com/score/1478
2019,総体,予選東支部,2019-05-01,都立深川,深川,都立江戸川,江戸川,1,1,9,8,https://koko-soccer.com/score/1478
2019,総体,予選東支部,2019-05-01,都立両国,両国,学習院,学習院,0,9,,,https://koko-soccer.com/score/1478
2019,総体,予選東支部,2019-05-01,開成,開成,豊島学院,豊島学院,2,1,,,https://koko-soccer.com/score/1478
2019,総体,予選東支部,2019-05-01,本郷,本郷,日大一,日大一,7,0,,,https://koko-soccer.com/score/1478
2019,総体,予選東支部,2019-05-01,足立学園,足立学園,都立葛飾商,葛飾商,2,1,,,https://koko-soccer.com/score/1478
2019,総体,予選東支部,2019-05-01,都立小石川中等教育学校,小石川中等教育学校,昭和一,昭和一,1,4,,,https://koko-soccer.com/score/1478
2019,総体,予選東支部,2019-05-01,都立葛飾総合,葛飾総合,都立篠崎,篠崎,2,0,,,https://koko-soccer.com/score/1478
2019,総体,予選東支部,2019-05-01,かえつ有明,かえつ有明,都立墨田川,墨田川,4,4,4,5,https://koko-soccer.com/score/1478
2019,総体,予選東支部,2019-05-01,筑波大附,筑波大学附属,都立竹早,竹早,2,3,,,https://koko-soccer.com/score/1478
2019,総体,予選東支部,2019-05-02,都立足立,足立,都立荒川工,荒川工,6,1,,,https://koko-soccer.com/score/1478
2019,総体,予選東支部,2019-05-02,都立足立新田,足立新田,芝浦工大高,芝浦工大高,1,0,,,https://koko-soccer.com/score/1478
2019,総体,予選東支部,2019-05-02,都立竹台,竹台,駒込,駒込,0,17,,,https://koko-soccer.com/score/1478
2019,総体,予選東支部,2019-05-02,都立江北,江北,都立墨田工,墨田工,1,1,4,5,https://koko-soccer.com/score/1478
2019,総体,予選東支部,2019-05-02,都立向丘,向丘,京華,京華,1,7,,,https://koko-soccer.com/score/1478
2019,総体,予選東支部,2019-05-03,郁文館,郁文館,都立豊島,豊島,0,0,4,5,https://koko-soccer.com/score/1478
2019,総体,予選東支部,2019-05-03,都立葛飾野,葛飾野,豊南,豊南,6,0,,,https://koko-soccer.com/score/1478
2019,総体,予選東支部,2019-05-03,駒込,駒込,京華,京華,7,0,,,https://koko-soccer.com/score/1478
2019,総体,予選東支部,2019-05-03,都立東,東,都立深川,深川,3,1,,,https://koko-soccer.com/score/1478
2019,総体,予選東支部,2019-05-03,学習院,学習院,都立竹早,竹早,5,0,,,https://koko-soccer.com/score/1478
2019,総体,予選東支部,2019-05-03,開成,開成,都立小松川,小松川,0,2,,,https://koko-soccer.com/score/1478
2019,総体,予選東支部,2019-05-03,本郷,本郷,昭和一,昭和一,3,0,,,https://koko-soccer.com/score/1478
2019,総体,予選東支部,2019-05-03,都立墨田川,墨田川,都立葛飾総合,葛飾総合,7,1,,,https://koko-soccer.com/score/1478
2019,総体,予選東支部,2019-05-03,都立足立,足立,都立墨田工,墨田工,2,1,,,https://koko-soccer.com/score/1478
2019,総体,予選東支部,2019-05-05,都立豊島,豊島,都立足立新田,足立新田,1,0,,,https://koko-soccer.com/score/1478
2019,総体,予選東支部,2019-05-05,都立葛飾野,葛飾野,足立学園,足立学園,6,0,,,https://koko-soccer.com/score/1478
2019,総体,予選南支部,2019-04-21,都立若葉総合 （東京）,若葉総合,都立鷺宮 （東京）,鷺宮,0,7,,,https://koko-soccer.com/score/1503
2019,総体,予選南支部,2019-04-21,都立松原 （東京）,松原,都立総合工科 （東京）,総合工科,8,1,,,https://koko-soccer.com/score/1503
2019,総体,予選南支部,2019-04-21,都立富士 （東京）,富士,都立町田工 （東京）,町田工,6,1,,,https://koko-soccer.com/score/1503
2019,総体,予選南支部,2019-04-21,日大桜丘 （東京）,日大櫻丘,杉並学院 （東京）,杉並学院,2,3,,,https://koko-soccer.com/score/1503
2019,総体,予選南支部,2019-04-21,三田国際 （東京）,三田国際,都立千歳丘 （東京）,千歳丘,1,5,,,https://koko-soccer.com/score/1503
2019,総体,予選南支部,2019-04-21,都立狛江 （東京）,狛江,佼成学園 （東京）,佼成学園,3,1,,,https://koko-soccer.com/score/1503
2019,総体,予選南支部,2019-04-21,学芸大国際 （東京）,学芸大国際,都立田無 （東京）,田無,0,5,,,https://koko-soccer.com/score/1503
2019,総体,予選南支部,2019-04-21,日大二 （東京）,日大二,駒場東邦 （東京）,駒場東邦,0,0,4,3,https://koko-soccer.com/score/1503
2019,総体,予選南支部,2019-04-21,東大附 （東京）,東大附属,目黒日大 （東京）,目黒日大,3,1,,,https://koko-soccer.com/score/1503
2019,総体,予選南支部,2019-04-21,都立杉並 （東京）,杉並,都立石神井 （東京）,石神井,0,1,,,https://koko-soccer.com/score/1503
2019,総体,予選南支部,2019-04-21,成城学園 （東京）,成城学園,都立杉並工 （東京）,杉並工,1,0,,,https://koko-soccer.com/score/1503
2019,総体,予選南支部,2019-04-21,都立井草 （東京）,井草,世田谷学園 （東京）,世田谷学園,2,1,,,https://koko-soccer.com/score/1503
2019,総体,予選南支部,2019-04-21,都立目黒 （東京）,目黒,都立世田谷総合 （東京）,世田谷総合,5,2,,,https://koko-soccer.com/score/1503
2019,総体,予選南支部,2019-04-21,都立田無工 （東京）,田無工,大東学園 （東京）,大東学園,2,0,,,https://koko-soccer.com/score/1503
2019,総体,予選南支部,2019-04-21,都立西 （東京）,西,日工大駒場 （東京）,日工大駒場,0,0,5,6,https://koko-soccer.com/score/1503
2019,総体,予選南支部,2019-04-21,東京立正 （東京）,東京立正,都立保谷 （東京）,保谷,0,10,,,https://koko-soccer.com/score/1503
2019,総体,予選南支部,2019-04-21,玉川学園 （東京）,玉川学園,東京都市大等々力 （東京）,東京都市大等々力,0,2,,,https://koko-soccer.com/score/1503
2019,総体,予選南支部,2019-04-21,都立駒場 （東京）,駒場,宝仙学園 （東京）,宝仙学園,6,2,,,https://koko-soccer.com/score/1503
2019,総体,予選南支部,2019-04-21,専修大附 （東京）,専修大附,都立豊多摩 （東京）,豊多摩,3,1,,,https://koko-soccer.com/score/1503
2019,総体,予選南支部,2019-04-21,都立芦花 （東京）,芦花,都立成瀬 （東京）,成瀬,1,0,,,https://koko-soccer.com/score/1503
2019,総体,予選南支部,2019-04-21,都立練馬 （東京）,練馬,和光 （東京）,和光,1,1,7,6,https://koko-soccer.com/score/1503
2019,総体,予選南支部,2019-04-21,東亜学園 （東京）,東亜学園,都立桜町 （東京）,桜町,0,0,4,2,https://koko-soccer.com/score/1503
2019,総体,予選南支部,2019-04-21,目黒学院 （東京）,目黒学院,東農大一 （東京）,農大一,0,9,,,https://koko-soccer.com/score/1503
2019,総体,予選南支部,2019-04-21,都立武蔵丘 （東京）,武蔵丘,都立大泉 （東京）,大泉,4,1,,,https://koko-soccer.com/score/1503
2019,総体,予選南支部,2019-04-21,都立武蔵 （東京）,武蔵,都立町田総合 （東京）,町田総合,3,0,,,https://koko-soccer.com/score/1503
2019,総体,予選南支部,2019-04-21,都立科学技術 （東京）,科学技術,筑波大駒場 （東京）,筑波大駒場,0,20,,,https://koko-soccer.com/score/1503
2019,総体,予選南支部,2019-04-21,東京学芸大附 （東京）,東京学芸大附,都立山崎 （東京）,山崎,3,1,,,https://koko-soccer.com/score/1503
2019,総体,予選南支部,2019-04-21,都立桜修館 （東京）,桜修館中等,明大中野 （東京）,明大中野,3,0,,,https://koko-soccer.com/score/1503
2019,総体,予選南支部,2019-04-21,都立野津田 （東京）,野津田,中大杉並 （東京）,中大杉並,2,1,,,https://koko-soccer.com/score/1503
2019,総体,予選南支部,2019-04-21,東京都市大付 （東京）,都市大付,都立第四商 （東京）,第四商,3,0,,,https://koko-soccer.com/score/1503
2019,総体,予選南支部,2019-04-21,自由ヶ丘学園 （東京）,自由ヶ丘学園,都立町田 （東京）,町田,0,6,,,https://koko-soccer.com/score/1503
2019,総体,予選南支部,2019-04-28,都立光丘 （東京）,光丘,都立小川 （東京）,小川,2,1,,,https://koko-soccer.com/score/1503
2019,総体,予選南支部,2019-04-28,都立深沢 （東京）,深沢,桜美林 （東京）,桜美林,1,1,3,5,https://koko-soccer.com/score/1503
2019,総体,予選南支部,2019-04-28,都立練馬工 （東京）,練馬工,駒場学園 （東京）,駒場学園,0,10,,,https://koko-soccer.com/score/1503
2019,総体,予選南支部,2019-04-28,都立杉並総合 （東京）,杉並総合,都立国際 （東京）,国際,4,0,,,https://koko-soccer.com/score/1503
2019,総体,予選南支部,2019-04-28,日大鶴ヶ丘 （東京）,日大鶴ヶ丘,都立目黒 （東京）,目黒,3,0,,,https://koko-soccer.com/score/1503
2019,総体,予選南支部,2019-04-28,多摩大目黒 （東京）,多摩大学目黒,東京都市大等々力 （東京）,東京都市大等々力,3,0,,,https://koko-soccer.com/score/1503
2019,総体,予選南支部,2019-04-28,東大附 （東京）,東大附属,都立町田 （東京）,町田,0,5,,,https://koko-soccer.com/score/1503
2019,総体,予選南支部,2019-04-28,東農大一 （東京）,農大一,都立武蔵丘 （東京）,武蔵丘,1,1,2,4,https://koko-soccer.com/score/1503
2019,総体,予選南支部,2019-04-28,都立富士 （東京）,富士,東京学芸大附 （東京）,東京学芸大附,0,0,2,4,https://koko-soccer.com/score/1503
2019,総体,予選南支部,2019-04-28,日大三 （東京）,日大三,都立田無工 （東京）,田無工,9,0,,,https://koko-soccer.com/score/1503
2019,総体,予選南支部,2019-04-28,都立桜修館 （東京）,桜修館中等,杉並学院 （東京）,杉並学院,1,1,4,3,https://koko-soccer.com/score/1503
2019,総体,予選南支部,2019-04-28,都立鷺宮 （東京）,鷺宮,都立石神井 （東京）,石神井,0,1,,,https://koko-soccer.com/score/1503
2019,総体,予選南支部,2019-04-28,都立狛江 （東京）,狛江,都立練馬 （東京）,練馬,2,0,,,https://koko-soccer.com/score/1503
2019,総体,予選南支部,2019-04-28,東亜学園 （東京）,東亜学園,都立保谷 （東京）,保谷,0,0,3,4,https://koko-soccer.com/score/1503
2019,総体,予選南支部,2019-04-28,日大二 （東京）,日大二,東京都市大付 （東京）,都市大付,1,0,,,https://koko-soccer.com/score/1503
2019,総体,予選南支部,2019-04-29,都立駒場 （東京）,駒場,成城学園 （東京）,成城学園,1,1,5,6,https://koko-soccer.com/score/1503
2019,総体,予選南支部,2019-04-29,都立野津田 （東京）,野津田,都立田無 （東京）,田無,1,0,,,https://koko-soccer.com/score/1503
2019,総体,予選南支部,2019-04-29,都立芦花 （東京）,芦花,日工大駒場 （東京）,日工大駒場,2,2,5,4,https://koko-soccer.com/score/1503
2019,総体,予選南支部,2019-04-29,都立井草 （東京）,井草,専修大附 （東京）,専修大附,0,5,,,https://koko-soccer.com/score/1503
2019,総体,予選南支部,2019-04-30,桜美林 （東京）,桜美林,駒場学園 （東京）,駒場学園,0,3,,,https://koko-soccer.com/score/1503
2019,総体,予選南支部,2019-04-30,早大学院 （東京）,早大学院,筑波大駒場 （東京）,筑波大駒場,8,0,,,https://koko-soccer.com/score/1503
2019,総体,予選南支部,2019-05-01,都立千歳丘 （東京）,千歳丘,都立光丘 （東京）,光丘,1,3,,,https://koko-soccer.com/score/1503
2019,総体,予選南支部,2019-05-01,都立杉並総合 （東京）,杉並総合,日本学園 （東京）,日本学園,0,9,,,https://koko-soccer.com/score/1503
2019,総体,予選南支部,2019-05-01,武蔵 （東京）,武蔵,都立松原 （東京）,松原,1,0,,,https://koko-soccer.com/score/1503
2019,総体,予選南支部,2019-05-01,都立狛江 （東京）,狛江,都立保谷 （東京）,保谷,2,3,,,https://koko-soccer.com/score/1503
2019,総体,予選南支部,2019-05-01,日大鶴ヶ丘 （東京）,日大鶴ヶ丘,都立武蔵丘 （東京）,武蔵丘,3,1,,,https://koko-soccer.com/score/1503
2019,総体,予選南支部,2019-05-02,早大学院 （東京）,早大学院,東京学芸大附 （東京）,東京学芸大附,6,0,,,https://koko-soccer.com/score/1503
2019,総体,予選南支部,2019-05-02,日大三 （東京）,日大三,都立桜修館 （東京）,桜修館中等,2,1,,,https://koko-soccer.com/score/1503
2019,総体,予選南支部,2019-05-03,武蔵 （東京）,武蔵,都立光丘 （東京）,光丘,3,1,,,https://koko-soccer.com/score/1503
2019,総体,予選南支部,2019-05-03,駒場学園 （東京）,駒場学園,日本学園 （東京）,日本学園,1,1,4,5,https://koko-soccer.com/score/1503
2019,総体,予選南支部,2019-05-03,成城学園 （東京）,成城学園,都立芦花 （東京）,芦花,3,1,,,https://koko-soccer.com/score/1503
2019,総体,予選南支部,2019-05-03,都立野津田 （東京）,野津田,専修大附 （東京）,専修大附,0,6,,,https://koko-soccer.com/score/1503
2019,総体,予選南支部,2019-05-03,多摩大目黒 （東京）,多摩大学目黒,都立石神井 （東京）,石神井,1,0,,,https://koko-soccer.com/score/1503
2019,総体,予選南支部,2019-05-03,日大二 （東京）,日大二,都立町田 （東京）,町田,1,0,,,https://koko-soccer.com/score/1503
2019,選手権,予選,2019-08-14,都立神津 （東京）,神津,都立多摩科学技術 （東京）,多摩科学技術,6,0,,,https://koko-soccer.com/score/1618
2019,選手権,予選,2019-08-14,都立日野台 （東京）,日野台,正則学園 （東京）,正則学園,3,1,,,https://koko-soccer.com/score/1618
2019,選手権,予選,2019-08-14,豊南 （東京）,豊南,都立八潮 （東京）,八潮,0,1,,,https://koko-soccer.com/score/1618
2019,選手権,予選,2019-08-14,啓明学園 （東京）,啓明学園,自由学園 （東京）,自由学園,5,1,,,https://koko-soccer.com/score/1618
2019,選手権,予選,2019-08-14,早稲田 （東京）,早稲田,都立美原 （東京）,美原,1,5,,,https://koko-soccer.com/score/1618
2019,選手権,予選,2019-08-14,共栄学園 （東京）,共栄学園,明大中野 （東京）,明大中野,0,11,,,https://koko-soccer.com/score/1618
2019,選手権,予選,2019-08-14,渋谷教育学園渋谷 （東京）,渋谷教育学園渋谷,都立紅葉川 （東京）,紅葉川,0,13,,,https://koko-soccer.com/score/1618
2019,選手権,予選,2019-08-14,玉川学園 （東京）,玉川学園,東亜学園 （東京）,東亜学園,0,4,,,https://koko-soccer.com/score/1618
2019,選手権,予選,2019-08-14,都立田無工 （東京）,田無工,都立羽村 （東京）,羽村,3,4,,,https://koko-soccer.com/score/1618
2019,選手権,予選,2019-08-14,大智学園 （東京）,大智学園,都立山崎 （東京）,山崎,6,2,,,https://koko-soccer.com/score/1618
2019,選手権,予選,2019-08-14,法政大高 （東京）,法政大高,中央学院大中央 （東京）,中央学院大学中央,9,1,,,https://koko-soccer.com/score/1618
2019,選手権,予選,2019-08-14,都立芝商業 （東京）,芝商業,都立田無 （東京）,田無,0,19,,,https://koko-soccer.com/score/1618
2019,選手権,予選,2019-08-14,攻玉社 （東京）,攻玉社,目黒日大 （東京）,目黒日大,2,0,,,https://koko-soccer.com/score/1618
2019,選手権,予選,2019-08-14,都立雪谷 （東京）,雪谷,都立杉並工 （東京）,杉並工,3,0,,,https://koko-soccer.com/score/1618
2019,選手権,予選,2019-08-14,都立大泉 （東京）,大泉,帝京大高 （東京）,帝京大高,2,0,,,https://koko-soccer.com/score/1618
2019,選手権,予選,2019-08-14,都立飛鳥 （東京）,飛鳥,朋優学院 （東京）,朋優学院,3,2,,,https://koko-soccer.com/score/1618
2019,選手権,予選,2019-08-14,都立八王子北 （東京）,八王子北,都立足立東 （東京）,足立東,7,1,,,https://koko-soccer.com/score/1618
2019,選手権,予選,2019-08-15,自由ヶ丘学園 （東京）,自由ヶ丘学園,中大杉並 （東京）,中大杉並,0,8,,,https://koko-soccer.com/score/1618
2019,選手権,予選,2019-08-14,都立西 （東京）,西,都立城東 （東京）,城東,1,6,,,https://koko-soccer.com/score/1618
2019,選手権,予選,2019-08-14,八王子実践 （東京）,八王子実践,成蹊 （東京）,成蹊,0,2,,,https://koko-soccer.com/score/1618
2019,選手権,予選,2019-08-14,都立第四商 （東京）,第四商,東工大付 （東京）,東工大付,0,9,,,https://koko-soccer.com/score/1618
2019,選手権,予選,2019-08-14,日大一 （東京）,日大一,晴海総合 （東京）,晴海総合,10,0,,,https://koko-soccer.com/score/1618
2019,選手権,予選,2019-08-14,明法 （東京）,明法,海城 （東京）,海城,2,3,,,https://koko-soccer.com/score/1618
2019,選手権,予選,2019-08-14,都立翔陽 （東京）,翔陽,都立永山 （東京）,永山,0,1,,,https://koko-soccer.com/score/1618
2019,選手権,予選,2019-08-14,都立多摩工 （東京）,多摩工,都立東村山 （東京）,東村山,1,2,,,https://koko-soccer.com/score/1618
2019,選手権,予選,2019-08-14,都立調布北 （東京）,調布北,明治学院 （東京）,明治学院,0,3,,,https://koko-soccer.com/score/1618
2019,選手権,予選,2019-08-14,都立日比谷 （東京）,日比谷,都立足立西 （東京）,足立西,2,2,4,3,https://koko-soccer.com/score/1618
2019,選手権,予選,2019-08-14,都立六郷工科 （東京）,六郷工科,東京学芸大附 （東京）,東京学芸大附,0,37,,,https://koko-soccer.com/score/1618
2019,選手権,予選,2019-08-14,麻布 （東京）,麻布,都立南平 （東京）,南平,2,0,,,https://koko-soccer.com/score/1618
2019,選手権,予選,2019-08-14,都立小平西 （東京）,小平西,都立小平 （東京）,小平,0,0,3,4,https://koko-soccer.com/score/1618
2019,選手権,予選,2019-08-14,都立白鴎 （東京）,白鴎,都立小平南 （東京）,小平南,2,3,,,https://koko-soccer.com/score/1618
2019,選手権,予選,2019-08-14,都立戸山 （東京）,戸山,都立芦花 （東京）,芦花,3,0,,,https://koko-soccer.com/score/1618
2019,選手権,予選,2019-08-14,東洋大京北 （東京）,東洋大京北,都立江戸川 （東京）,江戸川,0,6,,,https://koko-soccer.com/score/1618
2019,選手権,予選,2019-08-14,昭和一 （東京）,昭和一,世田谷学園 （東京）,世田谷学園,3,0,,,https://koko-soccer.com/score/1618
2019,選手権,予選,2019-08-14,東京 （東京）,東京,都立篠崎 （東京）,篠崎,4,0,,,https://koko-soccer.com/score/1618
2019,選手権,予選,2019-08-14,都立千早 （東京）,千早,都立足立新田 （東京）,足立新田,0,5,,,https://koko-soccer.com/score/1618
2019,選手権,予選,2019-08-14,都立武蔵野北 （東京）,武蔵野北,二松学舎大附 （東京）,二松学舎大附,3,3,4,3,https://koko-soccer.com/score/1618
2019,選手権,予選,2019-08-14,都立青梅総合 （東京）,青梅総合,都立小川 （東京）,小川,1,7,,,https://koko-soccer.com/score/1618
2019,選手権,予選,2019-08-14,都立光丘 （東京）,光丘,都立小山台 （東京）,小山台,2,1,,,https://koko-soccer.com/score/1618
2019,選手権,予選,2019-08-14,上野学園 （東京）,上野学園,都立日野 （東京）,日野,1,3,,,https://koko-soccer.com/score/1618
2019,選手権,予選,2019-08-14,高輪 （東京）,高輪,都立田柄 （東京）,田柄,9,0,,,https://koko-soccer.com/score/1618
2019,選手権,予選,2019-08-14,国際基督教大高 （東京）,国際基督教大高,駒場東邦 （東京）,駒場東邦,2,1,,,https://koko-soccer.com/score/1618
2019,選手権,予選,2019-08-14,都立大山 （東京）,大山,獨協 （東京）,獨協,1,0,,,https://koko-soccer.com/score/1618
2019,選手権,予選,2019-08-14,かえつ有明 （東京）,かえつ有明,都立立川国際中等教育学校 （東京）,立川国際中等教育学校,6,1,,,https://koko-soccer.com/score/1618
2019,選手権,予選,2019-08-14,都立淵江 （東京）,淵江,都立板橋 （東京）,板橋,0,5,,,https://koko-soccer.com/score/1618
2019,選手権,予選,2019-08-14,安田学園 （東京）,安田学園,明星学園 （東京）,明星学園,0,2,,,https://koko-soccer.com/score/1618
2019,選手権,予選,2019-08-14,都立武蔵丘 （東京）,武蔵丘,都立杉並総合 （東京）,杉並総合,3,2,,,https://koko-soccer.com/score/1618
2019,選手権,予選,2019-08-14,都立富士 （東京）,富士,國學院 （東京）,国学院,0,0,4,2,https://koko-soccer.com/score/1618
2019,選手権,予選,2019-08-14,錦城 （東京）,錦城,立教池袋 （東京）,立教池袋,0,3,,,https://koko-soccer.com/score/1618
2019,選手権,予選,2019-08-14,都立三田 （東京）,三田,都立南多摩・南多摩中央教育 （東京）,南多摩・南多摩中央教育,1,0,,,https://koko-soccer.com/score/1618
2019,選手権,予選,2019-08-14,都立文京 （東京）,文京,大東大一 （東京）,大東大一,2,1,,,https://koko-soccer.com/score/1618
2019,選手権,予選,2019-08-14,都立竹台 （東京）,竹台,都立町田工 （東京）,町田工,1,0,,,https://koko-soccer.com/score/1618
2019,選手権,予選,2019-08-14,都立国際 （東京）,国際,都立板橋有徳 （東京）,板橋有徳,0,6,,,https://koko-soccer.com/score/1618
2019,選手権,予選,2019-08-14,巣鴨 （東京）,巣鴨,多摩大聖ヶ丘 （東京）,多摩大聖ヶ丘,0,3,,,https://koko-soccer.com/score/1618
2019,選手権,予選,2019-08-14,都立新宿 （東京）,新宿,都立桜修館 （東京）,桜修館中等,2,1,,,https://koko-soccer.com/score/1618
2019,選手権,予選,2019-08-14,都立練馬工 （東京）,練馬工,都立橘 （東京）,橘,0,4,,,https://koko-soccer.com/score/1618
2019,選手権,予選,2019-08-14,都立立川 （東京）,立川,都立北豊島工 （東京）,北豊島工,3,1,,,https://koko-soccer.com/score/1618
2019,選手権,予選,2019-08-14,東京都市大付 （東京）,都市大付,都立松原 （東京）,松原,3,0,,,https://koko-soccer.com/score/1618
2019,選手権,予選,2019-08-14,都立世田谷総合 （東京）,世田谷総合,明大明治 （東京）,明大明治,0,6,,,https://koko-soccer.com/score/1618
2019,選手権,予選,2019-08-14,城西大城西 （東京）,城西大城西,京華 （東京）,京華,2,2,6,5,https://koko-soccer.com/score/1618
2019,選手権,予選,2019-08-14,第一商,第一商,都立国立 （東京）,国立,0,22,,,https://koko-soccer.com/score/1618
2019,選手権,予選,2019-08-14,都立清瀬 （東京）,清瀬,錦城学園 （東京）,錦城学園,5,0,,,https://koko-soccer.com/score/1618
2019,選手権,予選,2019-08-14,都立江北 （東京）,江北,都立三鷹中等教育学校 （東京）,三鷹中等教育学校,1,2,,,https://koko-soccer.com/score/1618
2019,選手権,予選,2019-08-14,成城 （東京）,成城,都立大島 （東京）,大島,7,0,,,https://koko-soccer.com/score/1618
2019,選手権,予選,2019-08-14,佼成学園 （東京）,佼成学園,桐朋 （東京）,桐朋,0,1,,,https://koko-soccer.com/score/1618
2019,選手権,予選,2019-08-14,都立墨田川 （東京）,墨田川,都立葛飾商 （東京）,葛飾商,1,5,,,https://koko-soccer.com/score/1618
2019,選手権,予選,2019-08-14,都立富士森 （東京）,富士森,立正大立正 （東京）,立正大立正,0,5,,,https://koko-soccer.com/score/1618
2019,選手権,予選,2019-08-14,都立石神井 （東京）,石神井,都立井草 （東京）,井草,11,0,,,https://koko-soccer.com/score/1618
2019,選手権,予選,2019-08-14,都立保谷 （東京）,保谷,都立両国 （東京）,両国,4,0,,,https://koko-soccer.com/score/1618
2019,選手権,予選,2019-08-14,都立深沢 （東京）,深沢,八王子 （東京）,八王子,0,2,,,https://koko-soccer.com/score/1618
2019,選手権,予選,2019-08-14,日体大荏原 （東京）,日体大荏原,都立大島海洋国際 （東京）,大島海洋国際,14,0,,,https://koko-soccer.com/score/1618
2019,選手権,予選,2019-08-14,都立松が谷 （東京）,松が谷,区立九段中等教育 （東京）,九段中等教育,9,0,,,https://koko-soccer.com/score/1618
2019,選手権,予選,2019-08-14,都立若葉総合 （東京）,若葉総合,都立狛江 （東京）,狛江,0,4,,,https://koko-soccer.com/score/1618
2019,選手権,予選,2019-08-14,都立高島 （東京）,高島,都立練馬 （東京）,練馬,6,1,,,https://koko-soccer.com/score/1618
2019,選手権,予選,2019-08-14,都立向丘 （東京）,向丘,都立野津田 （東京）,野津田,1,2,,,https://koko-soccer.com/score/1618
2019,選手権,予選,2019-08-14,都立葛飾野 （東京）,葛飾野,都立豊多摩 （東京）,豊多摩,1,2,,,https://koko-soccer.com/score/1618
2019,選手権,予選,2019-08-15,学芸大国際 （東京）,学芸大国際,足立学園 （東京）,足立学園,0,5,,,https://koko-soccer.com/score/1618
2019,選手権,予選,2019-08-15,都立府中工 （東京）,府中工科,都立赤羽商 （東京）,赤羽商,8,0,,,https://koko-soccer.com/score/1618
2019,選手権,予選,2019-08-15,帝京八王子 （東京）,帝京八王子,岩倉 （東京）,岩倉,4,0,,,https://koko-soccer.com/score/1618
2019,選手権,予選,2019-08-15,都立久留米西 （東京）,久留米西,東農大一 （東京）,農大一,1,0,,,https://koko-soccer.com/score/1618
2019,選手権,予選,2019-08-15,都立神代 （東京）,神代,中央国際 （東京）,中央国際,1,1,3,4,https://koko-soccer.com/score/1618
2019,選手権,予選,2019-08-15,都立東村山西 （東京）,東村山西,東洋 （東京）,東洋,6,2,,,https://koko-soccer.com/score/1618
2019,選手権,予選,2019-08-15,芝 （東京）,芝,都立三商 （東京）,三商,1,0,,,https://koko-soccer.com/score/1618
2019,選手権,予選,2019-08-15,都立町田 （東京）,町田,都立日本橋 （東京）,日本橋,0,0,4,1,https://koko-soccer.com/score/1618
2019,選手権,予選,2019-08-15,都立府中西 （東京）,府中西,都立小岩 （東京）,小岩,2,2,6,5,https://koko-soccer.com/score/1618
2019,選手権,予選,2019-08-15,都立多摩 （東京）,多摩,開成 （東京）,開成,2,2,6,7,https://koko-soccer.com/score/1618
2019,選手権,予選,2019-08-15,都立荒川商 （東京）,荒川商,都立小石川中等教育学校 （東京）,小石川中等教育学校,4,2,,,https://koko-soccer.com/score/1618
2019,選手権,予選,2019-08-15,豊島学院 （東京）,豊島学院,都立府中 （東京）,府中,3,2,,,https://koko-soccer.com/score/1618
2019,選手権,予選,2019-08-15,目白研心 （東京）,目白研心,都立荒川工 （東京）,荒川工,5,0,,,https://koko-soccer.com/score/1618
2019,選手権,予選,2019-08-15,都立足立 （東京）,足立,都立桜町 （東京）,桜町,3,1,,,https://koko-soccer.com/score/1618
2019,選手権,予選,2019-08-15,駒場学園 （東京）,駒場学園,都立つばさ総合 （東京）,つばさ総合,1,3,,,https://koko-soccer.com/score/1618
2019,選手権,予選,2019-08-15,都立竹早 （東京）,竹早,都立町田総合 （東京）,町田総合,0,1,,,https://koko-soccer.com/score/1618
2019,選手権,予選,2019-08-15,都立調布南 （東京）,調布南,都立広尾 （東京）,広尾,14,0,,,https://koko-soccer.com/score/1618
2019,選手権,予選,2019-08-15,都立豊島 （東京）,豊島,芝浦工大高 （東京）,芝浦工大高,3,1,,,https://koko-soccer.com/score/1618
2019,選手権,予選,2019-08-15,東京電機大高 （東京）,東京電機大学,桜美林 （東京）,桜美林,2,2,5,4,https://koko-soccer.com/score/1618
2019,選手権,予選,2019-08-15,都立本所 （東京）,本所,淑徳 （東京）,淑徳,0,2,,,https://koko-soccer.com/score/1618
2019,選手権,予選,2019-08-15,専修大附 （東京）,専修大附,大原学園 （東京）,大原学園,14,0,,,https://koko-soccer.com/score/1618
2019,選手権,予選,2019-08-15,東京成徳大高 （東京）,東京成徳大高,郁文館 （東京）,郁文館,3,2,,,https://koko-soccer.com/score/1618
2019,選手権,予選,2019-08-15,東京工業高専 （東京）,東京工業高専,青稜 （東京）,青稜,2,13,,,https://koko-soccer.com/score/1618
2019,選手権,予選,2019-08-15,都立府中東 （東京）,府中東,武蔵野 （東京）,武蔵野,12,0,,,https://koko-soccer.com/score/1618
2019,選手権,予選,2019-08-15,都立総合工科 （東京）,総合工科,明星 （東京）,明星,1,9,,,https://koko-soccer.com/score/1618
2019,選手権,予選,2019-08-16,都立拝島 （東京）,拝島,都立江東商 （東京）,江東商,5,0,,,https://koko-soccer.com/score/1618
2019,選手権,予選,2019-08-16,明学東村山 （東京）,明治学院東村山,都立成瀬 （東京）,成瀬,1,0,,,https://koko-soccer.com/score/1618
2019,選手権,予選,2019-08-16,都立東大和南 （東京）,東大和南,攻玉社 （東京）,攻玉社,4,1,,,https://koko-soccer.com/score/1618
2019,選手権,予選,2019-08-16,筑波大附 （東京）,筑波大学附属,都立鷺宮 （東京）,鷺宮,0,4,,,https://koko-soccer.com/score/1618
2019,選手権,予選,2019-08-16,都立目黒 （東京）,目黒,都立墨田工 （東京）,墨田工,2,2,3,1,https://koko-soccer.com/score/1618
2019,選手権,予選,2019-08-16,日大三 （東京）,日大三,都立八潮 （東京）,八潮,7,0,,,https://koko-soccer.com/score/1618
2019,選手権,予選,2019-08-16,穎明館 （東京）,穎明館,日大櫻丘 （東京）,日大櫻丘,2,5,,,https://koko-soccer.com/score/1618
2019,選手権,予選,2019-08-16,宝仙学園 （東京）,宝仙学園,都立深川 （東京）,深川,1,5,,,https://koko-soccer.com/score/1618
2019,選手権,予選,2019-08-16,三田国際 （東京）,三田国際,都立上水 （東京）,上水,1,0,,,https://koko-soccer.com/score/1618
2019,選手権,予選,2019-08-16,和光 （東京）,和光,暁星高等学校 （東京）,暁星,0,13,,,https://koko-soccer.com/score/1618
2019,選手権,予選,2019-08-16,都立大崎 （東京）,大崎,都立八王子東 （東京）,八王子東,1,6,,,https://koko-soccer.com/score/1618
2019,選手権,予選,2019-08-16,都立東 （東京）,東,啓明学園 （東京）,啓明学園,6,0,,,https://koko-soccer.com/score/1618
2019,選手権,予選,2019-08-16,明大中野八王子 （東京）,明大中野八王子,都立駒場 （東京）,駒場,1,4,,,https://koko-soccer.com/score/1618
2019,選手権,予選,2019-08-16,都立杉並 （東京）,杉並,中大附 （東京）,中大附属,2,0,,,https://koko-soccer.com/score/1618
2019,選手権,予選,2019-08-16,日大鶴ヶ丘 （東京）,日大鶴ヶ丘,都立紅葉川 （東京）,紅葉川,3,2,,,https://koko-soccer.com/score/1618
2019,選手権,予選,2019-08-16,聖徳学園 （東京）,聖徳学園,都立千歳丘 （東京）,千歳丘,0,0,4,1,https://koko-soccer.com/score/1618
2019,選手権,予選,2019-08-16,正則 （東京）,正則,都立科学技術 （東京）,科学技術,17,0,,,https://koko-soccer.com/score/1618
2019,選手権,予選,2019-08-16,日大二 （東京）,日大二,都立八王子北 （東京）,八王子北,2,0,,,https://koko-soccer.com/score/1618
2019,選手権,予選,2019-08-16,都立青井 （東京）,青井,都立小金井北 （東京）,小金井北,0,1,,,https://koko-soccer.com/score/1618
2019,選手権,予選,2019-08-16,都立田園調布 （東京）,田園調布,都立武蔵村山 （東京）,武蔵村山,1,3,,,https://koko-soccer.com/score/1618
2019,選手権,予選,2019-08-16,広尾学園 （東京）,広尾学園,都立葛飾総合 （東京）,葛飾総合,0,2,,,https://koko-soccer.com/score/1618
2019,選手権,予選,2019-08-16,聖学院 （東京）,聖学院,都立福生 （東京）,福生,0,1,,,https://koko-soccer.com/score/1618
2019,選手権,予選,2019-08-16,都立科学技術 （東京）,科学技術,都立上野 （東京）,上野,0,6,,,https://koko-soccer.com/score/1618
2019,選手権,予選,2019-08-16,青山学院 （東京）,青山学院,明大中野 （東京）,明大中野,0,2,,,https://koko-soccer.com/score/1618
2019,選手権,予選,2019-08-16,中大附 （東京）,中大附属,都立武蔵 （東京）,武蔵,3,0,,,https://koko-soccer.com/score/1618
2019,選手権,予選,2019-08-16,本郷 （東京）,本郷,都立田無 （東京）,田無,4,3,,,https://koko-soccer.com/score/1618
2019,選手権,予選,2019-08-16,工学院大附 （東京）,工学院大附,京華商 （東京）,京華商,4,0,,,https://koko-soccer.com/score/1618
2019,選手権,予選,2019-08-16,杉並学院 （東京）,杉並学院,文教大付 （東京）,文教大付,1,0,,,https://koko-soccer.com/score/1618
2019,選手権,予選,2019-08-16,駿台学園 （東京）,駿台学園,都立美原 （東京）,美原,3,2,,,https://koko-soccer.com/score/1618
2019,選手権,予選,2019-08-16,都立北園 （東京）,北園,大智学園 （東京）,大智学園,5,2,,,https://koko-soccer.com/score/1618
2019,選手権,予選,2019-08-16,保善 （東京）,保善,都立大泉 （東京）,大泉,2,0,,,https://koko-soccer.com/score/1618
2019,選手権,予選,2019-08-16,東京立正 （東京）,東京立正,淑徳巣鴨 （東京）,淑徳巣鴨,0,4,,,https://koko-soccer.com/score/1618
2019,選手権,予選,2019-08-16,創価 （東京）,創価,東亜学園 （東京）,東亜学園,2,0,,,https://koko-soccer.com/score/1618
2019,選手権,予選,2019-08-16,都立南葛飾 （東京）,南葛飾,都立神津 （東京）,神津,7,0,,,https://koko-soccer.com/score/1618
2019,選手権,予選,2019-08-16,都立小松川 （東京）,小松川,都立日野台 （東京）,日野台,1,2,,,https://koko-soccer.com/score/1618
2019,選手権,予選,2019-08-16,学習院 （東京）,学習院,都立飛鳥 （東京）,飛鳥,9,1,,,https://koko-soccer.com/score/1618
2019,選手権,予選,2019-08-16,都立国分寺 （東京）,国分寺,都立羽村 （東京）,羽村,9,0,,,https://koko-soccer.com/score/1618
2019,選手権,予選,2019-08-16,城北 （東京）,城北,法政大高 （東京）,法政大高,2,2,4,5,https://koko-soccer.com/score/1618
2019,選手権,予選,2019-08-16,都立五日市 （東京）,五日市,大森学園 （東京）,大森学園,0,13,,,https://koko-soccer.com/score/1618
2019,選手権,予選,2019-08-16,都立青山 （東京）,青山,都立雪谷 （東京）,雪谷,2,1,,,https://koko-soccer.com/score/1618
2019,選手権,予選,2019-08-16,都立昭和 （東京）,昭和,文化学園大学杉並中学・高等学校 （東京）,文化学園大学杉並中学・,6,0,,,https://koko-soccer.com/score/1618
2019,選手権,予選,2019-08-16,日本学園 （東京）,日本学園,都立葛西南 （東京）,葛西南,4,0,,,https://koko-soccer.com/score/1618
2019,選手権,予選,2019-08-17,都立大森 （東京）,大森,目黒学院 （東京）,目黒学院,1,10,,,https://koko-soccer.com/score/1618
2019,選手権,予選,2019-08-17,都立大田桜台 （東京）,大田桜台,桜丘 （東京）,桜丘,2,5,,,https://koko-soccer.com/score/1618
2019,選手権,予選,2019-08-17,駒込 （東京）,駒込,中大杉並 （東京）,中大杉並,3,1,,,https://koko-soccer.com/score/1618
2019,選手権,予選,2019-08-17,大東学園 （東京）,大東学園,都立秋留台 （東京）,秋留台,0,3,,,https://koko-soccer.com/score/1618
2019,選手権,予選,2019-08-20,都立府中工 （東京）,府中工科,豊島学院 （東京）,豊島学院,1,3,,,https://koko-soccer.com/score/1618
2019,選手権,予選,2019-08-20,成蹊 （東京）,成蹊,都立小川 （東京）,小川,1,0,,,https://koko-soccer.com/score/1618
2019,選手権,予選,2019-08-20,都立城東 （東京）,城東,東工大付 （東京）,東工大付,0,1,,,https://koko-soccer.com/score/1618
2019,選手権,予選,2019-08-20,海城 （東京）,海城,都立日野 （東京）,日野,6,2,,,https://koko-soccer.com/score/1618
2019,選手権,予選,2019-08-20,明学東村山 （東京）,明治学院東村山,杉並学院 （東京）,杉並学院,1,0,,,https://koko-soccer.com/score/1618
2019,選手権,予選,2019-08-20,都立東大和南 （東京）,東大和南,都立立川 （東京）,立川,4,0,,,https://koko-soccer.com/score/1618
2019,選手権,予選,2019-08-20,日大三 （東京）,日大三,都立上野 （東京）,上野,8,0,,,https://koko-soccer.com/score/1618
2019,選手権,予選,2019-08-20,帝京八王子 （東京）,帝京八王子,都立片倉 （東京）,片倉,0,7,,,https://koko-soccer.com/score/1618
2019,選手権,予選,2019-08-20,都立国分寺 （東京）,国分寺,正則 （東京）,正則,3,0,,,https://koko-soccer.com/score/1618
2019,選手権,予選,2019-08-20,淑徳 （東京）,淑徳,城西大城西 （東京）,城西大城西,2,1,,,https://koko-soccer.com/score/1618
2019,選手権,予選,2019-08-20,都立小金井北 （東京）,小金井北,都立深川 （東京）,深川,1,3,,,https://koko-soccer.com/score/1618
2019,選手権,予選,2019-08-20,都立秋留台 （東京）,秋留台,大森学園 （東京）,大森学園,0,22,,,https://koko-soccer.com/score/1618
2019,選手権,予選,2019-08-20,都立青山 （東京）,青山,都立板橋有徳 （東京）,板橋有徳,2,1,,,https://koko-soccer.com/score/1618
2019,選手権,予選,2019-08-20,都立光丘 （東京）,光丘,都立文京 （東京）,文京,2,1,,,https://koko-soccer.com/score/1618
2019,選手権,予選,2019-08-20,都立昭和 （東京）,昭和,暁星高等学校 （東京）,暁星,0,5,,,https://koko-soccer.com/score/1618
2019,選手権,予選,2019-08-20,都立武蔵村山 （東京）,武蔵村山,東京学芸大附 （東京）,東京学芸大附,3,0,,,https://koko-soccer.com/score/1618
2019,選手権,予選,2019-08-20,都立武蔵丘 （東京）,武蔵丘,都立戸山 （東京）,戸山,2,0,,,https://koko-soccer.com/score/1618
2019,選手権,予選,2019-08-20,芝 （東京）,芝,都立富士 （東京）,富士,1,0,,,https://koko-soccer.com/score/1618
2019,選手権,予選,2019-08-20,日本学園 （東京）,日本学園,明星 （東京）,明星,5,0,,,https://koko-soccer.com/score/1618
2019,選手権,予選,2019-08-20,都立調布南 （東京）,調布南,都立武蔵野北 （東京）,武蔵野北,4,0,,,https://koko-soccer.com/score/1618
2019,選手権,予選,2019-08-20,中大附 （東京）,中大附属,都立葛飾総合 （東京）,葛飾総合,5,0,,,https://koko-soccer.com/score/1618
2019,選手権,予選,2019-08-20,麻布 （東京）,麻布,明星学園 （東京）,明星学園,0,1,,,https://koko-soccer.com/score/1618
2019,選手権,予選,2019-08-20,都立足立 （東京）,足立,都立橘 （東京）,橘,9,0,,,https://koko-soccer.com/score/1618
2019,選手権,予選,2019-08-20,明大中野 （東京）,明大中野,明治学院 （東京）,明治学院,1,2,,,https://koko-soccer.com/score/1618
2019,選手権,予選,2019-08-20,東京成徳大高 （東京）,東京成徳大高,立正大立正 （東京）,立正大立正,3,2,,,https://koko-soccer.com/score/1618
2019,選手権,予選,2019-08-20,都立駒場 （東京）,駒場,都立狛江 （東京）,狛江,3,1,,,https://koko-soccer.com/score/1618
2019,選手権,予選,2019-08-20,都立拝島 （東京）,拝島,工学院大附 （東京）,工学院大附,1,2,,,https://koko-soccer.com/score/1618
2019,選手権,予選,2019-08-20,高輪 （東京）,高輪,東京都市大付 （東京）,都市大付,5,0,,,https://koko-soccer.com/score/1618
2019,選手権,予選,2019-08-20,都立鷺宮 （東京）,鷺宮,都立目黒 （東京）,目黒,3,0,,,https://koko-soccer.com/score/1618
2019,選手権,予選,2019-08-20,都立東村山 （東京）,東村山,開成 （東京）,開成,4,2,,,https://koko-soccer.com/score/1618
2019,選手権,予選,2019-08-20,都立東 （東京）,東,日工大駒場 （東京）,日工大駒場,1,1,5,6,https://koko-soccer.com/score/1618
2019,選手権,予選,2019-08-20,日大二 （東京）,日大二,都立福生 （東京）,福生,2,0,,,https://koko-soccer.com/score/1618
2019,選手権,予選,2019-08-20,成城 （東京）,成城,桐朋 （東京）,桐朋,0,1,,,https://koko-soccer.com/score/1618
2019,選手権,予選,2019-08-20,都立石神井 （東京）,石神井,都立小平 （東京）,小平,1,0,,,https://koko-soccer.com/score/1618
2019,選手権,予選,2019-08-20,目白研心 （東京）,目白研心,都立江戸川 （東京）,江戸川,8,0,,,https://koko-soccer.com/score/1618
2019,選手権,予選,2019-08-20,東京 （東京）,東京,都立足立新田 （東京）,足立新田,2,0,,,https://koko-soccer.com/score/1618
2019,選手権,予選,2019-08-20,都立豊島 （東京）,豊島,都立荒川商 （東京）,荒川商,4,0,,,https://koko-soccer.com/score/1618
2019,選手権,予選,2019-08-20,都立町田総合 （東京）,町田総合,足立学園 （東京）,足立学園,1,3,,,https://koko-soccer.com/score/1618
2019,選手権,予選,2019-08-20,昭和一 （東京）,昭和一,都立新宿 （東京）,新宿,5,1,,,https://koko-soccer.com/score/1618
2019,選手権,予選,2019-08-20,駒込 （東京）,駒込,目黒学院 （東京）,目黒学院,12,0,,,https://koko-soccer.com/score/1618
2019,選手権,予選,2019-08-20,日体大荏原 （東京）,日体大荏原,都立八王子東 （東京）,八王子東,6,0,,,https://koko-soccer.com/score/1618
2019,選手権,予選,2019-08-20,本郷 （東京）,本郷,都立杉並 （東京）,杉並,1,1,5,4,https://koko-soccer.com/score/1618
2019,選手権,予選,2019-08-20,駿台学園 （東京）,駿台学園,都立大山 （東京）,大山,3,0,,,https://koko-soccer.com/score/1618
2019,選手権,予選,2019-08-20,都立北園 （東京）,北園,都立日比谷 （東京）,日比谷,2,0,,,https://koko-soccer.com/score/1618
2019,選手権,予選,2019-08-20,都立町田 （東京）,町田,青稜 （東京）,青稜,0,2,,,https://koko-soccer.com/score/1618
2019,選手権,予選,2019-08-20,東京電機大高 （東京）,東京電機大学,中央国際 （東京）,中央国際,0,4,,,https://koko-soccer.com/score/1618
2019,選手権,予選,2019-08-20,保善 （東京）,保善,日大一 （東京）,日大一,6,0,,,https://koko-soccer.com/score/1618
2019,選手権,予選,2019-08-20,日大鶴ヶ丘 （東京）,日大鶴ヶ丘,淑徳巣鴨 （東京）,淑徳巣鴨,3,0,,,https://koko-soccer.com/score/1618
2019,選手権,予選,2019-08-20,創価 （東京）,創価,聖徳学園 （東京）,聖徳学園,3,0,,,https://koko-soccer.com/score/1618
2019,選手権,予選,2019-08-20,都立南葛飾 （東京）,南葛飾,都立竹台 （東京）,竹台,9,0,,,https://koko-soccer.com/score/1618
2019,選手権,予選,2019-08-20,都立永山 （東京）,永山,明大明治 （東京）,明大明治,1,8,,,https://koko-soccer.com/score/1618
2019,選手権,予選,2019-08-20,都立日野台 （東京）,日野台,昭和一学園 （東京）,昭和一学園,2,2,6,7,https://koko-soccer.com/score/1618
2019,選手権,予選,2019-08-20,学習院 （東京）,学習院,日大櫻丘 （東京）,日大櫻丘,5,0,,,https://koko-soccer.com/score/1618
2019,選手権,予選,2019-08-20,国際基督教大高 （東京）,国際基督教大高,都立国立 （東京）,国立,1,3,,,https://koko-soccer.com/score/1618
2019,選手権,予選,2019-08-20,都立清瀬 （東京）,清瀬,都立三鷹中等教育学校 （東京）,三鷹中等教育学校,1,7,,,https://koko-soccer.com/score/1618
2019,選手権,予選,2019-08-20,都立葛飾商 （東京）,葛飾商,都立板橋 （東京）,板橋,0,0,6,7,https://koko-soccer.com/score/1618
2019,選手権,予選,2019-08-20,都立久留米西 （東京）,久留米西,多摩大聖ヶ丘 （東京）,多摩大聖ヶ丘,3,2,,,https://koko-soccer.com/score/1618
2019,選手権,予選,2019-08-20,都立保谷 （東京）,保谷,都立小平南 （東京）,小平南,2,0,,,https://koko-soccer.com/score/1618
2019,選手権,予選,2019-08-20,都立東村山西 （東京）,東村山西,八王子 （東京）,八王子,2,5,,,https://koko-soccer.com/score/1618
2019,選手権,予選,2019-08-20,都立府中東 （東京）,府中東,都立松が谷 （東京）,松が谷,1,0,,,https://koko-soccer.com/score/1618
2019,選手権,予選,2019-08-20,都立府中西 （東京）,府中西,都立野津田 （東京）,野津田,1,4,,,https://koko-soccer.com/score/1618
2019,選手権,予選,2019-08-20,都立豊多摩 （東京）,豊多摩,都立三田 （東京）,三田,6,0,,,https://koko-soccer.com/score/1618
2019,選手権,予選,2019-08-20,都立つばさ総合 （東京）,つばさ総合,桜丘 （東京）,桜丘,7,1,,,https://koko-soccer.com/score/1618
2019,選手権,予選,2019-08-21,専修大附 （東京）,専修大附,かえつ有明 （東京）,かえつ有明,1,4,,,https://koko-soccer.com/score/1618
2019,選手権,予選,2019-08-21,法政大高 （東京）,法政大高,三田国際 （東京）,三田国際,5,0,,,https://koko-soccer.com/score/1618
2019,選手権,予選,2019-08-21,都立高島 （東京）,高島,立教池袋 （東京）,立教池袋,2,0,,,https://koko-soccer.com/score/1618
2019,選手権,予選,2019-08-22,都立豊島 （東京）,豊島,足立学園 （東京）,足立学園,3,0,,,https://koko-soccer.com/score/1618
2019,選手権,予選,2019-08-22,日大鶴ヶ丘 （東京）,日大鶴ヶ丘,工学院大附 （東京）,工学院大附,1,0,,,https://koko-soccer.com/score/1618
2019,選手権,予選,2019-08-22,創価 （東京）,創価,明学東村山 （東京）,明治学院東村山,6,4,,,https://koko-soccer.com/score/1618
2019,選手権,予選,2019-08-22,日体大荏原 （東京）,日体大荏原,青稜 （東京）,青稜,5,0,,,https://koko-soccer.com/score/1618
2019,選手権,予選,2019-08-22,都立足立 （東京）,足立,東京 （東京）,東京,0,2,,,https://koko-soccer.com/score/1618
2019,選手権,予選,2019-08-22,都立調布南 （東京）,調布南,中大附 （東京）,中大附属,1,0,,,https://koko-soccer.com/score/1618
2019,選手権,予選,2019-08-22,都立豊多摩 （東京）,豊多摩,都立つばさ総合 （東京）,つばさ総合,8,2,,,https://koko-soccer.com/score/1618
2019,選手権,予選,2019-08-22,都立府中東 （東京）,府中東,都立駒場 （東京）,駒場,0,2,,,https://koko-soccer.com/score/1618
2019,選手権,予選,2019-08-22,都立南葛飾 （東京）,南葛飾,高輪 （東京）,高輪,1,1,3,2,https://koko-soccer.com/score/1618
2019,選手権,予選,2019-08-22,かえつ有明 （東京）,かえつ有明,暁星高等学校 （東京）,暁星,1,2,,,https://koko-soccer.com/score/1618
2019,選手権,予選,2019-08-22,東京成徳大高 （東京）,東京成徳大高,明星学園 （東京）,明星学園,2,3,,,https://koko-soccer.com/score/1618
2019,選手権,予選,2019-08-22,都立高島 （東京）,高島,昭和一 （東京）,昭和一,3,2,,,https://koko-soccer.com/score/1618
2019,選手権,予選,2019-08-22,都立久留米西 （東京）,久留米西,都立石神井 （東京）,石神井,0,1,,,https://koko-soccer.com/score/1618
2019,選手権,予選,2019-08-22,日大三 （東京）,日大三,都立東村山 （東京）,東村山,9,0,,,https://koko-soccer.com/score/1618
2019,選手権,予選,2019-08-22,学習院 （東京）,学習院,都立片倉 （東京）,片倉,3,2,,,https://koko-soccer.com/score/1618
2019,選手権,予選,2019-08-22,法政大高 （東京）,法政大高,都立三鷹中等教育学校 （東京）,三鷹中等教育学校,2,4,,,https://koko-soccer.com/score/1618
2019,選手権,予選,2019-08-22,都立青山 （東京）,青山,都立光丘 （東京）,光丘,2,1,,,https://koko-soccer.com/score/1618
2019,選手権,予選,2019-08-22,都立北園 （東京）,北園,桐朋 （東京）,桐朋,0,4,,,https://koko-soccer.com/score/1618
2019,選手権,予選,2019-08-22,駒込 （東京）,駒込,豊島学院 （東京）,豊島学院,1,0,,,https://koko-soccer.com/score/1618
2019,選手権,予選,2019-08-22,保善 （東京）,保善,海城 （東京）,海城,6,0,,,https://koko-soccer.com/score/1618
2019,選手権,予選,2019-08-22,本郷 （東京）,本郷,成蹊 （東京）,成蹊,1,0,,,https://koko-soccer.com/score/1618
2019,選手権,予選,2019-08-22,駿台学園 （東京）,駿台学園,大森学園 （東京）,大森学園,3,2,,,https://koko-soccer.com/score/1618
2019,選手権,予選,2019-08-22,八王子 （東京）,八王子,都立武蔵丘 （東京）,武蔵丘,2,0,,,https://koko-soccer.com/score/1618
2019,選手権,予選,2019-08-23,日工大駒場 （東京）,日工大駒場,都立国立 （東京）,国立,0,7,,,https://koko-soccer.com/score/1618
2019,選手権,予選,2019-08-23,日大二 （東京）,日大二,都立深川 （東京）,深川,3,1,,,https://koko-soccer.com/score/1618
2019,選手権,予選,2019-08-23,都立板橋 （東京）,板橋,都立武蔵村山 （東京）,武蔵村山,3,2,,,https://koko-soccer.com/score/1618
2019,選手権,予選,2019-08-23,日本学園 （東京）,日本学園,都立野津田 （東京）,野津田,3,2,,,https://koko-soccer.com/score/1618
2019,選手権,予選,2019-08-23,都立保谷 （東京）,保谷,中央国際 （東京）,中央国際,1,0,,,https://koko-soccer.com/score/1618
2019,選手権,予選,2019-08-23,目白研心 （東京）,目白研心,芝 （東京）,芝,7,1,,,https://koko-soccer.com/score/1618
2019,選手権,予選,2019-08-23,都立東大和南 （東京）,東大和南,明大明治 （東京）,明大明治,1,0,,,https://koko-soccer.com/score/1618
2019,選手権,予選,2019-08-23,昭和一 （東京）,昭和一,都立鷺宮 （東京）,鷺宮,0,1,,,https://koko-soccer.com/score/1618
2019,選手権,予選,2019-08-23,明治学院 （東京）,明治学院,東工大付 （東京）,東工大付,2,1,,,https://koko-soccer.com/score/1618
2019,選手権,予選,2019-08-23,都立国分寺 （東京）,国分寺,淑徳 （東京）,淑徳,8,0,,,https://koko-soccer.com/score/1618
2019,選手権,予選,2019-10-14,都立三鷹中等教育学校 （東京）,三鷹中等教育学校,実践学園 （東京）,実践学園,0,9,,,https://koko-soccer.com/score/1618
2019,選手権,予選,2019-10-14,成立学園 （東京）,成立学園,駿台学園 （東京）,駿台学園,7,1,,,https://koko-soccer.com/score/1618
2019,選手権,予選,2019-10-14,東京実業 （東京）,東京実業,早稲田実業 （東京）,早稲田実業,1,1,2,3,https://koko-soccer.com/score/1618
2019,選手権,予選,2019-10-14,都立東大和南 （東京）,東大和南,日大鶴ヶ丘 （東京）,日大鶴ヶ丘,2,1,,,https://koko-soccer.com/score/1618
2019,選手権,予選,2019-10-14,多摩大目黒 （東京）,多摩大学目黒,都立豊島 （東京）,豊島,3,1,,,https://koko-soccer.com/score/1618
2019,選手権,予選,2019-10-14,八王子 （東京）,八王子,桐朋 （東京）,桐朋,3,0,,,https://koko-soccer.com/score/1618
2019,選手権,予選,2019-10-14,明星学園 （東京）,明星学園,保善 （東京）,保善,1,0,,,https://koko-soccer.com/score/1618
2019,選手権,予選,2019-10-14,都立鷺宮 （東京）,鷺宮,東海大菅生 （東京）,東海大菅生,0,2,,,https://koko-soccer.com/score/1618
2019,選手権,予選,2019-10-14,都立調布南 （東京）,調布南,都立青山 （東京）,青山,1,3,,,https://koko-soccer.com/score/1618
2019,選手権,予選,2019-10-14,明治学院 （東京）,明治学院,都立豊多摩 （東京）,豊多摩,1,5,,,https://koko-soccer.com/score/1618
2019,選手権,予選,2019-10-14,修徳 （東京）,修徳,創価 （東京）,創価,3,1,,,https://koko-soccer.com/score/1618
2019,選手権,予選,2019-10-14,暁星高等学校 （東京）,暁星,成城学園 （東京）,成城学園,3,1,,,https://koko-soccer.com/score/1618
2019,選手権,予選,2019-10-14,国士舘 （東京）,国士舘,都立高島 （東京）,高島,2,0,,,https://koko-soccer.com/score/1618
2019,選手権,予選,2019-10-14,駒込 （東京）,駒込,関東一 （東京）,関東第一,0,4,,,https://koko-soccer.com/score/1618
2019,選手権,予選,2019-10-14,日体大荏原 （東京）,日体大荏原,都立国立 （東京）,国立,1,0,,,https://koko-soccer.com/score/1618
2019,選手権,予選,2019-10-14,都立南葛飾 （東京）,南葛飾,日大二 （東京）,日大二,1,0,,,https://koko-soccer.com/score/1618
2019,選手権,予選,2019-10-14,都立保谷 （東京）,保谷,本郷 （東京）,本郷,1,4,,,https://koko-soccer.com/score/1618
2019,選手権,予選,2019-10-14,拓大一高 （東京）,拓大一高,東京 （東京）,東京,1,3,,,https://koko-soccer.com/score/1618
2019,選手権,予選,2019-10-14,都立東大和 （東京）,東大和,都立国分寺 （東京）,国分寺,2,1,,,https://koko-soccer.com/score/1618
2019,選手権,予選,2019-10-14,学習院 （東京）,学習院,都立石神井 （東京）,石神井,1,4,,,https://koko-soccer.com/score/1618
2019,選手権,予選,2019-10-14,都立板橋 （東京）,板橋,早大学院 （東京）,早大学院,0,6,,,https://koko-soccer.com/score/1618
2019,選手権,予選,2019-10-14,日大三 （東京）,日大三,目白研心 （東京）,目白研心,0,1,,,https://koko-soccer.com/score/1618
2019,選手権,予選,2019-10-14,日本学園 （東京）,日本学園,武蔵 （東京）,武蔵,2,0,,,https://koko-soccer.com/score/1618
2019,選手権,予選,2019-10-14,都立駒場 （東京）,駒場,東京朝鮮中高級学校 （東京）,東京朝鮮中高級学校,0,0,3,4,https://koko-soccer.com/score/1618
2019,選手権,予選,2019-10-19,國學院久我山 （東京）,国学院久我山,早稲田実業 （東京）,早稲田実業,1,0,,,https://koko-soccer.com/score/1618
2019,選手権,予選,2019-10-19,都立青山 （東京）,青山,帝京 （東京）,帝京,0,6,,,https://koko-soccer.com/score/1618
2019,選手権,予選,2019-10-20,八王子 （東京）,八王子,実践学園 （東京）,実践学園,0,9,,,https://koko-soccer.com/score/1618
2019,選手権,予選,2019-10-20,堀越 （東京）,堀越,都立東大和南 （東京）,東大和南,3,1,,,https://koko-soccer.com/score/1618
2019,選手権,予選,2019-10-20,修徳 （東京）,修徳,東海大菅生 （東京）,東海大菅生,3,2,,,https://koko-soccer.com/score/1618
2019,選手権,予選,2019-10-20,多摩大目黒 （東京）,多摩大学目黒,明星学園 （東京）,明星学園,0,0,5,3,https://koko-soccer.com/score/1618
2019,選手権,予選,2019-10-20,暁星高等学校 （東京）,暁星,日大豊山 （東京）,日大豊山,1,2,,,https://koko-soccer.com/score/1618
2019,選手権,予選,2019-10-20,成立学園 （東京）,成立学園,都立豊多摩 （東京）,豊多摩,3,0,,,https://koko-soccer.com/score/1618
2019,選手権,予選,2019-10-19,都立石神井 （東京）,石神井,大成 （東京）,大成,1,3,,,https://koko-soccer.com/score/1618
2019,選手権,予選,2019-10-19,駒澤大学高等学校 （東京）,駒澤大高,日体大荏原 （東京）,日体大荏原,0,0,6,5,https://koko-soccer.com/score/1618
2019,選手権,予選,2019-10-20,目白研心 （東京）,目白研心,都立東久留米総合 （東京）,東久留米総合,0,1,,,https://koko-soccer.com/score/1618
2019,選手権,予選,2019-10-20,都立東大和 （東京）,東大和,東京朝鮮中高級学校 （東京）,東京朝鮮中高級学校,0,1,,,https://koko-soccer.com/score/1618
2019,選手権,予選,2019-10-20,国士舘 （東京）,国士舘,早大学院 （東京）,早大学院,1,0,,,https://koko-soccer.com/score/1618
2019,選手権,予選,2019-10-20,東海大高輪台 （東京）,東海大高輪台,本郷 （東京）,本郷,3,1,,,https://koko-soccer.com/score/1618
2019,選手権,予選,2019-10-20,都立南葛飾 （東京）,南葛飾,関東一 （東京）,関東第一,1,4,,,https://koko-soccer.com/score/1618
2019,選手権,予選,2019-10-20,東京 （東京）,東京,日本学園 （東京）,日本学園,1,2,,,https://koko-soccer.com/score/1618
2019,選手権,予選,2019-10-26,國學院久我山 （東京）,国学院久我山,実践学園 （東京）,実践学園,7,1,,,https://koko-soccer.com/score/1618
2019,選手権,予選,2019-10-26,成立学園 （東京）,成立学園,日大豊山 （東京）,日大豊山,4,1,,,https://koko-soccer.com/score/1618
2019,選手権,予選,2019-10-26,多摩大目黒 （東京）,多摩大学目黒,帝京 （東京）,帝京,0,2,,,https://koko-soccer.com/score/1618
2019,選手権,予選,2019-10-26,堀越 （東京）,堀越,修徳 （東京）,修徳,1,0,,,https://koko-soccer.com/score/1618
2019,選手権,予選,2019-10-26,東京朝鮮中高級学校 （東京）,東京朝鮮中高級学校,大成 （東京）,大成,1,0,,,https://koko-soccer.com/score/1618
2019,選手権,予選,2019-10-26,東海大高輪台 （東京）,東海大高輪台,日本学園 （東京）,日本学園,1,0,,,https://koko-soccer.com/score/1618
2019,選手権,予選,2019-10-26,駒澤大学高等学校 （東京）,駒澤大高,関東一 （東京）,関東第一,0,0,3,5,https://koko-soccer.com/score/1618
2019,選手権,予選,2019-10-26,国士舘 （東京）,国士舘,都立東久留米総合 （東京）,東久留米総合,0,1,,,https://koko-soccer.com/score/1618
2019,選手権,予選,2019-11-09,國學院久我山 （東京）,国学院久我山,成立学園 （東京）,成立学園,1,0,,,https://koko-soccer.com/score/1618
2019,選手権,予選,2019-11-09,堀越 （東京）,堀越,帝京 （東京）,帝京,1,2,,,https://koko-soccer.com/score/1618
2019,選手権,予選,2019-11-10,東海大高輪台 （東京）,東海大高輪台,東京朝鮮中高級学校 （東京）,東京朝鮮中高級学校,2,0,,,https://koko-soccer.com/score/1618
2019,選手権,予選,2019-11-10,関東一 （東京）,関東第一,都立東久留米総合 （東京）,東久留米総合,0,1,,,https://koko-soccer.com/score/1618
2019,選手権,予選,2019-11-16,國學院久我山 （東京）,国学院久我山,帝京 （東京）,帝京,4,2,,,https://koko-soccer.com/score/1618
2019,選手権,予選,2019-11-16,東海大高輪台 （東京）,東海大高輪台,都立東久留米総合 （東京）,東久留米総合,0,1,,,https://koko-soccer.com/score/1618
2020,新人戦,新人戦（新人選手権大会）第1地区,,都立荒川工,荒川工,都立江東商,江東商,4,0,,,https://koko-soccer.com/score/2178
2020,新人戦,新人戦（新人選手権大会）第1地区,,都立両国,両国,開成,開成,0,4,,,https://koko-soccer.com/score/2178
2020,新人戦,新人戦（新人選手権大会）第1地区,,都立墨田川,墨田川,都立竹台,竹台,3,0,,,https://koko-soccer.com/score/2178
2020,新人戦,新人戦（新人選手権大会）第1地区,,都立墨田工,墨田工,都立橘,橘,0,1,,,https://koko-soccer.com/score/2178
2020,新人戦,新人戦（新人選手権大会）第1地区,,都立葛飾商,葛飾商,都立科学技術,科学技術,14,0,,,https://koko-soccer.com/score/2178
2020,新人戦,新人戦（新人選手権大会）第1地区,,日大一,日大一,都立小岩,小岩,5,1,,,https://koko-soccer.com/score/2178
2020,新人戦,新人戦（新人選手権大会）第1地区,,都立篠崎,篠崎,都立本所,本所,3,0,,,https://koko-soccer.com/score/2178
2020,新人戦,新人戦（新人選手権大会）第1地区,,都立日本橋,日本橋,都立葛西工,葛西工,3,1,,,https://koko-soccer.com/score/2178
2020,新人戦,新人戦（新人選手権大会）第1地区,,都立江戸川,江戸川,都立三商,三商,9,0,,,https://koko-soccer.com/score/2178
2020,新人戦,新人戦（新人選手権大会）第1地区,,都立南葛飾,南葛飾,都立荒川工,荒川工,5,0,,,https://koko-soccer.com/score/2178
2020,新人戦,新人戦（新人選手権大会）第1地区,,開成,開成,都立紅葉川,紅葉川,2,4,,,https://koko-soccer.com/score/2178
2020,新人戦,新人戦（新人選手権大会）第1地区,,都立墨田川,墨田川,中央学院大中央,中央学院大学中央,4,0,,,https://koko-soccer.com/score/2178
2020,新人戦,新人戦（新人選手権大会）第1地区,,都立葛西南,葛西南,都立橘,橘,0,2,,,https://koko-soccer.com/score/2178
2020,新人戦,新人戦（新人選手権大会）第1地区,,都立葛飾商,葛飾商,芝浦工大高,芝浦工大高,0,3,,,https://koko-soccer.com/score/2178
2020,新人戦,新人戦（新人選手権大会）第1地区,,都立葛飾総合,葛飾総合,日大一,日大一,0,3,,,https://koko-soccer.com/score/2178
2020,新人戦,新人戦（新人選手権大会）第1地区,,都立小松川,小松川,都立篠崎,篠崎,6,1,,,https://koko-soccer.com/score/2178
2020,新人戦,新人戦（新人選手権大会）第1地区,,都立日本橋,日本橋,安田学園,安田学園,0,3,,,https://koko-soccer.com/score/2178
2020,新人戦,新人戦（新人選手権大会）第1地区,,共栄学園,共栄学園,都立江戸川,江戸川,1,2,,,https://koko-soccer.com/score/2178
2020,新人戦,新人戦（新人選手権大会）第1地区,,都立南葛飾,南葛飾,都立紅葉川,紅葉川,1,0,,,https://koko-soccer.com/score/2178
2020,新人戦,新人戦（新人選手権大会）第1地区,,都立深川,深川,都立墨田川,墨田川,4,1,,,https://koko-soccer.com/score/2178
2020,新人戦,新人戦（新人選手権大会）第1地区,,都立橘,橘,かえつ有明,かえつ有明,0,4,,,https://koko-soccer.com/score/2178
2020,新人戦,新人戦（新人選手権大会）第1地区,,都立城東,城東,芝浦工大高,芝浦工大高,6,1,,,https://koko-soccer.com/score/2178
2020,新人戦,新人戦（新人選手権大会）第1地区,,日大一,日大一,都立東,東,0,2,,,https://koko-soccer.com/score/2178
2020,新人戦,新人戦（新人選手権大会）第1地区,,都立小松川,小松川,安田学園,安田学園,2,2,4,2,https://koko-soccer.com/score/2178
2020,新人戦,新人戦（新人選手権大会）第1地区,,都立江戸川,江戸川,都立葛飾野,葛飾野,0,4,,,https://koko-soccer.com/score/2178
2020,新人戦,新人戦（新人選手権大会）第1地区,,修徳,修徳,都立南葛飾,南葛飾,3,0,,,https://koko-soccer.com/score/2178
2020,新人戦,新人戦（新人選手権大会）第1地区,,都立深川,深川,かえつ有明,かえつ有明,5,1,,,https://koko-soccer.com/score/2178
2020,新人戦,新人戦（新人選手権大会）第1地区,,都立城東,城東,都立東,東,0,0,9,8,https://koko-soccer.com/score/2178
2020,新人戦,新人戦（新人選手権大会）第1地区,,都立小松川,小松川,都立葛飾野,葛飾野,0,1,,,https://koko-soccer.com/score/2178
2020,新人戦,新人戦（新人選手権大会）第1地区,2021-04-04,修徳,修徳,都立深川,深川,3,1,,,https://koko-soccer.com/score/2178
2020,新人戦,新人戦（新人選手権大会）第1地区,2021-04-04,都立城東,城東,都立葛飾野,葛飾野,0,3,,,https://koko-soccer.com/score/2178
2020,新人戦,新人戦（新人選手権大会）第2地区,,都立小石川中等教育学校,小石川中等教育学校,都立向丘,向丘,0,7,,,https://koko-soccer.com/score/2177
2020,新人戦,新人戦（新人選手権大会）第2地区,,都立足立,足立,都立江北,江北,4,2,,,https://koko-soccer.com/score/2177
2020,新人戦,新人戦（新人選手権大会）第2地区,,立教池袋,立教池袋,城西大城西,城西大城西,1,0,,,https://koko-soccer.com/score/2177
2020,新人戦,新人戦（新人選手権大会）第2地区,,中大附,中大附属,豊島学院,豊島学院,0,4,,,https://koko-soccer.com/score/2177
2020,新人戦,新人戦（新人選手権大会）第2地区,,都立淵江,淵江,郁文館,郁文館,2,2,1,4,https://koko-soccer.com/score/2177
2020,新人戦,新人戦（新人選手権大会）第2地区,,都立竹早,竹早,昭和一,昭和一,0,2,,,https://koko-soccer.com/score/2177
2020,新人戦,新人戦（新人選手権大会）第2地区,,東洋大京北,東洋大京北,京華商,京華商,3,0,,,https://koko-soccer.com/score/2177
2020,新人戦,新人戦（新人選手権大会）第2地区,,都立足立西,足立西,筑波大附,筑波大学附属,0,3,,,https://koko-soccer.com/score/2177
2020,新人戦,新人戦（新人選手権大会）第2地区,,獨協,獨協,都立向丘,向丘,0,4,,,https://koko-soccer.com/score/2177
2020,新人戦,新人戦（新人選手権大会）第2地区,,都立足立,足立,都立豊島,豊島,1,1,5,3,https://koko-soccer.com/score/2177
2020,新人戦,新人戦（新人選手権大会）第2地区,,都立文京,文京,立教池袋,立教池袋,2,3,,,https://koko-soccer.com/score/2177
2020,新人戦,新人戦（新人選手権大会）第2地区,,豊島学院,豊島学院,都立足立新田,足立新田,0,0,3,1,https://koko-soccer.com/score/2177
2020,新人戦,新人戦（新人選手権大会）第2地区,,都立千早,千早,郁文館,郁文館,0,5,,,https://koko-soccer.com/score/2177
2020,新人戦,新人戦（新人選手権大会）第2地区,,昭和第一学園,昭和第一学園,京華,京華,2,1,,,https://koko-soccer.com/score/2177
2020,新人戦,新人戦（新人選手権大会）第2地区,,巣鴨,巣鴨,東洋大京北,東洋大京北,0,2,,,https://koko-soccer.com/score/2177
2020,新人戦,新人戦（新人選手権大会）第2地区,,筑波大附,筑波大学附属,豊南,豊南,0,1,,,https://koko-soccer.com/score/2177
2020,新人戦,新人戦（新人選手権大会）第2地区,,都立向丘,向丘,都立足立,足立,2,2,5,4,https://koko-soccer.com/score/2177
2020,新人戦,新人戦（新人選手権大会）第2地区,,立教池袋,立教池袋,豊島学院,豊島学院,1,1,3,4,https://koko-soccer.com/score/2177
2020,新人戦,新人戦（新人選手権大会）第2地区,,郁文館,郁文館,昭和一,昭和一,2,2,4,3,https://koko-soccer.com/score/2177
2020,新人戦,新人戦（新人選手権大会）第2地区,,東洋大京北,東洋大京北,豊南,豊南,1,1,4,5,https://koko-soccer.com/score/2177
2020,新人戦,新人戦（新人選手権大会）第2地区,,足立学園,足立学園,都立向丘,向丘,0,0,5,4,https://koko-soccer.com/score/2177
2020,新人戦,新人戦（新人選手権大会）第2地区,,豊島学院,豊島学院,本郷,本郷,0,1,,,https://koko-soccer.com/score/2177
2020,新人戦,新人戦（新人選手権大会）第2地区,,駒込,駒込,郁文館,郁文館,2,0,,,https://koko-soccer.com/score/2177
2020,新人戦,新人戦（新人選手権大会）第2地区,,豊南,豊南,学習院,学習院,1,0,,,https://koko-soccer.com/score/2177
2020,新人戦,新人戦（新人選手権大会）第2地区,,足立学園,足立学園,本郷,本郷,2,3,,,https://koko-soccer.com/score/2177
2020,新人戦,新人戦（新人選手権大会）第2地区,,駒込,駒込,豊南,豊南,6,1,,,https://koko-soccer.com/score/2177
2020,新人戦,新人戦（新人選手権大会）第3地区,,東京成徳大高,東京成徳大高,都立飛鳥,飛鳥,3,0,,,https://koko-soccer.com/score/2176
2020,新人戦,新人戦（新人選手権大会）第3地区,,都立広尾,広尾,桜丘,桜丘,3,2,,,https://koko-soccer.com/score/2176
2020,新人戦,新人戦（新人選手権大会）第3地区,,都立北園,北園,渋谷教育学園渋谷,渋谷教育学園渋谷,6,0,,,https://koko-soccer.com/score/2176
2020,新人戦,新人戦（新人選手権大会）第3地区,,淑徳,淑徳,城北,城北,0,0,3,5,https://koko-soccer.com/score/2176
2020,新人戦,新人戦（新人選手権大会）第3地区,,都立上野,上野,聖学院,聖学院,1,0,,,https://koko-soccer.com/score/2176
2020,新人戦,新人戦（新人選手権大会）第3地区,,目白研心,目白研心,岩倉,岩倉,3,0,,,https://koko-soccer.com/score/2176
2020,新人戦,新人戦（新人選手権大会）第3地区,,大智学園,大智学園,武蔵野,武蔵野,6,2,,,https://koko-soccer.com/score/2176
2020,新人戦,新人戦（新人選手権大会）第3地区,,都立青山,青山,保善,保善,1,4,,,https://koko-soccer.com/score/2176
2020,新人戦,新人戦（新人選手権大会）第3地区,,大東大一,大東大一,都立戸山,戸山,3,0,,,https://koko-soccer.com/score/2176
2020,新人戦,新人戦（新人選手権大会）第3地区,,國學院,国学院,成城,成城,0,1,,,https://koko-soccer.com/score/2176
2020,新人戦,新人戦（新人選手権大会）第3地区,,青山学院,青山学院,都立北豊島工,北豊島工,8,1,,,https://koko-soccer.com/score/2176
2020,新人戦,新人戦（新人選手権大会）第3地区,,都立新宿,新宿,都立高島,高島,0,5,,,https://koko-soccer.com/score/2176
2020,新人戦,新人戦（新人選手権大会）第3地区,,早稲田,早稲田,都立板橋有徳,板橋有徳,6,0,,,https://koko-soccer.com/score/2176
2020,新人戦,新人戦（新人選手権大会）第3地区,,順天,順天,海城,海城,0,4,,,https://koko-soccer.com/score/2176
2020,新人戦,新人戦（新人選手権大会）第3地区,,上野学園,上野学園,都立板橋,板橋,1,1,5,6,https://koko-soccer.com/score/2176
2020,新人戦,新人戦（新人選手権大会）第3地区,,都立白鴎,白鴎,東京朝鮮中高級学校,東京朝鮮中高級学校,1,5,,,https://koko-soccer.com/score/2176
2020,新人戦,新人戦（新人選手権大会）第3地区,,東京成徳大高,東京成徳大高,都立広尾,広尾,4,0,,,https://koko-soccer.com/score/2176
2020,新人戦,新人戦（新人選手権大会）第3地区,,都立北園,北園,城北,城北,2,1,,,https://koko-soccer.com/score/2176
2020,新人戦,新人戦（新人選手権大会）第3地区,,都立上野,上野,目白研心,目白研心,0,8,,,https://koko-soccer.com/score/2176
2020,新人戦,新人戦（新人選手権大会）第3地区,,大智学園,大智学園,保善,保善,0,4,,,https://koko-soccer.com/score/2176
2020,新人戦,新人戦（新人選手権大会）第3地区,,大東大一,大東大一,成城,成城,5,0,,,https://koko-soccer.com/score/2176
2020,新人戦,新人戦（新人選手権大会）第3地区,,青山学院,青山学院,都立高島,高島,0,3,,,https://koko-soccer.com/score/2176
2020,新人戦,新人戦（新人選手権大会）第3地区,,早稲田,早稲田,海城,海城,1,0,,,https://koko-soccer.com/score/2176
2020,新人戦,新人戦（新人選手権大会）第3地区,,都立板橋,板橋,東京朝鮮中高級学校,東京朝鮮中高級学校,1,2,,,https://koko-soccer.com/score/2176
2020,新人戦,新人戦（新人選手権大会）第3地区,,東京成徳大高,東京成徳大高,都立北園,北園,1,0,,,https://koko-soccer.com/score/2176
2020,新人戦,新人戦（新人選手権大会）第3地区,,目白研心,目白研心,保善,保善,0,0,3,4,https://koko-soccer.com/score/2176
2020,新人戦,新人戦（新人選手権大会）第3地区,,大東大一,大東大一,都立高島,高島,1,2,,,https://koko-soccer.com/score/2176
2020,新人戦,新人戦（新人選手権大会）第3地区,,早稲田,早稲田,東京朝鮮中高級学校,東京朝鮮中高級学校,1,1,4,1,https://koko-soccer.com/score/2176
2020,新人戦,新人戦（新人選手権大会）第3地区,,東京成徳大高,東京成徳大高,保善,保善,1,0,,,https://koko-soccer.com/score/2176
2020,新人戦,新人戦（新人選手権大会）第3地区,,都立高島,高島,早稲田,早稲田,2,1,,,https://koko-soccer.com/score/2176
2020,新人戦,新人戦（新人選手権大会）第3地区,,保善,保善,早稲田,早稲田,3,1,,,https://koko-soccer.com/score/2176
2020,新人戦,新人戦（新人選手権大会）第3地区,,東京成徳大高,東京成徳大高,都立高島,高島,2,0,,,https://koko-soccer.com/score/2176
2020,新人戦,新人戦（新人選手権大会）第4地区,,武蔵野大千代田,武蔵野大千代田,都立芝商業,芝商業,2,1,,,https://koko-soccer.com/score/2175
2020,新人戦,新人戦（新人選手権大会）第4地区,,都立日比谷,日比谷,都立大森,大森,3,1,,,https://koko-soccer.com/score/2175
2020,新人戦,新人戦（新人選手権大会）第4地区,,都立小山台,小山台,都立八潮,八潮,7,0,,,https://koko-soccer.com/score/2175
2020,新人戦,新人戦（新人選手権大会）第4地区,,大森学園,大森学園,都立田園調布,田園調布,9,0,,,https://koko-soccer.com/score/2175
2020,新人戦,新人戦（新人選手権大会）第4地区,,東京,東京,二松学舎大附,二松学舎大附,4,0,,,https://koko-soccer.com/score/2175
2020,新人戦,新人戦（新人選手権大会）第4地区,,都立雪谷,雪谷,朋優学院,朋優学院,1,3,,,https://koko-soccer.com/score/2175
2020,新人戦,新人戦（新人選手権大会）第4地区,,東洋,東洋,武蔵野大千代田,武蔵野大千代田,3,1,,,https://koko-soccer.com/score/2175
2020,新人戦,新人戦（新人選手権大会）第4地区,,都立大島海洋国際・大島,大島海洋国際・大島,立正大立正,立正大立正,0,4,,,https://koko-soccer.com/score/2175
2020,新人戦,新人戦（新人選手権大会）第4地区,,暁星高等学校,暁星,日体大荏原,日体大荏原,0,1,,,https://koko-soccer.com/score/2175
2020,新人戦,新人戦（新人選手権大会）第4地区,,都立日比谷,日比谷,麻布,麻布,0,3,,,https://koko-soccer.com/score/2175
2020,新人戦,新人戦（新人選手権大会）第4地区,,都立つばさ総合,つばさ総合,文教大付,文教大付,1,1,5,4,https://koko-soccer.com/score/2175
2020,新人戦,新人戦（新人選手権大会）第4地区,,芝,芝,正則学園,正則学園,0,1,,,https://koko-soccer.com/score/2175
2020,新人戦,新人戦（新人選手権大会）第4地区,,都立美原,美原,広尾学園,広尾学園,1,0,,,https://koko-soccer.com/score/2175
2020,新人戦,新人戦（新人選手権大会）第4地区,,都立大崎,大崎,青稜,青稜,0,1,,,https://koko-soccer.com/score/2175
2020,新人戦,新人戦（新人選手権大会）第4地区,,東工大付,東工大付,都立小山台,小山台,0,0,4,1,https://koko-soccer.com/score/2175
2020,新人戦,新人戦（新人選手権大会）第4地区,,高輪,高輪,東海大高輪台,東海大高輪台,0,2,,,https://koko-soccer.com/score/2175
2020,新人戦,新人戦（新人選手権大会）第4地区,,正則,正則,錦城学園,錦城学園,2,0,,,https://koko-soccer.com/score/2175
2020,新人戦,新人戦（新人選手権大会）第4地区,,大森学園,大森学園,明治学院,明治学院,2,0,,,https://koko-soccer.com/score/2175
2020,新人戦,新人戦（新人選手権大会）第4地区,,区立九段中等教育,九段中等教育,都立三田,三田,0,8,,,https://koko-soccer.com/score/2175
2020,新人戦,新人戦（新人選手権大会）第4地区,,品川翔英,品川翔英,攻玉社,攻玉社,0,3,,,https://koko-soccer.com/score/2175
2020,新人戦,新人戦（新人選手権大会）第4地区,,東京,東京,朋優学院,朋優学院,7,0,,,https://koko-soccer.com/score/2175
2020,新人戦,新人戦（新人選手権大会）第4地区,,東洋,東洋,立正大立正,立正大立正,1,6,,,https://koko-soccer.com/score/2175
2020,新人戦,新人戦（新人選手権大会）第4地区,,日体大荏原,日体大荏原,麻布,麻布,5,0,,,https://koko-soccer.com/score/2175
2020,新人戦,新人戦（新人選手権大会）第4地区,,都立つばさ総合,つばさ総合,正則学園,正則学園,2,1,,,https://koko-soccer.com/score/2175
2020,新人戦,新人戦（新人選手権大会）第4地区,,都立美原,美原,青稜,青稜,1,0,,,https://koko-soccer.com/score/2175
2020,新人戦,新人戦（新人選手権大会）第4地区,,東工大付,東工大付,東海大高輪台,東海大高輪台,0,5,,,https://koko-soccer.com/score/2175
2020,新人戦,新人戦（新人選手権大会）第4地区,,正則,正則,大森学園,大森学園,1,1,1,4,https://koko-soccer.com/score/2175
2020,新人戦,新人戦（新人選手権大会）第4地区,,都立三田,三田,攻玉社,攻玉社,1,2,,,https://koko-soccer.com/score/2175
2020,新人戦,新人戦（新人選手権大会）第4地区,,東京,東京,立正大立正,立正大立正,1,0,,,https://koko-soccer.com/score/2175
2020,新人戦,新人戦（新人選手権大会）第4地区,,日体大荏原,日体大荏原,都立つばさ総合,つばさ総合,8,0,,,https://koko-soccer.com/score/2175
2020,新人戦,新人戦（新人選手権大会）第4地区,,都立美原,美原,東海大高輪台,東海大高輪台,1,3,,,https://koko-soccer.com/score/2175
2020,新人戦,新人戦（新人選手権大会）第4地区,,大森学園,大森学園,攻玉社,攻玉社,4,2,,,https://koko-soccer.com/score/2175
2020,新人戦,新人戦（新人選手権大会）第4地区,2021-04-04,東京,東京,日体大荏原,日体大荏原,2,1,,,https://koko-soccer.com/score/2175
2020,新人戦,新人戦（新人選手権大会）第4地区,2021-04-04,東海大高輪台,東海大高輪台,大森学園,大森学園,1,0,,,https://koko-soccer.com/score/2175
2020,新人戦,新人戦（新人選手権大会）第5地区,,学芸大国際,学芸大国際,都立田柄,田柄,1,0,,,https://koko-soccer.com/score/2174
2020,新人戦,新人戦（新人選手権大会）第5地区,,早大学院,早大学院,学芸大国際,学芸大国際,6,0,,,https://koko-soccer.com/score/2174
2020,新人戦,新人戦（新人選手権大会）第5地区,,都立第四商,第四商,宝仙学園,宝仙学園,0,4,,,https://koko-soccer.com/score/2174
2020,新人戦,新人戦（新人選手権大会）第5地区,,都立保谷,保谷,都立練馬,練馬,8,0,,,https://koko-soccer.com/score/2174
2020,新人戦,新人戦（新人選手権大会）第5地区,,都立練馬工,練馬工,日大鶴ヶ丘,日大鶴ヶ丘,0,14,,,https://koko-soccer.com/score/2174
2020,新人戦,新人戦（新人選手権大会）第5地区,,都立武蔵丘,武蔵丘,都立杉並工,杉並工,1,0,,,https://koko-soccer.com/score/2174
2020,新人戦,新人戦（新人選手権大会）第5地区,,都立光丘,光丘,佼成学園,佼成学園,0,0,4,3,https://koko-soccer.com/score/2174
2020,新人戦,新人戦（新人選手権大会）第5地区,,日大二,日大二,東大附,東大附属,3,0,,,https://koko-soccer.com/score/2174
2020,新人戦,新人戦（新人選手権大会）第5地区,,都立田無,田無,都立大泉,大泉,0,1,,,https://koko-soccer.com/score/2174
2020,新人戦,新人戦（新人選手権大会）第5地区,,都立武蔵,都立武蔵,東京立正,東京立正,5,1,,,https://koko-soccer.com/score/2174
2020,新人戦,新人戦（新人選手権大会）第5地区,,中大杉並,中大杉並,都立井草,井草,7,1,,,https://koko-soccer.com/score/2174
2020,新人戦,新人戦（新人選手権大会）第5地区,,都立西,西,都立豊多摩,豊多摩,1,2,,,https://koko-soccer.com/score/2174
2020,新人戦,新人戦（新人選手権大会）第5地区,,都立富士,富士,都立鷺宮,鷺宮,1,0,,,https://koko-soccer.com/score/2174
2020,新人戦,新人戦（新人選手権大会）第5地区,,明大中野,明大中野,文化学園大学杉並中学・高等学校,文化学園大学杉並中学・,3,0,,,https://koko-soccer.com/score/2174
2020,新人戦,新人戦（新人選手権大会）第5地区,,都立田無工,田無工,都立杉並,杉並,1,3,,,https://koko-soccer.com/score/2174
2020,新人戦,新人戦（新人選手権大会）第5地区,,杉並学院,杉並学院,専修大附,専修大附,2,5,,,https://koko-soccer.com/score/2174
2020,新人戦,新人戦（新人選手権大会）第5地区,,都立杉並総合,杉並総合,都立石神井,石神井,0,7,,,https://koko-soccer.com/score/2174
2020,新人戦,新人戦（新人選手権大会）第5地区,,早大学院,早大学院,宝仙学園,宝仙学園,5,0,,,https://koko-soccer.com/score/2174
2020,新人戦,新人戦（新人選手権大会）第5地区,,都立保谷,保谷,日大鶴ヶ丘,日大鶴ヶ丘,0,0,3,1,https://koko-soccer.com/score/2174
2020,新人戦,新人戦（新人選手権大会）第5地区,,都立武蔵丘,武蔵丘,都立光丘,光丘,1,2,,,https://koko-soccer.com/score/2174
2020,新人戦,新人戦（新人選手権大会）第5地区,,日大二,日大二,都立大泉,大泉,3,1,,,https://koko-soccer.com/score/2174
2020,新人戦,新人戦（新人選手権大会）第5地区,,都立武蔵,都立武蔵,中大杉並,中大杉並,1,2,,,https://koko-soccer.com/score/2174
2020,新人戦,新人戦（新人選手権大会）第5地区,,都立豊多摩,豊多摩,都立富士,富士,0,0,5,3,https://koko-soccer.com/score/2174
2020,新人戦,新人戦（新人選手権大会）第5地区,,明大中野,明大中野,都立杉並,杉並,0,1,,,https://koko-soccer.com/score/2174
2020,新人戦,新人戦（新人選手権大会）第5地区,,専修大附,専修大附,都立石神井,石神井,0,1,,,https://koko-soccer.com/score/2174
2020,新人戦,新人戦（新人選手権大会）第5地区,,早大学院,早大学院,都立保谷,保谷,2,0,,,https://koko-soccer.com/score/2174
2020,新人戦,新人戦（新人選手権大会）第5地区,,都立光丘,光丘,日大二,日大二,0,2,,,https://koko-soccer.com/score/2174
2020,新人戦,新人戦（新人選手権大会）第5地区,,中大杉並,中大杉並,都立豊多摩,豊多摩,1,3,,,https://koko-soccer.com/score/2174
2020,新人戦,新人戦（新人選手権大会）第5地区,,都立杉並,杉並,都立石神井,石神井,2,6,,,https://koko-soccer.com/score/2174
2020,新人戦,新人戦（新人選手権大会）第5地区,,早大学院,早大学院,日大二,日大二,2,0,,,https://koko-soccer.com/score/2174
2020,新人戦,新人戦（新人選手権大会）第5地区,,都立豊多摩,豊多摩,都立石神井,石神井,1,0,,,https://koko-soccer.com/score/2174
2020,新人戦,新人戦（新人選手権大会）第5地区,,早大学院,早大学院,都立豊多摩,豊多摩,2,1,,,https://koko-soccer.com/score/2174
2020,新人戦,新人戦（新人選手権大会）第6地区,,都立町田,町田,東京都市大付,都市大付,1,2,,,https://koko-soccer.com/score/2173
2020,新人戦,新人戦（新人選手権大会）第6地区,,三田国際,三田国際,目黒日大,目黒日大,2,4,,,https://koko-soccer.com/score/2173
2020,新人戦,新人戦（新人選手権大会）第6地区,,都立目黒,目黒,都立山崎,山崎,2,1,,,https://koko-soccer.com/score/2173
2020,新人戦,新人戦（新人選手権大会）第6地区,,目黒学院,目黒学院,日大櫻丘,日大櫻丘,1,2,,,https://koko-soccer.com/score/2173
2020,新人戦,新人戦（新人選手権大会）第6地区,,都立国際,国際,桜美林,桜美林,0,0,4,3,https://koko-soccer.com/score/2173
2020,新人戦,新人戦（新人選手権大会）第6地区,,世田谷学園,世田谷学園,駒場東邦,駒場東邦,1,1,2,4,https://koko-soccer.com/score/2173
2020,新人戦,新人戦（新人選手権大会）第6地区,,都立総合工科,総合工科,都立千歳丘,千歳丘,0,1,,,https://koko-soccer.com/score/2173
2020,新人戦,新人戦（新人選手権大会）第6地区,,和光,和光,筑波大駒場,筑波大駒場,0,1,,,https://koko-soccer.com/score/2173
2020,新人戦,新人戦（新人選手権大会）第6地区,,都立芦花,芦花,都立野津田,野津田,1,2,,,https://koko-soccer.com/score/2173
2020,新人戦,新人戦（新人選手権大会）第6地区,,玉川学園,玉川学園,都立若葉総合,若葉総合,2,1,,,https://koko-soccer.com/score/2173
2020,新人戦,新人戦（新人選手権大会）第6地区,,都立町田工,町田工,日工大駒場,日工大駒場,3,4,,,https://koko-soccer.com/score/2173
2020,新人戦,新人戦（新人選手権大会）第6地区,,都立成瀬,成瀬,都立町田総合,町田総合,0,0,5,4,https://koko-soccer.com/score/2173
2020,新人戦,新人戦（新人選手権大会）第6地区,,科学技術学園,科学技術学園,自由ヶ丘学園,自由ヶ丘学園,0,11,,,https://koko-soccer.com/score/2173
2020,新人戦,新人戦（新人選手権大会）第6地区,,都立深沢,深沢,大東学園,大東学園,2,3,,,https://koko-soccer.com/score/2173
2020,新人戦,新人戦（新人選手権大会）第6地区,,東京都市大等々力,東京都市大等々力,都立松原,松原,0,4,,,https://koko-soccer.com/score/2173
2020,新人戦,新人戦（新人選手権大会）第6地区,,東京都市大付,都市大付,目黒日大,目黒日大,0,0,,,https://koko-soccer.com/score/2173
2020,新人戦,新人戦（新人選手権大会）第6地区,,都立小川,小川,都立目黒,目黒,0,0,5,6,https://koko-soccer.com/score/2173
2020,新人戦,新人戦（新人選手権大会）第6地区,,日大櫻丘,日大櫻丘,成城学園,成城学園,0,1,,,https://koko-soccer.com/score/2173
2020,新人戦,新人戦（新人選手権大会）第6地区,,都立国際,国際,駒場東邦,駒場東邦,2,1,,,https://koko-soccer.com/score/2173
2020,新人戦,新人戦（新人選手権大会）第6地区,,都立桜町,桜町,都立千歳丘,千歳丘,5,0,,,https://koko-soccer.com/score/2173
2020,新人戦,新人戦（新人選手権大会）第6地区,,筑波大駒場,筑波大駒場,都立野津田,野津田,0,4,,,https://koko-soccer.com/score/2173
2020,新人戦,新人戦（新人選手権大会）第6地区,,玉川学園,玉川学園,日工大駒場,日工大駒場,0,0,1,4,https://koko-soccer.com/score/2173
2020,新人戦,新人戦（新人選手権大会）第6地区,,都立成瀬,成瀬,自由ヶ丘学園,自由ヶ丘学園,3,1,,,https://koko-soccer.com/score/2173
2020,新人戦,新人戦（新人選手権大会）第6地区,,大東学園,大東学園,都立松原,松原,3,1,,,https://koko-soccer.com/score/2173
2020,新人戦,新人戦（新人選手権大会）第6地区,,日本学園,日本学園,目黒日大,目黒日大,1,0,,,https://koko-soccer.com/score/2173
2020,新人戦,新人戦（新人選手権大会）第6地区,,都立目黒,目黒,成城学園,成城学園,0,1,,,https://koko-soccer.com/score/2173
2020,新人戦,新人戦（新人選手権大会）第6地区,,都立駒場,駒場,都立国際,国際,2,0,,,https://koko-soccer.com/score/2173
2020,新人戦,新人戦（新人選手権大会）第6地区,,都立桜町,桜町,東京学芸大附,東京学芸大附,1,2,,,https://koko-soccer.com/score/2173
2020,新人戦,新人戦（新人選手権大会）第6地区,,東農大一,農大一,都立野津田,野津田,1,0,,,https://koko-soccer.com/score/2173
2020,新人戦,新人戦（新人選手権大会）第6地区,,日工大駒場,日工大駒場,日大三,日大三,0,0,4,1,https://koko-soccer.com/score/2173
2020,新人戦,新人戦（新人選手権大会）第6地区,,駒場学園,駒場学園,都立成瀬,成瀬,3,2,,,https://koko-soccer.com/score/2173
2020,新人戦,新人戦（新人選手権大会）第6地区,,大東学園,大東学園,都立桜修館,桜修館中等,2,1,,,https://koko-soccer.com/score/2173
2020,新人戦,新人戦（新人選手権大会）第6地区,,日本学園,日本学園,成城学園,成城学園,1,1,11,10,https://koko-soccer.com/score/2173
2020,新人戦,新人戦（新人選手権大会）第6地区,,都立駒場,駒場,東京学芸大附,東京学芸大附,3,1,,,https://koko-soccer.com/score/2173
2020,新人戦,新人戦（新人選手権大会）第6地区,,東農大一,農大一,日大三,日大三,0,2,,,https://koko-soccer.com/score/2173
2020,新人戦,新人戦（新人選手権大会）第6地区,,駒場学園,駒場学園,大東学園,大東学園,1,2,,,https://koko-soccer.com/score/2173
2020,新人戦,新人戦（新人選手権大会）第6地区,2021-04-04,日本学園,日本学園,都立駒場,駒場,0,1,,,https://koko-soccer.com/score/2173
2020,新人戦,新人戦（新人選手権大会）第6地区,2021-04-04,日大三,日大三,大東学園,大東学園,5,0,,,https://koko-soccer.com/score/2173
2020,新人戦,新人戦（新人選手権大会）第7地区,,都立神代,神代,都立日野台,日野台,0,2,,,https://koko-soccer.com/score/2172
2020,新人戦,新人戦（新人選手権大会）第7地区,,都立立川国際中等教育学校,立川国際中等教育学校,都立八王子東,八王子東,0,4,,,https://koko-soccer.com/score/2172
2020,新人戦,新人戦（新人選手権大会）第7地区,,明星,明星,都立永山,永山,2,0,,,https://koko-soccer.com/score/2172
2020,新人戦,新人戦（新人選手権大会）第7地区,,都立府中,府中,多摩大聖ヶ丘,多摩大聖ヶ丘,13,0,,,https://koko-soccer.com/score/2172
2020,新人戦,新人戦（新人選手権大会）第7地区,,穎明館,穎明館,都立府中工,府中工科,2,2,4,2,https://koko-soccer.com/score/2172
2020,新人戦,新人戦（新人選手権大会）第7地区,,都立日野,日野,都立松が谷,松が谷,0,2,,,https://koko-soccer.com/score/2172
2020,新人戦,新人戦（新人選手権大会）第7地区,,都立翔陽,翔陽,都立南多摩,南多摩,7,1,,,https://koko-soccer.com/score/2172
2020,新人戦,新人戦（新人選手権大会）第7地区,,都立調布北,調布北,工学院大附,工学院大附,2,0,,,https://koko-soccer.com/score/2172
2020,新人戦,新人戦（新人選手権大会）第7地区,,八王子実践,八王子実践,都立八王子北,八王子北,1,3,,,https://koko-soccer.com/score/2172
2020,新人戦,新人戦（新人選手権大会）第7地区,,都立日野台,日野台,都立調布南,調布南,1,0,,,https://koko-soccer.com/score/2172
2020,新人戦,新人戦（新人選手権大会）第7地区,,帝京大高,帝京大高,都立八王子東,八王子東,0,5,,,https://koko-soccer.com/score/2172
2020,新人戦,新人戦（新人選手権大会）第7地区,,明星,明星,桐朋,桐朋,0,2,,,https://koko-soccer.com/score/2172
2020,新人戦,新人戦（新人選手権大会）第7地区,,都立府中,府中,都立府中西,府中西,1,0,,,https://koko-soccer.com/score/2172
2020,新人戦,新人戦（新人選手権大会）第7地区,,都立三鷹中等教育学校,三鷹中等教育学校,都立富士森,富士森,5,0,,,https://koko-soccer.com/score/2172
2020,新人戦,新人戦（新人選手権大会）第7地区,,穎明館,穎明館,帝京八王子,帝京八王子,1,2,,,https://koko-soccer.com/score/2172
2020,新人戦,新人戦（新人選手権大会）第7地区,,都立府中東,府中東,都立松が谷,松が谷,0,0,2,4,https://koko-soccer.com/score/2172
2020,新人戦,新人戦（新人選手権大会）第7地区,,都立翔陽,翔陽,都立片倉,片倉,0,3,,,https://koko-soccer.com/score/2172
2020,新人戦,新人戦（新人選手権大会）第7地区,,都立調布北,調布北,明大明治,明大明治,0,0,5,4,https://koko-soccer.com/score/2172
2020,新人戦,新人戦（新人選手権大会）第7地区,,都立南平,南平,都立八王子北,八王子北,2,0,,,https://koko-soccer.com/score/2172
2020,新人戦,新人戦（新人選手権大会）第7地区,,明大中野八王子,明大中野八王子,都立日野台,日野台,0,1,,,https://koko-soccer.com/score/2172
2020,新人戦,新人戦（新人選手権大会）第7地区,,都立八王子東,八王子東,桐朋,桐朋,3,1,,,https://koko-soccer.com/score/2172
2020,新人戦,新人戦（新人選手権大会）第7地区,,八王子,八王子,都立府中,府中,0,0,8,7,https://koko-soccer.com/score/2172
2020,新人戦,新人戦（新人選手権大会）第7地区,,都立三鷹中等教育学校,三鷹中等教育学校,都立国立,国立,0,0,3,4,https://koko-soccer.com/score/2172
2020,新人戦,新人戦（新人選手権大会）第7地区,,明星学園,明星学園,帝京八王子,帝京八王子,6,0,,,https://koko-soccer.com/score/2172
2020,新人戦,新人戦（新人選手権大会）第7地区,,都立松が谷,松が谷,都立片倉,片倉,2,0,,,https://koko-soccer.com/score/2172
2020,新人戦,新人戦（新人選手権大会）第7地区,,昭和第一学園,昭和第一学園,都立調布北,調布北,2,2,4,2,https://koko-soccer.com/score/2172
2020,新人戦,新人戦（新人選手権大会）第7地区,,都立南平,南平,都立立川,立川,2,0,,,https://koko-soccer.com/score/2172
2020,新人戦,新人戦（新人選手権大会）第7地区,,都立日野台,日野台,都立八王子東,八王子東,3,0,,,https://koko-soccer.com/score/2172
2020,新人戦,新人戦（新人選手権大会）第7地区,,八王子,八王子,都立国立,国立,1,2,,,https://koko-soccer.com/score/2172
2020,新人戦,新人戦（新人選手権大会）第7地区,,明星学園,明星学園,都立松が谷,松が谷,1,1,6,5,https://koko-soccer.com/score/2172
2020,新人戦,新人戦（新人選手権大会）第7地区,,昭和第一学園,昭和第一学園,都立南平,南平,3,0,,,https://koko-soccer.com/score/2172
2020,新人戦,新人戦（新人選手権大会）第7地区,,都立日野台,日野台,都立国立,国立,2,1,,,https://koko-soccer.com/score/2172
2020,新人戦,新人戦（新人選手権大会）第7地区,,明星学園,明星学園,昭和第一学園,昭和第一学園,3,0,,,https://koko-soccer.com/score/2172
2020,新人戦,新人戦（新人選手権大会）第8地区,,都立武蔵村山,武蔵村山,都立武蔵野北,武蔵野北,2,0,,,https://koko-soccer.com/score/2171
2020,新人戦,新人戦（新人選手権大会）第8地区,,都立清瀬,清瀬,聖徳学園,聖徳学園,0,1,,,https://koko-soccer.com/score/2171
2020,新人戦,新人戦（新人選手権大会）第8地区,,都立武蔵,都立武蔵,都立五日市,五日市,1,0,,,https://koko-soccer.com/score/2171
2020,新人戦,新人戦（新人選手権大会）第8地区,,都立秋留台,秋留台,明学東村山,明治学院東村山,0,2,,,https://koko-soccer.com/score/2171
2020,新人戦,新人戦（新人選手権大会）第8地区,,都立上水,上水,都立羽村,羽村,3,1,,,https://koko-soccer.com/score/2171
2020,新人戦,新人戦（新人選手権大会）第8地区,,都立青梅総合,青梅総合,都立昭和,昭和,1,2,,,https://koko-soccer.com/score/2171
2020,新人戦,新人戦（新人選手権大会）第8地区,,都立小平南,小平南,都立東村山,東村山,2,0,,,https://koko-soccer.com/score/2171
2020,新人戦,新人戦（新人選手権大会）第8地区,,都立多摩,多摩,国際基督教大高,国際基督教大高,2,1,,,https://koko-soccer.com/score/2171
2020,新人戦,新人戦（新人選手権大会）第8地区,,都立拝島,拝島,都立多摩工,多摩工,3,0,,,https://koko-soccer.com/score/2171
2020,新人戦,新人戦（新人選手権大会）第8地区,,明法,明法,都立小平西,小平西,2,3,,,https://koko-soccer.com/score/2171
2020,新人戦,新人戦（新人選手権大会）第8地区,,東京電機大高,東京電機大学,中央国際,中央国際,1,2,,,https://koko-soccer.com/score/2171
2020,新人戦,新人戦（新人選手権大会）第8地区,,中大附,中大附属,錦城,錦城,2,1,,,https://koko-soccer.com/score/2171
2020,新人戦,新人戦（新人選手権大会）第8地区,,啓明学園,啓明学園,都立小平,小平,0,4,,,https://koko-soccer.com/score/2171
2020,新人戦,新人戦（新人選手権大会）第8地区,,都立多摩科学技術,多摩科学技術,拓大一高,拓大一高,0,3,,,https://koko-soccer.com/score/2171
2020,新人戦,新人戦（新人選手権大会）第8地区,,都立福生,福生,都立武蔵村山,武蔵村山,3,0,,,https://koko-soccer.com/score/2171
2020,新人戦,新人戦（新人選手権大会）第8地区,,聖徳学園,聖徳学園,都立東村山西,東村山西,3,3,4,5,https://koko-soccer.com/score/2171
2020,新人戦,新人戦（新人選手権大会）第8地区,,都立武蔵,都立武蔵,明学東村山,明治学院東村山,1,2,,,https://koko-soccer.com/score/2171
2020,新人戦,新人戦（新人選手権大会）第8地区,,都立上水,上水,都立昭和,昭和,1,8,,,https://koko-soccer.com/score/2171
2020,新人戦,新人戦（新人選手権大会）第8地区,,創価,創価,都立小平南,小平南,2,0,,,https://koko-soccer.com/score/2171
2020,新人戦,新人戦（新人選手権大会）第8地区,,都立多摩,多摩,成蹊,成蹊,0,0,6,5,https://koko-soccer.com/score/2171
2020,新人戦,新人戦（新人選手権大会）第8地区,,都立小金井北,小金井北,都立拝島,拝島,3,0,,,https://koko-soccer.com/score/2171
2020,新人戦,新人戦（新人選手権大会）第8地区,,都立小平西,小平西,都立久留米西,久留米西,4,1,,,https://koko-soccer.com/score/2171
2020,新人戦,新人戦（新人選手権大会）第8地区,,中央国際,中央国際,中大附,中大附属,0,0,5,6,https://koko-soccer.com/score/2171
2020,新人戦,新人戦（新人選手権大会）第8地区,,都立小平,小平,拓大一高,拓大一高,0,1,,,https://koko-soccer.com/score/2171
2020,新人戦,新人戦（新人選手権大会）第8地区,,都立福生,福生,都立東村山西,東村山西,2,0,,,https://koko-soccer.com/score/2171
2020,新人戦,新人戦（新人選手権大会）第8地区,,明学東村山,明治学院東村山,都立国分寺,国分寺,0,4,,,https://koko-soccer.com/score/2171
2020,新人戦,新人戦（新人選手権大会）第8地区,,東海大菅生,東海大菅生,都立昭和,昭和,3,0,,,https://koko-soccer.com/score/2171
2020,新人戦,新人戦（新人選手権大会）第8地区,,創価,創価,都立多摩,多摩,5,0,,,https://koko-soccer.com/score/2171
2020,新人戦,新人戦（新人選手権大会）第8地区,,都立小金井北,小金井北,都立小平西,小平西,4,1,,,https://koko-soccer.com/score/2171
2020,新人戦,新人戦（新人選手権大会）第8地区,,中大附,中大附属,都立東大和南,東大和南,0,5,,,https://koko-soccer.com/score/2171
2020,新人戦,新人戦（新人選手権大会）第8地区,,早稲田実業,早稲田実業,拓大一高,拓大一高,0,0,7,8,https://koko-soccer.com/score/2171
2020,新人戦,新人戦（新人選手権大会）第8地区,,都立福生,福生,都立国分寺,国分寺,2,2,2,4,https://koko-soccer.com/score/2171
2020,新人戦,新人戦（新人選手権大会）第8地区,,東海大菅生,東海大菅生,創価,創価,2,0,,,https://koko-soccer.com/score/2171
2020,新人戦,新人戦（新人選手権大会）第8地区,,都立小金井北,小金井北,都立東大和南,東大和南,1,6,,,https://koko-soccer.com/score/2171
2020,新人戦,新人戦（新人選手権大会）第8地区,2021-04-04,拓大一高,拓大一高,都立国分寺,国分寺,0,4,,,https://koko-soccer.com/score/2171
2020,新人戦,新人戦（新人選手権大会）第8地区,2021-04-04,東海大菅生,東海大菅生,都立東大和南,東大和南,2,0,,,https://koko-soccer.com/score/2171
2020,選手権,予選,,都立墨田川 （東京）,墨田川,都立葛飾総合 （東京）,葛飾総合,4,0,,,https://koko-soccer.com/score/2050
2020,選手権,予選,,都立橘 （東京）,橘,中央学院大中央 （東京）,中央学院大学中央,4,0,,,https://koko-soccer.com/score/2050
2020,選手権,予選,,都立城東 （東京）,城東,共栄学園 （東京）,共栄学園,4,0,,,https://koko-soccer.com/score/2050
2020,選手権,予選,,都立両国 （東京）,両国,第三商 （東京）,第三商,0,5,,,https://koko-soccer.com/score/2050
2020,選手権,予選,,日大一 （東京）,日大一,都立南葛飾 （東京）,南葛飾,1,1,2,4,https://koko-soccer.com/score/2050
2020,選手権,予選,,都立葛西工 （東京）,葛西工,都立日本橋 （東京）,日本橋,0,2,,,https://koko-soccer.com/score/2050
2020,選手権,予選,,渋谷教育学園渋谷 （東京）,渋谷教育学園渋谷,武蔵野 （東京）,武蔵野,0,7,,,https://koko-soccer.com/score/2050
2020,選手権,予選,,都立新宿 （東京）,新宿,都立北園 （東京）,北園,0,1,,,https://koko-soccer.com/score/2050
2020,選手権,予選,,都立広尾 （東京）,広尾,青山学院 （東京）,青山学院,0,1,,,https://koko-soccer.com/score/2050
2020,選手権,予選,,成城 （東京）,成城,桜丘 （東京）,桜丘,2,0,,,https://koko-soccer.com/score/2050
2020,選手権,予選,,順天 （東京）,順天,聖学院 （東京）,聖学院,0,0,5,3,https://koko-soccer.com/score/2050
2020,選手権,予選,,都立板橋有徳 （東京）,板橋有徳,保善 （東京）,保善,0,6,,,https://koko-soccer.com/score/2050
2020,選手権,予選,,上野学園 （東京）,上野学園,目白研心 （東京）,目白研心,0,3,,,https://koko-soccer.com/score/2050
2020,選手権,予選,,文教大付 （東京）,文教大付,都立大森 （東京）,大森,3,0,,,https://koko-soccer.com/score/2050
2020,選手権,予選,,錦城学園 （東京）,錦城学園,区立九段中等教育 （東京）,九段中等教育,1,0,,,https://koko-soccer.com/score/2050
2020,選手権,予選,,都立雪谷 （東京）,雪谷,東洋 （東京）,東洋,0,0,0,3,https://koko-soccer.com/score/2050
2020,選手権,予選,,都立三田 （東京）,三田,都立大崎 （東京）,大崎,0,0,3,4,https://koko-soccer.com/score/2050
2020,選手権,予選,,日体大荏原 （東京）,日体大荏原,都立つばさ総合 （東京）,つばさ総合,1,1,5,6,https://koko-soccer.com/score/2050
2020,選手権,予選,,都立大田桜台 （東京）,大田桜台,朋優学院 （東京）,朋優学院,1,2,,,https://koko-soccer.com/score/2050
2020,選手権,予選,,東大教育学部附 （東京）,東大教育学部附,都立杉並工 （東京）,杉並工,1,0,,,https://koko-soccer.com/score/2050
2020,選手権,予選,,都立杉並 （東京）,杉並,佼成学園 （東京）,佼成学園,5,0,,,https://koko-soccer.com/score/2050
2020,選手権,予選,,都立田無工 （東京）,田無工,都立杉並総合 （東京）,杉並総合,1,2,,,https://koko-soccer.com/score/2050
2020,選手権,予選,,都立西 （東京）,西,東亜学園 （東京）,東亜学園,1,4,,,https://koko-soccer.com/score/2050
2020,選手権,予選,,都立光丘 （東京）,光丘,明大中野 （東京）,明大中野,0,1,,,https://koko-soccer.com/score/2050
2020,選手権,予選,,宝仙学園 （東京）,宝仙学園,都立田柄 （東京）,田柄,7,0,,,https://koko-soccer.com/score/2050
2020,選手権,予選,,専修大附 （東京）,専修大附,杉並学院 （東京）,杉並学院,3,0,,,https://koko-soccer.com/score/2050
2020,選手権,予選,,都立第四商 （東京）,第四商,武蔵 （東京）,武蔵,1,2,,,https://koko-soccer.com/score/2050
2020,選手権,予選,,学芸大附属国際 （東京）,学芸大附属国際,日大二 （東京）,日大二,0,5,,,https://koko-soccer.com/score/2050
2020,選手権,予選,,科学技術学園 （東京）,科学技術学園,都立総合工科 （東京）,総合工科,1,5,,,https://koko-soccer.com/score/2050
2020,選手権,予選,,都立桜町 （東京）,桜町,筑波大駒場 （東京）,筑波大駒場,0,0,4,1,https://koko-soccer.com/score/2050
2020,選手権,予選,,玉川学園 （東京）,玉川学園,都立国際 （東京）,国際,2,0,,,https://koko-soccer.com/score/2050
2020,選手権,予選,,駒場東邦 （東京）,駒場東邦,東京都市大等々力 （東京）,東京都市大等々力,2,1,,,https://koko-soccer.com/score/2050
2020,選手権,予選,,目黒日大 （東京）,目黒日大,和光 （東京）,和光,0,1,,,https://koko-soccer.com/score/2050
2020,選手権,予選,,大東学園 （東京）,大東学園,都立野津田 （東京）,野津田,2,1,,,https://koko-soccer.com/score/2050
2020,選手権,予選,,都立富士森 （東京）,富士森,工学院大附 （東京）,工学院大附,4,0,,,https://koko-soccer.com/score/2050
2020,選手権,予選,,都立府中工 （東京）,府中工科,都立八王子東 （東京）,八王子東,1,1,6,7,https://koko-soccer.com/score/2050
2020,選手権,予選,,帝京八王子 （東京）,帝京八王子,都立片倉 （東京）,片倉,1,2,,,https://koko-soccer.com/score/2050
2020,選手権,予選,,都立日野 （東京）,日野,都立立川国際中等教育学校 （東京）,立川国際中等教育学校,2,0,,,https://koko-soccer.com/score/2050
2020,選手権,予選,,南多摩中等,南多摩中等,八王子 （東京）,八王子,0,6,,,https://koko-soccer.com/score/2050
2020,選手権,予選,,国際基督教大高 （東京）,国際基督教大高,都立秋留台 （東京）,秋留台,0,0,2,4,https://koko-soccer.com/score/2050
2020,選手権,予選,,明法 （東京）,明法,都立福生 （東京）,福生,0,4,,,https://koko-soccer.com/score/2050
2020,選手権,予選,,都立東大和 （東京）,東大和,都立青梅総合 （東京）,青梅総合,4,0,,,https://koko-soccer.com/score/2050
2020,選手権,予選,,都立小金井北 （東京）,小金井北,都立多摩工 （東京）,多摩工,3,0,,,https://koko-soccer.com/score/2050
2020,選手権,予選,,都立葛西南 （東京）,葛西南,都立荒川工 （東京）,荒川工,4,1,,,https://koko-soccer.com/score/2050
2020,選手権,予選,,都立小岩 （東京）,小岩,安田学園 （東京）,安田学園,3,3,2,4,https://koko-soccer.com/score/2050
2020,選手権,予選,,都立小石川中等教育学校 （東京）,小石川中等教育学校,巣鴨 （東京）,巣鴨,0,0,3,5,https://koko-soccer.com/score/2050
2020,選手権,予選,,都立向丘 （東京）,向丘,都立竹早 （東京）,竹早,0,0,0,3,https://koko-soccer.com/score/2050
2020,選手権,予選,,中央大学高 （東京）,中央大学高,京華 （東京）,京華,1,2,,,https://koko-soccer.com/score/2050
2020,選手権,予選,,京華商 （東京）,京華商,都立青井 （東京）,青井,1,0,,,https://koko-soccer.com/score/2050
2020,選手権,予選,,都立荒川商 （東京）,荒川商,都立足立 （東京）,足立,1,0,,,https://koko-soccer.com/score/2050
2020,選手権,予選,,岩倉 （東京）,岩倉,都立大山 （東京）,大山,0,1,,,https://koko-soccer.com/score/2050
2020,選手権,予選,,都立板橋 （東京）,板橋,大智学園 （東京）,大智学園,1,0,,,https://koko-soccer.com/score/2050
2020,選手権,予選,,広尾学園 （東京）,広尾学園,都立日比谷 （東京）,日比谷,0,4,,,https://koko-soccer.com/score/2050
2020,選手権,予選,,都立八潮 （東京）,八潮,都立大島・大島海洋国際,大島・大島海洋国際,5,0,,,https://koko-soccer.com/score/2050
2020,選手権,予選,,正則 （東京）,正則,都立田園調布 （東京）,田園調布,3,1,,,https://koko-soccer.com/score/2050
2020,選手権,予選,,青稜 （東京）,青稜,芝 （東京）,芝,1,2,,,https://koko-soccer.com/score/2050
2020,選手権,予選,,立正大立正 （東京）,立正大立正,麻布 （東京）,麻布,5,0,,,https://koko-soccer.com/score/2050
2020,選手権,予選,,武蔵野大千代田 （東京）,武蔵野大千代田,高輪 （東京）,高輪,0,7,,,https://koko-soccer.com/score/2050
2020,選手権,予選,,都立小山台 （東京）,小山台,二松学舎大附 （東京）,二松学舎大附,3,1,,,https://koko-soccer.com/score/2050
2020,選手権,予選,,大森学園 （東京）,大森学園,東京 （東京）,東京,0,0,1,3,https://koko-soccer.com/score/2050
2020,選手権,予選,,都立成瀬 （東京）,成瀬,都立深沢 （東京）,深沢,1,1,4,5,https://koko-soccer.com/score/2050
2020,選手権,予選,,都立町田工 （東京）,町田工,都立町田総合 （東京）,町田総合,1,2,,,https://koko-soccer.com/score/2050
2020,選手権,予選,,都立山崎 （東京）,山崎,都立若葉総合 （東京）,若葉総合,0,2,,,https://koko-soccer.com/score/2050
2020,選手権,予選,,都立世田谷総合 （東京）,世田谷総合,成城学園 （東京）,成城学園,1,5,,,https://koko-soccer.com/score/2050
2020,選手権,予選,,目黒学院 （東京）,目黒学院,都立町田 （東京）,町田,0,3,,,https://koko-soccer.com/score/2050
2020,選手権,予選,,東京都市大付 （東京）,都市大付,駒場学園 （東京）,駒場学園,1,6,,,https://koko-soccer.com/score/2050
2020,選手権,予選,,八王子実践 （東京）,八王子実践,穎明館 （東京）,穎明館,2,1,,,https://koko-soccer.com/score/2050
2020,選手権,予選,,多摩大聖ヶ丘 （東京）,多摩大聖ヶ丘,都立府中西 （東京）,府中西,0,0,3,5,https://koko-soccer.com/score/2050
2020,選手権,予選,,都立八王子北 （東京）,八王子北,都立永山 （東京）,永山,2,2,3,5,https://koko-soccer.com/score/2050
2020,選手権,予選,,都立調布北 （東京）,調布北,昭和一学園 （東京）,昭和一学園,0,4,,,https://koko-soccer.com/score/2050
2020,選手権,予選,,都立調布南 （東京）,調布南,都立翔陽 （東京）,翔陽,1,0,,,https://koko-soccer.com/score/2050
2020,選手権,予選,,都立松が谷 （東京）,松が谷,都立神代 （東京）,神代,2,0,,,https://koko-soccer.com/score/2050
2020,選手権,予選,,法政大高 （東京）,法政大高,都立南平 （東京）,南平,3,0,,,https://koko-soccer.com/score/2050
2020,選手権,予選,,都立多摩 （東京）,多摩,明学東村山 （東京）,明治学院東村山,0,0,3,2,https://koko-soccer.com/score/2050
2020,選手権,予選,,都立東村山西 （東京）,東村山西,都立上水 （東京）,上水,4,0,,,https://koko-soccer.com/score/2050
2020,選手権,予選,,都立昭和 （東京）,昭和,都立武蔵村山 （東京）,武蔵村山,0,1,,,https://koko-soccer.com/score/2050
2020,選手権,予選,,拓大一高 （東京）,拓大一高,啓明学園 （東京）,啓明学園,6,1,,,https://koko-soccer.com/score/2050
2020,選手権,予選,,東京電機大高 （東京）,東京電機大学,中央国際東京校,中央国際東京校,1,2,,,https://koko-soccer.com/score/2050
2020,選手権,予選,,都立小平南 （東京）,小平南,成蹊 （東京）,成蹊,0,1,,,https://koko-soccer.com/score/2050
2020,選手権,予選,,都立武蔵野北 （東京）,武蔵野北,聖徳学園 （東京）,聖徳学園,2,1,,,https://koko-soccer.com/score/2050
2020,選手権,予選,,都立清瀬 （東京）,清瀬,自由学園 （東京）,自由学園,0,1,,,https://koko-soccer.com/score/2050
2020,選手権,予選,,都立小平 （東京）,小平,都立武蔵 （東京）,武蔵,2,0,,,https://koko-soccer.com/score/2050
2020,選手権,予選,,都立羽村 （東京）,羽村,錦城 （東京）,錦城,0,0,3,5,https://koko-soccer.com/score/2050
2020,選手権,予選,,都立多摩科学技術 （東京）,多摩科学技術,都立東大和南 （東京）,東大和南,0,7,,,https://koko-soccer.com/score/2050
2020,選手権,予選,,都立東 （東京）,東,都立本所 （東京）,本所,1,0,,,https://koko-soccer.com/score/2050
2020,選手権,予選,,都立小松川 （東京）,小松川,都立江戸川 （東京）,江戸川,2,2,5,3,https://koko-soccer.com/score/2050
2020,選手権,予選,,都立墨田工 （東京）,墨田工,芝浦工大高 （東京）,芝浦工大高,1,3,,,https://koko-soccer.com/score/2050
2020,選手権,予選,,都立科学技術 （東京）,科学技術,都立江東商 （東京）,江東商,1,5,,,https://koko-soccer.com/score/2050
2020,選手権,予選,,都立葛飾商 （東京）,葛飾商,都立深川 （東京）,深川,1,2,,,https://koko-soccer.com/score/2050
2020,選手権,予選,,かえつ有明 （東京）,かえつ有明,開成 （東京）,開成,2,0,,,https://koko-soccer.com/score/2050
2020,選手権,予選,,都立竹台 （東京）,竹台,都立篠崎 （東京）,篠崎,0,3,,,https://koko-soccer.com/score/2050
2020,選手権,予選,,都立豊島 （東京）,豊島,郁文館 （東京）,郁文館,3,0,,,https://koko-soccer.com/score/2050
2020,選手権,予選,,都立足立西 （東京）,足立西,都立淵江 （東京）,淵江,3,0,,,https://koko-soccer.com/score/2050
2020,選手権,予選,,立教池袋 （東京）,立教池袋,筑波大附 （東京）,筑波大学附属,2,0,,,https://koko-soccer.com/score/2050
2020,選手権,予選,,都立千早 （東京）,千早,淑徳巣鴨 （東京）,淑徳巣鴨,0,5,,,https://koko-soccer.com/score/2050
2020,選手権,予選,,都立江北 （東京）,江北,豊島学院 （東京）,豊島学院,3,0,,,https://koko-soccer.com/score/2050
2020,選手権,予選,,足立学園 （東京）,足立学園,城西大城西 （東京）,城西大城西,0,0,5,4,https://koko-soccer.com/score/2050
2020,選手権,予選,,獨協 （東京）,獨協,都立足立新田 （東京）,足立新田,0,2,,,https://koko-soccer.com/score/2050
2020,選手権,予選,,都立白鷗 （東京）,白鷗,都立青山 （東京）,青山,0,10,,,https://koko-soccer.com/score/2050
2020,選手権,予選,,都立戸山 （東京）,戸山,駿台学園 （東京）,駿台学園,0,5,,,https://koko-soccer.com/score/2050
2020,選手権,予選,,都立富士 （東京）,富士,都立鷺宮 （東京）,鷺宮,1,7,,,https://koko-soccer.com/score/2050
2020,選手権,予選,,中大杉並 （東京）,中大杉並,都立練馬工 （東京）,練馬工,6,0,,,https://koko-soccer.com/score/2050
2020,選手権,予選,,文化学園大学杉並中学・高等学校 （東京）,文化学園大学杉並中学・,都立井草 （東京）,井草,0,2,,,https://koko-soccer.com/score/2050
2020,選手権,予選,,都立練馬 （東京）,練馬,日大鶴ヶ丘 （東京）,日大鶴ヶ丘,0,3,,,https://koko-soccer.com/score/2050
2020,選手権,予選,,都立国立 （東京）,国立,都立府中 （東京）,府中,4,0,,,https://koko-soccer.com/score/2050
2020,選手権,予選,,明星 （東京）,明星,明大明治 （東京）,明大明治,0,6,,,https://koko-soccer.com/score/2050
2020,選手権,予選,,都立久留米西 （東京）,久留米西,都立東村山 （東京）,東村山,3,1,,,https://koko-soccer.com/score/2050
2020,選手権,予選,,中大附 （東京）,中大附属,都立拝島 （東京）,拝島,5,0,,,https://koko-soccer.com/score/2050
2020,選手権,予選,,淑徳 （東京）,淑徳,都立北豊島工 （東京）,北豊島工,1,1,4,1,https://koko-soccer.com/score/2050
2020,選手権,予選,,三田国際 （東京）,三田国際,日工大駒場 （東京）,日工大駒場,2,5,,,https://koko-soccer.com/score/2050
2020,選手権,予選,,都立芦花 （東京）,芦花,都立千歳丘 （東京）,千歳丘,1,1,3,5,https://koko-soccer.com/score/2050
2020,選手権,予選,,都立桜修館中等 （東京）,桜修館中等,都立松原 （東京）,松原,1,0,,,https://koko-soccer.com/score/2050
2020,選手権,予選,,自由ヶ丘学園 （東京）,自由ヶ丘学園,世田谷学園 （東京）,世田谷学園,5,1,,,https://koko-soccer.com/score/2050
2020,選手権,予選,,都立小平西 （東京）,小平西,五日市 （広島）,五日市,3,0,,,https://koko-soccer.com/score/2050
2020,選手権,予選,,都立紅葉川 （東京）,紅葉川,都立墨田川 （東京）,墨田川,2,0,,,https://koko-soccer.com/score/2050
2020,選手権,予選,,正則学園 （東京）,正則学園,都立大崎 （東京）,大崎,1,0,,,https://koko-soccer.com/score/2050
2020,選手権,予選,,正則 （東京）,正則,都立つばさ総合 （東京）,つばさ総合,2,1,,,https://koko-soccer.com/score/2050
2020,選手権,予選,,都立深沢 （東京）,深沢,桜美林 （東京）,桜美林,0,0,6,5,https://koko-soccer.com/score/2050
2020,選手権,予選,,都立目黒 （東京）,目黒,自由ヶ丘学園 （東京）,自由ヶ丘学園,2,3,,,https://koko-soccer.com/score/2050
2020,選手権,予選,,駒場学園 （東京）,駒場学園,大東学園 （東京）,大東学園,2,0,,,https://koko-soccer.com/score/2050
2020,選手権,予選,,都立橘 （東京）,橘,都立城東 （東京）,城東,0,5,,,https://koko-soccer.com/score/2050
2020,選手権,予選,,都立東 （東京）,東,都立葛西南 （東京）,葛西南,5,0,,,https://koko-soccer.com/score/2050
2020,選手権,予選,,第三商 （東京）,第三商,都立南葛飾 （東京）,南葛飾,2,4,,,https://koko-soccer.com/score/2050
2020,選手権,予選,,都立江東商 （東京）,江東商,都立深川 （東京）,深川,1,10,,,https://koko-soccer.com/score/2050
2020,選手権,予選,,学習院 （東京）,学習院,巣鴨 （東京）,巣鴨,5,0,,,https://koko-soccer.com/score/2050
2020,選手権,予選,,都立豊島 （東京）,豊島,昭和一 （東京）,昭和一,2,1,,,https://koko-soccer.com/score/2050
2020,選手権,予選,,本郷 （東京）,本郷,都立足立西 （東京）,足立西,2,0,,,https://koko-soccer.com/score/2050
2020,選手権,予選,,都立竹早 （東京）,竹早,京華 （東京）,京華,0,3,,,https://koko-soccer.com/score/2050
2020,選手権,予選,,都立文京 （東京）,文京,立教池袋 （東京）,立教池袋,4,1,,,https://koko-soccer.com/score/2050
2020,選手権,予選,,足立学園 （東京）,足立学園,都立足立新田 （東京）,足立新田,2,0,,,https://koko-soccer.com/score/2050
2020,選手権,予選,,都立北園 （東京）,北園,都立飛鳥 （東京）,飛鳥,1,0,,,https://koko-soccer.com/score/2050
2020,選手権,予選,,早稲田 （東京）,早稲田,青山学院 （東京）,青山学院,1,0,,,https://koko-soccer.com/score/2050
2020,選手権,予選,,成城 （東京）,成城,都立高島 （東京）,高島,0,2,,,https://koko-soccer.com/score/2050
2020,選手権,予選,,國學院 （東京）,国学院,都立大山 （東京）,大山,1,1,6,7,https://koko-soccer.com/score/2050
2020,選手権,予選,,都立板橋 （東京）,板橋,都立上野 （東京）,上野,0,1,,,https://koko-soccer.com/score/2050
2020,選手権,予選,,海城 （東京）,海城,順天 （東京）,順天,4,0,,,https://koko-soccer.com/score/2050
2020,選手権,予選,,城北 （東京）,城北,目白研心 （東京）,目白研心,0,0,3,0,https://koko-soccer.com/score/2050
2020,選手権,予選,,淑徳 （東京）,淑徳,駿台学園 （東京）,駿台学園,0,7,,,https://koko-soccer.com/score/2050
2020,選手権,予選,,東工大附 （東京）,東京科学大附,都立日比谷 （東京）,日比谷,1,0,,,https://koko-soccer.com/score/2050
2020,選手権,予選,,文教大付 （東京）,文教大付,都立美原 （東京）,美原,0,3,,,https://koko-soccer.com/score/2050
2020,選手権,予選,,東京実業 （東京）,東京実業,錦城学園 （東京）,錦城学園,7,0,,,https://koko-soccer.com/score/2050
2020,選手権,予選,,都立八潮 （東京）,八潮,東洋 （東京）,東洋,0,1,,,https://koko-soccer.com/score/2050
2020,選手権,予選,,攻玉社 （東京）,攻玉社,朋優学院 （東京）,朋優学院,1,0,,,https://koko-soccer.com/score/2050
2020,選手権,予選,,明治学院 （東京）,明治学院,高輪 （東京）,高輪,1,0,,,https://koko-soccer.com/score/2050
2020,選手権,予選,,都立武蔵丘 （東京）,武蔵丘,東大教育学部附 （東京）,東大教育学部附,2,0,,,https://koko-soccer.com/score/2050
2020,選手権,予選,,都立杉並 （東京）,杉並,東京立正 （東京）,東京立正,2,1,,,https://koko-soccer.com/score/2050
2020,選手権,予選,,都立豊多摩 （東京）,豊多摩,都立鷺宮 （東京）,鷺宮,0,3,,,https://koko-soccer.com/score/2050
2020,選手権,予選,,中大杉並 （東京）,中大杉並,明大中野 （東京）,明大中野,1,2,,,https://koko-soccer.com/score/2050
2020,選手権,予選,,都立保谷 （東京）,保谷,専修大附 （東京）,専修大附,0,0,5,4,https://koko-soccer.com/score/2050
2020,選手権,予選,,武蔵 （東京）,武蔵,日大二 （東京）,日大二,2,1,,,https://koko-soccer.com/score/2050
2020,選手権,予選,,都立駒場 （東京）,駒場,都立総合工科 （東京）,総合工科,9,0,,,https://koko-soccer.com/score/2050
2020,選手権,予選,,日大櫻丘 （東京）,日大櫻丘,都立桜町 （東京）,桜町,1,1,1,4,https://koko-soccer.com/score/2050
2020,選手権,予選,,玉川学園 （東京）,玉川学園,都立狛江 （東京）,狛江,0,6,,,https://koko-soccer.com/score/2050
2020,選手権,予選,,東京学芸大附 （東京）,東京学芸大附,都立町田総合 （東京）,町田総合,3,0,,,https://koko-soccer.com/score/2050
2020,選手権,予選,,駒場東邦 （東京）,駒場東邦,和光 （東京）,和光,0,0,5,4,https://koko-soccer.com/score/2050
2020,選手権,予選,,東農大一 （東京）,農大一,都立若葉総合 （東京）,若葉総合,6,0,,,https://koko-soccer.com/score/2050
2020,選手権,予選,,成城学園 （東京）,成城学園,都立町田 （東京）,町田,5,0,,,https://koko-soccer.com/score/2050
2020,選手権,予選,,都立小川 （東京）,小川,日工大駒場 （東京）,日工大駒場,4,1,,,https://koko-soccer.com/score/2050
2020,選手権,予選,,都立千歳丘 （東京）,千歳丘,都立桜修館中等 （東京）,桜修館中等,0,3,,,https://koko-soccer.com/score/2050
2020,選手権,予選,,都立立川 （東京）,立川,八王子実践 （東京）,八王子実践,2,0,,,https://koko-soccer.com/score/2050
2020,選手権,予選,,都立富士森 （東京）,富士森,都立府中西 （東京）,府中西,1,2,,,https://koko-soccer.com/score/2050
2020,選手権,予選,,都立三鷹中等教育学校 （東京）,三鷹中等教育学校,昭和一学園 （東京）,昭和一学園,0,1,,,https://koko-soccer.com/score/2050
2020,選手権,予選,,都立八王子東 （東京）,八王子東,都立片倉 （東京）,片倉,0,2,,,https://koko-soccer.com/score/2050
2020,選手権,予選,,明大中野八王子 （東京）,明大中野八王子,都立調布南 （東京）,調布南,2,2,3,1,https://koko-soccer.com/score/2050
2020,選手権,予選,,都立松が谷 （東京）,松が谷,明大明治 （東京）,明大明治,0,1,,,https://koko-soccer.com/score/2050
2020,選手権,予選,,桐朋 （東京）,桐朋,法政大高 （東京）,法政大高,1,0,,,https://koko-soccer.com/score/2050
2020,選手権,予選,,都立日野 （東京）,日野,八王子 （東京）,八王子,0,3,,,https://koko-soccer.com/score/2050
2020,選手権,予選,,創価 （東京）,創価,都立秋留台 （東京）,秋留台,13,0,,,https://koko-soccer.com/score/2050
2020,選手権,予選,,都立福生 （東京）,福生,都立小平西 （東京）,小平西,2,1,,,https://koko-soccer.com/score/2050
2020,選手権,予選,,東海大菅生 （東京）,東海大菅生,都立多摩 （東京）,多摩,9,1,,,https://koko-soccer.com/score/2050
2020,選手権,予選,,都立東村山西 （東京）,東村山西,都立武蔵村山 （東京）,武蔵村山,2,1,,,https://koko-soccer.com/score/2050
2020,選手権,予選,,拓大一高 （東京）,拓大一高,中央国際東京校,中央国際東京校,2,0,,,https://koko-soccer.com/score/2050
2020,選手権,予選,,都立小平 （東京）,小平,都立小金井北 （東京）,小金井北,1,3,,,https://koko-soccer.com/score/2050
2020,選手権,予選,,都立久留米西 （東京）,久留米西,中大附 （東京）,中大附属,3,0,,,https://koko-soccer.com/score/2050
2020,選手権,予選,,錦城 （東京）,錦城,都立東大和南 （東京）,東大和南,1,7,,,https://koko-soccer.com/score/2050
2020,選手権,予選,,都立小松川 （東京）,小松川,芝浦工大高 （東京）,芝浦工大高,4,0,,,https://koko-soccer.com/score/2050
2020,選手権,予選,,淑徳巣鴨 （東京）,淑徳巣鴨,都立江北 （東京）,江北,3,2,,,https://koko-soccer.com/score/2050
2020,選手権,予選,,京華商 （東京）,京華商,都立荒川商 （東京）,荒川商,0,1,,,https://koko-soccer.com/score/2050
2020,選手権,予選,,大東大一 （東京）,大東大一,武蔵野 （東京）,武蔵野,2,0,,,https://koko-soccer.com/score/2050
2020,選手権,予選,,保善 （東京）,保善,都立青山 （東京）,青山,3,0,,,https://koko-soccer.com/score/2050
2020,選手権,予選,,芝 （東京）,芝,立正大立正 （東京）,立正大立正,0,4,,,https://koko-soccer.com/score/2050
2020,選手権,予選,,都立小山台 （東京）,小山台,東京 （東京）,東京,0,2,,,https://koko-soccer.com/score/2050
2020,選手権,予選,,都立大泉 （東京）,大泉,宝仙学園 （東京）,宝仙学園,6,0,,,https://koko-soccer.com/score/2050
2020,選手権,予選,,都立井草 （東京）,井草,日大鶴ヶ丘 （東京）,日大鶴ヶ丘,0,9,,,https://koko-soccer.com/score/2050
2020,選手権,予選,,都立日野台 （東京）,日野台,都立国立 （東京）,国立,0,1,,,https://koko-soccer.com/score/2050
2020,選手権,予選,,都立府中東 （東京）,府中東,都立氷山 （東京）,氷山,4,0,,,https://koko-soccer.com/score/2050
2020,選手権,予選,,成蹊 （東京）,成蹊,都立武蔵野北 （東京）,武蔵野北,1,0,,,https://koko-soccer.com/score/2050
2020,選手権,予選,,都立東大和 （東京）,東大和,自由学園 （東京）,自由学園,6,0,,,https://koko-soccer.com/score/2050
2020,選手権,予選,,かえつ有明 （東京）,かえつ有明,都立日本橋 （東京）,日本橋,3,1,,,https://koko-soccer.com/score/2050
2020,選手権,予選,,安田学園 （東京）,安田学園,都立篠崎 （東京）,篠崎,0,0,4,2,https://koko-soccer.com/score/2050
2020,選手権,予選,,早大学院 （東京）,早大学院,都立杉並総合 （東京）,杉並総合,4,0,,,https://koko-soccer.com/score/2050
2020,選手権,予選,,東亜学園 （東京）,東亜学園,都立田無 （東京）,田無,1,0,,,https://koko-soccer.com/score/2050
2020,選手権,予選,,都立紅葉川 （東京）,紅葉川,都立城東 （東京）,城東,2,3,,,https://koko-soccer.com/score/2050
2020,選手権,予選,,都立東 （東京）,東,都立南葛飾 （東京）,南葛飾,2,0,,,https://koko-soccer.com/score/2050
2020,選手権,予選,,都立小松川 （東京）,小松川,都立深川 （東京）,深川,0,2,,,https://koko-soccer.com/score/2050
2020,選手権,予選,,かえつ有明 （東京）,かえつ有明,安田学園 （東京）,安田学園,2,0,,,https://koko-soccer.com/score/2050
2020,選手権,予選,,学習院 （東京）,学習院,都立豊島 （東京）,豊島,2,1,,,https://koko-soccer.com/score/2050
2020,選手権,予選,,都立文京 （東京）,文京,淑徳巣鴨 （東京）,淑徳巣鴨,0,1,,,https://koko-soccer.com/score/2050
2020,選手権,予選,,海城 （東京）,海城,保善 （東京）,保善,0,2,,,https://koko-soccer.com/score/2050
2020,選手権,予選,,正則学園 （東京）,正則学園,正則 （東京）,正則,2,1,,,https://koko-soccer.com/score/2050
2020,選手権,予選,,都立武蔵丘 （東京）,武蔵丘,都立杉並 （東京）,杉並,6,0,,,https://koko-soccer.com/score/2050
2020,選手権,予選,,早大学院 （東京）,早大学院,東亜学園 （東京）,東亜学園,3,0,,,https://koko-soccer.com/score/2050
2020,選手権,予選,,都立鷺宮 （東京）,鷺宮,明大中野 （東京）,明大中野,1,0,,,https://koko-soccer.com/score/2050
2020,選手権,予選,,都立大泉 （東京）,大泉,日大鶴ヶ丘 （東京）,日大鶴ヶ丘,0,0,4,2,https://koko-soccer.com/score/2050
2020,選手権,予選,,都立駒場 （東京）,駒場,都立深沢 （東京）,深沢,2,0,,,https://koko-soccer.com/score/2050
2020,選手権,予選,,都立桜町 （東京）,桜町,都立狛江 （東京）,狛江,2,5,,,https://koko-soccer.com/score/2050
2020,選手権,予選,,東京学芸大附 （東京）,東京学芸大附,駒場東邦 （東京）,駒場東邦,2,0,,,https://koko-soccer.com/score/2050
2020,選手権,予選,,東農大一 （東京）,農大一,成城学園 （東京）,成城学園,2,0,,,https://koko-soccer.com/score/2050
2020,選手権,予選,,都立小川 （東京）,小川,都立桜修館中等 （東京）,桜修館中等,2,3,,,https://koko-soccer.com/score/2050
2020,選手権,予選,,自由ヶ丘学園 （東京）,自由ヶ丘学園,駒場学園 （東京）,駒場学園,0,5,,,https://koko-soccer.com/score/2050
2020,選手権,予選,,都立立川 （東京）,立川,都立府中西 （東京）,府中西,7,1,,,https://koko-soccer.com/score/2050
2020,選手権,予選,,都立国立 （東京）,国立,都立府中東 （東京）,府中東,1,1,3,0,https://koko-soccer.com/score/2050
2020,選手権,予選,,昭和一学園 （東京）,昭和一学園,都立片倉 （東京）,片倉,0,0,5,4,https://koko-soccer.com/score/2050
2020,選手権,予選,,明大中野八王子 （東京）,明大中野八王子,明大明治 （東京）,明大明治,2,0,,,https://koko-soccer.com/score/2050
2020,選手権,予選,,桐朋 （東京）,桐朋,八王子 （東京）,八王子,0,5,,,https://koko-soccer.com/score/2050
2020,選手権,予選,,創価 （東京）,創価,都立福生 （東京）,福生,0,1,,,https://koko-soccer.com/score/2050
2020,選手権,予選,,東海大菅生 （東京）,東海大菅生,都立東村山西 （東京）,東村山西,10,0,,,https://koko-soccer.com/score/2050
2020,選手権,予選,,拓大一高 （東京）,拓大一高,成蹊 （東京）,成蹊,2,2,4,5,https://koko-soccer.com/score/2050
2020,選手権,予選,,都立東大和 （東京）,東大和,都立小金井北 （東京）,小金井北,4,0,,,https://koko-soccer.com/score/2050
2020,選手権,予選,,都立久留米西 （東京）,久留米西,都立東大和南 （東京）,東大和南,0,2,,,https://koko-soccer.com/score/2050
2020,選手権,予選,,攻玉社 （東京）,攻玉社,立正大立正 （東京）,立正大立正,0,0,5,4,https://koko-soccer.com/score/2050
2020,選手権,予選,,明治学院 （東京）,明治学院,東京 （東京）,東京,0,3,,,https://koko-soccer.com/score/2050
2020,選手権,予選,,本郷 （東京）,本郷,京華 （東京）,京華,2,1,,,https://koko-soccer.com/score/2050
2020,選手権,予選,,大東大一 （東京）,大東大一,都立北園 （東京）,北園,3,2,,,https://koko-soccer.com/score/2050
2020,選手権,予選,,早稲田 （東京）,早稲田,都立高島 （東京）,高島,1,8,,,https://koko-soccer.com/score/2050
2020,選手権,予選,,都立大山 （東京）,大山,都立上野 （東京）,上野,1,1,3,4,https://koko-soccer.com/score/2050
2020,選手権,予選,,城北 （東京）,城北,駿台学園 （東京）,駿台学園,2,4,,,https://koko-soccer.com/score/2050
2020,選手権,予選,,東工大附 （東京）,東京科学大附,都立美原 （東京）,美原,1,2,,,https://koko-soccer.com/score/2050
2020,選手権,予選,,東京実業 （東京）,東京実業,東洋 （東京）,東洋,9,0,,,https://koko-soccer.com/score/2050
2020,選手権,予選,,都立保谷 （東京）,保谷,武蔵 （東京）,武蔵,0,1,,,https://koko-soccer.com/score/2050
2020,選手権,予選,,足立学園 （東京）,足立学園,都立荒川商 （東京）,荒川商,3,0,,,https://koko-soccer.com/score/2050
2020,選手権,予選,2020-10-10,國學院久我山 （東京）,国学院久我山,都立城東 （東京）,城東,4,0,,,https://koko-soccer.com/score/2050
2020,選手権,予選,2020-10-10,都立狛江 （東京）,狛江,駒込 （東京）,駒込,3,2,,,https://koko-soccer.com/score/2050
2020,選手権,予選,2020-10-10,東農大一 （東京）,農大一,成蹊 （東京）,成蹊,3,1,,,https://koko-soccer.com/score/2050
2020,選手権,予選,2020-10-10,本郷 （東京）,本郷,関東一 （東京）,関東第一,0,6,,,https://koko-soccer.com/score/2050
2020,選手権,予選,2020-10-10,東京朝鮮中高級学校 （東京）,東京朝鮮中高級学校,武蔵 （東京）,武蔵,9,0,,,https://koko-soccer.com/score/2050
2020,選手権,予選,2020-10-10,駒場学園 （東京）,駒場学園,都立東大和 （東京）,東大和,0,3,,,https://koko-soccer.com/score/2050
2020,選手権,予選,2020-10-10,日大豊山 （東京）,日大豊山,正則学園 （東京）,正則学園,2,0,,,https://koko-soccer.com/score/2050
2020,選手権,予選,2020-10-11,昭和第一学園 （東京）,昭和第一学園,都立東大和南 （東京）,東大和南,1,2,,,https://koko-soccer.com/score/2050
2020,選手権,予選,2020-10-11,東京成徳大高 （東京）,東京成徳大高,都立東 （東京）,東,3,0,,,https://koko-soccer.com/score/2050
2020,選手権,予選,2020-10-11,大東大一 （東京）,大東大一,国士舘 （東京）,国士舘,2,3,,,https://koko-soccer.com/score/2050
2020,選手権,予選,2020-10-11,修徳 （東京）,修徳,都立福生 （東京）,福生,5,0,,,https://koko-soccer.com/score/2050
2020,選手権,予選,2020-10-11,明星学園 （東京）,明星学園,早稲田実業 （東京）,早稲田実業,0,1,,,https://koko-soccer.com/score/2050
2020,選手権,予選,2020-10-11,足立学園 （東京）,足立学園,駒澤大学高等学校 （東京）,駒澤大高,0,2,,,https://koko-soccer.com/score/2050
2020,選手権,予選,2020-10-11,学習院 （東京）,学習院,都立国分寺 （東京）,国分寺,0,4,,,https://koko-soccer.com/score/2050
2020,選手権,予選,2020-10-11,都立鷺宮 （東京）,鷺宮,淑徳巣鴨 （東京）,淑徳巣鴨,0,1,,,https://koko-soccer.com/score/2050
2020,選手権,予選,2020-10-11,明大中野八王子 （東京）,明大中野八王子,東海大高輪台 （東京）,東海大高輪台,1,0,,,https://koko-soccer.com/score/2050
2020,選手権,予選,2020-10-10,帝京 （東京）,帝京,東京学芸大附 （東京）,東京学芸大附,5,0,,,https://koko-soccer.com/score/2050
2020,選手権,予選,2020-10-10,都立大泉 （東京）,大泉,多摩大目黒 （東京）,多摩大学目黒,1,3,,,https://koko-soccer.com/score/2050
2020,選手権,予選,2020-10-10,成立学園 （東京）,成立学園,都立高島 （東京）,高島,2,1,,,https://koko-soccer.com/score/2050
2020,選手権,予選,2020-10-10,攻玉社 （東京）,攻玉社,都立桜修館 （東京）,桜修館中等,2,0,,,https://koko-soccer.com/score/2050
2020,選手権,予選,2020-10-10,日本学園 （東京）,日本学園,都立国立 （東京）,国立,3,1,,,https://koko-soccer.com/score/2050
2020,選手権,予選,2020-10-11,東京実業 （東京）,東京実業,都立立川 （東京）,立川,1,0,,,https://koko-soccer.com/score/2050
2020,選手権,予選,2020-10-11,都立葛飾野 （東京）,葛飾野,東海大菅生 （東京）,東海大菅生,0,1,,,https://koko-soccer.com/score/2050
2020,選手権,予選,2020-10-11,実践学園 （東京）,実践学園,かえつ有明 （東京）,かえつ有明,2,0,,,https://koko-soccer.com/score/2050
2020,選手権,予選,2020-10-11,都立美原 （東京）,美原,日大三 （東京）,日大三,2,1,,,https://koko-soccer.com/score/2050
2020,選手権,予選,2020-10-11,都立武蔵丘 （東京）,武蔵丘,東京 （東京）,東京,0,3,,,https://koko-soccer.com/score/2050
2020,選手権,予選,2020-10-11,都立上野 （東京）,上野,堀越 （東京）,堀越,0,21,,,https://koko-soccer.com/score/2050
2020,選手権,予選,2020-10-11,都立石神井 （東京）,石神井,都立深川 （東京）,深川,6,0,,,https://koko-soccer.com/score/2050
2020,選手権,予選,2020-10-11,八王子 （東京）,八王子,大成 （東京）,大成,0,3,,,https://koko-soccer.com/score/2050
2020,選手権,予選,2020-10-11,駿台学園 （東京）,駿台学園,暁星高等学校 （東京）,暁星,2,0,,,https://koko-soccer.com/score/2050
2020,選手権,予選,2020-10-11,保善 （東京）,保善,早大学院 （東京）,早大学院,0,2,,,https://koko-soccer.com/score/2050
2020,選手権,予選,2020-10-11,都立駒場 （東京）,駒場,都立東久留米総合 （東京）,東久留米総合,0,1,,,https://koko-soccer.com/score/2050
2020,選手権,予選,2020-10-18,國學院久我山 （東京）,国学院久我山,都立東大和南 （東京）,東大和南,2,1,,,https://koko-soccer.com/score/2050
2020,選手権,予選,2020-10-18,東京成徳大高 （東京）,東京成徳大高,国士舘 （東京）,国士舘,1,1,4,5,https://koko-soccer.com/score/2050
2020,選手権,予選,2020-10-18,修徳 （東京）,修徳,都立狛江 （東京）,狛江,1,2,,,https://koko-soccer.com/score/2050
2020,選手権,予選,2020-10-18,東農大一 （東京）,農大一,関東一 （東京）,関東第一,0,2,,,https://koko-soccer.com/score/2050
2020,選手権,予選,2020-10-18,東京朝鮮中高級学校 （東京）,東京朝鮮中高級学校,都立東大和 （東京）,東大和,0,0,3,4,https://koko-soccer.com/score/2050
2020,選手権,予選,2020-10-18,早稲田実業 （東京）,早稲田実業,駒澤大学高等学校 （東京）,駒澤大高,0,1,,,https://koko-soccer.com/score/2050
2020,選手権,予選,2020-10-18,日大豊山 （東京）,日大豊山,都立国分寺 （東京）,国分寺,3,2,,,https://koko-soccer.com/score/2050
2020,選手権,予選,2020-10-18,淑徳巣鴨 （東京）,淑徳巣鴨,明大中野八王子 （東京）,明大中野八王子,4,3,,,https://koko-soccer.com/score/2050
2020,選手権,予選,2020-10-18,帝京 （東京）,帝京,東京実業 （東京）,東京実業,2,3,,,https://koko-soccer.com/score/2050
2020,選手権,予選,2020-10-18,東海大菅生 （東京）,東海大菅生,多摩大目黒 （東京）,多摩大学目黒,0,1,,,https://koko-soccer.com/score/2050
2020,選手権,予選,2020-10-18,実践学園 （東京）,実践学園,都立美原 （東京）,美原,4,1,,,https://koko-soccer.com/score/2050
2020,選手権,予選,2020-10-18,東京 （東京）,東京,堀越 （東京）,堀越,1,2,,,https://koko-soccer.com/score/2050
2020,選手権,予選,2020-10-18,成立学園 （東京）,成立学園,攻玉社 （東京）,攻玉社,6,0,,,https://koko-soccer.com/score/2050
2020,選手権,予選,2020-10-18,都立石神井 （東京）,石神井,大成 （東京）,大成,0,1,,,https://koko-soccer.com/score/2050
2020,選手権,予選,2020-10-18,日本学園 （東京）,日本学園,駿台学園 （東京）,駿台学園,0,1,,,https://koko-soccer.com/score/2050
2020,選手権,予選,2020-10-18,早大学院 （東京）,早大学院,都立東久留米総合 （東京）,東久留米総合,1,1,4,5,https://koko-soccer.com/score/2050
2020,選手権,予選,2020-10-24,國學院久我山 （東京）,国学院久我山,国士舘 （東京）,国士舘,1,1,5,3,https://koko-soccer.com/score/2050
2020,選手権,予選,2020-10-24,都立東大和 （東京）,東大和,駒澤大学高等学校 （東京）,駒澤大高,1,2,,,https://koko-soccer.com/score/2050
2020,選手権,予選,2020-10-25,都立狛江 （東京）,狛江,関東一 （東京）,関東第一,0,5,,,https://koko-soccer.com/score/2050
2020,選手権,予選,2020-10-25,日大豊山 （東京）,日大豊山,淑徳巣鴨 （東京）,淑徳巣鴨,4,0,,,https://koko-soccer.com/score/2050
2020,選手権,予選,2020-10-24,東京実業 （東京）,東京実業,多摩大目黒 （東京）,多摩大学目黒,0,0,4,2,https://koko-soccer.com/score/2050
2020,選手権,予選,2020-10-25,実践学園 （東京）,実践学園,堀越 （東京）,堀越,0,5,,,https://koko-soccer.com/score/2050
2020,選手権,予選,2020-10-25,成立学園 （東京）,成立学園,大成 （東京）,大成,1,2,,,https://koko-soccer.com/score/2050
2020,選手権,予選,2020-10-25,駿台学園 （東京）,駿台学園,都立東久留米総合 （東京）,東久留米総合,4,0,,,https://koko-soccer.com/score/2050
2020,選手権,予選,2020-11-07,國學院久我山 （東京）,国学院久我山,関東一 （東京）,関東第一,2,4,,,https://koko-soccer.com/score/2050
2020,選手権,予選,2020-11-07,駒澤大学高等学校 （東京）,駒澤大高,日大豊山 （東京）,日大豊山,1,1,3,5,https://koko-soccer.com/score/2050
2020,選手権,予選,2020-11-08,大成 （東京）,大成,駿台学園 （東京）,駿台学園,2,1,,,https://koko-soccer.com/score/2050
2020,選手権,予選,2020-11-08,東京実業 （東京）,東京実業,堀越 （東京）,堀越,1,4,,,https://koko-soccer.com/score/2050
2020,選手権,予選,2020-11-14,関東一 （東京）,関東第一,日大豊山 （東京）,日大豊山,3,0,,,https://koko-soccer.com/score/2050
2020,選手権,予選,2020-11-14,堀越 （東京）,堀越,大成 （東京）,大成,2,1,,,https://koko-soccer.com/score/2050
2021,新人戦,新人戦（新人選手権大会）第1地区,2021-11-14,共栄学園,共栄学園,都立墨田工,墨田工,0,0,5,6,https://koko-soccer.com/score/2510
2021,新人戦,新人戦（新人選手権大会）第1地区,2021-11-14,都立葛西南,葛西南,開成,開成,1,23,,,https://koko-soccer.com/score/2510
2021,新人戦,新人戦（新人選手権大会）第1地区,2021-11-14,都立竹台,竹台,都立小岩,小岩,0,4,,,https://koko-soccer.com/score/2510
2021,新人戦,新人戦（新人選手権大会）第1地区,2021-11-14,都立城東,城東,日大一,日大一,0,0,5,3,https://koko-soccer.com/score/2510
2021,新人戦,新人戦（新人選手権大会）第1地区,2021-11-14,都立江戸川,江戸川,都立荒川工,荒川工,12,0,,,https://koko-soccer.com/score/2510
2021,新人戦,新人戦（新人選手権大会）第1地区,2021-11-14,都立江東商,江東商,芝浦工大高,芝浦工大高,1,1,3,5,https://koko-soccer.com/score/2510
2021,新人戦,新人戦（新人選手権大会）第1地区,2021-11-14,都立葛西工,葛西工,かえつ有明,かえつ有明,0,7,,,https://koko-soccer.com/score/2510
2021,新人戦,新人戦（新人選手権大会）第1地区,2021-11-14,都立橘,橘,都立日本橋,日本橋,1,2,,,https://koko-soccer.com/score/2510
2021,新人戦,新人戦（新人選手権大会）第1地区,2021-11-14,都立東,東,都立本所,本所,5,0,,,https://koko-soccer.com/score/2510
2021,新人戦,新人戦（新人選手権大会）第1地区,2021-11-21,都立葛飾商,葛飾商,都立墨田工,墨田工,0,4,,,https://koko-soccer.com/score/2510
2021,新人戦,新人戦（新人選手権大会）第1地区,2021-11-21,開成,開成,都立紅葉川,紅葉川,0,0,10,9,https://koko-soccer.com/score/2510
2021,新人戦,新人戦（新人選手権大会）第1地区,2021-11-21,都立篠崎,篠崎,都立墨田川,墨田川,1,4,,,https://koko-soccer.com/score/2510
2021,新人戦,新人戦（新人選手権大会）第1地区,2021-11-21,科学技術学園,科学技術学園,都立小岩,小岩,0,8,,,https://koko-soccer.com/score/2510
2021,新人戦,新人戦（新人選手権大会）第1地区,2021-11-21,都立城東,城東,都立江戸川,江戸川,3,2,,,https://koko-soccer.com/score/2510
2021,新人戦,新人戦（新人選手権大会）第1地区,2021-11-21,芝浦工大高,芝浦工大高,都立両国,両国,1,5,,,https://koko-soccer.com/score/2510
2021,新人戦,新人戦（新人選手権大会）第1地区,2021-11-21,安田学園,安田学園,かえつ有明,かえつ有明,2,3,,,https://koko-soccer.com/score/2510
2021,新人戦,新人戦（新人選手権大会）第1地区,2021-11-21,都立日本橋,日本橋,都立東,東,0,4,,,https://koko-soccer.com/score/2510
2021,新人戦,新人戦（新人選手権大会）第1地区,2021-11-23,都立墨田工,墨田工,開成,開成,0,2,,,https://koko-soccer.com/score/2510
2021,新人戦,新人戦（新人選手権大会）第1地区,2021-11-23,都立墨田川,墨田川,都立小岩,小岩,4,0,,,https://koko-soccer.com/score/2510
2021,新人戦,新人戦（新人選手権大会）第1地区,2021-11-23,都立城東,城東,都立両国,両国,0,0,4,3,https://koko-soccer.com/score/2510
2021,新人戦,新人戦（新人選手権大会）第1地区,2021-11-23,かえつ有明,かえつ有明,都立東,東,0,1,,,https://koko-soccer.com/score/2510
2021,新人戦,新人戦（新人選手権大会）第1地区,2021-12-19,都立南葛飾,南葛飾,開成,開成,0,0,3,5,https://koko-soccer.com/score/2510
2021,新人戦,新人戦（新人選手権大会）第1地区,2021-12-19,都立墨田川,墨田川,都立葛飾野,葛飾野,1,0,,,https://koko-soccer.com/score/2510
2021,新人戦,新人戦（新人選手権大会）第1地区,2021-12-19,都立小松川,小松川,都立城東,城東,1,3,,,https://koko-soccer.com/score/2510
2021,新人戦,新人戦（新人選手権大会）第1地区,2021-12-19,都立東,東,都立深川,深川,1,0,,,https://koko-soccer.com/score/2510
2021,新人戦,新人戦（新人選手権大会）第1地区,2022-03-20,開成,開成,都立墨田川,墨田川,1,1,2,3,https://koko-soccer.com/score/2510
2021,新人戦,新人戦（新人選手権大会）第1地区,2022-03-20,都立城東,城東,東,東,1,3,,,https://koko-soccer.com/score/2510
2021,新人戦,新人戦（新人選手権大会）第1地区,2022-03-21,開成,開成,都立城東,城東,3,2,,,https://koko-soccer.com/score/2510
2021,新人戦,新人戦（新人選手権大会）第1地区,2022-03-21,都立墨田川,墨田川,都立東,東,0,1,,,https://koko-soccer.com/score/2510
2021,新人戦,新人戦（新人選手権大会）第2地区,2021-11-14,獨協,獨協,都立足立,足立,0,8,,,https://koko-soccer.com/score/2515
2021,新人戦,新人戦（新人選手権大会）第2地区,2021-11-14,都立竹早,竹早,晴海総合,晴海総合,3,1,,,https://koko-soccer.com/score/2515
2021,新人戦,新人戦（新人選手権大会）第2地区,2021-11-14,昭和一,昭和一,城西大城西,城西大城西,3,1,,,https://koko-soccer.com/score/2515
2021,新人戦,新人戦（新人選手権大会）第2地区,2021-11-14,京華,京華,都立文京,文京,0,3,,,https://koko-soccer.com/score/2515
2021,新人戦,新人戦（新人選手権大会）第2地区,2021-11-14,都立向丘,向丘,都立小石川中等教育学校,小石川中等教育学校,4,1,,,https://koko-soccer.com/score/2515
2021,新人戦,新人戦（新人選手権大会）第2地区,2021-11-21,巣鴨,巣鴨,郁文館,郁文館,0,1,,,https://koko-soccer.com/score/2515
2021,新人戦,新人戦（新人選手権大会）第2地区,2021-11-14,都立江北,江北,都立足立新田,足立新田,4,2,,,https://koko-soccer.com/score/2515
2021,新人戦,新人戦（新人選手権大会）第2地区,2021-11-21,都立青井,青井,開智日本橋,開智日本橋学園,7,0,,,https://koko-soccer.com/score/2515
2021,新人戦,新人戦（新人選手権大会）第2地区,2021-11-21,豊南,豊南,都立足立,足立,1,1,4,2,https://koko-soccer.com/score/2515
2021,新人戦,新人戦（新人選手権大会）第2地区,2021-11-21,中央大高,中央大学高,都立足立西,足立西,4,1,,,https://koko-soccer.com/score/2515
2021,新人戦,新人戦（新人選手権大会）第2地区,2021-11-21,学習院,学習院,都立竹早,竹早,3,0,,,https://koko-soccer.com/score/2515
2021,新人戦,新人戦（新人選手権大会）第2地区,2021-11-21,京華商,京華商,足立学園,足立学園,0,5,,,https://koko-soccer.com/score/2515
2021,新人戦,新人戦（新人選手権大会）第2地区,2021-11-21,昭和一,昭和一,都立文京,文京,0,3,,,https://koko-soccer.com/score/2515
2021,新人戦,新人戦（新人選手権大会）第2地区,2021-11-21,都立豊島,豊島,本郷,本郷,1,1,5,3,https://koko-soccer.com/score/2515
2021,新人戦,新人戦（新人選手権大会）第2地区,2021-11-21,豊島学院,豊島学院,都立向丘,向丘,4,2,,,https://koko-soccer.com/score/2515
2021,新人戦,新人戦（新人選手権大会）第2地区,2021-11-21,淑徳巣鴨,淑徳巣鴨,筑波大附,筑波大学附属,2,1,,,https://koko-soccer.com/score/2515
2021,新人戦,新人戦（新人選手権大会）第2地区,2021-11-23,郁文館,郁文館,日大豊山,日大豊山,0,3,,,https://koko-soccer.com/score/2515
2021,新人戦,新人戦（新人選手権大会）第2地区,2021-11-28,都立青井,青井,東洋大京北,東洋大京北,0,2,,,https://koko-soccer.com/score/2515
2021,新人戦,新人戦（新人選手権大会）第2地区,2021-11-28,豊南,豊南,中央大高,中央大学高,1,1,1,3,https://koko-soccer.com/score/2515
2021,新人戦,新人戦（新人選手権大会）第2地区,2021-11-28,都立江北,江北,日大豊山,日大豊山,0,3,,,https://koko-soccer.com/score/2515
2021,新人戦,新人戦（新人選手権大会）第2地区,2021-11-28,学習院,学習院,足立学園,足立学園,5,2,,,https://koko-soccer.com/score/2515
2021,新人戦,新人戦（新人選手権大会）第2地区,2021-11-28,都立文京,文京,都立豊島,豊島,0,0,4,2,https://koko-soccer.com/score/2515
2021,新人戦,新人戦（新人選手権大会）第2地区,2021-11-28,豊島学院,豊島学院,淑徳巣鴨,淑徳巣鴨,0,2,,,https://koko-soccer.com/score/2515
2021,新人戦,新人戦（新人選手権大会）第2地区,2021-12-19,駒込,駒込,東洋大京北,東洋大京北,10,1,,,https://koko-soccer.com/score/2515
2021,新人戦,新人戦（新人選手権大会）第2地区,2021-12-19,中央大高,中央大学高,日大豊山,日大豊山,0,8,,,https://koko-soccer.com/score/2515
2021,新人戦,新人戦（新人選手権大会）第2地区,2021-12-19,学習院,学習院,都立文京,文京,3,2,,,https://koko-soccer.com/score/2515
2021,新人戦,新人戦（新人選手権大会）第2地区,2021-12-19,淑徳巣鴨,淑徳巣鴨,立教池袋,立教池袋,2,0,,,https://koko-soccer.com/score/2515
2021,新人戦,新人戦（新人選手権大会）第2地区,2022-01-16,学習院,学習院,淑徳巣鴨,淑徳巣鴨,0,2,,,https://koko-soccer.com/score/2515
2021,新人戦,新人戦（新人選手権大会）第2地区,2022-01-16,駒込,駒込,日大豊山,日大豊山,1,8,,,https://koko-soccer.com/score/2515
2021,新人戦,新人戦（新人選手権大会）第2地区,2022-03-20,駒込,駒込,学習院,学習院,3,2,,,https://koko-soccer.com/score/2515
2021,新人戦,新人戦（新人選手権大会）第2地区,2022-03-20,淑徳巣鴨,淑徳巣鴨,日大豊山,日大豊山,0,3,,,https://koko-soccer.com/score/2515
2021,新人戦,新人戦（新人選手権大会）第3地区,2021-11-13,目白研心,目白研心,都立板橋,板橋,2,0,,,https://koko-soccer.com/score/2516
2021,新人戦,新人戦（新人選手権大会）第3地区,2021-11-21,都立高島,高島,都立北豊島工,北豊島工,2,3,,,https://koko-soccer.com/score/2516
2021,新人戦,新人戦（新人選手権大会）第3地区,2021-11-21,都立大山,大山,岩倉,岩倉,0,6,,,https://koko-soccer.com/score/2516
2021,新人戦,新人戦（新人選手権大会）第3地区,2021-11-21,都立戸山,戸山,渋谷教育学園渋谷,渋谷教育学園渋谷,9,0,,,https://koko-soccer.com/score/2516
2021,新人戦,新人戦（新人選手権大会）第3地区,2021-11-21,都立青山,青山,保善,保善,0,1,,,https://koko-soccer.com/score/2516
2021,新人戦,新人戦（新人選手権大会）第3地区,2021-11-21,武蔵野,武蔵野,都立北園,北園,0,6,,,https://koko-soccer.com/score/2516
2021,新人戦,新人戦（新人選手権大会）第3地区,2021-11-21,城北,城北,都立王子総合,王子総合,14,0,,,https://koko-soccer.com/score/2516
2021,新人戦,新人戦（新人選手権大会）第3地区,2021-11-21,聖学院,聖学院,淑徳,淑徳,1,6,,,https://koko-soccer.com/score/2516
2021,新人戦,新人戦（新人選手権大会）第3地区,2021-11-21,國學院,国学院,都立白鷗,白鷗,3,0,,,https://koko-soccer.com/score/2516
2021,新人戦,新人戦（新人選手権大会）第3地区,2021-11-21,青山学院,青山学院,東京成徳大高,東京成徳大高,1,3,,,https://koko-soccer.com/score/2516
2021,新人戦,新人戦（新人選手権大会）第3地区,2021-11-23,都立上野,上野,大智学園,大智学園,0,2,,,https://koko-soccer.com/score/2516
2021,新人戦,新人戦（新人選手権大会）第3地区,2021-11-23,海城,海城,都立飛鳥,飛鳥,4,0,,,https://koko-soccer.com/score/2516
2021,新人戦,新人戦（新人選手権大会）第3地区,2021-11-23,桜丘,桜丘,早稲田,早稲田,0,4,,,https://koko-soccer.com/score/2516
2021,新人戦,新人戦（新人選手権大会）第3地区,2021-11-23,順天,順天,東京朝鮮中高級学校,東京朝鮮中高級学校,0,4,,,https://koko-soccer.com/score/2516
2021,新人戦,新人戦（新人選手権大会）第3地区,2021-11-28,都立新宿,新宿,成城,成城,1,4,,,https://koko-soccer.com/score/2516
2021,新人戦,新人戦（新人選手権大会）第3地区,2021-12-05,大東大一,大東大一,大智学園,大智学園,2,0,,,https://koko-soccer.com/score/2516
2021,新人戦,新人戦（新人選手権大会）第3地区,2021-12-05,海城,海城,成城,成城,1,1,3,4,https://koko-soccer.com/score/2516
2021,新人戦,新人戦（新人選手権大会）第3地区,2021-12-05,都立北豊島工,北豊島工,岩倉,岩倉,1,1,4,5,https://koko-soccer.com/score/2516
2021,新人戦,新人戦（新人選手権大会）第3地区,2021-12-05,都立戸山,戸山,保善,保善,0,2,,,https://koko-soccer.com/score/2516
2021,新人戦,新人戦（新人選手権大会）第3地区,2021-12-05,目白研心,目白研心,早稲田,早稲田,0,2,,,https://koko-soccer.com/score/2516
2021,新人戦,新人戦（新人選手権大会）第3地区,2021-12-05,國學院,国学院,東京成徳大高,東京成徳大高,0,4,,,https://koko-soccer.com/score/2516
2021,新人戦,新人戦（新人選手権大会）第3地区,2021-12-12,都立北園,北園,東京朝鮮中高級学校,東京朝鮮中高級学校,0,2,,,https://koko-soccer.com/score/2516
2021,新人戦,新人戦（新人選手権大会）第3地区,2021-12-12,城北,城北,淑徳,淑徳,0,1,,,https://koko-soccer.com/score/2516
2021,新人戦,新人戦（新人選手権大会）第3地区,2021-12-19,大東大一,大東大一,成城,成城,3,0,,,https://koko-soccer.com/score/2516
2021,新人戦,新人戦（新人選手権大会）第3地区,2021-12-19,岩倉,岩倉,保善,保善,0,4,,,https://koko-soccer.com/score/2516
2021,新人戦,新人戦（新人選手権大会）第3地区,2021-12-19,早稲田,早稲田,東京朝鮮中高級学校,東京朝鮮中高級学校,1,6,,,https://koko-soccer.com/score/2516
2021,新人戦,新人戦（新人選手権大会）第3地区,2021-12-19,淑徳,淑徳,東京成徳大高,東京成徳大高,1,3,,,https://koko-soccer.com/score/2516
2021,新人戦,新人戦（新人選手権大会）第3地区,2021-11-16,東京朝鮮中高級学校,東京朝鮮中高級学校,東京成徳大高,東京成徳大高,2,0,,,https://koko-soccer.com/score/2516
2021,新人戦,新人戦（新人選手権大会）第3地区,2022-01-16,大東大一,大東大一,保善,保善,3,0,,,https://koko-soccer.com/score/2516
2021,新人戦,新人戦（新人選手権大会）第3地区,2022-03-13,大東大一,大東大一,東京朝鮮中高級学校,東京朝鮮中高級学校,0,1,,,https://koko-soccer.com/score/2516
2021,新人戦,新人戦（新人選手権大会）第4地区,2021-11-14,明治学院,明治学院,文教大付,文教大付,4,0,,,https://koko-soccer.com/score/2517
2021,新人戦,新人戦（新人選手権大会）第4地区,2021-11-14,朋優学院,朋優学院,二松学舎大附,二松学舎大附,1,2,,,https://koko-soccer.com/score/2517
2021,新人戦,新人戦（新人選手権大会）第4地区,2021-11-14,品川翔英,品川翔英,正則,正則,0,0,2,4,https://koko-soccer.com/score/2517
2021,新人戦,新人戦（新人選手権大会）第4地区,2021-11-14,都立雪谷,雪谷,都立八潮,八潮,3,1,,,https://koko-soccer.com/score/2517
2021,新人戦,新人戦（新人選手権大会）第4地区,2021-11-14,麻布,麻布,都立大崎,大崎,5,0,,,https://koko-soccer.com/score/2517
2021,新人戦,新人戦（新人選手権大会）第4地区,2021-11-14,東洋,東洋,区立九段中等教育,九段中等教育,0,1,,,https://koko-soccer.com/score/2517
2021,新人戦,新人戦（新人選手権大会）第4地区,2021-11-20,錦城学園,錦城学園,攻玉社,攻玉社,2,1,,,https://koko-soccer.com/score/2517
2021,新人戦,新人戦（新人選手権大会）第4地区,2021-11-20,正則学園,正則学園,高輪,高輪,1,0,,,https://koko-soccer.com/score/2517
2021,新人戦,新人戦（新人選手権大会）第4地区,2021-11-20,都立つばさ総合,つばさ総合,都立大田桜台,大田桜台,11,0,,,https://koko-soccer.com/score/2517
2021,新人戦,新人戦（新人選手権大会）第4地区,2021-11-20,都立三田,三田,暁星高等学校,暁星,0,2,,,https://koko-soccer.com/score/2517
2021,新人戦,新人戦（新人選手権大会）第4地区,2021-11-21,都立日比谷,日比谷,青稜,青稜,0,4,,,https://koko-soccer.com/score/2517
2021,新人戦,新人戦（新人選手権大会）第4地区,2021-11-21,正則,正則,東工大付,東工大付,0,2,,,https://koko-soccer.com/score/2517
2021,新人戦,新人戦（新人選手権大会）第4地区,2021-11-21,都立小山台,小山台,都立大森,大森,2,0,,,https://koko-soccer.com/score/2517
2021,新人戦,新人戦（新人選手権大会）第4地区,2021-11-21,日体大荏原,日体大荏原,麻布,麻布,3,1,,,https://koko-soccer.com/score/2517
2021,新人戦,新人戦（新人選手権大会）第4地区,2021-11-21,都立美原,美原,都立八丈・三宅,八丈・三宅,13,0,,,https://koko-soccer.com/score/2517
2021,新人戦,新人戦（新人選手権大会）第4地区,2021-11-21,区立九段中等教育,九段中等教育,都立大島海洋国際・大島,大島海洋国際・大島,2,2,4,5,https://koko-soccer.com/score/2517
2021,新人戦,新人戦（新人選手権大会）第4地区,2021-11-23,明治学院,明治学院,二松学舎大附,二松学舎大附,0,0,3,4,https://koko-soccer.com/score/2517
2021,新人戦,新人戦（新人選手権大会）第4地区,2021-11-23,立正大立正,立正大立正,都立田園調布,田園調布,0,0,4,1,https://koko-soccer.com/score/2517
2021,新人戦,新人戦（新人選手権大会）第4地区,2021-11-23,芝,芝,都立雪谷,雪谷,4,2,,,https://koko-soccer.com/score/2517
2021,新人戦,新人戦（新人選手権大会）第4地区,2021-11-23,広尾学園,広尾学園,東京,東京,0,3,,,https://koko-soccer.com/score/2517
2021,新人戦,新人戦（新人選手権大会）第4地区,2021-11-28,二松学舎大附,二松学舎大附,青稜,青稜,0,3,,,https://koko-soccer.com/score/2517
2021,新人戦,新人戦（新人選手権大会）第4地区,2021-11-28,立正大立正,立正大立正,東工大付,東工大付,3,2,,,https://koko-soccer.com/score/2517
2021,新人戦,新人戦（新人選手権大会）第4地区,2021-11-28,芝,芝,錦城学園,錦城学園,1,1,4,5,https://koko-soccer.com/score/2517
2021,新人戦,新人戦（新人選手権大会）第4地区,2021-11-28,正則学園,正則学園,都立小山台,小山台,8,0,,,https://koko-soccer.com/score/2517
2021,新人戦,新人戦（新人選手権大会）第4地区,2021-11-28,日体大荏原,日体大荏原,東京,東京,4,2,,,https://koko-soccer.com/score/2517
2021,新人戦,新人戦（新人選手権大会）第4地区,2021-11-28,都立美原,美原,都立大島海洋国際・大島,大島海洋国際・大島,8,0,,,https://koko-soccer.com/score/2517
2021,新人戦,新人戦（新人選手権大会）第4地区,2021-11-28,都立つばさ総合,つばさ総合,暁星高等学校,暁星,0,2,,,https://koko-soccer.com/score/2517
2021,新人戦,新人戦（新人選手権大会）第4地区,2021-12-18,立正大立正,立正大立正,錦城学園,錦城学園,3,1,,,https://koko-soccer.com/score/2517
2021,新人戦,新人戦（新人選手権大会）第4地区,2021-12-18,正則学園,正則学園,日体大荏原,日体大荏原,2,3,,,https://koko-soccer.com/score/2517
2021,新人戦,新人戦（新人選手権大会）第4地区,2021-12-19,東海大高輪台,東海大高輪台,青稜,青稜,5,0,,,https://koko-soccer.com/score/2517
2021,新人戦,新人戦（新人選手権大会）第4地区,2021-12-19,都立美原,美原,暁星高等学校,暁星,1,6,,,https://koko-soccer.com/score/2517
2021,新人戦,新人戦（新人選手権大会）第4地区,2022-01-15,東海大高輪台,東海大高輪台,立正大立正,立正大立正,2,0,,,https://koko-soccer.com/score/2517
2021,新人戦,新人戦（新人選手権大会）第4地区,2022-01-15,日体大荏原,日体大荏原,暁星高等学校,暁星,0,2,,,https://koko-soccer.com/score/2517
2021,新人戦,新人戦（新人選手権大会）第4地区,2022-01-16,東海大高輪台,東海大高輪台,暁星高等学校,暁星,5,0,,,https://koko-soccer.com/score/2517
2021,新人戦,新人戦（新人選手権大会）第5地区,2021-11-14,日大二,日大二,都立西,西,5,0,,,https://koko-soccer.com/score/2518
2021,新人戦,新人戦（新人選手権大会）第5地区,2021-11-14,都立富士,富士,都立井草,井草,3,2,,,https://koko-soccer.com/score/2518
2021,新人戦,新人戦（新人選手権大会）第5地区,2021-11-14,東大附,東大附属,都立練馬,練馬,0,2,,,https://koko-soccer.com/score/2518
2021,新人戦,新人戦（新人選手権大会）第5地区,2021-11-14,都立田無,田無,都立保谷,保谷,1,2,,,https://koko-soccer.com/score/2518
2021,新人戦,新人戦（新人選手権大会）第5地区,2021-11-14,都立石神井,石神井,文化学園大学杉並中学・高等学校,文化学園大学杉並中学・,4,0,,,https://koko-soccer.com/score/2518
2021,新人戦,新人戦（新人選手権大会）第5地区,2021-11-14,日大鶴ヶ丘,日大鶴ヶ丘,都立杉並総合,杉並総合,2,1,,,https://koko-soccer.com/score/2518
2021,新人戦,新人戦（新人選手権大会）第5地区,2021-11-14,杉並学院,杉並学院,東京立正,東京立正,10,0,,,https://koko-soccer.com/score/2518
2021,新人戦,新人戦（新人選手権大会）第5地区,2021-11-14,都立鷺宮,鷺宮,武蔵,武蔵,2,1,,,https://koko-soccer.com/score/2518
2021,新人戦,新人戦（新人選手権大会）第5地区,2021-11-14,明大中野,明大中野,学芸大国際,学芸大国際,4,0,,,https://koko-soccer.com/score/2518
2021,新人戦,新人戦（新人選手権大会）第5地区,2021-11-14,都立杉並,杉並,佼成学園,佼成学園,1,0,,,https://koko-soccer.com/score/2518
2021,新人戦,新人戦（新人選手権大会）第5地区,2021-11-14,宝仙学園,宝仙学園,中大杉並,中大杉並,0,6,,,https://koko-soccer.com/score/2518
2021,新人戦,新人戦（新人選手権大会）第5地区,2021-11-14,都立第四商,第四商,都立武蔵丘,武蔵丘,0,4,,,https://koko-soccer.com/score/2518
2021,新人戦,新人戦（新人選手権大会）第5地区,2021-11-14,都立大泉,大泉,東亜学園,東亜学園,13,0,,,https://koko-soccer.com/score/2518
2021,新人戦,新人戦（新人選手権大会）第5地区,2021-11-14,武蔵野大千代田,武蔵野大千代田,都立光丘,光丘,0,0,2,4,https://koko-soccer.com/score/2518
2021,新人戦,新人戦（新人選手権大会）第5地区,2021-11-14,都立田無工,田無工,都立豊多摩,豊多摩,0,3,,,https://koko-soccer.com/score/2518
2021,新人戦,新人戦（新人選手権大会）第5地区,2021-11-14,都立練馬工,練馬工,専修大附,専修大附,1,5,,,https://koko-soccer.com/score/2518
2021,新人戦,新人戦（新人選手権大会）第5地区,2021-11-21,日大二,日大二,都立富士,富士,3,1,,,https://koko-soccer.com/score/2518
2021,新人戦,新人戦（新人選手権大会）第5地区,2021-11-21,都立練馬,練馬,都立保谷,保谷,1,6,,,https://koko-soccer.com/score/2518
2021,新人戦,新人戦（新人選手権大会）第5地区,2021-11-21,都立石神井,石神井,日大鶴ヶ丘,日大鶴ヶ丘,2,0,,,https://koko-soccer.com/score/2518
2021,新人戦,新人戦（新人選手権大会）第5地区,2021-11-21,杉並学院,杉並学院,武蔵,武蔵,1,2,,,https://koko-soccer.com/score/2518
2021,新人戦,新人戦（新人選手権大会）第5地区,2021-11-21,明大中野,明大中野,都立鷺宮,鷺宮,0,0,5,4,https://koko-soccer.com/score/2518
2021,新人戦,新人戦（新人選手権大会）第5地区,2021-11-21,中大杉並,中大杉並,都立武蔵丘,武蔵丘,2,0,,,https://koko-soccer.com/score/2518
2021,新人戦,新人戦（新人選手権大会）第5地区,2021-11-21,都立大泉,大泉,都立光丘,光丘,3,0,,,https://koko-soccer.com/score/2518
2021,新人戦,新人戦（新人選手権大会）第5地区,2021-11-21,都立豊多摩,豊多摩,専修大附,専修大附,0,4,,,https://koko-soccer.com/score/2518
2021,新人戦,新人戦（新人選手権大会）第5地区,2021-11-28,日大二,日大二,都立保谷,保谷,0,0,4,1,https://koko-soccer.com/score/2518
2021,新人戦,新人戦（新人選手権大会）第5地区,2021-11-28,都立石神井,石神井,都立鷺宮,鷺宮,1,1,4,5,https://koko-soccer.com/score/2518
2021,新人戦,新人戦（新人選手権大会）第5地区,2021-11-28,明大中野,明大中野,中大杉並,中大杉並,0,1,,,https://koko-soccer.com/score/2518
2021,新人戦,新人戦（新人選手権大会）第5地区,2021-11-28,都立大泉,大泉,専修大附,専修大附,0,2,,,https://koko-soccer.com/score/2518
2021,新人戦,新人戦（新人選手権大会）第5地区,2021-12-12,日大二,日大二,都立鷺宮,鷺宮,0,1,,,https://koko-soccer.com/score/2518
2021,新人戦,新人戦（新人選手権大会）第5地区,2021-12-12,中大杉並,中大杉並,専修大附,専修大附,0,1,,,https://koko-soccer.com/score/2518
2021,新人戦,新人戦（新人選手権大会）第5地区,2021-12-19,都立鷺宮,鷺宮,専修大附,専修大附,2,1,,,https://koko-soccer.com/score/2518
2021,新人戦,新人戦（新人選手権大会）第6地区,2021-11-14,都立桜町,桜町,都立成瀬,成瀬,0,5,,,https://koko-soccer.com/score/2521
2021,新人戦,新人戦（新人選手権大会）第6地区,2021-11-14,都立小川,小川,都立桜修館,桜修館中等,2,1,,,https://koko-soccer.com/score/2521
2021,新人戦,新人戦（新人選手権大会）第6地区,2021-11-14,玉川学園,玉川学園,東農大一,農大一,0,4,,,https://koko-soccer.com/score/2521
2021,新人戦,新人戦（新人選手権大会）第6地区,2021-11-14,都立深沢,深沢,日大櫻丘,日大櫻丘,0,0,2,4,https://koko-soccer.com/score/2521
2021,新人戦,新人戦（新人選手権大会）第6地区,2021-11-14,都立目黒,目黒,東京学芸大附,東京学芸大附,1,1,3,5,https://koko-soccer.com/score/2521
2021,新人戦,新人戦（新人選手権大会）第6地区,2021-11-21,都立総合工科,総合工科,科学技術学園,科学技術学園,5,0,,,https://koko-soccer.com/score/2521
2021,新人戦,新人戦（新人選手権大会）第6地区,2021-11-21,東京都市大等々力,東京都市大等々力,都立松原,松原,3,0,,,https://koko-soccer.com/score/2521
2021,新人戦,新人戦（新人選手権大会）第6地区,2021-11-21,都立千歳丘,千歳丘,都立町田,町田,0,1,,,https://koko-soccer.com/score/2521
2021,新人戦,新人戦（新人選手権大会）第6地区,2021-11-21,三田国際,三田国際,世田谷学園,世田谷学園,3,1,,,https://koko-soccer.com/score/2521
2021,新人戦,新人戦（新人選手権大会）第6地区,2021-11-21,都立芦花,芦花,筑波大駒場,筑波大駒場,0,7,,,https://koko-soccer.com/score/2521
2021,新人戦,新人戦（新人選手権大会）第6地区,2021-11-21,大東学園,大東学園,都立町田総合,町田総合,4,2,,,https://koko-soccer.com/score/2521
2021,新人戦,新人戦（新人選手権大会）第6地区,2021-11-21,日工大駒場,日工大駒場,駒場東邦,駒場東邦,0,4,,,https://koko-soccer.com/score/2521
2021,新人戦,新人戦（新人選手権大会）第6地区,2021-11-21,和光,和光,都立町田工,町田工,4,0,,,https://koko-soccer.com/score/2521
2021,新人戦,新人戦（新人選手権大会）第6地区,2021-11-21,都立総合工科,総合工科,目黒学院,目黒学院,1,4,,,https://koko-soccer.com/score/2521
2021,新人戦,新人戦（新人選手権大会）第6地区,2021-11-23,日本学園,日本学園,都立成瀬,成瀬,2,0,,,https://koko-soccer.com/score/2521
2021,新人戦,新人戦（新人選手権大会）第6地区,2021-11-23,筑波大駒場,筑波大駒場,東京都市大付,都市大付,5,1,,,https://koko-soccer.com/score/2521
2021,新人戦,新人戦（新人選手権大会）第6地区,2021-11-28,都立小川,小川,都立山崎,山崎,7,0,,,https://koko-soccer.com/score/2521
2021,新人戦,新人戦（新人選手権大会）第6地区,2021-11-28,東京都市大等々力,東京都市大等々力,駒場学園,駒場学園,2,5,,,https://koko-soccer.com/score/2521
2021,新人戦,新人戦（新人選手権大会）第6地区,2021-11-28,桜美林,桜美林,都立町田,町田,1,2,,,https://koko-soccer.com/score/2521
2021,新人戦,新人戦（新人選手権大会）第6地区,2021-11-28,日大櫻丘,日大櫻丘,都立国際,国際,2,1,,,https://koko-soccer.com/score/2521
2021,新人戦,新人戦（新人選手権大会）第6地区,2021-11-28,成城学園,成城学園,三田国際,三田国際,7,0,,,https://koko-soccer.com/score/2521
2021,新人戦,新人戦（新人選手権大会）第6地区,2021-11-28,東京学芸大附,東京学芸大附,和光,和光,2,2,3,4,https://koko-soccer.com/score/2521
2021,新人戦,新人戦（新人選手権大会）第6地区,2021-12-05,自由ヶ丘学園,自由ヶ丘学園,東農大一,農大一,1,6,,,https://koko-soccer.com/score/2521
2021,新人戦,新人戦（新人選手権大会）第6地区,2021-12-05,大東学園,大東学園,駒場東邦,駒場東邦,0,0,3,4,https://koko-soccer.com/score/2521
2021,新人戦,新人戦（新人選手権大会）第6地区,2021-12-05,都立狛江,狛江,目黒学院,目黒学院,2,0,,,https://koko-soccer.com/score/2521
2021,新人戦,新人戦（新人選手権大会）第6地区,2021-12-05,東農大一,農大一,駒場学園,駒場学園,2,0,,,https://koko-soccer.com/score/2521
2021,新人戦,新人戦（新人選手権大会）第6地区,2021-12-05,日大三,日大三,日大櫻丘,日大櫻丘,3,1,,,https://koko-soccer.com/score/2521
2021,新人戦,新人戦（新人選手権大会）第6地区,2021-12-05,成城学園,成城学園,筑波大駒場,筑波大駒場,2,1,,,https://koko-soccer.com/score/2521
2021,新人戦,新人戦（新人選手権大会）第6地区,2021-12-12,日本学園,日本学園,都立小川,小川,3,0,,,https://koko-soccer.com/score/2521
2021,新人戦,新人戦（新人選手権大会）第6地区,2021-12-12,都立町田,町田,国士舘,国士舘,0,12,,,https://koko-soccer.com/score/2521
2021,新人戦,新人戦（新人選手権大会）第6地区,2021-12-12,都立野津田,野津田,駒場東邦,駒場東邦,1,0,,,https://koko-soccer.com/score/2521
2021,新人戦,新人戦（新人選手権大会）第6地区,2021-12-12,和光,和光,目黒日大,目黒日大,0,4,,,https://koko-soccer.com/score/2521
2021,新人戦,新人戦（新人選手権大会）第6地区,2021-12-18,東農大一,農大一,国士舘,国士舘,0,3,,,https://koko-soccer.com/score/2521
2021,新人戦,新人戦（新人選手権大会）第6地区,2021-12-18,日大三,日大三,成城学園,成城学園,5,2,,,https://koko-soccer.com/score/2521
2021,新人戦,新人戦（新人選手権大会）第6地区,2021-12-19,都立狛江,狛江,日本学園,日本学園,2,1,,,https://koko-soccer.com/score/2521
2021,新人戦,新人戦（新人選手権大会）第6地区,2021-12-19,都立野津田,野津田,目黒日大,目黒日大,2,0,,,https://koko-soccer.com/score/2521
2021,新人戦,新人戦（新人選手権大会）第6地区,2022-01-16,都立狛江,狛江,国士舘,国士舘,0,2,,,https://koko-soccer.com/score/2521
2021,新人戦,新人戦（新人選手権大会）第6地区,2022-03-19,日大三,日大三,都立野津田,野津田,1,0,,,https://koko-soccer.com/score/2521
2021,新人戦,新人戦（新人選手権大会）第6地区,,国士舘,国士舘,日大三,日大三,1,0,,,https://koko-soccer.com/score/2521
2021,新人戦,新人戦（新人選手権大会）第7地区,2021-11-14,都立三鷹中等教育学校,三鷹中等教育学校,都立永山,永山,3,0,,,https://koko-soccer.com/score/2520
2021,新人戦,新人戦（新人選手権大会）第7地区,2021-11-14,都立立川国際中等教育学校,立川国際中等教育学校,帝京大高,帝京大高,2,2,4,2,https://koko-soccer.com/score/2520
2021,新人戦,新人戦（新人選手権大会）第7地区,2021-11-14,工学院大附,工学院大附,都立翔陽,翔陽,7,0,,,https://koko-soccer.com/score/2520
2021,新人戦,新人戦（新人選手権大会）第7地区,2021-11-14,都立府中工,府中工科,都立国立,国立,0,8,,,https://koko-soccer.com/score/2520
2021,新人戦,新人戦（新人選手権大会）第7地区,2021-11-14,八王子実践,八王子実践,都立日野,日野,1,0,,,https://koko-soccer.com/score/2520
2021,新人戦,新人戦（新人選手権大会）第7地区,2021-11-14,南多摩中等,南多摩中等,都立片倉,片倉,1,15,,,https://koko-soccer.com/score/2520
2021,新人戦,新人戦（新人選手権大会）第7地区,2021-11-14,都立調布北,調布北,都立府中,府中,0,0,2,4,https://koko-soccer.com/score/2520
2021,新人戦,新人戦（新人選手権大会）第7地区,2021-11-14,明星学園,明星学園,都立松が谷,松が谷,0,2,,,https://koko-soccer.com/score/2520
2021,新人戦,新人戦（新人選手権大会）第7地区,2021-11-14,明星,明星,都立神代,神代,0,1,,,https://koko-soccer.com/score/2520
2021,新人戦,新人戦（新人選手権大会）第7地区,2021-11-21,都立三鷹中等教育学校,三鷹中等教育学校,八王子,八王子,4,0,,,https://koko-soccer.com/score/2520
2021,新人戦,新人戦（新人選手権大会）第7地区,2021-11-21,法政大高,法政大高,都立立川国際中等教育学校,立川国際中等教育学校,2,2,2,4,https://koko-soccer.com/score/2520
2021,新人戦,新人戦（新人選手権大会）第7地区,2021-11-21,工学院大附,工学院大附,明大明治,明大明治,1,0,,,https://koko-soccer.com/score/2520
2021,新人戦,新人戦（新人選手権大会）第7地区,2021-11-21,都立国立,国立,都立五商,五商,7,0,,,https://koko-soccer.com/score/2520
2021,新人戦,新人戦（新人選手権大会）第7地区,2021-11-21,都立八王子東,八王子東,八王子実践,八王子実践,1,1,2,4,https://koko-soccer.com/score/2520
2021,新人戦,新人戦（新人選手権大会）第7地区,2021-11-21,都立片倉,片倉,都立南平,南平,3,0,,,https://koko-soccer.com/score/2520
2021,新人戦,新人戦（新人選手権大会）第7地区,2021-11-21,都立府中西,府中西,都立富士森,富士森,1,4,,,https://koko-soccer.com/score/2520
2021,新人戦,新人戦（新人選手権大会）第7地区,2021-11-21,都立府中,府中,桐朋,桐朋,1,5,,,https://koko-soccer.com/score/2520
2021,新人戦,新人戦（新人選手権大会）第7地区,2021-11-21,都立調布南,調布南,都立松が谷,松が谷,1,4,,,https://koko-soccer.com/score/2520
2021,新人戦,新人戦（新人選手権大会）第7地区,2021-11-21,穎明館,穎明館,帝京八王子,帝京八王子,4,3,,,https://koko-soccer.com/score/2520
2021,新人戦,新人戦（新人選手権大会）第7地区,2021-11-21,都立八王子北,八王子北,都立神代,神代,2,0,,,https://koko-soccer.com/score/2520
2021,新人戦,新人戦（新人選手権大会）第7地区,2021-12-12,都立府中東,府中東,都立三鷹中等教育学校,三鷹中等教育学校,3,4,,,https://koko-soccer.com/score/2520
2021,新人戦,新人戦（新人選手権大会）第7地区,2021-12-12,都立立川国際中等教育学校,立川国際中等教育学校,工学院大附,工学院大附,0,5,,,https://koko-soccer.com/score/2520
2021,新人戦,新人戦（新人選手権大会）第7地区,2021-12-12,都立日野台,日野台,都立国立,国立,3,0,,,https://koko-soccer.com/score/2520
2021,新人戦,新人戦（新人選手権大会）第7地区,2021-12-12,八王子実践,八王子実践,都立立川,立川,0,5,,,https://koko-soccer.com/score/2520
2021,新人戦,新人戦（新人選手権大会）第7地区,2021-12-12,昭和第一学園,昭和第一学園,都立片倉,片倉,1,0,,,https://koko-soccer.com/score/2520
2021,新人戦,新人戦（新人選手権大会）第7地区,2021-12-12,都立富士森,富士森,桐朋,桐朋,0,4,,,https://koko-soccer.com/score/2520
2021,新人戦,新人戦（新人選手権大会）第7地区,2021-12-12,都立松が谷,松が谷,穎明館,穎明館,4,2,,,https://koko-soccer.com/score/2520
2021,新人戦,新人戦（新人選手権大会）第7地区,2021-12-12,都立八王子北,八王子北,明大中野八王子,明大中野八王子,0,4,,,https://koko-soccer.com/score/2520
2021,新人戦,新人戦（新人選手権大会）第7地区,2021-12-19,都立三鷹中等教育学校,三鷹中等教育学校,工学院大附,工学院大附,4,1,,,https://koko-soccer.com/score/2520
2021,新人戦,新人戦（新人選手権大会）第7地区,2021-12-19,都立日野台,日野台,都立立川,立川,3,0,,,https://koko-soccer.com/score/2520
2021,新人戦,新人戦（新人選手権大会）第7地区,2021-12-19,昭和第一学園,昭和第一学園,桐朋,桐朋,0,0,6,5,https://koko-soccer.com/score/2520
2021,新人戦,新人戦（新人選手権大会）第7地区,2021-12-19,都立松が谷,松が谷,明大中野八王子,明大中野八王子,1,1,5,6,https://koko-soccer.com/score/2520
2021,新人戦,新人戦（新人選手権大会）第7地区,2022-01-16,都立三鷹中等教育学校,三鷹中等教育学校,都立日野台,日野台,0,1,,,https://koko-soccer.com/score/2520
2021,新人戦,新人戦（新人選手権大会）第7地区,2022-01-16,昭和第一学園,昭和第一学園,明大中野八王子,明大中野八王子,2,0,,,https://koko-soccer.com/score/2520
2021,新人戦,新人戦（新人選手権大会）第7地区,2022-03-21,都立三鷹中等教育学校,三鷹中等教育学校,明大中野八王子,明大中野八王子,2,0,,,https://koko-soccer.com/score/2520
2021,新人戦,新人戦（新人選手権大会）第7地区,2022-03-21,都立日野台,日野台,昭和第一学園,昭和第一学園,1,0,,,https://koko-soccer.com/score/2520
2021,新人戦,新人戦（新人選手権大会）第8地区,2021-11-14,都立昭和,昭和,都立小平,小平,2,0,,,https://koko-soccer.com/score/2519
2021,新人戦,新人戦（新人選手権大会）第8地区,2021-11-14,都立多摩科学技術,多摩科学技術,中大附,中大附属,2,4,,,https://koko-soccer.com/score/2519
2021,新人戦,新人戦（新人選手権大会）第8地区,2021-11-14,東京電機大高,東京電機大学,都立上水,上水,5,0,,,https://koko-soccer.com/score/2519
2021,新人戦,新人戦（新人選手権大会）第8地区,2021-11-14,明学東村山,明治学院東村山,都立東大和南,東大和南,0,1,,,https://koko-soccer.com/score/2519
2021,新人戦,新人戦（新人選手権大会）第8地区,2021-11-14,国際基督教大高,国際基督教大高,聖徳学園,聖徳学園,2,1,,,https://koko-soccer.com/score/2519
2021,新人戦,新人戦（新人選手権大会）第8地区,2021-11-14,啓明学園,啓明学園,都立小金井北,小金井北,1,3,,,https://koko-soccer.com/score/2519
2021,新人戦,新人戦（新人選手権大会）第8地区,2021-11-14,明法,明法,都立秋留台,秋留台,4,0,,,https://koko-soccer.com/score/2519
2021,新人戦,新人戦（新人選手権大会）第8地区,2021-11-14,都立青梅総合,青梅総合,都立福生,福生,1,4,,,https://koko-soccer.com/score/2519
2021,新人戦,新人戦（新人選手権大会）第8地区,2021-11-14,成蹊,成蹊,都立久留米西,久留米西,4,0,,,https://koko-soccer.com/score/2519
2021,新人戦,新人戦（新人選手権大会）第8地区,2021-11-14,都立武蔵野北,武蔵野北,都立多摩,多摩,1,1,4,5,https://koko-soccer.com/score/2519
2021,新人戦,新人戦（新人選手権大会）第8地区,2021-11-14,都立多摩工,多摩工,中央国際,中央国際,0,5,,,https://koko-soccer.com/score/2519
2021,新人戦,新人戦（新人選手権大会）第8地区,2021-11-14,都立小平南,小平南,都立拝島,拝島,2,0,,,https://koko-soccer.com/score/2519
2021,新人戦,新人戦（新人選手権大会）第8地区,2021-11-14,都立東村山,東村山,都立清瀬,清瀬,0,3,,,https://koko-soccer.com/score/2519
2021,新人戦,新人戦（新人選手権大会）第8地区,2021-11-14,都立羽村,羽村,都立武蔵,都立武蔵,1,0,,,https://koko-soccer.com/score/2519
2021,新人戦,新人戦（新人選手権大会）第8地区,2021-11-23,都立昭和,昭和,中大附,中大附属,0,1,,,https://koko-soccer.com/score/2519
2021,新人戦,新人戦（新人選手権大会）第8地区,2021-11-23,東京電機大高,東京電機大学,都立東大和南,東大和南,0,3,,,https://koko-soccer.com/score/2519
2021,新人戦,新人戦（新人選手権大会）第8地区,2021-11-23,国際基督教大高,国際基督教大高,都立小金井北,小金井北,0,6,,,https://koko-soccer.com/score/2519
2021,新人戦,新人戦（新人選手権大会）第8地区,2021-11-23,明法,明法,都立小平西,小平西,3,0,,,https://koko-soccer.com/score/2519
2021,新人戦,新人戦（新人選手権大会）第8地区,2021-11-23,都立福生,福生,成蹊,成蹊,1,2,,,https://koko-soccer.com/score/2519
2021,新人戦,新人戦（新人選手権大会）第8地区,2021-11-23,都立多摩,多摩,中央国際,中央国際,3,2,,,https://koko-soccer.com/score/2519
2021,新人戦,新人戦（新人選手権大会）第8地区,2021-11-23,都立小平南,小平南,都立清瀬,清瀬,3,0,,,https://koko-soccer.com/score/2519
2021,新人戦,新人戦（新人選手権大会）第8地区,2021-11-23,都立羽村,羽村,錦城,錦城,4,4,3,4,https://koko-soccer.com/score/2519
2021,新人戦,新人戦（新人選手権大会）第8地区,2021-12-05,都立東大和南,東大和南,創価,創価,1,5,,,https://koko-soccer.com/score/2519
2021,新人戦,新人戦（新人選手権大会）第8地区,2021-12-05,明法,明法,都立武蔵村山,武蔵村山,0,1,,,https://koko-soccer.com/score/2519
2021,新人戦,新人戦（新人選手権大会）第8地区,2021-12-05,都立東大和,東大和,成蹊,成蹊,3,1,,,https://koko-soccer.com/score/2519
2021,新人戦,新人戦（新人選手権大会）第8地区,2021-12-05,都立多摩,多摩,都立東村山西,東村山西,2,2,8,9,https://koko-soccer.com/score/2519
2021,新人戦,新人戦（新人選手権大会）第8地区,2021-12-12,都立国分寺,国分寺,中大附,中大附属,3,0,,,https://koko-soccer.com/score/2519
2021,新人戦,新人戦（新人選手権大会）第8地区,2021-12-12,都立東久留米総合,東久留米総合,都立小金井北,小金井北,9,0,,,https://koko-soccer.com/score/2519
2021,新人戦,新人戦（新人選手権大会）第8地区,2021-12-12,東海大菅生,東海大菅生,都立小平南,小平南,7,1,,,https://koko-soccer.com/score/2519
2021,新人戦,新人戦（新人選手権大会）第8地区,2021-12-12,錦城,錦城,拓大一高,拓大一高,0,3,,,https://koko-soccer.com/score/2519
2021,新人戦,新人戦（新人選手権大会）第8地区,2021-12-19,都立国分寺,国分寺,創価,創価,1,0,,,https://koko-soccer.com/score/2519
2021,新人戦,新人戦（新人選手権大会）第8地区,2021-12-19,都立東久留米総合,東久留米総合,都立武蔵村山,武蔵村山,3,1,,,https://koko-soccer.com/score/2519
2021,新人戦,新人戦（新人選手権大会）第8地区,2021-12-19,都立東大和,東大和,都立東村山西,東村山西,5,0,,,https://koko-soccer.com/score/2519
2021,新人戦,新人戦（新人選手権大会）第8地区,2021-12-19,東海大菅生,東海大菅生,拓大一高,拓大一高,1,1,4,5,https://koko-soccer.com/score/2519
2021,新人戦,新人戦（新人選手権大会）第8地区,2022-01-16,都立国分寺,国分寺,都立東久留米総合,東久留米総合,0,2,,,https://koko-soccer.com/score/2519
2021,新人戦,新人戦（新人選手権大会）第8地区,2022-01-17,都立東大和,東大和,拓大一高,拓大一高,3,1,,,https://koko-soccer.com/score/2519
2021,新人戦,新人戦（新人選手権大会）第8地区,2022-03-19,都立国分寺,国分寺,拓大一高,拓大一高,1,0,,,https://koko-soccer.com/score/2519
2021,新人戦,新人戦（新人選手権大会）第8地区,2022-03-19,都立東久留米総合,東久留米総合,都立東大和,東大和,4,0,,,https://koko-soccer.com/score/2519
2021,総体,予選,2021-05-09,東京 （東京）,東京,大成 （東京）,大成,2,3,,,https://koko-soccer.com/score/2308
2021,総体,予選,2021-05-09,東農大一 （東京）,農大一,目白研心 （東京）,目白研心,0,2,,,https://koko-soccer.com/score/2308
2021,総体,予選,2021-05-09,東海大高輪台 （東京）,東海大高輪台,青稜 （東京）,青稜,1,0,,,https://koko-soccer.com/score/2308
2021,総体,予選,2021-05-09,日大二 （東京）,日大二,都立昭和 （東京）,昭和,5,1,,,https://koko-soccer.com/score/2308
2021,総体,予選,2021-05-09,都立南葛飾 （東京）,南葛飾,都立日野台 （東京）,日野台,0,6,,,https://koko-soccer.com/score/2308
2021,総体,予選,2021-05-09,都立豊多摩 （東京）,豊多摩,多摩大目黒 （東京）,多摩大学目黒,0,6,,,https://koko-soccer.com/score/2308
2021,総体,予選,2021-05-09,朋優学院 （東京）,朋優学院,都立美原 （東京）,美原,0,5,,,https://koko-soccer.com/score/2308
2021,総体,予選,2021-05-09,都立東大和南 （東京）,東大和南,目黒学院 （東京）,目黒学院,3,1,,,https://koko-soccer.com/score/2308
2021,総体,予選,2021-05-09,都立狛江 （東京）,狛江,堀越 （東京）,堀越,2,3,,,https://koko-soccer.com/score/2308
2021,総体,予選,2021-05-09,都立小松川 （東京）,小松川,大森学園 （東京）,大森学園,1,4,,,https://koko-soccer.com/score/2308
2021,総体,予選,2021-05-09,日大三 （東京）,日大三,都立東久留米総合 （東京）,東久留米総合,2,0,,,https://koko-soccer.com/score/2308
2021,総体,予選,2021-05-09,立教池袋 （東京）,立教池袋,都立墨田川 （東京）,墨田川,1,0,,,https://koko-soccer.com/score/2308
2021,総体,予選,2021-05-09,都立東大和 （東京）,東大和,都立鷺宮 （東京）,鷺宮,4,0,,,https://koko-soccer.com/score/2308
2021,総体,予選,2021-05-09,早大学院 （東京）,早大学院,都立田無 （東京）,田無,5,0,,,https://koko-soccer.com/score/2308
2021,総体,予選,2021-05-09,駒澤大学高等学校 （東京）,駒澤大高,暁星高等学校 （東京）,暁星,0,1,,,https://koko-soccer.com/score/2308
2021,総体,予選,2021-05-09,明星学園 （東京）,明星学園,東京都市大付 （東京）,都市大付,6,0,,,https://koko-soccer.com/score/2308
2021,総体,予選,2021-05-09,都立国分寺 （東京）,国分寺,創価 （東京）,創価,1,0,,,https://koko-soccer.com/score/2308
2021,総体,予選,2021-05-09,都立武蔵丘 （東京）,武蔵丘,都立足立 （東京）,足立,3,2,,,https://koko-soccer.com/score/2308
2021,総体,予選,2021-05-09,都立石神井 （東京）,石神井,東京実業 （東京）,東京実業,1,2,,,https://koko-soccer.com/score/2308
2021,総体,予選,2021-05-09,修徳 （東京）,修徳,都立武蔵村山 （東京）,武蔵村山,9,0,,,https://koko-soccer.com/score/2308
2021,総体,予選,2021-05-09,日大豊山 （東京）,日大豊山,日体大荏原 （東京）,日体大荏原,1,2,,,https://koko-soccer.com/score/2308
2021,総体,予選,2021-05-09,大東大一 （東京）,大東大一,都立武蔵野北 （東京）,武蔵野北,4,0,,,https://koko-soccer.com/score/2308
2021,総体,予選,2021-05-09,攻玉社 （東京）,攻玉社,本郷 （東京）,本郷,2,1,,,https://koko-soccer.com/score/2308
2021,総体,予選,2021-05-09,駒込 （東京）,駒込,早稲田実業 （東京）,早稲田実業,0,7,,,https://koko-soccer.com/score/2308
2021,総体,予選,2021-05-09,都立府中東 （東京）,府中東,東京朝鮮中高級学校 （東京）,東京朝鮮中高級学校,1,1,5,3,https://koko-soccer.com/score/2308
2021,総体,予選,2021-05-09,国士舘 （東京）,国士舘,都立葛飾野 （東京）,葛飾野,1,2,,,https://koko-soccer.com/score/2308
2021,総体,予選,2021-05-09,都立文京 （東京）,文京,拓大一高 （東京）,拓大一高,0,1,,,https://koko-soccer.com/score/2308
2021,総体,予選,2021-05-15,大成 （東京）,大成,目白研心 （東京）,目白研心,1,0,,,https://koko-soccer.com/score/2308
2021,総体,予選,2021-05-15,都立日野台 （東京）,日野台,多摩大目黒 （東京）,多摩大学目黒,2,1,,,https://koko-soccer.com/score/2308
2021,総体,予選,2021-05-15,関東一 （東京）,関東第一,都立美原 （東京）,美原,5,0,,,https://koko-soccer.com/score/2308
2021,総体,予選,2021-05-15,都立駒場 （東京）,駒場,都立東大和南 （東京）,東大和南,6,1,,,https://koko-soccer.com/score/2308
2021,総体,予選,2021-05-15,堀越 （東京）,堀越,大森学園 （東京）,大森学園,4,0,,,https://koko-soccer.com/score/2308
2021,総体,予選,2021-05-15,成立学園 （東京）,成立学園,都立東大和 （東京）,東大和,4,0,,,https://koko-soccer.com/score/2308
2021,総体,予選,2021-05-15,東海大菅生 （東京）,東海大菅生,早大学院 （東京）,早大学院,0,1,,,https://koko-soccer.com/score/2308
2021,総体,予選,2021-05-15,都立国分寺 （東京）,国分寺,都立武蔵丘 （東京）,武蔵丘,1,0,,,https://koko-soccer.com/score/2308
2021,総体,予選,2021-05-15,駿台学園 （東京）,駿台学園,東京実業 （東京）,東京実業,2,1,,,https://koko-soccer.com/score/2308
2021,総体,予選,2021-05-15,修徳 （東京）,修徳,日体大荏原 （東京）,日体大荏原,2,0,,,https://koko-soccer.com/score/2308
2021,総体,予選,2021-05-15,大東大一 （東京）,大東大一,攻玉社 （東京）,攻玉社,0,1,,,https://koko-soccer.com/score/2308
2021,総体,予選,2021-05-15,都立葛飾野 （東京）,葛飾野,拓大一高 （東京）,拓大一高,2,0,,,https://koko-soccer.com/score/2308
2021,総体,予選,2021-05-16,東海大高輪台 （東京）,東海大高輪台,日大二 （東京）,日大二,0,1,,,https://koko-soccer.com/score/2308
2021,総体,予選,2021-05-16,日大三 （東京）,日大三,立教池袋 （東京）,立教池袋,4,0,,,https://koko-soccer.com/score/2308
2021,総体,予選,2021-05-16,暁星高等学校 （東京）,暁星,明星学園 （東京）,明星学園,2,0,,,https://koko-soccer.com/score/2308
2021,総体,予選,2021-05-16,早稲田実業 （東京）,早稲田実業,都立府中東 （東京）,府中東,2,0,,,https://koko-soccer.com/score/2308
2021,総体,予選,2021-05-23,大成 （東京）,大成,日大二 （東京）,日大二,1,0,,,https://koko-soccer.com/score/2308
2021,総体,予選,2021-05-23,都立日野台 （東京）,日野台,関東一 （東京）,関東第一,0,2,,,https://koko-soccer.com/score/2308
2021,総体,予選,2021-05-23,早大学院 （東京）,早大学院,暁星高等学校 （東京）,暁星,0,2,,,https://koko-soccer.com/score/2308
2021,総体,予選,2021-05-23,都立国分寺 （東京）,国分寺,駿台学園 （東京）,駿台学園,1,4,,,https://koko-soccer.com/score/2308
2021,総体,予選,2021-05-23,修徳 （東京）,修徳,攻玉社 （東京）,攻玉社,3,1,,,https://koko-soccer.com/score/2308
2021,総体,予選,2021-05-23,早稲田実業 （東京）,早稲田実業,都立葛飾野 （東京）,葛飾野,3,0,,,https://koko-soccer.com/score/2308
2021,総体,予選,2021-05-29,都立駒場 （東京）,駒場,堀越 （東京）,堀越,0,3,,,https://koko-soccer.com/score/2308
2021,総体,予選,2021-05-29,暁星高等学校 （東京）,暁星,駿台学園 （東京）,駿台学園,0,1,,,https://koko-soccer.com/score/2308
2021,総体,予選,2021-05-29,修徳 （東京）,修徳,早稲田実業 （東京）,早稲田実業,0,3,,,https://koko-soccer.com/score/2308
2021,総体,予選,2021-05-30,大成 （東京）,大成,関東一 （東京）,関東第一,0,0,4,2,https://koko-soccer.com/score/2308
2021,総体,予選,2021-05-30,日大三 （東京）,日大三,成立学園 （東京）,成立学園,1,6,,,https://koko-soccer.com/score/2308
2021,総体,予選,2021-06-12,帝京 （東京）,帝京,大成 （東京）,大成,2,0,,,https://koko-soccer.com/score/2308
2021,総体,予選,2021-06-12,國學院久我山 （東京）,国学院久我山,駿台学園 （東京）,駿台学園,1,2,,,https://koko-soccer.com/score/2308
2021,総体,予選,2021-06-13,堀越 （東京）,堀越,成立学園 （東京）,成立学園,2,0,,,https://koko-soccer.com/score/2308
2021,総体,予選,2021-06-13,早稲田実業 （東京）,早稲田実業,実践学園 （東京）,実践学園,0,1,,,https://koko-soccer.com/score/2308
2021,総体,予選,2021-06-19,帝京 （東京）,帝京,堀越 （東京）,堀越,3,2,,,https://koko-soccer.com/score/2308
2021,総体,予選,2021-06-19,駿台学園 （東京）,駿台学園,実践学園 （東京）,実践学園,1,3,,,https://koko-soccer.com/score/2308
2021,総体,予選,2021-06-20,帝京 （東京）,帝京,実践学園 （東京）,実践学園,0,1,,,https://koko-soccer.com/score/2308
2021,総体,予選南支部,2021-04-25,駒場東邦,駒場東邦,都立田無工,田無工,0,0,3,4,https://koko-soccer.com/score/2356
2021,総体,予選南支部,2021-04-25,日大櫻丘,日大櫻丘,都立松原,松原,1,0,,,https://koko-soccer.com/score/2356
2021,総体,予選南支部,2021-04-25,都立大泉,大泉,佼成学園,佼成学園,1,1,5,3,https://koko-soccer.com/score/2356
2021,総体,予選南支部,2021-04-25,目黒日大,目黒日大,三田国際,三田国際,2,1,,,https://koko-soccer.com/score/2356
2021,総体,予選南支部,2021-04-25,国際,国際,武蔵,武蔵,0,2,,,https://koko-soccer.com/score/2356
2021,総体,予選南支部,2021-04-25,桜美林,桜美林,明大中野,明大中野,2,3,,,https://koko-soccer.com/score/2356
2021,総体,予選南支部,2021-04-25,都立若葉総合,若葉総合,都立第四商,第四商,2,2,3,4,https://koko-soccer.com/score/2356
2021,総体,予選南支部,2021-04-25,都立成瀬,成瀬,都立杉並総合,杉並総合,1,0,,,https://koko-soccer.com/score/2356
2021,総体,予選南支部,2021-04-25,自由ヶ丘学園,自由ヶ丘学園,東京都市大等々力,東京都市大等々力,1,2,,,https://koko-soccer.com/score/2356
2021,総体,予選南支部,2021-04-25,東京立正,東京立正,都立桜町,桜町,0,3,,,https://koko-soccer.com/score/2356
2021,総体,予選南支部,2021-04-25,都立野津田,野津田,都立千歳丘,千歳丘,1,0,,,https://koko-soccer.com/score/2356
2021,総体,予選南支部,2021-04-25,専修大附,専修大附,都立小川,小川,3,0,,,https://koko-soccer.com/score/2356
2021,総体,予選南支部,2021-04-25,筑波大駒場,筑波大駒場,都立西,西,2,3,,,https://koko-soccer.com/score/2356
2021,総体,予選南支部,2021-04-25,都立芦花,芦花,都立杉並工,杉並工,1,1,5,4,https://koko-soccer.com/score/2356
2021,総体,予選南支部,2021-04-25,杉並学院,杉並学院,都立田無,田無,1,5,,,https://koko-soccer.com/score/2356
2021,総体,予選南支部,2021-04-25,科学技術学園,科学技術学園,都立山崎,山崎,1,4,,,https://koko-soccer.com/score/2356
2021,総体,予選南支部,2021-04-25,都立武蔵丘,武蔵丘,都立田柄,田柄,8,1,,,https://koko-soccer.com/score/2356
2021,総体,予選南支部,2021-04-25,世田谷学園,世田谷学園,都立井草,井草,0,4,,,https://koko-soccer.com/score/2356
2021,総体,予選南支部,2021-04-25,和光,和光,都立町田工,町田工,8,0,,,https://koko-soccer.com/score/2356
2021,総体,予選南支部,2021-04-25,都立総合工科,総合工科,目黒学院,目黒学院,0,4,,,https://koko-soccer.com/score/2356
2021,総体,予選南支部,2021-04-25,都立練馬工,練馬工,東京学芸大附,東京学芸大附,0,5,,,https://koko-soccer.com/score/2356
2021,総体,予選南支部,2021-04-25,東大附,東大附属,都立練馬,練馬,1,0,,,https://koko-soccer.com/score/2356
2021,総体,予選南支部,2021-04-25,東京都市大付,都市大付,目黒,目黒,0,0,5,3,https://koko-soccer.com/score/2356
2021,総体,予選南支部,2021-04-25,日工大駒場,日工大駒場,都立光丘,光丘,0,4,,,https://koko-soccer.com/score/2356
2021,総体,予選南支部,2021-04-25,日大鶴ヶ丘,日大鶴ヶ丘,都立町田総合,町田総合,8,0,,,https://koko-soccer.com/score/2356
2021,総体,予選南支部,2021-04-25,玉川学園,玉川学園,学芸大国際,学芸大国際,1,0,,,https://koko-soccer.com/score/2356
2021,総体,予選南支部,2021-04-25,都立富士,富士,成城学園,成城学園,0,2,,,https://koko-soccer.com/score/2356
2021,総体,予選南支部,2021-04-25,都立杉並,杉並,都立町田,町田,1,1,5,3,https://koko-soccer.com/score/2356
2021,総体,予選南支部,2021-04-25,都立深沢,深沢,都立鷺宮,鷺宮,0,5,,,https://koko-soccer.com/score/2356
2021,総体,予選南支部,2021-04-25,都立桜修館中等,桜修館中等,文化学園大学杉並中学・高等学校,文化学園大学杉並中学・,4,1,,,https://koko-soccer.com/score/2356
2021,総体,予選南支部,2021-04-25,宝仙学園,宝仙学園,都立保谷,保谷,1,7,,,https://koko-soccer.com/score/2356
2021,総体,予選南支部,2021-04-29,早大学院,早大学院,都立田無工,田無工,4,0,,,https://koko-soccer.com/score/2356
2021,総体,予選南支部,2021-04-29,日大櫻丘,日大櫻丘,都立大泉,大泉,1,1,3,4,https://koko-soccer.com/score/2356
2021,総体,予選南支部,2021-04-29,都立豊多摩,豊多摩,目黒日大,目黒日大,5,0,,,https://koko-soccer.com/score/2356
2021,総体,予選南支部,2021-04-29,武蔵,武蔵,明大中野,明大中野,4,1,,,https://koko-soccer.com/score/2356
2021,総体,予選南支部,2021-04-29,都立石神井,石神井,都立第四商,第四商,2,0,,,https://koko-soccer.com/score/2356
2021,総体,予選南支部,2021-04-29,都立成瀬,成瀬,東京都市大等々力,東京都市大等々力,2,0,,,https://koko-soccer.com/score/2356
2021,総体,予選南支部,2021-04-29,日大二,日大二,都立桜町,桜町,2,0,,,https://koko-soccer.com/score/2356
2021,総体,予選南支部,2021-04-29,都立野津田,野津田,専修大附,専修大附,1,0,,,https://koko-soccer.com/score/2356
2021,総体,予選南支部,2021-04-29,大東学園,大東学園,都立西,西,4,2,,,https://koko-soccer.com/score/2356
2021,総体,予選南支部,2021-04-29,都立芦花,芦花,都立田無,田無,0,6,,,https://koko-soccer.com/score/2356
2021,総体,予選南支部,2021-04-29,日本学園,日本学園,都立山崎,山崎,2,0,,,https://koko-soccer.com/score/2356
2021,総体,予選南支部,2021-04-29,都立武蔵丘,武蔵丘,都立井草,井草,2,0,,,https://koko-soccer.com/score/2356
2021,総体,予選南支部,2021-04-29,駒場学園,駒場学園,和光,和光,2,0,,,https://koko-soccer.com/score/2356
2021,総体,予選南支部,2021-04-29,目黒学院,目黒学院,東京学芸大附,東京学芸大附,2,0,,,https://koko-soccer.com/score/2356
2021,総体,予選南支部,2021-04-29,中大杉並,中大杉並,東京大付,東京大付,2,0,,,https://koko-soccer.com/score/2356
2021,総体,予選南支部,2021-04-29,東京都市大付,都市大付,都立光丘,光丘,3,1,,,https://koko-soccer.com/score/2356
2021,総体,予選南支部,2021-04-29,東農大一,農大一,日大鶴ヶ丘,日大鶴ヶ丘,2,2,6,5,https://koko-soccer.com/score/2356
2021,総体,予選南支部,2021-04-29,玉川学園,玉川学園,成城学園,成城学園,2,2,5,4,https://koko-soccer.com/score/2356
2021,総体,予選南支部,2021-04-29,都立杉並,杉並,都立鷺宮,鷺宮,0,3,,,https://koko-soccer.com/score/2356
2021,総体,予選南支部,2021-04-29,都立桜修館中等,桜修館中等,都立保谷,保谷,0,3,,,https://koko-soccer.com/score/2356
2021,総体,予選南支部,2021-05-02,早大学院,早大学院,都立大泉,大泉,3,0,,,https://koko-soccer.com/score/2356
2021,総体,予選南支部,2021-05-02,都立豊多摩,豊多摩,武蔵,武蔵,0,0,5,4,https://koko-soccer.com/score/2356
2021,総体,予選南支部,2021-05-02,都立石神井,石神井,都立成瀬,成瀬,5,0,,,https://koko-soccer.com/score/2356
2021,総体,予選南支部,2021-05-02,日大二,日大二,都立野津田,野津田,0,0,4,3,https://koko-soccer.com/score/2356
2021,総体,予選南支部,2021-05-02,大東学園,大東学園,都立田無,田無,1,1,4,5,https://koko-soccer.com/score/2356
2021,総体,予選南支部,2021-05-02,日本学園,日本学園,都立武蔵丘,武蔵丘,0,0,5,6,https://koko-soccer.com/score/2356
2021,総体,予選南支部,2021-05-02,駒場学園,駒場学園,目黒学院,目黒学院,2,3,,,https://koko-soccer.com/score/2356
2021,総体,予選南支部,2021-05-02,中大杉並,中大杉並,東京都市大付,都市大付,0,0,4,5,https://koko-soccer.com/score/2356
2021,総体,予選南支部,2021-05-02,東農大一,農大一,玉川学園,玉川学園,2,0,,,https://koko-soccer.com/score/2356
2021,総体,予選南支部,2021-05-02,都立鷺宮,鷺宮,都立保谷,保谷,4,0,,,https://koko-soccer.com/score/2356
2021,総体,予選東支部,2021-04-25,都立葛西南,葛西南,中央学院大中央,中央学院大学中央,2,1,,,https://koko-soccer.com/score/2355
2021,総体,予選東支部,2021-04-25,獨協,獨協,都立足立新田,足立新田,1,3,,,https://koko-soccer.com/score/2355
2021,総体,予選東支部,2021-04-25,日大一,日大一,立教池袋,立教池袋,0,4,,,https://koko-soccer.com/score/2355
2021,総体,予選東支部,2021-04-25,開成,開成,都立南葛飾,南葛飾,0,6,,,https://koko-soccer.com/score/2355
2021,総体,予選東支部,2021-04-25,中央大高,中央大学高,学習院,学習院,0,2,,,https://koko-soccer.com/score/2355
2021,総体,予選東支部,2021-04-25,芝浦工大高,芝浦工大高,豊島学院,豊島学院,2,1,,,https://koko-soccer.com/score/2355
2021,総体,予選東支部,2021-04-25,共栄学園,共栄学園,京華商,京華商,5,1,,,https://koko-soccer.com/score/2355
2021,総体,予選東支部,2021-04-25,都立江北,江北,都立本所,本所,0,4,,,https://koko-soccer.com/score/2355
2021,総体,予選東支部,2021-04-25,都立江戸川,江戸川,都立葛飾商,葛飾商,2,0,,,https://koko-soccer.com/score/2355
2021,総体,予選東支部,2021-04-25,都立竹台,竹台,都立小石川中等教育学校,小石川中等教育学校,3,0,,,https://koko-soccer.com/score/2355
2021,総体,予選東支部,2021-04-25,昭和一,昭和一,都立足立,足立,0,2,,,https://koko-soccer.com/score/2355
2021,総体,予選東支部,2021-04-25,都立江東商,江東商,都立淵江,淵江,1,5,,,https://koko-soccer.com/score/2355
2021,総体,予選東支部,2021-04-25,都立小松川,小松川,都立竹早,竹早,4,0,,,https://koko-soccer.com/score/2355
2021,総体,予選東支部,2021-04-25,郁文館,郁文館,都立足立西,足立西,1,1,4,5,https://koko-soccer.com/score/2355
2021,総体,予選東支部,2021-04-25,都立向丘,向丘,京華,京華,4,0,,,https://koko-soccer.com/score/2355
2021,総体,予選東支部,2021-04-25,筑波大附,筑波大学附属,都立日本橋,日本橋,1,3,,,https://koko-soccer.com/score/2355
2021,総体,予選東支部,2021-04-25,都立東,東,都立青井,青井,8,0,,,https://koko-soccer.com/score/2355
2021,総体,予選東支部,2021-04-25,都立豊島,豊島,晴海総合,晴海総合,6,0,,,https://koko-soccer.com/score/2355
2021,総体,予選東支部,2021-04-25,都立足立東,足立東,都立橘,橘,0,2,,,https://koko-soccer.com/score/2355
2021,総体,予選東支部,2021-04-25,都立紅葉川,紅葉川,城西大城西,城西大城西,2,2,4,3,https://koko-soccer.com/score/2355
2021,総体,予選東支部,2021-04-29,巣鴨,巣鴨,都立葛飾総合,葛飾総合,1,1,5,3,https://koko-soccer.com/score/2355
2021,総体,予選東支部,2021-04-29,都立篠崎,篠崎,かえつ有明,かえつ有明,1,3,,,https://koko-soccer.com/score/2355
2021,総体,予選東支部,2021-05-01,都立深川,深川,東洋大京北,東洋大京北,4,1,,,https://koko-soccer.com/score/2355
2021,総体,予選東支部,2021-05-01,都立墨田川,墨田川,第三商,第三商,2,0,,,https://koko-soccer.com/score/2355
2021,総体,予選東支部,2021-05-01,都立科学技術,科学技術,都立墨田工,墨田工,1,8,,,https://koko-soccer.com/score/2355
2021,総体,予選東支部,2021-05-01,安田学園,安田学園,都立小岩,小岩,5,0,,,https://koko-soccer.com/score/2355
2021,総体,予選東支部,2021-05-01,都立文京,文京,都立葛西工,葛西工,13,0,,,https://koko-soccer.com/score/2355
2021,総体,予選東支部,2021-05-02,都立両国,両国,都立荒川工,荒川工,4,1,,,https://koko-soccer.com/score/2355
2021,総体,予選東支部,2021-04-29,豊南,豊南,都立葛西南,葛西南,6,1,,,https://koko-soccer.com/score/2355
2021,総体,予選東支部,2021-04-29,都立千早,千早,学習院,学習院,1,1,3,4,https://koko-soccer.com/score/2355
2021,総体,予選東支部,2021-04-29,日大豊山,日大豊山,芝浦工大高,芝浦工大高,6,0,,,https://koko-soccer.com/score/2355
2021,総体,予選東支部,2021-05-01,都立足立新田,足立新田,立教池袋,立教池袋,1,2,,,https://koko-soccer.com/score/2355
2021,総体,予選東支部,2021-05-01,都立豊島,豊島,都立橘,橘,7,0,,,https://koko-soccer.com/score/2355
2021,総体,予選東支部,2021-05-02,都立城東,城東,都立南葛飾,南葛飾,1,2,,,https://koko-soccer.com/score/2355
2021,総体,予選東支部,2021-05-02,共栄学園,共栄学園,都立本所,本所,0,0,4,2,https://koko-soccer.com/score/2355
2021,総体,予選東支部,2021-05-02,足立学園,足立学園,都立江戸川,江戸川,1,1,7,6,https://koko-soccer.com/score/2355
2021,総体,予選東支部,2021-05-02,都立竹台,竹台,都立足立,足立,0,8,,,https://koko-soccer.com/score/2355
2021,総体,予選東支部,2021-05-02,淑徳巣鴨,淑徳巣鴨,都立淵江,淵江,2,1,,,https://koko-soccer.com/score/2355
2021,総体,予選東支部,2021-05-02,都立小松川,小松川,都立足立西,足立西,3,0,,,https://koko-soccer.com/score/2355
2021,総体,予選東支部,2021-05-02,都立葛飾野,葛飾野,巣鴨,巣鴨,3,0,,,https://koko-soccer.com/score/2355
2021,総体,予選東支部,2021-05-02,都立向丘,向丘,都立日本橋,日本橋,0,0,5,4,https://koko-soccer.com/score/2355
2021,総体,予選東支部,2021-05-02,本郷,本郷,都立東,東,2,1,,,https://koko-soccer.com/score/2355
2021,総体,予選東支部,2021-05-03,都立深川,深川,都立紅葉川,紅葉川,1,1,4,5,https://koko-soccer.com/score/2355
2021,総体,予選東支部,2021-05-03,都立墨田川,墨田川,都立墨田工,墨田工,3,1,,,https://koko-soccer.com/score/2355
2021,総体,予選東支部,2021-05-03,安田学園,安田学園,都立両国,両国,0,1,,,https://koko-soccer.com/score/2355
2021,総体,予選東支部,2021-05-03,都立文京,文京,かえつ有明,かえつ有明,4,0,,,https://koko-soccer.com/score/2355
2021,総体,予選東支部,2021-05-04,豊南,豊南,立教池袋,立教池袋,1,4,,,https://koko-soccer.com/score/2355
2021,総体,予選東支部,2021-05-04,都立南葛飾,南葛飾,学習院,学習院,4,0,,,https://koko-soccer.com/score/2355
2021,総体,予選東支部,2021-05-04,日大豊山,日大豊山,共栄学園,共栄学園,8,0,,,https://koko-soccer.com/score/2355
2021,総体,予選東支部,2021-05-04,足立学園,足立学園,都立足立,足立,0,1,,,https://koko-soccer.com/score/2355
2021,総体,予選東支部,2021-05-04,都立葛飾野,葛飾野,都立向丘,向丘,2,1,,,https://koko-soccer.com/score/2355
2021,総体,予選東支部,2021-05-04,淑徳巣鴨,淑徳巣鴨,都立小松川,小松川,0,4,,,https://koko-soccer.com/score/2355
2021,総体,予選東支部,2021-05-04,本郷,本郷,都立豊島,豊島,1,0,,,https://koko-soccer.com/score/2355
2021,総体,予選東支部,2021-05-04,都立紅葉川,紅葉川,都立墨田川,墨田川,0,1,,,https://koko-soccer.com/score/2355
2021,総体,予選東支部,2021-05-04,都立両国,両国,都立文京,文京,0,3,,,https://koko-soccer.com/score/2355
2021,総体,予選西支部,2021-04-25,法政大高,法政大高,都立調布南,調布南,2,1,,,https://koko-soccer.com/score/2354
2021,総体,予選西支部,2021-04-25,都立翔陽,翔陽,明大明治,明大明治,1,2,,,https://koko-soccer.com/score/2354
2021,総体,予選西支部,2021-04-25,明学東村山,明治学院東村山,都立武蔵,都立武蔵,1,1,4,3,https://koko-soccer.com/score/2354
2021,総体,予選西支部,2021-04-25,都立多摩科学技術,多摩科学技術,中大附,中大附属,0,2,,,https://koko-soccer.com/score/2354
2021,総体,予選西支部,2021-04-25,明大中野八王子,明大中野八王子,都立神代,神代,5,0,,,https://koko-soccer.com/score/2354
2021,総体,予選西支部,2021-04-25,都立多摩,多摩,明星,明星,0,0,3,4,https://koko-soccer.com/score/2354
2021,総体,予選西支部,2021-04-25,都立八王子北,八王子北,成蹊,成蹊,0,0,4,1,https://koko-soccer.com/score/2354
2021,総体,予選西支部,2021-04-25,都立南多摩・南多摩中央教育,南多摩・南多摩中央教育,穎明館,穎明館,0,2,,,https://koko-soccer.com/score/2354
2021,総体,予選西支部,2021-04-25,都立東村山,東村山,都立羽村,羽村,6,0,,,https://koko-soccer.com/score/2354
2021,総体,予選西支部,2021-04-25,都立久留米西,久留米西,啓明学園,啓明学園,3,0,,,https://koko-soccer.com/score/2354
2021,総体,予選西支部,2021-04-25,帝京八王子,帝京八王子,都立拝島,拝島,5,1,,,https://koko-soccer.com/score/2354
2021,総体,予選西支部,2021-04-25,都立昭和,昭和,都立上水,上水,3,0,,,https://koko-soccer.com/score/2354
2021,総体,予選西支部,2021-04-25,八王子実践,八王子実践,都立府中西,府中西,0,0,2,0,https://koko-soccer.com/score/2354
2021,総体,予選西支部,2021-04-25,都立多摩工,多摩工,都立武蔵村山,武蔵村山,0,3,,,https://koko-soccer.com/score/2354
2021,総体,予選西支部,2021-04-25,都立小金井北,小金井北,都立日野,日野,2,1,,,https://koko-soccer.com/score/2354
2021,総体,予選西支部,2021-04-25,都立府中,府中,明法,明法,0,3,,,https://koko-soccer.com/score/2354
2021,総体,予選西支部,2021-04-25,八王子,八王子,都立秋留台,秋留台,5,0,,,https://koko-soccer.com/score/2354
2021,総体,予選西支部,2021-04-25,都立調布北,調布北,都立片倉,片倉,3,5,,,https://koko-soccer.com/score/2354
2021,総体,予選西支部,2021-04-25,都立東村山西,東村山西,都立清瀬,清瀬,4,0,,,https://koko-soccer.com/score/2354
2021,総体,予選西支部,2021-04-25,東京電機大高,東京電機大学,都立青梅総合,青梅総合,2,1,,,https://koko-soccer.com/score/2354
2021,総体,予選西支部,2021-04-25,都立松が谷,松が谷,都立小平西,小平西,0,0,4,2,https://koko-soccer.com/score/2354
2021,総体,予選西支部,2021-04-25,都立府中東,府中東,都立五日市,五日市,4,0,,,https://koko-soccer.com/score/2354
2021,総体,予選西支部,2021-04-25,都立富士森,富士森,都立小平,小平,2,1,,,https://koko-soccer.com/score/2354
2021,総体,予選西支部,2021-04-25,桐朋,桐朋,都立立川国際中等教育学校,立川国際中等教育学校,4,0,,,https://koko-soccer.com/score/2354
2021,総体,予選西支部,2021-04-25,都立八王子東,八王子東,都立永山,永山,4,0,,,https://koko-soccer.com/score/2354
2021,総体,予選西支部,2021-04-25,錦城,錦城,都立三鷹中等教育学校,三鷹中等教育学校,0,2,,,https://koko-soccer.com/score/2354
2021,総体,予選西支部,2021-04-25,都立武蔵野北,武蔵野北,都立府中工,府中工科,2,1,,,https://koko-soccer.com/score/2354
2021,総体,予選西支部,2021-04-25,都立立川,立川,中央国際,中央国際,2,0,,,https://koko-soccer.com/score/2354
2021,総体,予選西支部,2021-04-25,都立福生,福生,自由学園,自由学園,3,0,,,https://koko-soccer.com/score/2354
2021,総体,予選西支部,2021-04-25,国際基督教大高,国際基督教大高,工学院大附,工学院大附,1,5,,,https://koko-soccer.com/score/2354
2021,総体,予選西支部,2021-04-25,都立小平南,小平南,聖徳学園,聖徳学園,3,0,,,https://koko-soccer.com/score/2354
2021,総体,予選西支部,2021-04-25,都立南平,南平,創価,創価,0,10,,,https://koko-soccer.com/score/2354
2021,総体,予選西支部,2021-04-29,明大明治,明大明治,明学東村山,明治学院東村山,3,0,,,https://koko-soccer.com/score/2354
2021,総体,予選西支部,2021-04-29,都立日野台,日野台,中大附,中大附属,4,2,,,https://koko-soccer.com/score/2354
2021,総体,予選西支部,2021-04-29,穎明館,穎明館,都立東村山,東村山,1,4,,,https://koko-soccer.com/score/2354
2021,総体,予選西支部,2021-04-29,昭和第一学園,昭和第一学園,都立久留米西,久留米西,1,1,3,5,https://koko-soccer.com/score/2354
2021,総体,予選西支部,2021-04-29,帝京八王子,帝京八王子,都立昭和,昭和,2,6,,,https://koko-soccer.com/score/2354
2021,総体,予選西支部,2021-04-29,都立国立,国立,八王子実践,八王子実践,5,1,,,https://koko-soccer.com/score/2354
2021,総体,予選西支部,2021-04-29,都立武蔵村山,武蔵村山,都立小金井北,小金井北,1,1,4,2,https://koko-soccer.com/score/2354
2021,総体,予選西支部,2021-04-29,明法,明法,八王子,八王子,2,1,,,https://koko-soccer.com/score/2354
2021,総体,予選西支部,2021-04-29,拓大一高,拓大一高,都立片倉,片倉,2,2,4,2,https://koko-soccer.com/score/2354
2021,総体,予選西支部,2021-04-29,都立東村山西,東村山西,東京電機大高,東京電機大学,2,1,,,https://koko-soccer.com/score/2354
2021,総体,予選西支部,2021-04-29,都立松が谷,松が谷,都立府中東,府中東,2,3,,,https://koko-soccer.com/score/2354
2021,総体,予選西支部,2021-04-29,都立富士森,富士森,桐朋,桐朋,1,2,,,https://koko-soccer.com/score/2354
2021,総体,予選西支部,2021-04-29,都立八王子東,八王子東,都立三鷹中等教育学校,三鷹中等教育学校,1,1,3,1,https://koko-soccer.com/score/2354
2021,総体,予選西支部,2021-04-29,都立武蔵野北,武蔵野北,都立立川,立川,0,0,5,3,https://koko-soccer.com/score/2354
2021,総体,予選西支部,2021-04-29,都立小平南,小平南,創価,創価,0,1,,,https://koko-soccer.com/score/2354
2021,総体,予選西支部,2021-05-02,明星学園,明星学園,法政大高,法政大高,2,0,,,https://koko-soccer.com/score/2354
2021,総体,予選西支部,2021-05-02,明大中野八王子,明大中野八王子,明星,明星,2,0,,,https://koko-soccer.com/score/2354
2021,総体,予選西支部,2021-05-02,都立東大和,東大和,都立八王子北,八王子北,2,1,,,https://koko-soccer.com/score/2354
2021,総体,予選西支部,2021-05-02,都立福生,福生,工学院大附,工学院大附,1,1,3,5,https://koko-soccer.com/score/2354
2021,総体,予選西支部,2021-05-02,都立久留米西,久留米西,都立昭和,昭和,2,2,6,7,https://koko-soccer.com/score/2354
2021,総体,予選西支部,2021-05-02,都立国立,国立,都立武蔵村山,武蔵村山,0,1,,,https://koko-soccer.com/score/2354
2021,総体,予選西支部,2021-05-02,都立東大和南,東大和南,明法,明法,2,1,,,https://koko-soccer.com/score/2354
2021,総体,予選西支部,2021-05-02,拓大一高,拓大一高,都立東村山西,東村山西,3,1,,,https://koko-soccer.com/score/2354
2021,総体,予選西支部,2021-05-02,都立府中東,府中東,桐朋,桐朋,2,0,,,https://koko-soccer.com/score/2354
2021,総体,予選西支部,2021-05-02,都立八王子東,八王子東,都立武蔵野北,武蔵野北,0,2,,,https://koko-soccer.com/score/2354
2021,総体,予選西支部,2021-05-04,明星学園,明星学園,明大明治,明大明治,1,0,,,https://koko-soccer.com/score/2354
2021,総体,予選西支部,2021-05-04,都立日野台,日野台,明大中野八王子,明大中野八王子,5,1,,,https://koko-soccer.com/score/2354
2021,総体,予選西支部,2021-05-04,都立東大和,東大和,都立東村山,東村山,8,0,,,https://koko-soccer.com/score/2354
2021,総体,予選西支部,2021-05-04,工学院大附,工学院大附,創価,創価,1,2,,,https://koko-soccer.com/score/2354
2021,総体,予選中支部,2021-04-24,都立三田,三田,都立新宿,新宿,2,1,,,https://koko-soccer.com/score/2353
2021,総体,予選中支部,2021-04-24,都立板橋有徳,板橋有徳,芝,芝,0,1,,,https://koko-soccer.com/score/2353
2021,総体,予選中支部,2021-04-24,都立大崎,大崎,文教大附,文教大附,3,3,4,1,https://koko-soccer.com/score/2353
2021,総体,予選中支部,2021-04-24,都立上野,上野,広尾学園,広尾学園,2,0,,,https://koko-soccer.com/score/2353
2021,総体,予選中支部,2021-04-24,都立つばさ総合,つばさ総合,立正大立正,立正大立正,1,3,,,https://koko-soccer.com/score/2353
2021,総体,予選中支部,2021-04-24,区立九段中等教育,九段中等教育,都立板橋,板橋,2,5,,,https://koko-soccer.com/score/2353
2021,総体,予選中支部,2021-04-24,攻玉社,攻玉社,都立小山台,小山台,0,0,5,3,https://koko-soccer.com/score/2353
2021,総体,予選中支部,2021-04-25,品川翔英,品川翔英,聖学院,聖学院,2,1,,,https://koko-soccer.com/score/2353
2021,総体,予選中支部,2021-04-25,順天,順天,都立大島海洋国際,大島海洋国際,0,0,4,3,https://koko-soccer.com/score/2353
2021,総体,予選中支部,2021-04-25,都立白鷗,白鷗,都立美原,美原,0,1,,,https://koko-soccer.com/score/2353
2021,総体,予選中支部,2021-04-25,高輪,高輪,都立田園調布,田園調布,1,3,,,https://koko-soccer.com/score/2353
2021,総体,予選中支部,2021-04-25,都立北園,北園,都立芝商業,芝商業,6,0,,,https://koko-soccer.com/score/2353
2021,総体,予選中支部,2021-04-25,上野学園,上野学園,淑徳,淑徳,0,3,,,https://koko-soccer.com/score/2353
2021,総体,予選中支部,2021-04-25,錦城学園,錦城学園,大東大一,大東大一,0,6,,,https://koko-soccer.com/score/2353
2021,総体,予選中支部,2021-04-25,城北,城北,明治学院,明治学院,0,5,,,https://koko-soccer.com/score/2353
2021,総体,予選中支部,2021-04-25,成城,成城,暁星高等学校,暁星,0,3,,,https://koko-soccer.com/score/2353
2021,総体,予選中支部,2021-04-25,二松学舎大附,二松学舎大附,都立日比谷,日比谷,0,5,,,https://koko-soccer.com/score/2353
2021,総体,予選中支部,2021-04-25,都立雪谷,雪谷,目白研心,目白研心,0,6,,,https://koko-soccer.com/score/2353
2021,総体,予選中支部,2021-04-25,都立戸山,戸山,東洋,東洋,2,2,5,3,https://koko-soccer.com/score/2353
2021,総体,予選中支部,2021-04-25,正則,正則,麻布,麻布,0,1,,,https://koko-soccer.com/score/2353
2021,総体,予選中支部,2021-04-25,都立八潮,八潮,都立八丈,八丈,0,0,3,2,https://koko-soccer.com/score/2353
2021,総体,予選中支部,2021-04-25,渋谷教育学園渋谷,渋谷教育学園渋谷,朋優学院,朋優学院,1,5,,,https://koko-soccer.com/score/2353
2021,総体,予選中支部,2021-04-25,都立飛鳥,飛鳥,武蔵野,武蔵野,2,1,,,https://koko-soccer.com/score/2353
2021,総体,予選中支部,2021-04-25,国東工大附,国東工大附,青稜,青稜,1,3,,,https://koko-soccer.com/score/2353
2021,総体,予選中支部,2021-04-25,都立王子総合,王子総合,正則学園,正則学園,0,11,,,https://koko-soccer.com/score/2353
2021,総体,予選中支部,2021-04-25,都立北豊島工,北豊島工,都立青山,青山,0,1,,,https://koko-soccer.com/score/2353
2021,総体,予選中支部,2021-04-25,海城,海城,武蔵野大千代田,武蔵野大千代田,5,1,,,https://koko-soccer.com/score/2353
2021,総体,予選中支部,2021-04-25,岩倉,岩倉,都立大森,大森,4,2,,,https://koko-soccer.com/score/2353
2021,総体,予選中支部,2021-04-29,都立高島,高島,品川翔英,品川翔英,8,1,,,https://koko-soccer.com/score/2353
2021,総体,予選中支部,2021-04-29,順天,順天,都立美原,美原,0,5,,,https://koko-soccer.com/score/2353
2021,総体,予選中支部,2021-04-29,都立三田,三田,都立北園,北園,1,2,,,https://koko-soccer.com/score/2353
2021,総体,予選中支部,2021-04-29,東京成徳大高,東京成徳大高,芝,芝,2,0,,,https://koko-soccer.com/score/2353
2021,総体,予選中支部,2021-04-29,淑徳,淑徳,大東大一,大東大一,0,1,,,https://koko-soccer.com/score/2353
2021,総体,予選中支部,2021-04-29,都立大山,大山,明治学院,明治学院,0,2,,,https://koko-soccer.com/score/2353
2021,総体,予選中支部,2021-04-29,保善,保善,都立大崎,大崎,6,0,,,https://koko-soccer.com/score/2353
2021,総体,予選中支部,2021-04-29,暁星高等学校,暁星,都立上野,上野,3,0,,,https://koko-soccer.com/score/2353
2021,総体,予選中支部,2021-04-29,早稲田,早稲田,立正大立正,立正大立正,0,2,,,https://koko-soccer.com/score/2353
2021,総体,予選中支部,2021-04-29,都立日比谷,日比谷,目白研心,目白研心,0,4,,,https://koko-soccer.com/score/2353
2021,総体,予選中支部,2021-04-29,大森学園,大森学園,都立戸山,戸山,4,1,,,https://koko-soccer.com/score/2353
2021,総体,予選中支部,2021-04-29,麻布,麻布,都立板橋,板橋,2,0,,,https://koko-soccer.com/score/2353
2021,総体,予選中支部,2021-04-29,都立広尾,広尾,都立八潮,八潮,3,3,2,4,https://koko-soccer.com/score/2353
2021,総体,予選中支部,2021-04-29,正則学園,正則学園,都立青山,青山,1,0,,,https://koko-soccer.com/score/2353
2021,総体,予選中支部,2021-04-29,大智学園,大智学園,海城,海城,0,1,,,https://koko-soccer.com/score/2353
2021,総体,予選中支部,2021-04-29,岩倉,岩倉,攻玉社,攻玉社,1,5,,,https://koko-soccer.com/score/2353
2021,総体,予選中支部,2021-05-01,桜丘,桜丘,青稜,青稜,0,7,,,https://koko-soccer.com/score/2353
2021,総体,予選中支部,2021-05-02,東京実業,東京実業,都立田園調布,田園調布,3,0,,,https://koko-soccer.com/score/2353
2021,総体,予選中支部,2021-05-02,日体大荏原,日体大荏原,青山学院,青山学院,2,0,,,https://koko-soccer.com/score/2353
2021,総体,予選中支部,2021-05-03,朋優学院,朋優学院,都立飛鳥,飛鳥,3,0,,,https://koko-soccer.com/score/2353
2021,総体,予選中支部,2021-05-02,都立高島,高島,都立美原,美原,1,3,,,https://koko-soccer.com/score/2353
2021,総体,予選中支部,2021-05-02,東京成徳大高,東京成徳大高,大東大一,大東大一,0,1,,,https://koko-soccer.com/score/2353
2021,総体,予選中支部,2021-05-02,保善,保善,暁星高等学校,暁星,0,0,8,9,https://koko-soccer.com/score/2353
2021,総体,予選中支部,2021-05-02,立正大立正,立正大立正,目白研心,目白研心,0,2,,,https://koko-soccer.com/score/2353
2021,総体,予選中支部,2021-05-02,青稜,青稜,正則学園,正則学園,1,1,5,4,https://koko-soccer.com/score/2353
2021,総体,予選中支部,2021-05-02,海城,海城,攻玉社,攻玉社,0,2,,,https://koko-soccer.com/score/2353
2021,総体,予選中支部,2021-05-03,東京実業,東京実業,都立北園,北園,2,0,,,https://koko-soccer.com/score/2353
2021,総体,予選中支部,2021-05-03,大森学園,大森学園,麻布,麻布,1,0,,,https://koko-soccer.com/score/2353
2021,総体,予選中支部,2021-05-04,日体大荏原,日体大荏原,明治学院,明治学院,2,0,,,https://koko-soccer.com/score/2353
2021,総体,予選中支部,2021-05-04,都立八潮,八潮,朋優学院,朋優学院,1,4,,,https://koko-soccer.com/score/2353
2021,選手権,予選,2021-08-28,都立府中西 （東京）,府中西,帝京八王子 （東京）,帝京八王子,2,6,,,https://koko-soccer.com/score/2432
2021,選手権,予選,2021-08-28,都立永山 （東京）,永山,日大櫻丘 （東京）,日大櫻丘,1,3,,,https://koko-soccer.com/score/2432
2021,選手権,予選,2021-08-28,多摩大聖ヶ丘 （東京）,多摩大聖ヶ丘,広尾学園 （東京）,広尾学園,1,2,,,https://koko-soccer.com/score/2432
2021,選手権,予選,2021-08-28,区立九段中等教育 （東京）,九段中等教育,都立若葉総合 （東京）,若葉総合,0,8,,,https://koko-soccer.com/score/2432
2021,選手権,予選,2021-08-28,都立戸山 （東京）,戸山,開智日本橋,開智日本橋学園,19,0,,,https://koko-soccer.com/score/2432
2021,選手権,予選,2021-08-28,都立多摩科学技術 （東京）,多摩科学技術,開成 （東京）,開成,0,1,,,https://koko-soccer.com/score/2432
2021,選手権,予選,2021-08-28,東京工業高専 （東京）,東京工業高専,中大附 （東京）,中大附属,0,11,,,https://koko-soccer.com/score/2432
2021,選手権,予選,2021-08-28,都立武蔵 （東京）,武蔵,都立小石川中等教育学校 （東京）,小石川中等教育学校,5,2,,,https://koko-soccer.com/score/2432
2021,選手権,予選,2021-08-28,巣鴨 （東京）,巣鴨,都立羽村 （東京）,羽村,8,1,,,https://koko-soccer.com/score/2432
2021,選手権,予選,2021-08-28,都立日比谷 （東京）,日比谷,都立上野 （東京）,上野,1,3,,,https://koko-soccer.com/score/2432
2021,選手権,予選,2021-08-28,目黒日大 （東京）,目黒日大,都立淵江 （東京）,淵江,9,1,,,https://koko-soccer.com/score/2432
2021,選手権,予選,2021-08-28,都立小平西 （東京）,小平西,都立江北 （東京）,江北,4,2,,,https://koko-soccer.com/score/2432
2021,選手権,予選,2021-08-28,東洋大京北 （東京）,東洋大京北,都立町田工 （東京）,町田工,1,5,,,https://koko-soccer.com/score/2432
2021,選手権,予選,2021-08-28,東京都市大等々力 （東京）,東京都市大等々力,日工大駒場 （東京）,日工大駒場,5,1,,,https://koko-soccer.com/score/2432
2021,選手権,予選,2021-08-28,都立新宿 （東京）,新宿,都立南多摩中等 （東京）,南多摩中等,12,1,,,https://koko-soccer.com/score/2432
2021,選手権,予選,2021-08-28,桜美林 （東京）,桜美林,都立芦花 （東京）,芦花,4,1,,,https://koko-soccer.com/score/2432
2021,選手権,予選,2021-08-28,昭和第一学園 （東京）,昭和第一学園,都立城東 （東京）,城東,1,0,,,https://koko-soccer.com/score/2432
2021,選手権,予選,2021-08-28,都立大田桜台 （東京）,大田桜台,文教大付 （東京）,文教大付,0,5,,,https://koko-soccer.com/score/2432
2021,選手権,予選,2021-08-29,都立八丈 （東京）,八丈,都立足立東 （東京）,足立東,4,0,,,https://koko-soccer.com/score/2432
2021,選手権,予選,2021-08-29,筑波大附 （東京）,筑波大学附属,岩倉 （東京）,岩倉,2,0,,,https://koko-soccer.com/score/2432
2021,選手権,予選,2021-08-29,東大附 （東京）,東大附属,都立拝島 （東京）,拝島,1,1,1,4,https://koko-soccer.com/score/2432
2021,選手権,予選,2021-08-29,都立翔陽 （東京）,翔陽,都立青井 （東京）,青井,3,0,,,https://koko-soccer.com/score/2432
2021,選手権,予選,2021-08-29,桜修館中等,桜修館中等,獨協 （東京）,獨協,10,0,,,https://koko-soccer.com/score/2432
2021,選手権,予選,2021-08-29,都立練馬 （東京）,練馬,都立八王子北 （東京）,八王子北,1,1,5,4,https://koko-soccer.com/score/2432
2021,選手権,予選,2021-08-29,都立墨田工 （東京）,墨田工,都立葛飾総合 （東京）,葛飾総合,5,0,,,https://koko-soccer.com/score/2432
2021,選手権,予選,2021-08-29,品川翔英 （東京）,品川翔英,東工大附,東京科学大附,0,2,,,https://koko-soccer.com/score/2432
2021,選手権,予選,2021-08-29,三田国際 （東京）,三田国際,都立大崎 （東京）,大崎,4,0,,,https://koko-soccer.com/score/2432
2021,選手権,予選,2021-08-29,都立光丘 （東京）,光丘,聖学院 （東京）,聖学院,4,0,,,https://koko-soccer.com/score/2432
2021,選手権,予選,2021-08-29,都立足立新田 （東京）,足立新田,渋谷教育学園渋谷 （東京）,渋谷教育学園渋谷,9,1,,,https://koko-soccer.com/score/2432
2021,選手権,予選,2021-08-29,青山学院 （東京）,青山学院,都立大森 （東京）,大森,6,0,,,https://koko-soccer.com/score/2432
2021,選手権,予選,2021-08-29,安田学園 （東京）,安田学園,正則 （東京）,正則,1,0,,,https://koko-soccer.com/score/2432
2021,選手権,予選,2021-08-29,法政大高 （東京）,法政大高,自由ヶ丘学園 （東京）,自由ヶ丘学園,4,2,,,https://koko-soccer.com/score/2432
2021,選手権,予選,2021-08-29,中央学院大中央 （東京）,中央学院大学中央,京華商 （東京）,京華商,0,6,,,https://koko-soccer.com/score/2432
2021,選手権,予選,2021-08-28,都立深川 （東京）,深川,科学技術学園 （東京）,科学技術学園,29,0,,,https://koko-soccer.com/score/2432
2021,選手権,予選,2021-08-28,都立王子総合 （東京）,王子総合,都立練馬工 （東京）,練馬工,3,5,,,https://koko-soccer.com/score/2432
2021,選手権,予選,2021-08-28,都立秋留台 （東京）,秋留台,大智学園 （東京）,大智学園,0,3,,,https://koko-soccer.com/score/2432
2021,選手権,予選,2021-08-28,宝仙学園 （東京）,宝仙学園,都立芝商業 （東京）,芝商業,1,4,,,https://koko-soccer.com/score/2432
2021,選手権,予選,2021-08-28,都立日野 （東京）,日野,日大鶴ヶ丘 （東京）,日大鶴ヶ丘,1,2,,,https://koko-soccer.com/score/2432
2021,選手権,予選,2021-08-28,都立富士 （東京）,富士,都立立川 （東京）,立川,0,2,,,https://koko-soccer.com/score/2432
2021,選手権,予選,2021-08-28,国際基督教大高 （東京）,国際基督教大高,都立成瀬 （東京）,成瀬,0,2,,,https://koko-soccer.com/score/2432
2021,選手権,予選,2021-08-28,都立科学技術 （東京）,科学技術,都立福生 （東京）,福生,0,28,,,https://koko-soccer.com/score/2432
2021,選手権,予選,2021-08-28,都立葛西南 （東京）,葛西南,都立清瀬 （東京）,清瀬,1,4,,,https://koko-soccer.com/score/2432
2021,選手権,予選,2021-08-28,桐朋 （東京）,桐朋,都立足立西 （東京）,足立西,5,0,,,https://koko-soccer.com/score/2432
2021,選手権,予選,2021-08-28,東京立正 （東京）,東京立正,佼成学園 （東京）,佼成学園,0,0,5,4,https://koko-soccer.com/score/2432
2021,選手権,予選,2021-08-28,都立東村山西 （東京）,東村山西,都立南平 （東京）,南平,2,1,,,https://koko-soccer.com/score/2432
2021,選手権,予選,2021-08-28,都立片倉 （東京）,片倉,明治学院 （東京）,明治学院,2,1,,,https://koko-soccer.com/score/2432
2021,選手権,予選,2021-08-28,都立本所 （東京）,本所,都立多摩 （東京）,多摩,2,1,,,https://koko-soccer.com/score/2432
2021,選手権,予選,2021-08-28,都立山崎 （東京）,山崎,都立飛鳥 （東京）,飛鳥,2,0,,,https://koko-soccer.com/score/2432
2021,選手権,予選,2021-08-28,中央国際東京校,中央国際東京校,豊島学院 （東京）,豊島学院,1,1,3,4,https://koko-soccer.com/score/2432
2021,選手権,予選,2021-08-28,都立松原 （東京）,松原,郁文館 （東京）,郁文館,1,3,,,https://koko-soccer.com/score/2432
2021,選手権,予選,2021-08-28,東洋 （東京）,東洋,都立井草 （東京）,井草,3,3,3,4,https://koko-soccer.com/score/2432
2021,選手権,予選,2021-08-28,文化学園大学杉並中学・高等学校 （東京）,文化学園大学杉並中学・,都立青梅総合 （東京）,青梅総合,1,1,4,2,https://koko-soccer.com/score/2432
2021,選手権,予選,2021-08-28,都立富士森 （東京）,富士森,都立雪谷 （東京）,雪谷,4,0,,,https://koko-soccer.com/score/2432
2021,選手権,予選,2021-08-29,都立杉並 （東京）,杉並,上野学園 （東京）,上野学園,4,0,,,https://koko-soccer.com/score/2432
2021,選手権,予選,2021-08-29,駒場東邦 （東京）,駒場東邦,明大明治 （東京）,明大明治,0,3,,,https://koko-soccer.com/score/2432
2021,選手権,予選,2021-08-29,武蔵野大学,武蔵野大高,錦城 （東京）,錦城,0,7,,,https://koko-soccer.com/score/2432
2021,選手権,予選,2021-08-29,明大中野 （東京）,明大中野,都立小平 （東京）,小平,4,0,,,https://koko-soccer.com/score/2432
2021,選手権,予選,2021-08-29,かえつ有明 （東京）,かえつ有明,都立江戸川 （東京）,江戸川,1,0,,,https://koko-soccer.com/score/2432
2021,選手権,予選,2021-08-29,城北 （東京）,城北,都立目黒 （東京）,目黒,4,0,,,https://koko-soccer.com/score/2432
2021,選手権,予選,2021-08-29,都立西 （東京）,西,麻布 （東京）,麻布,0,2,,,https://koko-soccer.com/score/2432
2021,選手権,予選,2021-08-29,杉並学院 （東京）,杉並学院,和光 （東京）,和光,3,3,4,2,https://koko-soccer.com/score/2432
2021,選手権,予選,2021-08-29,二松学舎大附 （東京）,二松学舎大附,國學院 （東京）,国学院,0,4,,,https://koko-soccer.com/score/2432
2021,選手権,予選,2021-08-29,都立八王子東 （東京）,八王子東,都立小岩 （東京）,小岩,3,0,,,https://koko-soccer.com/score/2432
2021,選手権,予選,2021-08-29,晴海総合 （東京）,晴海総合,都立高島 （東京）,高島,0,31,,,https://koko-soccer.com/score/2432
2021,選手権,予選,2021-08-29,都立杉並工 （東京）,杉並工,昭和一 （東京）,昭和一,0,2,,,https://koko-soccer.com/score/2432
2021,選手権,予選,2021-08-29,世田谷学園 （東京）,世田谷学園,武蔵野 （東京）,武蔵野,0,3,,,https://koko-soccer.com/score/2432
2021,選手権,予選,2021-08-29,玉川学園 （東京）,玉川学園,都立竹台 （東京）,竹台,2,0,,,https://koko-soccer.com/score/2432
2021,選手権,予選,2021-08-29,第三商,第三商,都立小川 （東京）,小川,1,3,,,https://koko-soccer.com/score/2432
2021,選手権,予選,2021-08-29,武蔵野大千代田 （東京）,武蔵野大千代田,学習院 （東京）,学習院,0,15,,,https://koko-soccer.com/score/2432
2021,選手権,予選,2021-08-29,専修大附 （東京）,専修大附,都立板橋 （東京）,板橋,5,1,,,https://koko-soccer.com/score/2432
2021,選手権,予選,2021-08-29,都立板橋有徳 （東京）,板橋有徳,都立大 島 ・ 大島海洋国際,大島・大島海洋国際,2,2,1,4,https://koko-soccer.com/score/2432
2021,選手権,予選,2021-08-29,明大中野八王子 （東京）,明大中野八王子,都立千早 （東京）,千早,4,0,,,https://koko-soccer.com/score/2432
2021,選手権,予選,2021-08-29,中央大,中央大,都立深沢 （東京）,深沢,1,1,5,3,https://koko-soccer.com/score/2432
2021,選手権,予選,2021-08-29,武蔵 （東京）,武蔵,都立府中 （東京）,府中,5,0,,,https://koko-soccer.com/score/2432
2021,選手権,予選,2021-08-29,都立千歳丘 （東京）,千歳丘,中大杉並 （東京）,中大杉並,0,1,,,https://koko-soccer.com/score/2432
2021,選手権,予選,2021-08-29,八王子 （東京）,八王子,八王子実践 （東京）,八王子実践,3,1,,,https://koko-soccer.com/score/2432
2021,選手権,予選,2021-08-29,都立総合工科 （東京）,総合工科,都立国立 （東京）,国立,0,8,,,https://koko-soccer.com/score/2432
2021,選手権,予選,2021-08-29,学芸大国際 （東京）,学芸大国際,都立神代 （東京）,神代,0,3,,,https://koko-soccer.com/score/2432
2021,選手権,予選,2021-08-29,都立桜町 （東京）,桜町,穎明館 （東京）,穎明館,3,0,,,https://koko-soccer.com/score/2432
2021,選手権,予選,2021-08-29,啓明学園 （東京）,啓明学園,東京学芸大附 （東京）,東京学芸大附,0,1,,,https://koko-soccer.com/score/2432
2021,選手権,予選,2021-08-29,芝浦工大高 （東京）,芝浦工大高,都立大山 （東京）,大山,3,1,,,https://koko-soccer.com/score/2432
2021,選手権,予選,2021-08-29,京華 （東京）,京華,都立町田 （東京）,町田,0,2,,,https://koko-soccer.com/score/2432
2021,選手権,予選,2021-08-29,都立小金井北 （東京）,小金井北,城西大城西 （東京）,城西大城西,0,0,2,4,https://koko-soccer.com/score/2432
2021,選手権,予選,2021-09-04,都立東大和 （東京）,東大和,広尾学園 （東京）,広尾学園,4,0,,,https://koko-soccer.com/score/2432
2021,選手権,予選,2021-09-04,都立調布北 （東京）,調布北,成城学園 （東京）,成城学園,0,2,,,https://koko-soccer.com/score/2432
2021,選手権,予選,2021-09-04,拓大一高 （東京）,拓大一高,都立戸山 （東京）,戸山,3,0,,,https://koko-soccer.com/score/2432
2021,選手権,予選,2021-09-04,都立東大和南 （東京）,東大和南,開成 （東京）,開成,4,1,,,https://koko-soccer.com/score/2432
2021,選手権,予選,2021-09-04,都立美原 （東京）,美原,中大附 （東京）,中大附属,0,0,6,5,https://koko-soccer.com/score/2432
2021,選手権,予選,2021-09-04,明星 （東京）,明星,都立国際 （東京）,国際,4,1,,,https://koko-soccer.com/score/2432
2021,選手権,予選,2021-09-04,東京電機大高 （東京）,東京電機大学,都立両国 （東京）,両国,2,1,,,https://koko-soccer.com/score/2432
2021,選手権,予選,2021-09-04,都立府中東 （東京）,府中東,筑波大附 （東京）,筑波大学附属,3,1,,,https://koko-soccer.com/score/2432
2021,選手権,予選,2021-09-04,都立日本橋 （東京）,日本橋,駒場学園 （東京）,駒場学園,0,4,,,https://koko-soccer.com/score/2432
2021,選手権,予選,2021-09-04,足立学園 （東京）,足立学園,都立つばさ総合 （東京）,つばさ総合,1,1,4,3,https://koko-soccer.com/score/2432
2021,選手権,予選,2021-09-04,都立小山台 （東京）,小山台,海城 （東京）,海城,0,5,,,https://koko-soccer.com/score/2432
2021,選手権,予選,2021-09-04,都立松が谷 （東京）,松が谷,都立青山 （東京）,青山,1,1,4,3,https://koko-soccer.com/score/2432
2021,選手権,予選,2021-09-04,東京 （東京）,東京,都立新宿 （東京）,新宿,1,1,4,2,https://koko-soccer.com/score/2432
2021,選手権,予選,2021-09-04,都立三鷹中等教育学校 （東京）,三鷹中等教育学校,都立北園 （東京）,北園,8,1,,,https://koko-soccer.com/score/2432
2021,選手権,予選,2021-09-04,都立昭和 （東京）,昭和,桜美林 （東京）,桜美林,2,1,,,https://koko-soccer.com/score/2432
2021,選手権,予選,2021-09-04,都立多摩工 （東京）,多摩工,都立江東商 （東京）,江東商,3,1,,,https://koko-soccer.com/score/2432
2021,選手権,予選,2021-09-04,文教大付 （東京）,文教大付,駒込 （東京）,駒込,0,7,,,https://koko-soccer.com/score/2432
2021,選手権,予選,2021-09-04,創価 （東京）,創価,京華商 （東京）,京華商,17,0,,,https://koko-soccer.com/score/2432
2021,選手権,予選,2021-09-05,明星学園 （東京）,明星学園,帝京八王子 （東京）,帝京八王子,11,1,,,https://koko-soccer.com/score/2432
2021,選手権,予選,2021-09-05,日大櫻丘 （東京）,日大櫻丘,都立紅葉川 （東京）,紅葉川,0,1,,,https://koko-soccer.com/score/2432
2021,選手権,予選,2021-09-05,都立杉並総合 （東京）,杉並総合,都立東村山 （東京）,東村山,3,0,,,https://koko-soccer.com/score/2432
2021,選手権,予選,2021-09-05,大東大一 （東京）,大東大一,早稲田 （東京）,早稲田,1,0,,,https://koko-soccer.com/score/2432
2021,選手権,予選,2021-09-05,日体大荏原 （東京）,日体大荏原,都立若葉総合 （東京）,若葉総合,14,0,,,https://koko-soccer.com/score/2432
2021,選手権,予選,2021-09-05,東,東,保善 （東京）,保善,0,4,,,https://koko-soccer.com/score/2432
2021,選手権,予選,2021-09-05,明学東村山 （東京）,明治学院東村山,日本学園 （東京）,日本学園,0,6,,,https://koko-soccer.com/score/2432
2021,選手権,予選,2021-09-05,東京実業 （東京）,東京実業,都立八丈 （東京）,八丈,12,0,,,https://koko-soccer.com/score/2432
2021,選手権,予選,2021-09-05,立教池袋 （東京）,立教池袋,都立武蔵 （東京）,武蔵,7,0,,,https://koko-soccer.com/score/2432
2021,選手権,予選,2021-09-05,都立武蔵丘 （東京）,武蔵丘,巣鴨 （東京）,巣鴨,3,0,,,https://koko-soccer.com/score/2432
2021,選手権,予選,2021-09-05,東海大菅生 （東京）,東海大菅生,都立拝島 （東京）,拝島,12,0,,,https://koko-soccer.com/score/2432
2021,選手権,予選,2021-09-05,目白研心 （東京）,目白研心,都立上野 （東京）,上野,9,0,,,https://koko-soccer.com/score/2432
2021,選手権,予選,2021-09-05,都立府中工 （東京）,府中工科,都立大泉 （東京）,大泉,1,2,,,https://koko-soccer.com/score/2432
2021,選手権,予選,2021-09-05,都立豊多摩 （東京）,豊多摩,目黒日大 （東京）,目黒日大,1,2,,,https://koko-soccer.com/score/2432
2021,選手権,予選,2021-09-05,都立狛江 （東京）,狛江,都立翔陽 （東京）,翔陽,7,0,,,https://koko-soccer.com/score/2432
2021,選手権,予選,2021-09-05,朋優学院 （東京）,朋優学院,都立小平西 （東京）,小平西,0,4,,,https://koko-soccer.com/score/2432
2021,選手権,予選,2021-09-05,筑波大駒場 （東京）,筑波大駒場,淑徳巣鴨 （東京）,淑徳巣鴨,1,6,,,https://koko-soccer.com/score/2432
2021,選手権,予選,2021-09-05,東京都市大付 （東京）,都市大付,都立練馬 （東京）,練馬,4,1,,,https://koko-soccer.com/score/2432
2021,選手権,予選,2021-09-05,日大一 （東京）,日大一,明法 （東京）,明法,0,0,4,5,https://koko-soccer.com/score/2432
2021,選手権,予選,2021-09-05,日大豊山 （東京）,日大豊山,都立墨田工 （東京）,墨田工,19,0,,,https://koko-soccer.com/score/2432
2021,選手権,予選,2021-09-05,都立足立 （東京）,足立,東工大附,東京科学大附,0,2,,,https://koko-soccer.com/score/2432
2021,選手権,予選,2021-09-05,東農大一 （東京）,農大一,三田国際 （東京）,三田国際,0,0,4,5,https://koko-soccer.com/score/2432
2021,選手権,予選,2021-09-05,都立光丘 （東京）,光丘,都立武蔵村山 （東京）,武蔵村山,2,2,3,4,https://koko-soccer.com/score/2432
2021,選手権,予選,2021-09-05,青稜 （東京）,青稜,都立足立新田 （東京）,足立新田,4,1,,,https://koko-soccer.com/score/2432
2021,選手権,予選,2021-09-05,淑徳 （東京）,淑徳,都立田無工 （東京）,田無工,4,1,,,https://koko-soccer.com/score/2432
2021,選手権,予選,2021-09-05,目黒学院 （東京）,目黒学院,昭和第一学園 （東京）,昭和第一学園,0,1,,,https://koko-soccer.com/score/2432
2021,選手権,予選,2021-09-05,都立立川国際中等教育学校 （東京）,立川国際中等教育学校,都立武蔵野北 （東京）,武蔵野北,2,3,,,https://koko-soccer.com/score/2432
2021,選手権,予選,2021-09-05,都立文京 （東京）,文京,安田学園 （東京）,安田学園,2,3,,,https://koko-soccer.com/score/2432
2021,選手権,予選,2021-09-05,都立墨田川 （東京）,墨田川,法政大高 （東京）,法政大高,0,4,,,https://koko-soccer.com/score/2432
2021,選手権,予選,2021-09-05,都立田園調布 （東京）,田園調布,都立石神井 （東京）,石神井,0,4,,,https://koko-soccer.com/score/2432
2021,選手権,予選,2021-09-11,都立保谷 （東京）,保谷,芝 （東京）,芝,5,1,,,https://koko-soccer.com/score/2432
2021,選手権,予選,2021-09-11,都立豊島 （東京）,豊島,都立葛飾商 （東京）,葛飾商,2,1,,,https://koko-soccer.com/score/2432
2021,選手権,予選,2021-09-11,高輪 （東京）,高輪,都立向丘 （東京）,向丘,0,0,2,4,https://koko-soccer.com/score/2432
2021,選手権,予選,2021-09-11,都立田無 （東京）,田無,都立町田工 （東京）,町田工,8,0,,,https://koko-soccer.com/score/2432
2021,選手権,予選,2021-09-11,大東学園 （東京）,大東学園,都立竹早 （東京）,竹早,7,0,,,https://koko-soccer.com/score/2432
2021,選手権,予選,2021-09-11,都立鷺宮 （東京）,鷺宮,桜修館中等,桜修館中等,4,3,,,https://koko-soccer.com/score/2432
2021,選手権,予選,2021-09-11,本郷 （東京）,本郷,東京都市大等々力 （東京）,東京都市大等々力,6,1,,,https://koko-soccer.com/score/2432
2021,選手権,予選,2021-09-11,都立野津田 （東京）,野津田,第五商,第五商,3,0,,,https://koko-soccer.com/score/2432
2021,選手権,予選,2021-09-11,立正大立正 （東京）,立正大立正,都立小平南 （東京）,小平南,4,0,,,https://koko-soccer.com/score/2432
2021,選手権,予選,2021-09-11,成蹊 （東京）,成蹊,工学院大附 （東京）,工学院大附,3,0,,,https://koko-soccer.com/score/2432
2021,選手権,予選,2021-09-11,青山学院 （東京）,青山学院,都立南葛飾 （東京）,南葛飾,2,2,11,12,https://koko-soccer.com/score/2432
2021,選手権,予選,2021-09-11,都立上水 （東京）,上水,都立小松川 （東京）,小松川,1,18,,,https://koko-soccer.com/score/2432
2021,選手権,予選,2021-09-11,都立東大和 （東京）,東大和,都立練馬工 （東京）,練馬工,12,0,,,https://koko-soccer.com/score/2432
2021,選手権,予選,2021-09-11,拓大一高 （東京）,拓大一高,順天 （東京）,順天,2,0,,,https://koko-soccer.com/score/2432
2021,選手権,予選,2021-09-11,都立美原 （東京）,美原,明星 （東京）,明星,3,1,,,https://koko-soccer.com/score/2432
2021,選手権,予選,2021-09-11,明大中野 （東京）,明大中野,都立成瀬 （東京）,成瀬,4,1,,,https://koko-soccer.com/score/2432
2021,選手権,予選,2021-09-11,東京実業 （東京）,東京実業,都立福生 （東京）,福生,4,0,,,https://koko-soccer.com/score/2432
2021,選手権,予選,2021-09-11,立教池袋 （東京）,立教池袋,かえつ有明 （東京）,かえつ有明,2,1,,,https://koko-soccer.com/score/2432
2021,選手権,予選,2021-09-11,都立府中東 （東京）,府中東,杉並学院 （東京）,杉並学院,3,0,,,https://koko-soccer.com/score/2432
2021,選手権,予選,2021-09-11,都立八王子東 （東京）,八王子東,都立高島 （東京）,高島,0,6,,,https://koko-soccer.com/score/2432
2021,選手権,予選,2021-09-11,都立狛江 （東京）,狛江,都立小川 （東京）,小川,8,0,,,https://koko-soccer.com/score/2432
2021,選手権,予選,2021-09-11,都立小平西 （東京）,小平西,城西大城西 （東京）,城西大城西,3,1,,,https://koko-soccer.com/score/2432
2021,選手権,予選,2021-09-11,正則学園 （東京）,正則学園,中大杉並 （東京）,中大杉並,1,0,,,https://koko-soccer.com/score/2432
2021,選手権,予選,2021-09-11,三田国際 （東京）,三田国際,豊島学院 （東京）,豊島学院,0,1,,,https://koko-soccer.com/score/2432
2021,選手権,予選,2021-09-11,都立多摩工 （東京）,多摩工,都立武蔵野北 （東京）,武蔵野北,0,2,,,https://koko-soccer.com/score/2432
2021,選手権,予選,2021-09-11,安田学園 （東京）,安田学園,桜丘 （東京）,桜丘,6,0,,,https://koko-soccer.com/score/2432
2021,選手権,予選,2021-09-11,法政大高 （東京）,法政大高,芝浦工大高 （東京）,芝浦工大高,3,0,,,https://koko-soccer.com/score/2432
2021,選手権,予選,2021-09-11,文化学園大学杉並中学・高等学校 （東京）,文化学園大学杉並中学・,駒込 （東京）,駒込,0,7,,,https://koko-soccer.com/score/2432
2021,選手権,予選,2021-09-11,創価 （東京）,創価,都立富士森 （東京）,富士森,3,0,,,https://koko-soccer.com/score/2432
2021,選手権,予選,2021-09-11,都立町田 （東京）,町田,都立石神井 （東京）,石神井,1,6,,,https://koko-soccer.com/score/2432
2021,選手権,予選,2021-09-12,明星学園 （東京）,明星学園,都立深川 （東京）,深川,1,1,2,3,https://koko-soccer.com/score/2432
2021,選手権,予選,2021-09-12,都立杉並 （東京）,杉並,都立紅葉川 （東京）,紅葉川,0,3,,,https://koko-soccer.com/score/2432
2021,選手権,予選,2021-09-12,成城 （東京）,成城,都立杉並総合 （東京）,杉並総合,3,2,,,https://koko-soccer.com/score/2432
2021,選手権,予選,2021-09-12,大東大一 （東京）,大東大一,大智学園 （東京）,大智学園,5,2,,,https://koko-soccer.com/score/2432
2021,選手権,予選,2021-09-12,都立芝商業 （東京）,芝商業,明大明治 （東京）,明大明治,0,6,,,https://koko-soccer.com/score/2432
2021,選手権,予選,2021-09-12,日体大荏原 （東京）,日体大荏原,日大鶴ヶ丘 （東京）,日大鶴ヶ丘,3,0,,,https://koko-soccer.com/score/2432
2021,選手権,予選,2021-09-12,成城学園 （東京）,成城学園,保善 （東京）,保善,0,2,,,https://koko-soccer.com/score/2432
2021,選手権,予選,2021-09-12,都立東大和南 （東京）,東大和南,都立立川 （東京）,立川,1,1,3,5,https://koko-soccer.com/score/2432
2021,選手権,予選,2021-09-12,都立第四商 （東京）,第四商,豊南 （東京）,豊南,1,1,2,3,https://koko-soccer.com/score/2432
2021,選手権,予選,2021-09-12,都立清瀬 （東京）,清瀬,東京電機大高 （東京）,東京電機大学,0,3,,,https://koko-soccer.com/score/2432
2021,選手権,予選,2021-09-12,城北 （東京）,城北,麻布 （東京）,麻布,3,1,,,https://koko-soccer.com/score/2432
2021,選手権,予選,2021-09-12,桐朋 （東京）,桐朋,駒場学園 （東京）,駒場学園,1,1,4,3,https://koko-soccer.com/score/2432
2021,選手権,予選,2021-09-12,都立武蔵丘 （東京）,武蔵丘,國學院 （東京）,国学院,9,0,,,https://koko-soccer.com/score/2432
2021,選手権,予選,2021-09-12,東海大菅生 （東京）,東海大菅生,昭和一 （東京）,昭和一,4,0,,,https://koko-soccer.com/score/2432
2021,選手権,予選,2021-09-12,都立保谷 （東京）,保谷,都立町田総合 （東京）,町田総合,10,0,,,https://koko-soccer.com/score/2432
2021,選手権,予選,2021-09-12,目白研心 （東京）,目白研心,武蔵野 （東京）,武蔵野,7,0,,,https://koko-soccer.com/score/2432
2021,選手権,予選,2021-09-12,玉川学園 （東京）,玉川学園,都立大泉 （東京）,大泉,1,2,,,https://koko-soccer.com/score/2432
2021,選手権,予選,2021-09-12,目黒日大 （東京）,目黒日大,東京立正 （東京）,東京立正,5,1,,,https://koko-soccer.com/score/2432
2021,選手権,予選,2021-09-12,足立学園 （東京）,足立学園,海城 （東京）,海城,0,0,6,7,https://koko-soccer.com/score/2432
2021,選手権,予選,2021-09-12,都立豊島 （東京）,豊島,学習院 （東京）,学習院,0,1,,,https://koko-soccer.com/score/2432
2021,選手権,予選,2021-09-12,大東学園 （東京）,大東学園,都立久留米西 （東京）,久留米西,1,2,,,https://koko-soccer.com/score/2432
2021,選手権,予選,2021-09-12,明大中野八王子 （東京）,明大中野八王子,淑徳巣鴨 （東京）,淑徳巣鴨,3,0,,,https://koko-soccer.com/score/2432
2021,選手権,予選,2021-09-12,東京都市大付 （東京）,都市大付,中央大,中央大,4,0,,,https://koko-soccer.com/score/2432
2021,選手権,予選,2021-09-12,武蔵 （東京）,武蔵,明法 （東京）,明法,1,0,,,https://koko-soccer.com/score/2432
2021,選手権,予選,2021-09-12,本郷 （東京）,本郷,都立松が谷 （東京）,松が谷,2,0,,,https://koko-soccer.com/score/2432
2021,選手権,予選,2021-09-12,東京 （東京）,東京,八王子 （東京）,八王子,2,0,,,https://koko-soccer.com/score/2432
2021,選手権,予選,2021-09-12,都立調布南 （東京）,調布南,都立片倉 （東京）,片倉,1,0,,,https://koko-soccer.com/score/2432
2021,選手権,予選,2021-09-12,日大豊山 （東京）,日大豊山,都立本所 （東京）,本所,15,0,,,https://koko-soccer.com/score/2432
2021,選手権,予選,2021-09-12,都立野津田 （東京）,野津田,都立国立 （東京）,国立,0,0,4,2,https://koko-soccer.com/score/2432
2021,選手権,予選,2021-09-12,東工大附,東京科学大附,都立神代 （東京）,神代,1,0,,,https://koko-soccer.com/score/2432
2021,選手権,予選,2021-09-12,立正大立正 （東京）,立正大立正,都立三鷹中等教育学校 （東京）,三鷹中等教育学校,2,1,,,https://koko-soccer.com/score/2432
2021,選手権,予選,2021-09-12,都立昭和 （東京）,昭和,都立山崎 （東京）,山崎,0,0,3,4,https://koko-soccer.com/score/2432
2021,選手権,予選,2021-09-12,東京成徳大高 （東京）,東京成徳大高,成蹊 （東京）,成蹊,1,0,,,https://koko-soccer.com/score/2432
2021,選手権,予選,2021-09-12,郁文館 （東京）,郁文館,都立武蔵村山 （東京）,武蔵村山,0,3,,,https://koko-soccer.com/score/2432
2021,選手権,予選,2021-09-12,青稜 （東京）,青稜,淑徳 （東京）,淑徳,2,2,4,2,https://koko-soccer.com/score/2432
2021,選手権,予選,2021-09-18,都立東村山西 （東京）,東村山西,都立向丘 （東京）,向丘,2,1,,,https://koko-soccer.com/score/2432
2021,選手権,予選,2021-09-18,都立田無 （東京）,田無,専修大附 （東京）,専修大附,0,2,,,https://koko-soccer.com/score/2432
2021,選手権,予選,2021-09-19,都立鷺宮 （東京）,鷺宮,都立大島 ・ 大島海洋国際,大島・大島海洋国際,0,0,2,4,https://koko-soccer.com/score/2432
2021,選手権,予選,2021-09-19,都立桜町 （東京）,桜町,都立南葛飾 （東京）,南葛飾,1,6,,,https://koko-soccer.com/score/2432
2021,選手権,予選,2021-09-19,東京学芸大附 （東京）,東京学芸大附,都立小松川 （東京）,小松川,0,3,,,https://koko-soccer.com/score/2432
2021,選手権,予選,2021-09-19,都立深川 （東京）,深川,都立紅葉川 （東京）,紅葉川,1,0,,,https://koko-soccer.com/score/2432
2021,選手権,予選,2021-09-19,都立東大和 （東京）,東大和,成城 （東京）,成城,3,0,,,https://koko-soccer.com/score/2432
2021,選手権,予選,2021-09-19,大東大一 （東京）,大東大一,明大明治 （東京）,明大明治,2,0,,,https://koko-soccer.com/score/2432
2021,選手権,予選,2021-09-19,日体大荏原 （東京）,日体大荏原,保善 （東京）,保善,0,3,,,https://koko-soccer.com/score/2432
2021,選手権,予選,2021-09-19,拓大一高 （東京）,拓大一高,錦城 （東京）,錦城,1,0,,,https://koko-soccer.com/score/2432
2021,選手権,予選,2021-09-19,都立立川 （東京）,立川,豊南 （東京）,豊南,1,0,,,https://koko-soccer.com/score/2432
2021,選手権,予選,2021-09-19,都立美原 （東京）,美原,明大中野 （東京）,明大中野,1,1,2,4,https://koko-soccer.com/score/2432
2021,選手権,予選,2021-09-19,東京実業 （東京）,東京実業,東京電機大高 （東京）,東京電機大学,6,0,,,https://koko-soccer.com/score/2432
2021,選手権,予選,2021-09-19,立教池袋 （東京）,立教池袋,城北 （東京）,城北,1,1,4,2,https://koko-soccer.com/score/2432
2021,選手権,予選,2021-09-19,都立府中東 （東京）,府中東,桐朋 （東京）,桐朋,1,1,4,2,https://koko-soccer.com/score/2432
2021,選手権,予選,2021-09-19,都立武蔵丘 （東京）,武蔵丘,都立高島 （東京）,高島,0,1,,,https://koko-soccer.com/score/2432
2021,選手権,予選,2021-09-19,目白研心 （東京）,目白研心,都立大泉 （東京）,大泉,4,2,,,https://koko-soccer.com/score/2432
2021,選手権,予選,2021-09-19,目黒日大 （東京）,目黒日大,海城 （東京）,海城,0,0,4,2,https://koko-soccer.com/score/2432
2021,選手権,予選,2021-09-19,東京都市大付 （東京）,都市大付,武蔵 （東京）,武蔵,0,3,,,https://koko-soccer.com/score/2432
2021,選手権,予選,2021-09-19,本郷 （東京）,本郷,正則学園 （東京）,正則学園,0,1,,,https://koko-soccer.com/score/2432
2021,選手権,予選,2021-09-19,東京 （東京）,東京,都立調布南 （東京）,調布南,1,0,,,https://koko-soccer.com/score/2432
2021,選手権,予選,2021-09-19,日大豊山 （東京）,日大豊山,都立野津田 （東京）,野津田,0,1,,,https://koko-soccer.com/score/2432
2021,選手権,予選,2021-09-19,東工大附,東京科学大附,立正大立正 （東京）,立正大立正,1,1,3,4,https://koko-soccer.com/score/2432
2021,選手権,予選,2021-09-19,都立山崎 （東京）,山崎,東京成徳大高 （東京）,東京成徳大高,0,12,,,https://koko-soccer.com/score/2432
2021,選手権,予選,2021-09-19,豊島学院 （東京）,豊島学院,都立武蔵村山 （東京）,武蔵村山,0,2,,,https://koko-soccer.com/score/2432
2021,選手権,予選,2021-09-19,昭和第一学園 （東京）,昭和第一学園,都立武蔵野北 （東京）,武蔵野北,7,0,,,https://koko-soccer.com/score/2432
2021,選手権,予選,2021-09-19,東海大菅生 （東京）,東海大菅生,都立保谷 （東京）,保谷,4,0,,,https://koko-soccer.com/score/2432
2021,選手権,予選,2021-09-19,創価 （東京）,創価,都立石神井 （東京）,石神井,1,0,,,https://koko-soccer.com/score/2432
2021,選手権,予選,2021-09-20,都立狛江 （東京）,狛江,学習院 （東京）,学習院,9,2,,,https://koko-soccer.com/score/2432
2021,選手権,予選,2021-09-20,法政大高 （東京）,法政大高,駒込 （東京）,駒込,1,2,,,https://koko-soccer.com/score/2432
2021,選手権,予選,2021-09-23,専修大附 （東京）,専修大附,都立久留米西 （東京）,久留米西,3,0,,,https://koko-soccer.com/score/2432
2021,選手権,予選,2021-09-26,都立小平西 （東京）,小平西,都立東村山西 （東京）,東村山西,1,3,,,https://koko-soccer.com/score/2432
2021,選手権,予選,2021-09-26,都立大島 ・ 大島海洋国際,大島・大島海洋国際,明大中野八王子 （東京）,明大中野八王子,0,7,,,https://koko-soccer.com/score/2432
2021,選手権,予選,2021-09-26,青稜 （東京）,青稜,都立南葛飾 （東京）,南葛飾,2,7,,,https://koko-soccer.com/score/2432
2021,選手権,予選,2021-09-26,安田学園 （東京）,安田学園,都立小松川 （東京）,小松川,1,2,,,https://koko-soccer.com/score/2432
2021,選手権,予選,2021-10-09,修徳 （東京）,修徳,都立東村山西 （東京）,東村山西,6,0,,,https://koko-soccer.com/score/2432
2021,選手権,予選,2021-10-09,正則学園 （東京）,正則学園,立教池袋 （東京）,立教池袋,2,0,,,https://koko-soccer.com/score/2432
2021,選手権,予選,2021-10-09,日大三 （東京）,日大三,目黒日大 （東京）,目黒日大,6,0,,,https://koko-soccer.com/score/2432
2021,選手権,予選,2021-10-09,立正大立正 （東京）,立正大立正,東京実業 （東京）,東京実業,0,4,,,https://koko-soccer.com/score/2432
2021,選手権,予選,2021-10-10,都立深川 （東京）,深川,東海大高輪台 （東京）,東海大高輪台,0,4,,,https://koko-soccer.com/score/2432
2021,選手権,予選,2021-10-10,駒澤大学高等学校 （東京）,駒澤大高,拓大一高 （東京）,拓大一高,1,0,,,https://koko-soccer.com/score/2432
2021,選手権,予選,2021-10-10,明大中野 （東京）,明大中野,暁星高等学校 （東京）,暁星,1,2,,,https://koko-soccer.com/score/2432
2021,選手権,予選,2021-10-10,東京 （東京）,東京,昭和第一学園 （東京）,昭和第一学園,2,2,2,4,https://koko-soccer.com/score/2432
2021,選手権,予選,2021-10-10,都立立川 （東京）,立川,駒込 （東京）,駒込,1,2,,,https://koko-soccer.com/score/2432
2021,選手権,予選,2021-10-10,都立葛飾野 （東京）,葛飾野,都立府中東 （東京）,府中東,1,2,,,https://koko-soccer.com/score/2432
2021,選手権,予選,2021-10-10,多摩大目黒 （東京）,多摩大学目黒,攻玉社 （東京）,攻玉社,3,2,,,https://koko-soccer.com/score/2432
2021,選手権,予選,2021-10-10,都立東久留米総合 （東京）,東久留米総合,保善 （東京）,保善,0,1,,,https://koko-soccer.com/score/2432
2021,選手権,予選,2021-10-09,武蔵 （東京）,武蔵,都立狛江 （東京）,狛江,1,3,,,https://koko-soccer.com/score/2432
2021,選手権,予選,2021-10-09,日大二 （東京）,日大二,都立南葛飾 （東京）,南葛飾,2,0,,,https://koko-soccer.com/score/2432
2021,選手権,予選,2021-10-09,大森学園 （東京）,大森学園,都立日野台 （東京）,日野台,5,1,,,https://koko-soccer.com/score/2432
2021,選手権,予選,2021-10-09,早大学院 （東京）,早大学院,東京朝鮮中高級学校 （東京）,東京朝鮮中高級学校,1,0,,,https://koko-soccer.com/score/2432
2021,選手権,予選,2021-10-09,東京成徳大高 （東京）,東京成徳大高,都立高島 （東京）,高島,1,0,,,https://koko-soccer.com/score/2432
2021,選手権,予選,2021-10-10,国士舘 （東京）,国士舘,創価 （東京）,創価,3,1,,,https://koko-soccer.com/score/2432
2021,選手権,予選,2021-10-10,東海大菅生 （東京）,東海大菅生,関東一 （東京）,関東第一,0,3,,,https://koko-soccer.com/score/2432
2021,選手権,予選,2021-10-10,大東大一 （東京）,大東大一,都立武蔵村山 （東京）,武蔵村山,5,1,,,https://koko-soccer.com/score/2432
2021,選手権,予選,2021-10-10,明大中野八王子 （東京）,明大中野八王子,都立野津田 （東京）,野津田,5,2,,,https://koko-soccer.com/score/2432
2021,選手権,予選,2021-10-10,専修大附 （東京）,専修大附,都立国分寺 （東京）,国分寺,0,8,,,https://koko-soccer.com/score/2432
2021,選手権,予選,2021-10-10,都立駒場 （東京）,駒場,都立小松川 （東京）,小松川,6,0,,,https://koko-soccer.com/score/2432
2021,選手権,予選,2021-10-10,都立東大和 （東京）,東大和,目白研心 （東京）,目白研心,1,1,3,4,https://koko-soccer.com/score/2432
2021,選手権,予選,2021-10-16,駒澤大学高等学校 （東京）,駒澤大高,暁星高等学校 （東京）,暁星,4,2,,,https://koko-soccer.com/score/2432
2021,選手権,予選,2021-10-16,昭和第一学園 （東京）,昭和第一学園,國學院久我山 （東京）,国学院久我山,0,4,,,https://koko-soccer.com/score/2432
2021,選手権,予選,2021-10-16,成立学園 （東京）,成立学園,駒込 （東京）,駒込,7,0,,,https://koko-soccer.com/score/2432
2021,選手権,予選,2021-10-16,都立府中東 （東京）,府中東,多摩大目黒 （東京）,多摩大学目黒,0,3,,,https://koko-soccer.com/score/2432
2021,選手権,予選,2021-10-17,実践学園 （東京）,実践学園,東海大高輪台 （東京）,東海大高輪台,1,1,4,3,https://koko-soccer.com/score/2432
2021,選手権,予選,2021-10-17,修徳 （東京）,修徳,正則学園 （東京）,正則学園,9,0,,,https://koko-soccer.com/score/2432
2021,選手権,予選,2021-10-17,日大三 （東京）,日大三,東京実業 （東京）,東京実業,0,3,,,https://koko-soccer.com/score/2432
2021,選手権,予選,2021-10-17,保善 （東京）,保善,堀越 （東京）,堀越,0,3,,,https://koko-soccer.com/score/2432
2021,選手権,予選,2021-10-16,駿台学園 （東京）,駿台学園,国士舘 （東京）,国士舘,2,1,,,https://koko-soccer.com/score/2432
2021,選手権,予選,2021-10-16,都立狛江 （東京）,狛江,関東一 （東京）,関東第一,1,5,,,https://koko-soccer.com/score/2432
2021,選手権,予選,2021-10-16,大東大一 （東京）,大東大一,早稲田実業 （東京）,早稲田実業,1,2,,,https://koko-soccer.com/score/2432
2021,選手権,予選,2021-10-16,大成 （東京）,大成,明大中野八王子 （東京）,明大中野八王子,7,0,,,https://koko-soccer.com/score/2432
2021,選手権,予選,2021-10-16,早大学院 （東京）,早大学院,都立国分寺 （東京）,国分寺,2,1,,,https://koko-soccer.com/score/2432
2021,選手権,予選,2021-10-16,都立駒場 （東京）,駒場,東京成徳大高 （東京）,東京成徳大高,2,0,,,https://koko-soccer.com/score/2432
2021,選手権,予選,2021-10-16,目白研心 （東京）,目白研心,帝京 （東京）,帝京,1,2,,,https://koko-soccer.com/score/2432
2021,選手権,予選,2021-10-17,日大二 （東京）,日大二,大森学園 （東京）,大森学園,0,1,,,https://koko-soccer.com/score/2432
2021,選手権,予選,2021-10-24,実践学園 （東京）,実践学園,駒澤大学高等学校 （東京）,駒澤大高,1,2,,,https://koko-soccer.com/score/2432
2021,選手権,予選,2021-10-24,東京実業 （東京）,東京実業,堀越 （東京）,堀越,0,1,,,https://koko-soccer.com/score/2432
2021,選手権,予選,2021-10-24,成立学園 （東京）,成立学園,多摩大目黒 （東京）,多摩大学目黒,4,3,,,https://koko-soccer.com/score/2432
2021,選手権,予選,2021-10-24,修徳 （東京）,修徳,國學院久我山 （東京）,国学院久我山,1,1,2,4,https://koko-soccer.com/score/2432
2021,選手権,予選,2021-10-24,駿台学園 （東京）,駿台学園,関東一 （東京）,関東第一,1,2,,,https://koko-soccer.com/score/2432
2021,選手権,予選,2021-10-24,大森学園 （東京）,大森学園,早稲田実業 （東京）,早稲田実業,2,1,,,https://koko-soccer.com/score/2432
2021,選手権,予選,2021-10-24,都立駒場 （東京）,駒場,帝京 （東京）,帝京,0,4,,,https://koko-soccer.com/score/2432
2021,選手権,予選,2021-10-24,大成 （東京）,大成,早大学院 （東京）,早大学院,2,1,,,https://koko-soccer.com/score/2432
2021,選手権,予選,2021-11-06,駒澤大学高等学校 （東京）,駒澤大高,國學院久我山 （東京）,国学院久我山,0,2,,,https://koko-soccer.com/score/2432
2021,選手権,予選,2021-11-06,成立学園 （東京）,成立学園,堀越 （東京）,堀越,0,1,,,https://koko-soccer.com/score/2432
2021,選手権,予選,2021-11-07,大成 （東京）,大成,帝京 （東京）,帝京,1,0,,,https://koko-soccer.com/score/2432
2021,選手権,予選,2021-11-07,関東一 （東京）,関東第一,大森学園 （東京）,大森学園,1,0,,,https://koko-soccer.com/score/2432
2021,選手権,予選,2021-11-13,國學院久我山 （東京）,国学院久我山,堀越 （東京）,堀越,2,4,,,https://koko-soccer.com/score/2432
2021,選手権,予選,2021-11-13,関東一 （東京）,関東第一,大成 （東京）,大成,2,0,,,https://koko-soccer.com/score/2432
